Net: _01012_
  Pin:   _13468_/B (gf180mcu_as_sc_mcu7t3v3__mux2_2)
    Layer: Metal1
      Partial area ratio:    0.02
      Required ratio:    0.00 (Gate area) 
      Cumulative area ratio:    0.02
      Required ratio:    0.00 (Cumulative area) 
      Partial area ratio:    0.92
      Required ratio:  400.00 (Side area) 
      Cumulative area ratio:    0.92
      Required ratio:    0.00 (Cumulative side area) 

    Layer: Via1
      Partial area ratio:    0.10
      Required ratio:   20.00 (Gate area) 
      Cumulative area ratio:    0.10
      Required ratio:    0.00 (Cumulative area) 

    Layer: Metal2
      Partial area ratio:    1.24
      Required ratio:    0.00 (Gate area) 
      Cumulative area ratio:    1.26
      Required ratio:    0.00 (Cumulative area) 
      Partial area ratio:    5.24
      Required ratio:  400.00 (Side area) 
      Cumulative area ratio:    6.15
      Required ratio:    0.00 (Cumulative side area) 

    Layer: Via2
      Partial area ratio:    0.20
      Required ratio:   20.00 (Gate area) 
      Cumulative area ratio:    0.30
      Required ratio:    0.00 (Cumulative area) 

    Layer: Metal3
      Partial area ratio:  104.36
      Required ratio:    0.00 (Gate area) 
      Cumulative area ratio:  105.62
      Required ratio:    0.00 (Cumulative area) 
      Partial area ratio:  403.20
      Required ratio:  400.00 (Side area) (VIOLATED)
      Cumulative area ratio:  409.36
      Required ratio:    0.00 (Cumulative side area) 

    Layer: Via3
      Partial area ratio:    0.05
      Required ratio:   20.00 (Gate area) 
      Cumulative area ratio:    0.36
      Required ratio:    0.00 (Cumulative area) 

    Layer: Metal4
      Partial area ratio:   55.29
      Required ratio:    0.00 (Gate area) 
      Cumulative area ratio:  160.91
      Required ratio:    0.00 (Cumulative area) 
      Partial area ratio:  213.47
      Required ratio:  400.00 (Side area) 
      Cumulative area ratio:  622.82
      Required ratio:    0.00 (Cumulative side area) 

    Layer: Via4
      Partial area ratio:    0.03
      Required ratio:    0.00 (Gate area) 
      Cumulative area ratio:    0.39
      Required ratio:    0.00 (Cumulative area) 

    Layer: Metal5
      Partial area ratio:   71.97
      Required ratio:    0.00 (Gate area) 
      Cumulative area ratio:  232.88
      Required ratio:    0.00 (Cumulative area) 
      Partial area ratio:  389.70
      Required ratio:  400.00 (Side area) 
      Cumulative area ratio: 1012.52
      Required ratio:    0.00 (Cumulative side area) 


  Pin:   _15919_/A (gf180mcu_as_sc_mcu7t3v3__mux2_2)
    Layer: Metal1
      Partial area ratio:    0.01
      Required ratio:    0.00 (Gate area) 
      Cumulative area ratio:    0.01
      Required ratio:    0.00 (Cumulative area) 
      Partial area ratio:    0.88
      Required ratio:  400.00 (Side area) 
      Cumulative area ratio:    0.88
      Required ratio:    0.00 (Cumulative side area) 

    Layer: Via1
      Partial area ratio:    0.10
      Required ratio:   20.00 (Gate area) 
      Cumulative area ratio:    0.10
      Required ratio:    0.00 (Cumulative area) 

    Layer: Metal2
      Partial area ratio:    1.83
      Required ratio:    0.00 (Gate area) 
      Cumulative area ratio:    1.84
      Required ratio:    0.00 (Cumulative area) 
      Partial area ratio:    7.53
      Required ratio:  400.00 (Side area) 
      Cumulative area ratio:    8.40
      Required ratio:    0.00 (Cumulative side area) 

    Layer: Via2
      Partial area ratio:    0.20
      Required ratio:   20.00 (Gate area) 
      Cumulative area ratio:    0.30
      Required ratio:    0.00 (Cumulative area) 

    Layer: Metal3
      Partial area ratio:  104.36
      Required ratio:    0.00 (Gate area) 
      Cumulative area ratio:  106.20
      Required ratio:    0.00 (Cumulative area) 
      Partial area ratio:  403.20
      Required ratio:  400.00 (Side area) (VIOLATED)
      Cumulative area ratio:  411.60
      Required ratio:    0.00 (Cumulative side area) 

    Layer: Via3
      Partial area ratio:    0.05
      Required ratio:   20.00 (Gate area) 
      Cumulative area ratio:    0.36
      Required ratio:    0.00 (Cumulative area) 

    Layer: Metal4
      Partial area ratio:   55.29
      Required ratio:    0.00 (Gate area) 
      Cumulative area ratio:  161.49
      Required ratio:    0.00 (Cumulative area) 
      Partial area ratio:  213.47
      Required ratio:  400.00 (Side area) 
      Cumulative area ratio:  625.07
      Required ratio:    0.00 (Cumulative side area) 

    Layer: Via4
      Partial area ratio:    0.03
      Required ratio:    0.00 (Gate area) 
      Cumulative area ratio:    0.39
      Required ratio:    0.00 (Cumulative area) 

    Layer: Metal5
      Partial area ratio:   71.97
      Required ratio:    0.00 (Gate area) 
      Cumulative area ratio:  233.46
      Required ratio:    0.00 (Cumulative area) 
      Partial area ratio:  389.70
      Required ratio:  400.00 (Side area) 
      Cumulative area ratio: 1014.77
      Required ratio:    0.00 (Cumulative side area) 


  Pin:   _18430_/B (gf180mcu_as_sc_mcu7t3v3__mux2_2)
    Layer: Metal1
      Partial area ratio:    0.02
      Required ratio:    0.00 (Gate area) 
      Cumulative area ratio:    0.02
      Required ratio:    0.00 (Cumulative area) 
      Partial area ratio:    0.92
      Required ratio:  400.00 (Side area) 
      Cumulative area ratio:    0.92
      Required ratio:    0.00 (Cumulative side area) 

    Layer: Via1
      Partial area ratio:    0.10
      Required ratio:   20.00 (Gate area) 
      Cumulative area ratio:    0.10
      Required ratio:    0.00 (Cumulative area) 

    Layer: Metal2
      Partial area ratio:    1.52
      Required ratio:    0.00 (Gate area) 
      Cumulative area ratio:    1.53
      Required ratio:    0.00 (Cumulative area) 
      Partial area ratio:    6.30
      Required ratio:  400.00 (Side area) 
      Cumulative area ratio:    7.22
      Required ratio:    0.00 (Cumulative side area) 

    Layer: Via2
      Partial area ratio:    0.20
      Required ratio:   20.00 (Gate area) 
      Cumulative area ratio:    0.30
      Required ratio:    0.00 (Cumulative area) 

    Layer: Metal3
      Partial area ratio:    0.32
      Required ratio:    0.00 (Gate area) 
      Cumulative area ratio:    1.85
      Required ratio:    0.00 (Cumulative area) 
      Partial area ratio:    2.14
      Required ratio:  400.00 (Side area) 
      Cumulative area ratio:    9.36
      Required ratio:    0.00 (Cumulative side area) 

    Layer: Via3
      Partial area ratio:    0.10
      Required ratio:   20.00 (Gate area) 
      Cumulative area ratio:    0.41
      Required ratio:    0.00 (Cumulative area) 

    Layer: Metal4
      Partial area ratio:   55.29
      Required ratio:    0.00 (Gate area) 
      Cumulative area ratio:   57.14
      Required ratio:    0.00 (Cumulative area) 
      Partial area ratio:  213.47
      Required ratio:  400.00 (Side area) 
      Cumulative area ratio:  222.82
      Required ratio:    0.00 (Cumulative side area) 

    Layer: Via4
      Partial area ratio:    0.03
      Required ratio:    0.00 (Gate area) 
      Cumulative area ratio:    0.44
      Required ratio:    0.00 (Cumulative area) 

    Layer: Metal5
      Partial area ratio:   71.97
      Required ratio:    0.00 (Gate area) 
      Cumulative area ratio:  129.11
      Required ratio:    0.00 (Cumulative area) 
      Partial area ratio:  389.70
      Required ratio:  400.00 (Side area) 
      Cumulative area ratio:  612.52
      Required ratio:    0.00 (Cumulative side area) 


  Pin:   _20877_/A (gf180mcu_as_sc_mcu7t3v3__mux2_2)
    Layer: Metal1
      Partial area ratio:    0.01
      Required ratio:    0.00 (Gate area) 
      Cumulative area ratio:    0.01
      Required ratio:    0.00 (Cumulative area) 
      Partial area ratio:    0.88
      Required ratio:  400.00 (Side area) 
      Cumulative area ratio:    0.88
      Required ratio:    0.00 (Cumulative side area) 

    Layer: Via1
      Partial area ratio:    0.10
      Required ratio:   20.00 (Gate area) 
      Cumulative area ratio:    0.10
      Required ratio:    0.00 (Cumulative area) 

    Layer: Metal2
      Partial area ratio:    1.83
      Required ratio:    0.00 (Gate area) 
      Cumulative area ratio:    1.84
      Required ratio:    0.00 (Cumulative area) 
      Partial area ratio:    7.53
      Required ratio:  400.00 (Side area) 
      Cumulative area ratio:    8.40
      Required ratio:    0.00 (Cumulative side area) 

    Layer: Via2
      Partial area ratio:    0.20
      Required ratio:   20.00 (Gate area) 
      Cumulative area ratio:    0.30
      Required ratio:    0.00 (Cumulative area) 

    Layer: Metal3
      Partial area ratio:    0.32
      Required ratio:    0.00 (Gate area) 
      Cumulative area ratio:    2.16
      Required ratio:    0.00 (Cumulative area) 
      Partial area ratio:    2.14
      Required ratio:  400.00 (Side area) 
      Cumulative area ratio:   10.54
      Required ratio:    0.00 (Cumulative side area) 

    Layer: Via3
      Partial area ratio:    0.10
      Required ratio:   20.00 (Gate area) 
      Cumulative area ratio:    0.41
      Required ratio:    0.00 (Cumulative area) 

    Layer: Metal4
      Partial area ratio:    0.16
      Required ratio:    0.00 (Gate area) 
      Cumulative area ratio:    2.32
      Required ratio:    0.00 (Cumulative area) 
      Partial area ratio:    1.07
      Required ratio:  400.00 (Side area) 
      Cumulative area ratio:   11.61
      Required ratio:    0.00 (Cumulative side area) 

    Layer: Via4
      Partial area ratio:    0.10
      Required ratio:   20.00 (Gate area) 
      Cumulative area ratio:    0.51
      Required ratio:    0.00 (Cumulative area) 

    Layer: Metal5
      Partial area ratio:   71.97
      Required ratio:    0.00 (Gate area) 
      Cumulative area ratio:   74.29
      Required ratio:    0.00 (Cumulative area) 
      Partial area ratio:  389.70
      Required ratio:  400.00 (Side area) 
      Cumulative area ratio:  401.32
      Required ratio:    0.00 (Cumulative side area) 



Net: _02018_
  Pin:   _11024_/B (gf180mcu_as_sc_mcu7t3v3__mux2_2)
    Layer: Metal1
      Partial area ratio:    0.02
      Required ratio:    0.00 (Gate area) 
      Cumulative area ratio:    0.02
      Required ratio:    0.00 (Cumulative area) 
      Partial area ratio:    0.92
      Required ratio:  400.00 (Side area) 
      Cumulative area ratio:    0.92
      Required ratio:    0.00 (Cumulative side area) 

    Layer: Via1
      Partial area ratio:    0.10
      Required ratio:   20.00 (Gate area) 
      Cumulative area ratio:    0.10
      Required ratio:    0.00 (Cumulative area) 

    Layer: Metal2
      Partial area ratio:    2.69
      Required ratio:    0.00 (Gate area) 
      Cumulative area ratio:    2.71
      Required ratio:    0.00 (Cumulative area) 
      Partial area ratio:   10.84
      Required ratio:  400.00 (Side area) 
      Cumulative area ratio:   11.75
      Required ratio:    0.00 (Cumulative side area) 

    Layer: Via2
      Partial area ratio:    0.20
      Required ratio:   20.00 (Gate area) 
      Cumulative area ratio:    0.30
      Required ratio:    0.00 (Cumulative area) 

    Layer: Metal3
      Partial area ratio:  124.01
      Required ratio:    0.00 (Gate area) 
      Cumulative area ratio:  126.72
      Required ratio:    0.00 (Cumulative area) 
      Partial area ratio:  479.68
      Required ratio:  400.00 (Side area) (VIOLATED)
      Cumulative area ratio:  491.43
      Required ratio:    0.00 (Cumulative side area) 

    Layer: Via3
      Partial area ratio:    0.10
      Required ratio:   20.00 (Gate area) 
      Cumulative area ratio:    0.41
      Required ratio:    0.00 (Cumulative area) 

    Layer: Metal4
      Partial area ratio:    0.77
      Required ratio:    0.00 (Gate area) 
      Cumulative area ratio:  127.49
      Required ratio:    0.00 (Cumulative area) 
      Partial area ratio:    3.06
      Required ratio:  400.00 (Side area) 
      Cumulative area ratio:  494.49
      Required ratio:    0.00 (Cumulative side area) 



Net: _02044_
  Pin:   _11050_/A (gf180mcu_as_sc_mcu7t3v3__nor2b_2)
    Layer: Via1
      Partial area ratio:    0.10
      Required ratio:   20.00 (Gate area) 
      Cumulative area ratio:    0.10
      Required ratio:    0.00 (Cumulative area) 

    Layer: Metal2
      Partial area ratio:    0.41
      Required ratio:    0.00 (Gate area) 
      Cumulative area ratio:    0.41
      Required ratio:    0.00 (Cumulative area) 
      Partial area ratio:    2.05
      Required ratio:  400.00 (Side area) 
      Cumulative area ratio:    2.05
      Required ratio:    0.00 (Cumulative side area) 

    Layer: Via2
      Partial area ratio:    0.20
      Required ratio:   20.00 (Gate area) 
      Cumulative area ratio:    0.30
      Required ratio:    0.00 (Cumulative area) 

    Layer: Metal3
      Partial area ratio:    3.85
      Required ratio:    0.00 (Gate area) 
      Cumulative area ratio:    4.26
      Required ratio:    0.00 (Cumulative area) 
      Partial area ratio:   15.75
      Required ratio:  400.00 (Side area) 
      Cumulative area ratio:   17.80
      Required ratio:    0.00 (Cumulative side area) 

    Layer: Via3
      Partial area ratio:    0.10
      Required ratio:   20.00 (Gate area) 
      Cumulative area ratio:    0.41
      Required ratio:    0.00 (Cumulative area) 

    Layer: Metal4
      Partial area ratio:  236.67
      Required ratio:    0.00 (Gate area) 
      Cumulative area ratio:  240.93
      Required ratio:    0.00 (Cumulative area) 
      Partial area ratio:  913.33
      Required ratio:  400.00 (Side area) (VIOLATED)
      Cumulative area ratio:  931.14
      Required ratio:    0.00 (Cumulative side area) 

    Layer: Via4
      Partial area ratio:    0.10
      Required ratio:   20.00 (Gate area) 
      Cumulative area ratio:    0.51
      Required ratio:    0.00 (Cumulative area) 

    Layer: Metal5
      Partial area ratio:    2.34
      Required ratio:    0.00 (Gate area) 
      Cumulative area ratio:  243.28
      Required ratio:    0.00 (Cumulative area) 
      Partial area ratio:   13.00
      Required ratio:  400.00 (Side area) 
      Cumulative area ratio:  944.14
      Required ratio:    0.00 (Cumulative side area) 



Net: _02071_
  Pin:   _11078_/A (gf180mcu_as_sc_mcu7t3v3__nor2b_2)
    Layer: Via1
      Partial area ratio:    0.10
      Required ratio:   20.00 (Gate area) 
      Cumulative area ratio:    0.10
      Required ratio:    0.00 (Cumulative area) 

    Layer: Metal2
      Partial area ratio:  202.14
      Required ratio:    0.00 (Gate area) 
      Cumulative area ratio:  202.14
      Required ratio:    0.00 (Cumulative area) 
      Partial area ratio:  780.16
      Required ratio:  400.00 (Side area) (VIOLATED)
      Cumulative area ratio:  780.16
      Required ratio:    0.00 (Cumulative side area) 

    Layer: Via2
      Partial area ratio:    0.20
      Required ratio:   20.00 (Gate area) 
      Cumulative area ratio:    0.30
      Required ratio:    0.00 (Cumulative area) 

    Layer: Metal3
      Partial area ratio:    0.83
      Required ratio:    0.00 (Gate area) 
      Cumulative area ratio:  202.97
      Required ratio:    0.00 (Cumulative area) 
      Partial area ratio:    3.46
      Required ratio:  400.00 (Side area) 
      Cumulative area ratio:  783.62
      Required ratio:    0.00 (Cumulative side area) 



Net: c_wr_addr\[0\]
  Pin:   fanout758/A (gf180mcu_as_sc_mcu7t3v3__buff_2)
    Layer: Via1
      Partial area ratio:    0.10
      Required ratio:   20.00 (Gate area) 
      Cumulative area ratio:    0.10
      Required ratio:    0.00 (Cumulative area) 

    Layer: Metal2
      Partial area ratio:    2.00
      Required ratio:    0.00 (Gate area) 
      Cumulative area ratio:    2.00
      Required ratio:    0.00 (Cumulative area) 
      Partial area ratio:    8.16
      Required ratio:  400.00 (Side area) 
      Cumulative area ratio:    8.16
      Required ratio:    0.00 (Cumulative side area) 

    Layer: Via2
      Partial area ratio:    0.20
      Required ratio:   20.00 (Gate area) 
      Cumulative area ratio:    0.30
      Required ratio:    0.00 (Cumulative area) 

    Layer: Metal3
      Partial area ratio:    0.32
      Required ratio:    0.00 (Gate area) 
      Cumulative area ratio:    2.32
      Required ratio:    0.00 (Cumulative area) 
      Partial area ratio:    2.14
      Required ratio:  400.00 (Side area) 
      Cumulative area ratio:   10.30
      Required ratio:    0.00 (Cumulative side area) 

    Layer: Via3
      Partial area ratio:    0.10
      Required ratio:   20.00 (Gate area) 
      Cumulative area ratio:    0.41
      Required ratio:    0.00 (Cumulative area) 

    Layer: Metal4
      Partial area ratio:  109.69
      Required ratio:    0.00 (Gate area) 
      Cumulative area ratio:  112.01
      Required ratio:    0.00 (Cumulative area) 
      Partial area ratio:  423.78
      Required ratio:  400.00 (Side area) (VIOLATED)
      Cumulative area ratio:  434.08
      Required ratio:    0.00 (Cumulative side area) 

    Layer: Via4
      Partial area ratio:    0.05
      Required ratio:   20.00 (Gate area) 
      Cumulative area ratio:    0.46
      Required ratio:    0.00 (Cumulative area) 

    Layer: Metal5
      Partial area ratio:    6.84
      Required ratio:    0.00 (Gate area) 
      Cumulative area ratio:  118.85
      Required ratio:    0.00 (Cumulative area) 
      Partial area ratio:   37.30
      Required ratio:  400.00 (Side area) 
      Cumulative area ratio:  471.38
      Required ratio:    0.00 (Cumulative side area) 


  Pin:   fanout774/A (gf180mcu_as_sc_mcu7t3v3__buff_2)
    Layer: Via1
      Partial area ratio:    0.10
      Required ratio:   20.00 (Gate area) 
      Cumulative area ratio:    0.10
      Required ratio:    0.00 (Cumulative area) 

    Layer: Metal2
      Partial area ratio:    1.94
      Required ratio:    0.00 (Gate area) 
      Cumulative area ratio:    1.94
      Required ratio:    0.00 (Cumulative area) 
      Partial area ratio:    7.92
      Required ratio:  400.00 (Side area) 
      Cumulative area ratio:    7.92
      Required ratio:    0.00 (Cumulative side area) 

    Layer: Via2
      Partial area ratio:    0.20
      Required ratio:   20.00 (Gate area) 
      Cumulative area ratio:    0.30
      Required ratio:    0.00 (Cumulative area) 

    Layer: Metal3
      Partial area ratio:   11.07
      Required ratio:    0.00 (Gate area) 
      Cumulative area ratio:   13.00
      Required ratio:    0.00 (Cumulative area) 
      Partial area ratio:   44.05
      Required ratio:  400.00 (Side area) 
      Cumulative area ratio:   51.97
      Required ratio:    0.00 (Cumulative side area) 

    Layer: Via3
      Partial area ratio:    0.20
      Required ratio:   20.00 (Gate area) 
      Cumulative area ratio:    0.51
      Required ratio:    0.00 (Cumulative area) 

    Layer: Metal4
      Partial area ratio:  109.69
      Required ratio:    0.00 (Gate area) 
      Cumulative area ratio:  122.70
      Required ratio:    0.00 (Cumulative area) 
      Partial area ratio:  423.78
      Required ratio:  400.00 (Side area) (VIOLATED)
      Cumulative area ratio:  475.75
      Required ratio:    0.00 (Cumulative side area) 

    Layer: Via4
      Partial area ratio:    0.05
      Required ratio:   20.00 (Gate area) 
      Cumulative area ratio:    0.56
      Required ratio:    0.00 (Cumulative area) 

    Layer: Metal5
      Partial area ratio:    6.84
      Required ratio:    0.00 (Gate area) 
      Cumulative area ratio:  129.54
      Required ratio:    0.00 (Cumulative area) 
      Partial area ratio:   37.30
      Required ratio:  400.00 (Side area) 
      Cumulative area ratio:  513.05
      Required ratio:    0.00 (Cumulative side area) 



Net: k_idx\[0\]
  Pin:   hold1353/A (gf180mcu_as_sc_mcu7t3v3__dlybuff_2)
    Layer: Via1
      Partial area ratio:    0.25
      Required ratio:   20.00 (Gate area) 
      Cumulative area ratio:    0.25
      Required ratio:    0.00 (Cumulative area) 

    Layer: Metal2
      Partial area ratio:  127.32
      Required ratio:    0.00 (Gate area) 
      Cumulative area ratio:  127.32
      Required ratio:    0.00 (Cumulative area) 
      Partial area ratio:  492.23
      Required ratio:  400.00 (Side area) (VIOLATED)
      Cumulative area ratio:  492.23
      Required ratio:    0.00 (Cumulative side area) 

    Layer: Via2
      Partial area ratio:    0.51
      Required ratio:   20.00 (Gate area) 
      Cumulative area ratio:    0.76
      Required ratio:    0.00 (Cumulative area) 

    Layer: Metal3
      Partial area ratio:   27.57
      Required ratio:    0.00 (Gate area) 
      Cumulative area ratio:  154.89
      Required ratio:    0.00 (Cumulative area) 
      Partial area ratio:  106.68
      Required ratio:  400.00 (Side area) 
      Cumulative area ratio:  598.92
      Required ratio:    0.00 (Cumulative side area) 



Net: k_idx\[1\]
  Pin:   hold1354/A (gf180mcu_as_sc_mcu7t3v3__dlybuff_2)
    Layer: Via1
      Partial area ratio:    0.25
      Required ratio:   20.00 (Gate area) 
      Cumulative area ratio:    0.25
      Required ratio:    0.00 (Cumulative area) 

    Layer: Metal2
      Partial area ratio:  130.56
      Required ratio:    0.00 (Gate area) 
      Cumulative area ratio:  130.56
      Required ratio:    0.00 (Cumulative area) 
      Partial area ratio:  504.74
      Required ratio:  400.00 (Side area) (VIOLATED)
      Cumulative area ratio:  504.74
      Required ratio:    0.00 (Cumulative side area) 

    Layer: Via2
      Partial area ratio:    0.51
      Required ratio:   20.00 (Gate area) 
      Cumulative area ratio:    0.76
      Required ratio:    0.00 (Cumulative area) 

    Layer: Metal3
      Partial area ratio:   23.28
      Required ratio:    0.00 (Gate area) 
      Cumulative area ratio:  153.85
      Required ratio:    0.00 (Cumulative area) 
      Partial area ratio:   90.14
      Required ratio:  400.00 (Side area) 
      Cumulative area ratio:  594.87
      Required ratio:    0.00 (Cumulative side area) 



Net: k_idx\[3\]
  Pin:   hold1352/A (gf180mcu_as_sc_mcu7t3v3__dlybuff_2)
    Layer: Via1
      Partial area ratio:    0.25
      Required ratio:   20.00 (Gate area) 
      Cumulative area ratio:    0.25
      Required ratio:    0.00 (Cumulative area) 

    Layer: Metal2
      Partial area ratio:   12.22
      Required ratio:    0.00 (Gate area) 
      Cumulative area ratio:   12.22
      Required ratio:    0.00 (Cumulative area) 
      Partial area ratio:   48.25
      Required ratio:  400.00 (Side area) 
      Cumulative area ratio:   48.25
      Required ratio:    0.00 (Cumulative side area) 

    Layer: Via2
      Partial area ratio:    0.51
      Required ratio:   20.00 (Gate area) 
      Cumulative area ratio:    0.76
      Required ratio:    0.00 (Cumulative area) 

    Layer: Metal3
      Partial area ratio:  319.12
      Required ratio:    0.00 (Gate area) 
      Cumulative area ratio:  331.33
      Required ratio:    0.00 (Cumulative area) 
      Partial area ratio: 1233.15
      Required ratio:  400.00 (Side area) (VIOLATED)
      Cumulative area ratio: 1281.40
      Required ratio:    0.00 (Cumulative side area) 

    Layer: Via3
      Partial area ratio:    0.25
      Required ratio:   20.00 (Gate area) 
      Cumulative area ratio:    1.02
      Required ratio:    0.00 (Cumulative area) 

    Layer: Metal4
      Partial area ratio:   24.93
      Required ratio:    0.00 (Gate area) 
      Cumulative area ratio:  356.26
      Required ratio:    0.00 (Cumulative area) 
      Partial area ratio:   96.27
      Required ratio:  400.00 (Side area) 
      Cumulative area ratio: 1377.68
      Required ratio:    0.00 (Cumulative side area) 



Net: u_a_buffer.GEN_SRAM.GEN_A_ROWS\[2\].sram_q_raw\[1\]
  Pin:   fanout610/A (gf180mcu_as_sc_mcu7t3v3__buff_2)
    Layer: Via1
      Partial area ratio:    0.10
      Required ratio:   20.00 (Gate area) 
      Cumulative area ratio:    0.10
      Required ratio:    0.00 (Cumulative area) 

    Layer: Metal2
      Partial area ratio:    1.96
      Required ratio:    0.00 (Gate area) 
      Cumulative area ratio:    1.96
      Required ratio:    0.00 (Cumulative area) 
      Partial area ratio:    8.03
      Required ratio:  400.00 (Side area) 
      Cumulative area ratio:    8.03
      Required ratio:    0.00 (Cumulative side area) 

    Layer: Via2
      Partial area ratio:    0.20
      Required ratio:   20.00 (Gate area) 
      Cumulative area ratio:    0.30
      Required ratio:    0.00 (Cumulative area) 

    Layer: Metal3
      Partial area ratio:    0.32
      Required ratio:    0.00 (Gate area) 
      Cumulative area ratio:    2.28
      Required ratio:    0.00 (Cumulative area) 
      Partial area ratio:    2.14
      Required ratio:  400.00 (Side area) 
      Cumulative area ratio:   10.17
      Required ratio:    0.00 (Cumulative side area) 

    Layer: Via3
      Partial area ratio:    0.10
      Required ratio:   20.00 (Gate area) 
      Cumulative area ratio:    0.41
      Required ratio:    0.00 (Cumulative area) 

    Layer: Metal4
      Partial area ratio:   67.26
      Required ratio:    0.00 (Gate area) 
      Cumulative area ratio:   69.54
      Required ratio:    0.00 (Cumulative area) 
      Partial area ratio:  259.89
      Required ratio:  400.00 (Side area) 
      Cumulative area ratio:  270.05
      Required ratio:    0.00 (Cumulative side area) 

    Layer: Via4
      Partial area ratio:    0.10
      Required ratio:   20.00 (Gate area) 
      Cumulative area ratio:    0.51
      Required ratio:    0.00 (Cumulative area) 

    Layer: Metal5
      Partial area ratio:    3.12
      Required ratio:    0.00 (Gate area) 
      Cumulative area ratio:   72.66
      Required ratio:    0.00 (Cumulative area) 
      Partial area ratio:   17.06
      Required ratio:  400.00 (Side area) 
      Cumulative area ratio:  287.11
      Required ratio:    0.00 (Cumulative side area) 


  Pin:   fanout613/A (gf180mcu_as_sc_mcu7t3v3__buff_2)
    Layer: Via1
      Partial area ratio:    0.10
      Required ratio:   20.00 (Gate area) 
      Cumulative area ratio:    0.10
      Required ratio:    0.00 (Cumulative area) 

    Layer: Metal2
      Partial area ratio:    1.23
      Required ratio:    0.00 (Gate area) 
      Cumulative area ratio:    1.23
      Required ratio:    0.00 (Cumulative area) 
      Partial area ratio:    5.20
      Required ratio:  400.00 (Side area) 
      Cumulative area ratio:    5.20
      Required ratio:    0.00 (Cumulative side area) 

    Layer: Via2
      Partial area ratio:    0.20
      Required ratio:   20.00 (Gate area) 
      Cumulative area ratio:    0.30
      Required ratio:    0.00 (Cumulative area) 

    Layer: Metal3
      Partial area ratio:    3.85
      Required ratio:    0.00 (Gate area) 
      Cumulative area ratio:    5.08
      Required ratio:    0.00 (Cumulative area) 
      Partial area ratio:   15.75
      Required ratio:  400.00 (Side area) 
      Cumulative area ratio:   20.95
      Required ratio:    0.00 (Cumulative side area) 

    Layer: Via3
      Partial area ratio:    0.20
      Required ratio:   20.00 (Gate area) 
      Cumulative area ratio:    0.51
      Required ratio:    0.00 (Cumulative area) 

    Layer: Metal4
      Partial area ratio:  265.07
      Required ratio:    0.00 (Gate area) 
      Cumulative area ratio:  270.15
      Required ratio:    0.00 (Cumulative area) 
      Partial area ratio: 1023.31
      Required ratio:  400.00 (Side area) (VIOLATED)
      Cumulative area ratio: 1044.26
      Required ratio:    0.00 (Cumulative side area) 

    Layer: Via4
      Partial area ratio:    0.20
      Required ratio:   20.00 (Gate area) 
      Cumulative area ratio:    0.71
      Required ratio:    0.00 (Cumulative area) 

    Layer: Metal5
      Partial area ratio:    3.12
      Required ratio:    0.00 (Gate area) 
      Cumulative area ratio:  273.27
      Required ratio:    0.00 (Cumulative area) 
      Partial area ratio:   17.06
      Required ratio:  400.00 (Side area) 
      Cumulative area ratio: 1061.32
      Required ratio:    0.00 (Cumulative side area) 



Net: u_a_buffer.GEN_SRAM.GEN_A_ROWS\[2\].sram_q_raw\[2\]
  Pin:   fanout605/A (gf180mcu_as_sc_mcu7t3v3__buff_2)
    Layer: Via1
      Partial area ratio:    0.10
      Required ratio:   20.00 (Gate area) 
      Cumulative area ratio:    0.10
      Required ratio:    0.00 (Cumulative area) 

    Layer: Metal2
      Partial area ratio:    1.49
      Required ratio:    0.00 (Gate area) 
      Cumulative area ratio:    1.49
      Required ratio:    0.00 (Cumulative area) 
      Partial area ratio:    6.21
      Required ratio:  400.00 (Side area) 
      Cumulative area ratio:    6.21
      Required ratio:    0.00 (Cumulative side area) 

    Layer: Via2
      Partial area ratio:    0.20
      Required ratio:   20.00 (Gate area) 
      Cumulative area ratio:    0.30
      Required ratio:    0.00 (Cumulative area) 

    Layer: Metal3
      Partial area ratio:   28.55
      Required ratio:    0.00 (Gate area) 
      Cumulative area ratio:   30.05
      Required ratio:    0.00 (Cumulative area) 
      Partial area ratio:  111.05
      Required ratio:  400.00 (Side area) 
      Cumulative area ratio:  117.26
      Required ratio:    0.00 (Cumulative side area) 

    Layer: Via3
      Partial area ratio:    0.05
      Required ratio:   20.00 (Gate area) 
      Cumulative area ratio:    0.36
      Required ratio:    0.00 (Cumulative area) 

    Layer: Metal4
      Partial area ratio:  108.32
      Required ratio:    0.00 (Gate area) 
      Cumulative area ratio:  138.36
      Required ratio:    0.00 (Cumulative area) 
      Partial area ratio:  417.94
      Required ratio:  400.00 (Side area) (VIOLATED)
      Cumulative area ratio:  535.20
      Required ratio:    0.00 (Cumulative side area) 

    Layer: Via4
      Partial area ratio:    0.03
      Required ratio:   20.00 (Gate area) 
      Cumulative area ratio:    0.39
      Required ratio:    0.00 (Cumulative area) 

    Layer: Metal5
      Partial area ratio:    1.77
      Required ratio:    0.00 (Gate area) 
      Cumulative area ratio:  140.13
      Required ratio:    0.00 (Cumulative area) 
      Partial area ratio:    9.66
      Required ratio:  400.00 (Side area) 
      Cumulative area ratio:  544.86
      Required ratio:    0.00 (Cumulative side area) 


  Pin:   fanout606/A (gf180mcu_as_sc_mcu7t3v3__buff_2)
    Layer: Via1
      Partial area ratio:    0.10
      Required ratio:   20.00 (Gate area) 
      Cumulative area ratio:    0.10
      Required ratio:    0.00 (Cumulative area) 

    Layer: Metal2
      Partial area ratio:    1.96
      Required ratio:    0.00 (Gate area) 
      Cumulative area ratio:    1.96
      Required ratio:    0.00 (Cumulative area) 
      Partial area ratio:    8.03
      Required ratio:  400.00 (Side area) 
      Cumulative area ratio:    8.03
      Required ratio:    0.00 (Cumulative side area) 

    Layer: Via2
      Partial area ratio:    0.20
      Required ratio:   20.00 (Gate area) 
      Cumulative area ratio:    0.30
      Required ratio:    0.00 (Cumulative area) 

    Layer: Metal3
      Partial area ratio:    7.38
      Required ratio:    0.00 (Gate area) 
      Cumulative area ratio:    9.34
      Required ratio:    0.00 (Cumulative area) 
      Partial area ratio:   29.37
      Required ratio:  400.00 (Side area) 
      Cumulative area ratio:   37.39
      Required ratio:    0.00 (Cumulative side area) 

    Layer: Via3
      Partial area ratio:    0.10
      Required ratio:   20.00 (Gate area) 
      Cumulative area ratio:    0.41
      Required ratio:    0.00 (Cumulative area) 

    Layer: Metal4
      Partial area ratio:  108.32
      Required ratio:    0.00 (Gate area) 
      Cumulative area ratio:  117.66
      Required ratio:    0.00 (Cumulative area) 
      Partial area ratio:  417.94
      Required ratio:  400.00 (Side area) (VIOLATED)
      Cumulative area ratio:  455.34
      Required ratio:    0.00 (Cumulative side area) 

    Layer: Via4
      Partial area ratio:    0.03
      Required ratio:   20.00 (Gate area) 
      Cumulative area ratio:    0.44
      Required ratio:    0.00 (Cumulative area) 

    Layer: Metal5
      Partial area ratio:    1.77
      Required ratio:    0.00 (Gate area) 
      Cumulative area ratio:  119.43
      Required ratio:    0.00 (Cumulative area) 
      Partial area ratio:    9.66
      Required ratio:  400.00 (Side area) 
      Cumulative area ratio:  465.00
      Required ratio:    0.00 (Cumulative side area) 


  Pin:   fanout607/A (gf180mcu_as_sc_mcu7t3v3__buff_2)
    Layer: Via1
      Partial area ratio:    0.10
      Required ratio:   20.00 (Gate area) 
      Cumulative area ratio:    0.10
      Required ratio:    0.00 (Cumulative area) 

    Layer: Metal2
      Partial area ratio:    3.15
      Required ratio:    0.00 (Gate area) 
      Cumulative area ratio:    3.15
      Required ratio:    0.00 (Cumulative area) 
      Partial area ratio:   12.59
      Required ratio:  400.00 (Side area) 
      Cumulative area ratio:   12.59
      Required ratio:    0.00 (Cumulative side area) 

    Layer: Via2
      Partial area ratio:    0.20
      Required ratio:   20.00 (Gate area) 
      Cumulative area ratio:    0.30
      Required ratio:    0.00 (Cumulative area) 

    Layer: Metal3
      Partial area ratio:   28.55
      Required ratio:    0.00 (Gate area) 
      Cumulative area ratio:   31.70
      Required ratio:    0.00 (Cumulative area) 
      Partial area ratio:  111.05
      Required ratio:  400.00 (Side area) 
      Cumulative area ratio:  123.64
      Required ratio:    0.00 (Cumulative side area) 

    Layer: Via3
      Partial area ratio:    0.05
      Required ratio:   20.00 (Gate area) 
      Cumulative area ratio:    0.36
      Required ratio:    0.00 (Cumulative area) 

    Layer: Metal4
      Partial area ratio:  108.32
      Required ratio:    0.00 (Gate area) 
      Cumulative area ratio:  140.02
      Required ratio:    0.00 (Cumulative area) 
      Partial area ratio:  417.94
      Required ratio:  400.00 (Side area) (VIOLATED)
      Cumulative area ratio:  541.58
      Required ratio:    0.00 (Cumulative side area) 

    Layer: Via4
      Partial area ratio:    0.03
      Required ratio:   20.00 (Gate area) 
      Cumulative area ratio:    0.39
      Required ratio:    0.00 (Cumulative area) 

    Layer: Metal5
      Partial area ratio:    1.77
      Required ratio:    0.00 (Gate area) 
      Cumulative area ratio:  141.79
      Required ratio:    0.00 (Cumulative area) 
      Partial area ratio:    9.66
      Required ratio:  400.00 (Side area) 
      Cumulative area ratio:  551.24
      Required ratio:    0.00 (Cumulative side area) 



Net: u_a_buffer.GEN_SRAM.GEN_A_ROWS\[2\].sram_q_raw\[7\]
  Pin:   fanout577/A (gf180mcu_as_sc_mcu7t3v3__buff_2)
    Layer: Via1
      Partial area ratio:    0.10
      Required ratio:   20.00 (Gate area) 
      Cumulative area ratio:    0.10
      Required ratio:    0.00 (Cumulative area) 

    Layer: Metal2
      Partial area ratio:    1.49
      Required ratio:    0.00 (Gate area) 
      Cumulative area ratio:    1.49
      Required ratio:    0.00 (Cumulative area) 
      Partial area ratio:    6.21
      Required ratio:  400.00 (Side area) 
      Cumulative area ratio:    6.21
      Required ratio:    0.00 (Cumulative side area) 

    Layer: Via2
      Partial area ratio:    0.20
      Required ratio:   20.00 (Gate area) 
      Cumulative area ratio:    0.30
      Required ratio:    0.00 (Cumulative area) 

    Layer: Metal3
      Partial area ratio:   74.36
      Required ratio:    0.00 (Gate area) 
      Cumulative area ratio:   75.85
      Required ratio:    0.00 (Cumulative area) 
      Partial area ratio:  287.49
      Required ratio:  400.00 (Side area) 
      Cumulative area ratio:  293.70
      Required ratio:    0.00 (Cumulative side area) 

    Layer: Via3
      Partial area ratio:    0.05
      Required ratio:   20.00 (Gate area) 
      Cumulative area ratio:    0.36
      Required ratio:    0.00 (Cumulative area) 

    Layer: Metal4
      Partial area ratio:  167.75
      Required ratio:    0.00 (Gate area) 
      Cumulative area ratio:  243.60
      Required ratio:    0.00 (Cumulative area) 
      Partial area ratio:  647.25
      Required ratio:  400.00 (Side area) (VIOLATED)
      Cumulative area ratio:  940.95
      Required ratio:    0.00 (Cumulative side area) 

    Layer: Via4
      Partial area ratio:    0.05
      Required ratio:   20.00 (Gate area) 
      Cumulative area ratio:    0.41
      Required ratio:    0.00 (Cumulative area) 

    Layer: Metal5
      Partial area ratio:    1.25
      Required ratio:    0.00 (Gate area) 
      Cumulative area ratio:  244.85
      Required ratio:    0.00 (Cumulative area) 
      Partial area ratio:    6.86
      Required ratio:  400.00 (Side area) 
      Cumulative area ratio:  947.81
      Required ratio:    0.00 (Cumulative side area) 


  Pin:   fanout581/A (gf180mcu_as_sc_mcu7t3v3__buff_2)
    Layer: Via1
      Partial area ratio:    0.10
      Required ratio:   20.00 (Gate area) 
      Cumulative area ratio:    0.10
      Required ratio:    0.00 (Cumulative area) 

    Layer: Metal2
      Partial area ratio:    5.28
      Required ratio:    0.00 (Gate area) 
      Cumulative area ratio:    5.28
      Required ratio:    0.00 (Cumulative area) 
      Partial area ratio:   20.81
      Required ratio:  400.00 (Side area) 
      Cumulative area ratio:   20.81
      Required ratio:    0.00 (Cumulative side area) 

    Layer: Via2
      Partial area ratio:    0.20
      Required ratio:   20.00 (Gate area) 
      Cumulative area ratio:    0.30
      Required ratio:    0.00 (Cumulative area) 

    Layer: Metal3
      Partial area ratio:   74.36
      Required ratio:    0.00 (Gate area) 
      Cumulative area ratio:   79.63
      Required ratio:    0.00 (Cumulative area) 
      Partial area ratio:  287.49
      Required ratio:  400.00 (Side area) 
      Cumulative area ratio:  308.30
      Required ratio:    0.00 (Cumulative side area) 

    Layer: Via3
      Partial area ratio:    0.05
      Required ratio:   20.00 (Gate area) 
      Cumulative area ratio:    0.36
      Required ratio:    0.00 (Cumulative area) 

    Layer: Metal4
      Partial area ratio:  167.75
      Required ratio:    0.00 (Gate area) 
      Cumulative area ratio:  247.38
      Required ratio:    0.00 (Cumulative area) 
      Partial area ratio:  647.25
      Required ratio:  400.00 (Side area) (VIOLATED)
      Cumulative area ratio:  955.55
      Required ratio:    0.00 (Cumulative side area) 

    Layer: Via4
      Partial area ratio:    0.05
      Required ratio:   20.00 (Gate area) 
      Cumulative area ratio:    0.41
      Required ratio:    0.00 (Cumulative area) 

    Layer: Metal5
      Partial area ratio:    1.25
      Required ratio:    0.00 (Gate area) 
      Cumulative area ratio:  248.63
      Required ratio:    0.00 (Cumulative area) 
      Partial area ratio:    6.86
      Required ratio:  400.00 (Side area) 
      Cumulative area ratio:  962.41
      Required ratio:    0.00 (Cumulative side area) 



Net: u_a_buffer.GEN_SRAM.GEN_A_ROWS\[3\].sram_q_raw\[0\]
  Pin:   fanout574/A (gf180mcu_as_sc_mcu7t3v3__buff_2)
    Layer: Via1
      Partial area ratio:    0.10
      Required ratio:   20.00 (Gate area) 
      Cumulative area ratio:    0.10
      Required ratio:    0.00 (Cumulative area) 

    Layer: Metal2
      Partial area ratio:    3.38
      Required ratio:    0.00 (Gate area) 
      Cumulative area ratio:    3.38
      Required ratio:    0.00 (Cumulative area) 
      Partial area ratio:   13.47
      Required ratio:  400.00 (Side area) 
      Cumulative area ratio:   13.47
      Required ratio:    0.00 (Cumulative side area) 

    Layer: Via2
      Partial area ratio:    0.20
      Required ratio:   20.00 (Gate area) 
      Cumulative area ratio:    0.30
      Required ratio:    0.00 (Cumulative area) 

    Layer: Metal3
      Partial area ratio:    0.32
      Required ratio:    0.00 (Gate area) 
      Cumulative area ratio:    3.69
      Required ratio:    0.00 (Cumulative area) 
      Partial area ratio:    2.14
      Required ratio:  400.00 (Side area) 
      Cumulative area ratio:   15.61
      Required ratio:    0.00 (Cumulative side area) 

    Layer: Via3
      Partial area ratio:    0.10
      Required ratio:   20.00 (Gate area) 
      Cumulative area ratio:    0.41
      Required ratio:    0.00 (Cumulative area) 

    Layer: Metal4
      Partial area ratio:  137.85
      Required ratio:    0.00 (Gate area) 
      Cumulative area ratio:  141.54
      Required ratio:    0.00 (Cumulative area) 
      Partial area ratio:  532.16
      Required ratio:  400.00 (Side area) (VIOLATED)
      Cumulative area ratio:  547.77
      Required ratio:    0.00 (Cumulative side area) 

    Layer: Via4
      Partial area ratio:    0.10
      Required ratio:   20.00 (Gate area) 
      Cumulative area ratio:    0.51
      Required ratio:    0.00 (Cumulative area) 

    Layer: Metal5
      Partial area ratio:    1.33
      Required ratio:    0.00 (Gate area) 
      Cumulative area ratio:  142.87
      Required ratio:    0.00 (Cumulative area) 
      Partial area ratio:    7.26
      Required ratio:  400.00 (Side area) 
      Cumulative area ratio:  555.03
      Required ratio:    0.00 (Cumulative side area) 



Net: u_a_buffer.GEN_SRAM.GEN_A_ROWS\[3\].sram_q_raw\[5\]
  Pin:   fanout549/A (gf180mcu_as_sc_mcu7t3v3__buff_2)
    Layer: Via1
      Partial area ratio:    0.10
      Required ratio:   20.00 (Gate area) 
      Cumulative area ratio:    0.10
      Required ratio:    0.00 (Cumulative area) 

    Layer: Metal2
      Partial area ratio:    1.26
      Required ratio:    0.00 (Gate area) 
      Cumulative area ratio:    1.26
      Required ratio:    0.00 (Cumulative area) 
      Partial area ratio:    5.33
      Required ratio:  400.00 (Side area) 
      Cumulative area ratio:    5.33
      Required ratio:    0.00 (Cumulative side area) 

    Layer: Via2
      Partial area ratio:    0.20
      Required ratio:   20.00 (Gate area) 
      Cumulative area ratio:    0.30
      Required ratio:    0.00 (Cumulative area) 

    Layer: Metal3
      Partial area ratio:    0.32
      Required ratio:    0.00 (Gate area) 
      Cumulative area ratio:    1.58
      Required ratio:    0.00 (Cumulative area) 
      Partial area ratio:    2.14
      Required ratio:  400.00 (Side area) 
      Cumulative area ratio:    7.47
      Required ratio:    0.00 (Cumulative side area) 

    Layer: Via3
      Partial area ratio:    0.10
      Required ratio:   20.00 (Gate area) 
      Cumulative area ratio:    0.41
      Required ratio:    0.00 (Cumulative area) 

    Layer: Metal4
      Partial area ratio:  201.58
      Required ratio:    0.00 (Gate area) 
      Cumulative area ratio:  203.16
      Required ratio:    0.00 (Cumulative area) 
      Partial area ratio:  778.43
      Required ratio:  400.00 (Side area) (VIOLATED)
      Cumulative area ratio:  785.90
      Required ratio:    0.00 (Cumulative side area) 

    Layer: Via4
      Partial area ratio:    0.10
      Required ratio:   20.00 (Gate area) 
      Cumulative area ratio:    0.51
      Required ratio:    0.00 (Cumulative area) 

    Layer: Metal5
      Partial area ratio:    0.34
      Required ratio:    0.00 (Gate area) 
      Cumulative area ratio:  203.51
      Required ratio:    0.00 (Cumulative area) 
      Partial area ratio:    1.96
      Required ratio:  400.00 (Side area) 
      Cumulative area ratio:  787.85
      Required ratio:    0.00 (Cumulative side area) 



Net: u_b_buffer.GEN_SRAM.GEN_B_COLS\[0\].sram_q_raw\[0\]
  Pin:   fanout528/A (gf180mcu_as_sc_mcu7t3v3__buff_2)
    Layer: Via1
      Partial area ratio:    0.10
      Required ratio:   20.00 (Gate area) 
      Cumulative area ratio:    0.10
      Required ratio:    0.00 (Cumulative area) 

    Layer: Metal2
      Partial area ratio:    0.55
      Required ratio:    0.00 (Gate area) 
      Cumulative area ratio:    0.55
      Required ratio:    0.00 (Cumulative area) 
      Partial area ratio:    2.58
      Required ratio:  400.00 (Side area) 
      Cumulative area ratio:    2.58
      Required ratio:    0.00 (Cumulative side area) 

    Layer: Via2
      Partial area ratio:    0.20
      Required ratio:   20.00 (Gate area) 
      Cumulative area ratio:    0.30
      Required ratio:    0.00 (Cumulative area) 

    Layer: Metal3
      Partial area ratio:   81.66
      Required ratio:    0.00 (Gate area) 
      Cumulative area ratio:   82.21
      Required ratio:    0.00 (Cumulative area) 
      Partial area ratio:  316.32
      Required ratio:  400.00 (Side area) 
      Cumulative area ratio:  318.90
      Required ratio:    0.00 (Cumulative side area) 

    Layer: Via3
      Partial area ratio:    0.10
      Required ratio:   20.00 (Gate area) 
      Cumulative area ratio:    0.41
      Required ratio:    0.00 (Cumulative area) 

    Layer: Metal4
      Partial area ratio:  106.00
      Required ratio:    0.00 (Gate area) 
      Cumulative area ratio:  188.21
      Required ratio:    0.00 (Cumulative area) 
      Partial area ratio:  409.10
      Required ratio:  400.00 (Side area) (VIOLATED)
      Cumulative area ratio:  728.00
      Required ratio:    0.00 (Cumulative side area) 

    Layer: Via4
      Partial area ratio:    0.05
      Required ratio:   20.00 (Gate area) 
      Cumulative area ratio:    0.46
      Required ratio:    0.00 (Cumulative area) 

    Layer: Metal5
      Partial area ratio:    5.27
      Required ratio:    0.00 (Gate area) 
      Cumulative area ratio:  193.48
      Required ratio:    0.00 (Cumulative area) 
      Partial area ratio:   28.58
      Required ratio:  400.00 (Side area) 
      Cumulative area ratio:  756.58
      Required ratio:    0.00 (Cumulative side area) 


  Pin:   fanout531/A (gf180mcu_as_sc_mcu7t3v3__buff_2)
    Layer: Via1
      Partial area ratio:    0.10
      Required ratio:   20.00 (Gate area) 
      Cumulative area ratio:    0.10
      Required ratio:    0.00 (Cumulative area) 

    Layer: Metal2
      Partial area ratio:    1.50
      Required ratio:    0.00 (Gate area) 
      Cumulative area ratio:    1.50
      Required ratio:    0.00 (Cumulative area) 
      Partial area ratio:    6.24
      Required ratio:  400.00 (Side area) 
      Cumulative area ratio:    6.24
      Required ratio:    0.00 (Cumulative side area) 

    Layer: Via2
      Partial area ratio:    0.20
      Required ratio:   20.00 (Gate area) 
      Cumulative area ratio:    0.30
      Required ratio:    0.00 (Cumulative area) 

    Layer: Metal3
      Partial area ratio:    0.32
      Required ratio:    0.00 (Gate area) 
      Cumulative area ratio:    1.82
      Required ratio:    0.00 (Cumulative area) 
      Partial area ratio:    2.14
      Required ratio:  400.00 (Side area) 
      Cumulative area ratio:    8.37
      Required ratio:    0.00 (Cumulative side area) 

    Layer: Via3
      Partial area ratio:    0.10
      Required ratio:   20.00 (Gate area) 
      Cumulative area ratio:    0.41
      Required ratio:    0.00 (Cumulative area) 

    Layer: Metal4
      Partial area ratio:  106.00
      Required ratio:    0.00 (Gate area) 
      Cumulative area ratio:  107.82
      Required ratio:    0.00 (Cumulative area) 
      Partial area ratio:  409.10
      Required ratio:  400.00 (Side area) (VIOLATED)
      Cumulative area ratio:  417.47
      Required ratio:    0.00 (Cumulative side area) 

    Layer: Via4
      Partial area ratio:    0.05
      Required ratio:   20.00 (Gate area) 
      Cumulative area ratio:    0.46
      Required ratio:    0.00 (Cumulative area) 

    Layer: Metal5
      Partial area ratio:    5.27
      Required ratio:    0.00 (Gate area) 
      Cumulative area ratio:  113.09
      Required ratio:    0.00 (Cumulative area) 
      Partial area ratio:   28.58
      Required ratio:  400.00 (Side area) 
      Cumulative area ratio:  446.06
      Required ratio:    0.00 (Cumulative side area) 



Net: u_b_buffer.GEN_SRAM.GEN_B_COLS\[0\].sram_q_raw\[1\]
  Pin:   fanout521/A (gf180mcu_as_sc_mcu7t3v3__buff_2)
    Layer: Via1
      Partial area ratio:    0.10
      Required ratio:   20.00 (Gate area) 
      Cumulative area ratio:    0.10
      Required ratio:    0.00 (Cumulative area) 

    Layer: Metal2
      Partial area ratio:    2.67
      Required ratio:    0.00 (Gate area) 
      Cumulative area ratio:    2.67
      Required ratio:    0.00 (Cumulative area) 
      Partial area ratio:   10.75
      Required ratio:  400.00 (Side area) 
      Cumulative area ratio:   10.75
      Required ratio:    0.00 (Cumulative side area) 

    Layer: Via2
      Partial area ratio:    0.20
      Required ratio:   20.00 (Gate area) 
      Cumulative area ratio:    0.30
      Required ratio:    0.00 (Cumulative area) 

    Layer: Metal3
      Partial area ratio:    3.85
      Required ratio:    0.00 (Gate area) 
      Cumulative area ratio:    6.52
      Required ratio:    0.00 (Cumulative area) 
      Partial area ratio:   15.75
      Required ratio:  400.00 (Side area) 
      Cumulative area ratio:   26.50
      Required ratio:    0.00 (Cumulative side area) 

    Layer: Via3
      Partial area ratio:    0.10
      Required ratio:   20.00 (Gate area) 
      Cumulative area ratio:    0.41
      Required ratio:    0.00 (Cumulative area) 

    Layer: Metal4
      Partial area ratio:    7.52
      Required ratio:    0.00 (Gate area) 
      Cumulative area ratio:   14.03
      Required ratio:    0.00 (Cumulative area) 
      Partial area ratio:   29.04
      Required ratio:  400.00 (Side area) 
      Cumulative area ratio:   55.55
      Required ratio:    0.00 (Cumulative side area) 

    Layer: Via4
      Partial area ratio:    0.10
      Required ratio:    0.00 (Gate area) 
      Cumulative area ratio:    0.51
      Required ratio:    0.00 (Cumulative area) 

    Layer: Metal5
      Partial area ratio:    2.36
      Required ratio:    0.00 (Gate area) 
      Cumulative area ratio:   16.39
      Required ratio:    0.00 (Cumulative area) 
      Partial area ratio:   12.83
      Required ratio:  400.00 (Side area) 
      Cumulative area ratio:   68.38
      Required ratio:    0.00 (Cumulative side area) 


  Pin:   fanout523/A (gf180mcu_as_sc_mcu7t3v3__buff_2)
    Layer: Via1
      Partial area ratio:    0.10
      Required ratio:   20.00 (Gate area) 
      Cumulative area ratio:    0.10
      Required ratio:    0.00 (Cumulative area) 

    Layer: Metal2
      Partial area ratio:    8.34
      Required ratio:    0.00 (Gate area) 
      Cumulative area ratio:    8.34
      Required ratio:    0.00 (Cumulative area) 
      Partial area ratio:   32.64
      Required ratio:  400.00 (Side area) 
      Cumulative area ratio:   32.64
      Required ratio:    0.00 (Cumulative side area) 

    Layer: Via2
      Partial area ratio:    0.30
      Required ratio:   20.00 (Gate area) 
      Cumulative area ratio:    0.41
      Required ratio:    0.00 (Cumulative area) 

    Layer: Metal3
      Partial area ratio:   56.95
      Required ratio:    0.00 (Gate area) 
      Cumulative area ratio:   65.29
      Required ratio:    0.00 (Cumulative area) 
      Partial area ratio:  221.02
      Required ratio:  400.00 (Side area) 
      Cumulative area ratio:  253.66
      Required ratio:    0.00 (Cumulative side area) 

    Layer: Via3
      Partial area ratio:    0.20
      Required ratio:   20.00 (Gate area) 
      Cumulative area ratio:    0.61
      Required ratio:    0.00 (Cumulative area) 

    Layer: Metal4
      Partial area ratio:  107.85
      Required ratio:    0.00 (Gate area) 
      Cumulative area ratio:  173.14
      Required ratio:    0.00 (Cumulative area) 
      Partial area ratio:  416.44
      Required ratio:  400.00 (Side area) (VIOLATED)
      Cumulative area ratio:  670.11
      Required ratio:    0.00 (Cumulative side area) 

    Layer: Via4
      Partial area ratio:    0.05
      Required ratio:   20.00 (Gate area) 
      Cumulative area ratio:    0.66
      Required ratio:    0.00 (Cumulative area) 

    Layer: Metal5
      Partial area ratio:    2.36
      Required ratio:    0.00 (Gate area) 
      Cumulative area ratio:  175.50
      Required ratio:    0.00 (Cumulative area) 
      Partial area ratio:   12.83
      Required ratio:  400.00 (Side area) 
      Cumulative area ratio:  682.93
      Required ratio:    0.00 (Cumulative side area) 


  Pin:   fanout524/A (gf180mcu_as_sc_mcu7t3v3__buff_2)
    Layer: Via1
      Partial area ratio:    0.10
      Required ratio:   20.00 (Gate area) 
      Cumulative area ratio:    0.10
      Required ratio:    0.00 (Cumulative area) 

    Layer: Metal2
      Partial area ratio:    1.53
      Required ratio:    0.00 (Gate area) 
      Cumulative area ratio:    1.53
      Required ratio:    0.00 (Cumulative area) 
      Partial area ratio:    6.34
      Required ratio:  400.00 (Side area) 
      Cumulative area ratio:    6.34
      Required ratio:    0.00 (Cumulative side area) 

    Layer: Via2
      Partial area ratio:    0.20
      Required ratio:   20.00 (Gate area) 
      Cumulative area ratio:    0.30
      Required ratio:    0.00 (Cumulative area) 

    Layer: Metal3
      Partial area ratio:   88.55
      Required ratio:    0.00 (Gate area) 
      Cumulative area ratio:   90.08
      Required ratio:    0.00 (Cumulative area) 
      Partial area ratio:  342.48
      Required ratio:  400.00 (Side area) 
      Cumulative area ratio:  348.82
      Required ratio:    0.00 (Cumulative side area) 

    Layer: Via3
      Partial area ratio:    0.10
      Required ratio:   20.00 (Gate area) 
      Cumulative area ratio:    0.41
      Required ratio:    0.00 (Cumulative area) 

    Layer: Metal4
      Partial area ratio:  107.85
      Required ratio:    0.00 (Gate area) 
      Cumulative area ratio:  197.93
      Required ratio:    0.00 (Cumulative area) 
      Partial area ratio:  416.44
      Required ratio:  400.00 (Side area) (VIOLATED)
      Cumulative area ratio:  765.26
      Required ratio:    0.00 (Cumulative side area) 

    Layer: Via4
      Partial area ratio:    0.05
      Required ratio:   20.00 (Gate area) 
      Cumulative area ratio:    0.46
      Required ratio:    0.00 (Cumulative area) 

    Layer: Metal5
      Partial area ratio:    2.36
      Required ratio:    0.00 (Gate area) 
      Cumulative area ratio:  200.29
      Required ratio:    0.00 (Cumulative area) 
      Partial area ratio:   12.83
      Required ratio:  400.00 (Side area) 
      Cumulative area ratio:  778.09
      Required ratio:    0.00 (Cumulative side area) 



Net: u_b_buffer.GEN_SRAM.GEN_B_COLS\[0\].sram_q_raw\[6\]
  Pin:   fanout493/A (gf180mcu_as_sc_mcu7t3v3__buff_2)
    Layer: Via1
      Partial area ratio:    0.10
      Required ratio:   20.00 (Gate area) 
      Cumulative area ratio:    0.10
      Required ratio:    0.00 (Cumulative area) 

    Layer: Metal2
      Partial area ratio:    2.70
      Required ratio:    0.00 (Gate area) 
      Cumulative area ratio:    2.70
      Required ratio:    0.00 (Cumulative area) 
      Partial area ratio:   10.88
      Required ratio:  400.00 (Side area) 
      Cumulative area ratio:   10.88
      Required ratio:    0.00 (Cumulative side area) 

    Layer: Via2
      Partial area ratio:    0.20
      Required ratio:   20.00 (Gate area) 
      Cumulative area ratio:    0.30
      Required ratio:    0.00 (Cumulative area) 

    Layer: Metal3
      Partial area ratio:   56.95
      Required ratio:    0.00 (Gate area) 
      Cumulative area ratio:   59.65
      Required ratio:    0.00 (Cumulative area) 
      Partial area ratio:  221.02
      Required ratio:  400.00 (Side area) 
      Cumulative area ratio:  231.90
      Required ratio:    0.00 (Cumulative side area) 

    Layer: Via3
      Partial area ratio:    0.10
      Required ratio:   20.00 (Gate area) 
      Cumulative area ratio:    0.41
      Required ratio:    0.00 (Cumulative area) 

    Layer: Metal4
      Partial area ratio:  110.67
      Required ratio:    0.00 (Gate area) 
      Cumulative area ratio:  170.32
      Required ratio:    0.00 (Cumulative area) 
      Partial area ratio:  427.02
      Required ratio:  400.00 (Side area) (VIOLATED)
      Cumulative area ratio:  658.92
      Required ratio:    0.00 (Cumulative side area) 

    Layer: Via4
      Partial area ratio:    0.03
      Required ratio:   20.00 (Gate area) 
      Cumulative area ratio:    0.44
      Required ratio:    0.00 (Cumulative area) 

    Layer: Metal5
      Partial area ratio:    0.89
      Required ratio:    0.00 (Gate area) 
      Cumulative area ratio:  171.22
      Required ratio:    0.00 (Cumulative area) 
      Partial area ratio:    4.91
      Required ratio:  400.00 (Side area) 
      Cumulative area ratio:  663.84
      Required ratio:    0.00 (Cumulative side area) 


  Pin:   fanout494/A (gf180mcu_as_sc_mcu7t3v3__buff_2)
    Layer: Via1
      Partial area ratio:    0.10
      Required ratio:   20.00 (Gate area) 
      Cumulative area ratio:    0.10
      Required ratio:    0.00 (Cumulative area) 

    Layer: Metal2
      Partial area ratio:    2.20
      Required ratio:    0.00 (Gate area) 
      Cumulative area ratio:    2.20
      Required ratio:    0.00 (Cumulative area) 
      Partial area ratio:    8.96
      Required ratio:  400.00 (Side area) 
      Cumulative area ratio:    8.96
      Required ratio:    0.00 (Cumulative side area) 

    Layer: Via2
      Partial area ratio:    0.20
      Required ratio:   20.00 (Gate area) 
      Cumulative area ratio:    0.30
      Required ratio:    0.00 (Cumulative area) 

    Layer: Metal3
      Partial area ratio:   23.18
      Required ratio:    0.00 (Gate area) 
      Cumulative area ratio:   25.39
      Required ratio:    0.00 (Cumulative area) 
      Partial area ratio:   90.09
      Required ratio:  400.00 (Side area) 
      Cumulative area ratio:   99.05
      Required ratio:    0.00 (Cumulative side area) 

    Layer: Via3
      Partial area ratio:    0.05
      Required ratio:   20.00 (Gate area) 
      Cumulative area ratio:    0.36
      Required ratio:    0.00 (Cumulative area) 

    Layer: Metal4
      Partial area ratio:  110.67
      Required ratio:    0.00 (Gate area) 
      Cumulative area ratio:  136.05
      Required ratio:    0.00 (Cumulative area) 
      Partial area ratio:  427.02
      Required ratio:  400.00 (Side area) (VIOLATED)
      Cumulative area ratio:  526.07
      Required ratio:    0.00 (Cumulative side area) 

    Layer: Via4
      Partial area ratio:    0.03
      Required ratio:   20.00 (Gate area) 
      Cumulative area ratio:    0.39
      Required ratio:    0.00 (Cumulative area) 

    Layer: Metal5
      Partial area ratio:    0.89
      Required ratio:    0.00 (Gate area) 
      Cumulative area ratio:  136.95
      Required ratio:    0.00 (Cumulative area) 
      Partial area ratio:    4.91
      Required ratio:  400.00 (Side area) 
      Cumulative area ratio:  530.98
      Required ratio:    0.00 (Cumulative side area) 


  Pin:   fanout495/A (gf180mcu_as_sc_mcu7t3v3__buff_2)
    Layer: Via1
      Partial area ratio:    0.10
      Required ratio:   20.00 (Gate area) 
      Cumulative area ratio:    0.10
      Required ratio:    0.00 (Cumulative area) 

    Layer: Metal2
      Partial area ratio:    1.94
      Required ratio:    0.00 (Gate area) 
      Cumulative area ratio:    1.94
      Required ratio:    0.00 (Cumulative area) 
      Partial area ratio:    7.92
      Required ratio:  400.00 (Side area) 
      Cumulative area ratio:    7.92
      Required ratio:    0.00 (Cumulative side area) 

    Layer: Via2
      Partial area ratio:    0.20
      Required ratio:   20.00 (Gate area) 
      Cumulative area ratio:    0.30
      Required ratio:    0.00 (Cumulative area) 

    Layer: Metal3
      Partial area ratio:   23.18
      Required ratio:    0.00 (Gate area) 
      Cumulative area ratio:   25.12
      Required ratio:    0.00 (Cumulative area) 
      Partial area ratio:   90.09
      Required ratio:  400.00 (Side area) 
      Cumulative area ratio:   98.01
      Required ratio:    0.00 (Cumulative side area) 

    Layer: Via3
      Partial area ratio:    0.05
      Required ratio:   20.00 (Gate area) 
      Cumulative area ratio:    0.36
      Required ratio:    0.00 (Cumulative area) 

    Layer: Metal4
      Partial area ratio:  110.67
      Required ratio:    0.00 (Gate area) 
      Cumulative area ratio:  135.79
      Required ratio:    0.00 (Cumulative area) 
      Partial area ratio:  427.02
      Required ratio:  400.00 (Side area) (VIOLATED)
      Cumulative area ratio:  525.03
      Required ratio:    0.00 (Cumulative side area) 

    Layer: Via4
      Partial area ratio:    0.03
      Required ratio:   20.00 (Gate area) 
      Cumulative area ratio:    0.39
      Required ratio:    0.00 (Cumulative area) 

    Layer: Metal5
      Partial area ratio:    0.89
      Required ratio:    0.00 (Gate area) 
      Cumulative area ratio:  136.68
      Required ratio:    0.00 (Cumulative area) 
      Partial area ratio:    4.91
      Required ratio:  400.00 (Side area) 
      Cumulative area ratio:  529.95
      Required ratio:    0.00 (Cumulative side area) 



Net: u_b_buffer.GEN_SRAM.GEN_B_COLS\[0\].sram_q_raw\[7\]
  Pin:   fanout490/A (gf180mcu_as_sc_mcu7t3v3__buff_2)
    Layer: Via1
      Partial area ratio:    0.10
      Required ratio:   20.00 (Gate area) 
      Cumulative area ratio:    0.10
      Required ratio:    0.00 (Cumulative area) 

    Layer: Metal2
      Partial area ratio:    9.06
      Required ratio:    0.00 (Gate area) 
      Cumulative area ratio:    9.06
      Required ratio:    0.00 (Cumulative area) 
      Partial area ratio:   35.38
      Required ratio:  400.00 (Side area) 
      Cumulative area ratio:   35.38
      Required ratio:    0.00 (Cumulative side area) 

    Layer: Via2
      Partial area ratio:    0.20
      Required ratio:   20.00 (Gate area) 
      Cumulative area ratio:    0.30
      Required ratio:    0.00 (Cumulative area) 

    Layer: Metal3
      Partial area ratio:   81.50
      Required ratio:    0.00 (Gate area) 
      Cumulative area ratio:   90.55
      Required ratio:    0.00 (Cumulative area) 
      Partial area ratio:  315.25
      Required ratio:  400.00 (Side area) 
      Cumulative area ratio:  350.63
      Required ratio:    0.00 (Cumulative side area) 

    Layer: Via3
      Partial area ratio:    0.10
      Required ratio:   20.00 (Gate area) 
      Cumulative area ratio:    0.41
      Required ratio:    0.00 (Cumulative area) 

    Layer: Metal4
      Partial area ratio:  113.14
      Required ratio:    0.00 (Gate area) 
      Cumulative area ratio:  203.69
      Required ratio:    0.00 (Cumulative area) 
      Partial area ratio:  436.86
      Required ratio:  400.00 (Side area) (VIOLATED)
      Cumulative area ratio:  787.49
      Required ratio:    0.00 (Cumulative side area) 

    Layer: Via4
      Partial area ratio:    0.10
      Required ratio:   20.00 (Gate area) 
      Cumulative area ratio:    0.51
      Required ratio:    0.00 (Cumulative area) 

    Layer: Metal5
      Partial area ratio:    0.67
      Required ratio:    0.00 (Gate area) 
      Cumulative area ratio:  204.37
      Required ratio:    0.00 (Cumulative area) 
      Partial area ratio:    3.72
      Required ratio:  400.00 (Side area) 
      Cumulative area ratio:  791.22
      Required ratio:    0.00 (Cumulative side area) 



Net: u_b_buffer.GEN_SRAM.GEN_B_COLS\[1\].sram_q_raw\[3\]
  Pin:   fanout464/A (gf180mcu_as_sc_mcu7t3v3__buff_2)
    Layer: Via1
      Partial area ratio:    0.10
      Required ratio:   20.00 (Gate area) 
      Cumulative area ratio:    0.10
      Required ratio:    0.00 (Cumulative area) 

    Layer: Metal2
      Partial area ratio:    3.41
      Required ratio:    0.00 (Gate area) 
      Cumulative area ratio:    3.41
      Required ratio:    0.00 (Cumulative area) 
      Partial area ratio:   13.60
      Required ratio:  400.00 (Side area) 
      Cumulative area ratio:   13.60
      Required ratio:    0.00 (Cumulative side area) 

    Layer: Via2
      Partial area ratio:    0.20
      Required ratio:   20.00 (Gate area) 
      Cumulative area ratio:    0.30
      Required ratio:    0.00 (Cumulative area) 

    Layer: Metal3
      Partial area ratio:   10.24
      Required ratio:    0.00 (Gate area) 
      Cumulative area ratio:   13.65
      Required ratio:    0.00 (Cumulative area) 
      Partial area ratio:   39.60
      Required ratio:  400.00 (Side area) 
      Cumulative area ratio:   53.20
      Required ratio:    0.00 (Cumulative side area) 

    Layer: Via3
      Partial area ratio:    0.10
      Required ratio:    0.00 (Gate area) 
      Cumulative area ratio:    0.41
      Required ratio:    0.00 (Cumulative area) 

    Layer: Metal4
      Partial area ratio:    0.01
      Required ratio:    0.00 (Gate area) 
      Cumulative area ratio:   13.66
      Required ratio:    0.00 (Cumulative area) 
      Partial area ratio:    0.06
      Required ratio:  400.00 (Side area) 
      Cumulative area ratio:   53.26
      Required ratio:    0.00 (Cumulative side area) 

    Layer: Via4
      Partial area ratio:    0.10
      Required ratio:    0.00 (Gate area) 
      Cumulative area ratio:    0.51
      Required ratio:    0.00 (Cumulative area) 

    Layer: Metal5
      Partial area ratio:    9.61
      Required ratio:    0.00 (Gate area) 
      Cumulative area ratio:   23.27
      Required ratio:    0.00 (Cumulative area) 
      Partial area ratio:   52.15
      Required ratio:  400.00 (Side area) 
      Cumulative area ratio:  105.42
      Required ratio:    0.00 (Cumulative side area) 


  Pin:   fanout467/A (gf180mcu_as_sc_mcu7t3v3__buff_2)
    Layer: Via1
      Partial area ratio:    0.10
      Required ratio:   20.00 (Gate area) 
      Cumulative area ratio:    0.10
      Required ratio:    0.00 (Cumulative area) 

    Layer: Metal2
      Partial area ratio:    2.20
      Required ratio:    0.00 (Gate area) 
      Cumulative area ratio:    2.20
      Required ratio:    0.00 (Cumulative area) 
      Partial area ratio:    8.96
      Required ratio:  400.00 (Side area) 
      Cumulative area ratio:    8.96
      Required ratio:    0.00 (Cumulative side area) 

    Layer: Via2
      Partial area ratio:    0.20
      Required ratio:   20.00 (Gate area) 
      Cumulative area ratio:    0.30
      Required ratio:    0.00 (Cumulative area) 

    Layer: Metal3
      Partial area ratio:    0.32
      Required ratio:    0.00 (Gate area) 
      Cumulative area ratio:    2.52
      Required ratio:    0.00 (Cumulative area) 
      Partial area ratio:    2.14
      Required ratio:  400.00 (Side area) 
      Cumulative area ratio:   11.10
      Required ratio:    0.00 (Cumulative side area) 

    Layer: Via3
      Partial area ratio:    0.10
      Required ratio:   20.00 (Gate area) 
      Cumulative area ratio:    0.41
      Required ratio:    0.00 (Cumulative area) 

    Layer: Metal4
      Partial area ratio:  204.91
      Required ratio:    0.00 (Gate area) 
      Cumulative area ratio:  207.43
      Required ratio:    0.00 (Cumulative area) 
      Partial area ratio:  790.81
      Required ratio:  400.00 (Side area) (VIOLATED)
      Cumulative area ratio:  801.91
      Required ratio:    0.00 (Cumulative side area) 

    Layer: Via4
      Partial area ratio:    0.10
      Required ratio:   20.00 (Gate area) 
      Cumulative area ratio:    0.51
      Required ratio:    0.00 (Cumulative area) 

    Layer: Metal5
      Partial area ratio:    9.61
      Required ratio:    0.00 (Gate area) 
      Cumulative area ratio:  217.04
      Required ratio:    0.00 (Cumulative area) 
      Partial area ratio:   52.15
      Required ratio:  400.00 (Side area) 
      Cumulative area ratio:  854.06
      Required ratio:    0.00 (Cumulative side area) 



Net: u_b_buffer.GEN_SRAM.GEN_B_COLS\[1\].sram_q_raw\[5\]
  Pin:   fanout452/A (gf180mcu_as_sc_mcu7t3v3__buff_2)
    Layer: Via1
      Partial area ratio:    0.10
      Required ratio:   20.00 (Gate area) 
      Cumulative area ratio:    0.10
      Required ratio:    0.00 (Cumulative area) 

    Layer: Metal2
      Partial area ratio:    2.00
      Required ratio:    0.00 (Gate area) 
      Cumulative area ratio:    2.00
      Required ratio:    0.00 (Cumulative area) 
      Partial area ratio:    8.16
      Required ratio:  400.00 (Side area) 
      Cumulative area ratio:    8.16
      Required ratio:    0.00 (Cumulative side area) 

    Layer: Via2
      Partial area ratio:    0.20
      Required ratio:   20.00 (Gate area) 
      Cumulative area ratio:    0.30
      Required ratio:    0.00 (Cumulative area) 

    Layer: Metal3
      Partial area ratio:    0.32
      Required ratio:    0.00 (Gate area) 
      Cumulative area ratio:    2.32
      Required ratio:    0.00 (Cumulative area) 
      Partial area ratio:    2.14
      Required ratio:  400.00 (Side area) 
      Cumulative area ratio:   10.30
      Required ratio:    0.00 (Cumulative side area) 

    Layer: Via3
      Partial area ratio:    0.10
      Required ratio:   20.00 (Gate area) 
      Cumulative area ratio:    0.41
      Required ratio:    0.00 (Cumulative area) 

    Layer: Metal4
      Partial area ratio:  176.67
      Required ratio:    0.00 (Gate area) 
      Cumulative area ratio:  178.99
      Required ratio:    0.00 (Cumulative area) 
      Partial area ratio:  681.90
      Required ratio:  400.00 (Side area) (VIOLATED)
      Cumulative area ratio:  692.20
      Required ratio:    0.00 (Cumulative side area) 

    Layer: Via4
      Partial area ratio:    0.10
      Required ratio:   20.00 (Gate area) 
      Cumulative area ratio:    0.51
      Required ratio:    0.00 (Cumulative area) 

    Layer: Metal5
      Partial area ratio:    0.94
      Required ratio:    0.00 (Gate area) 
      Cumulative area ratio:  179.93
      Required ratio:    0.00 (Cumulative area) 
      Partial area ratio:    5.19
      Required ratio:  400.00 (Side area) 
      Cumulative area ratio:  697.39
      Required ratio:    0.00 (Cumulative side area) 


  Pin:   fanout455/A (gf180mcu_as_sc_mcu7t3v3__buff_2)
    Layer: Via1
      Partial area ratio:    0.10
      Required ratio:   20.00 (Gate area) 
      Cumulative area ratio:    0.10
      Required ratio:    0.00 (Cumulative area) 

    Layer: Metal2
      Partial area ratio:   11.16
      Required ratio:    0.00 (Gate area) 
      Cumulative area ratio:   11.16
      Required ratio:    0.00 (Cumulative area) 
      Partial area ratio:   43.50
      Required ratio:  400.00 (Side area) 
      Cumulative area ratio:   43.50
      Required ratio:    0.00 (Cumulative side area) 

    Layer: Via2
      Partial area ratio:    0.20
      Required ratio:   20.00 (Gate area) 
      Cumulative area ratio:    0.30
      Required ratio:    0.00 (Cumulative area) 

    Layer: Metal3
      Partial area ratio:   67.38
      Required ratio:    0.00 (Gate area) 
      Cumulative area ratio:   78.54
      Required ratio:    0.00 (Cumulative area) 
      Partial area ratio:  260.79
      Required ratio:  400.00 (Side area) 
      Cumulative area ratio:  304.29
      Required ratio:    0.00 (Cumulative side area) 

    Layer: Via3
      Partial area ratio:    0.10
      Required ratio:   20.00 (Gate area) 
      Cumulative area ratio:    0.41
      Required ratio:    0.00 (Cumulative area) 

    Layer: Metal4
      Partial area ratio:  204.91
      Required ratio:    0.00 (Gate area) 
      Cumulative area ratio:  283.45
      Required ratio:    0.00 (Cumulative area) 
      Partial area ratio:  790.81
      Required ratio:  400.00 (Side area) (VIOLATED)
      Cumulative area ratio: 1095.10
      Required ratio:    0.00 (Cumulative side area) 

    Layer: Via4
      Partial area ratio:    0.10
      Required ratio:   20.00 (Gate area) 
      Cumulative area ratio:    0.51
      Required ratio:    0.00 (Cumulative area) 

    Layer: Metal5
      Partial area ratio:    0.94
      Required ratio:    0.00 (Gate area) 
      Cumulative area ratio:  284.39
      Required ratio:    0.00 (Cumulative area) 
      Partial area ratio:    5.19
      Required ratio:  400.00 (Side area) 
      Cumulative area ratio: 1100.29
      Required ratio:    0.00 (Cumulative side area) 



Net: u_b_buffer.GEN_SRAM.GEN_B_COLS\[2\].sram_q_raw\[3\]
  Pin:   fanout415/A (gf180mcu_as_sc_mcu7t3v3__buff_2)
    Layer: Via1
      Partial area ratio:    0.10
      Required ratio:   20.00 (Gate area) 
      Cumulative area ratio:    0.10
      Required ratio:    0.00 (Cumulative area) 

    Layer: Metal2
      Partial area ratio:    2.67
      Required ratio:    0.00 (Gate area) 
      Cumulative area ratio:    2.67
      Required ratio:    0.00 (Cumulative area) 
      Partial area ratio:   10.75
      Required ratio:  400.00 (Side area) 
      Cumulative area ratio:   10.75
      Required ratio:    0.00 (Cumulative side area) 

    Layer: Via2
      Partial area ratio:    0.20
      Required ratio:   20.00 (Gate area) 
      Cumulative area ratio:    0.30
      Required ratio:    0.00 (Cumulative area) 

    Layer: Metal3
      Partial area ratio:    0.32
      Required ratio:    0.00 (Gate area) 
      Cumulative area ratio:    2.99
      Required ratio:    0.00 (Cumulative area) 
      Partial area ratio:    2.14
      Required ratio:  400.00 (Side area) 
      Cumulative area ratio:   12.89
      Required ratio:    0.00 (Cumulative side area) 

    Layer: Via3
      Partial area ratio:    0.10
      Required ratio:   20.00 (Gate area) 
      Cumulative area ratio:    0.41
      Required ratio:    0.00 (Cumulative area) 

    Layer: Metal4
      Partial area ratio:  226.29
      Required ratio:    0.00 (Gate area) 
      Cumulative area ratio:  229.27
      Required ratio:    0.00 (Cumulative area) 
      Partial area ratio:  873.72
      Required ratio:  400.00 (Side area) (VIOLATED)
      Cumulative area ratio:  886.61
      Required ratio:    0.00 (Cumulative side area) 

    Layer: Via4
      Partial area ratio:    0.10
      Required ratio:   20.00 (Gate area) 
      Cumulative area ratio:    0.51
      Required ratio:    0.00 (Cumulative area) 

    Layer: Metal5
      Partial area ratio:    1.56
      Required ratio:    0.00 (Gate area) 
      Cumulative area ratio:  230.84
      Required ratio:    0.00 (Cumulative area) 
      Partial area ratio:    8.53
      Required ratio:  400.00 (Side area) 
      Cumulative area ratio:  895.14
      Required ratio:    0.00 (Cumulative side area) 


  Pin:   fanout418/A (gf180mcu_as_sc_mcu7t3v3__buff_2)
    Layer: Via1
      Partial area ratio:    0.10
      Required ratio:   20.00 (Gate area) 
      Cumulative area ratio:    0.10
      Required ratio:    0.00 (Cumulative area) 

    Layer: Metal2
      Partial area ratio:    1.73
      Required ratio:    0.00 (Gate area) 
      Cumulative area ratio:    1.73
      Required ratio:    0.00 (Cumulative area) 
      Partial area ratio:    7.14
      Required ratio:  400.00 (Side area) 
      Cumulative area ratio:    7.14
      Required ratio:    0.00 (Cumulative side area) 

    Layer: Via2
      Partial area ratio:    0.20
      Required ratio:   20.00 (Gate area) 
      Cumulative area ratio:    0.30
      Required ratio:    0.00 (Cumulative area) 

    Layer: Metal3
      Partial area ratio:   14.44
      Required ratio:    0.00 (Gate area) 
      Cumulative area ratio:   16.17
      Required ratio:    0.00 (Cumulative area) 
      Partial area ratio:   56.59
      Required ratio:  400.00 (Side area) 
      Cumulative area ratio:   63.74
      Required ratio:    0.00 (Cumulative side area) 

    Layer: Via3
      Partial area ratio:    0.10
      Required ratio:   20.00 (Gate area) 
      Cumulative area ratio:    0.41
      Required ratio:    0.00 (Cumulative area) 

    Layer: Metal4
      Partial area ratio:  148.44
      Required ratio:    0.00 (Gate area) 
      Cumulative area ratio:  164.61
      Required ratio:    0.00 (Cumulative area) 
      Partial area ratio:  573.00
      Required ratio:  400.00 (Side area) (VIOLATED)
      Cumulative area ratio:  636.73
      Required ratio:    0.00 (Cumulative side area) 

    Layer: Via4
      Partial area ratio:    0.10
      Required ratio:   20.00 (Gate area) 
      Cumulative area ratio:    0.51
      Required ratio:    0.00 (Cumulative area) 

    Layer: Metal5
      Partial area ratio:    1.56
      Required ratio:    0.00 (Gate area) 
      Cumulative area ratio:  166.17
      Required ratio:    0.00 (Cumulative area) 
      Partial area ratio:    8.53
      Required ratio:  400.00 (Side area) 
      Cumulative area ratio:  645.26
      Required ratio:    0.00 (Cumulative side area) 



Net: u_b_buffer.GEN_SRAM.GEN_B_COLS\[2\].sram_q_raw\[4\]
  Pin:   fanout410/A (gf180mcu_as_sc_mcu7t3v3__buff_2)
    Layer: Via1
      Partial area ratio:    0.10
      Required ratio:   20.00 (Gate area) 
      Cumulative area ratio:    0.10
      Required ratio:    0.00 (Cumulative area) 

    Layer: Metal2
      Partial area ratio:   11.60
      Required ratio:    0.00 (Gate area) 
      Cumulative area ratio:   11.60
      Required ratio:    0.00 (Cumulative area) 
      Partial area ratio:   45.18
      Required ratio:  400.00 (Side area) 
      Cumulative area ratio:   45.18
      Required ratio:    0.00 (Cumulative side area) 

    Layer: Via2
      Partial area ratio:    0.20
      Required ratio:   20.00 (Gate area) 
      Cumulative area ratio:    0.30
      Required ratio:    0.00 (Cumulative area) 

    Layer: Metal3
      Partial area ratio:   14.44
      Required ratio:    0.00 (Gate area) 
      Cumulative area ratio:   26.03
      Required ratio:    0.00 (Cumulative area) 
      Partial area ratio:   56.59
      Required ratio:  400.00 (Side area) 
      Cumulative area ratio:  101.78
      Required ratio:    0.00 (Cumulative side area) 

    Layer: Via3
      Partial area ratio:    0.10
      Required ratio:   20.00 (Gate area) 
      Cumulative area ratio:    0.41
      Required ratio:    0.00 (Cumulative area) 

    Layer: Metal4
      Partial area ratio:  130.79
      Required ratio:    0.00 (Gate area) 
      Cumulative area ratio:  156.82
      Required ratio:    0.00 (Cumulative area) 
      Partial area ratio:  504.93
      Required ratio:  400.00 (Side area) (VIOLATED)
      Cumulative area ratio:  606.71
      Required ratio:    0.00 (Cumulative side area) 

    Layer: Via4
      Partial area ratio:    0.10
      Required ratio:   20.00 (Gate area) 
      Cumulative area ratio:    0.51
      Required ratio:    0.00 (Cumulative area) 

    Layer: Metal5
      Partial area ratio:    0.67
      Required ratio:    0.00 (Gate area) 
      Cumulative area ratio:  157.49
      Required ratio:    0.00 (Cumulative area) 
      Partial area ratio:    3.72
      Required ratio:  400.00 (Side area) 
      Cumulative area ratio:  610.43
      Required ratio:    0.00 (Cumulative side area) 



Net: u_b_buffer.GEN_SRAM.GEN_B_COLS\[2\].sram_q_raw\[6\]
  Pin:   fanout399/A (gf180mcu_as_sc_mcu7t3v3__buff_2)
    Layer: Via1
      Partial area ratio:    0.10
      Required ratio:   20.00 (Gate area) 
      Cumulative area ratio:    0.10
      Required ratio:    0.00 (Cumulative area) 

    Layer: Metal2
      Partial area ratio:    1.97
      Required ratio:    0.00 (Gate area) 
      Cumulative area ratio:    1.97
      Required ratio:    0.00 (Cumulative area) 
      Partial area ratio:    8.05
      Required ratio:  400.00 (Side area) 
      Cumulative area ratio:    8.05
      Required ratio:    0.00 (Cumulative side area) 

    Layer: Via2
      Partial area ratio:    0.20
      Required ratio:   20.00 (Gate area) 
      Cumulative area ratio:    0.30
      Required ratio:    0.00 (Cumulative area) 

    Layer: Metal3
      Partial area ratio:    0.32
      Required ratio:    0.00 (Gate area) 
      Cumulative area ratio:    2.29
      Required ratio:    0.00 (Cumulative area) 
      Partial area ratio:    2.14
      Required ratio:  400.00 (Side area) 
      Cumulative area ratio:   10.19
      Required ratio:    0.00 (Cumulative side area) 

    Layer: Via3
      Partial area ratio:    0.10
      Required ratio:   20.00 (Gate area) 
      Cumulative area ratio:    0.41
      Required ratio:    0.00 (Cumulative area) 

    Layer: Metal4
      Partial area ratio:  155.70
      Required ratio:    0.00 (Gate area) 
      Cumulative area ratio:  157.99
      Required ratio:    0.00 (Cumulative area) 
      Partial area ratio:  601.45
      Required ratio:  400.00 (Side area) (VIOLATED)
      Cumulative area ratio:  611.64
      Required ratio:    0.00 (Cumulative side area) 

    Layer: Via4
      Partial area ratio:    0.10
      Required ratio:   20.00 (Gate area) 
      Cumulative area ratio:    0.51
      Required ratio:    0.00 (Cumulative area) 

    Layer: Metal5
      Partial area ratio:    0.67
      Required ratio:    0.00 (Gate area) 
      Cumulative area ratio:  158.66
      Required ratio:    0.00 (Cumulative area) 
      Partial area ratio:    3.72
      Required ratio:  400.00 (Side area) 
      Cumulative area ratio:  615.37
      Required ratio:    0.00 (Cumulative side area) 



Net: u_b_buffer.GEN_SRAM.GEN_B_COLS\[3\].sram_q_raw\[2\]
  Pin:   fanout373/A (gf180mcu_as_sc_mcu7t3v3__buff_2)
    Layer: Via1
      Partial area ratio:    0.10
      Required ratio:   20.00 (Gate area) 
      Cumulative area ratio:    0.10
      Required ratio:    0.00 (Cumulative area) 

    Layer: Metal2
      Partial area ratio:    2.67
      Required ratio:    0.00 (Gate area) 
      Cumulative area ratio:    2.67
      Required ratio:    0.00 (Cumulative area) 
      Partial area ratio:   10.75
      Required ratio:  400.00 (Side area) 
      Cumulative area ratio:   10.75
      Required ratio:    0.00 (Cumulative side area) 

    Layer: Via2
      Partial area ratio:    0.20
      Required ratio:   20.00 (Gate area) 
      Cumulative area ratio:    0.30
      Required ratio:    0.00 (Cumulative area) 

    Layer: Metal3
      Partial area ratio:    0.32
      Required ratio:    0.00 (Gate area) 
      Cumulative area ratio:    2.99
      Required ratio:    0.00 (Cumulative area) 
      Partial area ratio:    2.14
      Required ratio:  400.00 (Side area) 
      Cumulative area ratio:   12.89
      Required ratio:    0.00 (Cumulative side area) 

    Layer: Via3
      Partial area ratio:    0.10
      Required ratio:   20.00 (Gate area) 
      Cumulative area ratio:    0.41
      Required ratio:    0.00 (Cumulative area) 

    Layer: Metal4
      Partial area ratio:  183.65
      Required ratio:    0.00 (Gate area) 
      Cumulative area ratio:  186.64
      Required ratio:    0.00 (Cumulative area) 
      Partial area ratio:  708.60
      Required ratio:  400.00 (Side area) (VIOLATED)
      Cumulative area ratio:  721.48
      Required ratio:    0.00 (Cumulative side area) 

    Layer: Via4
      Partial area ratio:    0.05
      Required ratio:   20.00 (Gate area) 
      Cumulative area ratio:    0.46
      Required ratio:    0.00 (Cumulative area) 

    Layer: Metal5
      Partial area ratio:    2.18
      Required ratio:    0.00 (Gate area) 
      Cumulative area ratio:  188.82
      Required ratio:    0.00 (Cumulative area) 
      Partial area ratio:   11.87
      Required ratio:  400.00 (Side area) 
      Cumulative area ratio:  733.36
      Required ratio:    0.00 (Cumulative side area) 


  Pin:   fanout376/A (gf180mcu_as_sc_mcu7t3v3__buff_2)
    Layer: Via1
      Partial area ratio:    0.10
      Required ratio:   20.00 (Gate area) 
      Cumulative area ratio:    0.10
      Required ratio:    0.00 (Cumulative area) 

    Layer: Metal2
      Partial area ratio:    3.38
      Required ratio:    0.00 (Gate area) 
      Cumulative area ratio:    3.38
      Required ratio:    0.00 (Cumulative area) 
      Partial area ratio:   13.47
      Required ratio:  400.00 (Side area) 
      Cumulative area ratio:   13.47
      Required ratio:    0.00 (Cumulative side area) 

    Layer: Via2
      Partial area ratio:    0.20
      Required ratio:   20.00 (Gate area) 
      Cumulative area ratio:    0.30
      Required ratio:    0.00 (Cumulative area) 

    Layer: Metal3
      Partial area ratio:   25.18
      Required ratio:    0.00 (Gate area) 
      Cumulative area ratio:   28.56
      Required ratio:    0.00 (Cumulative area) 
      Partial area ratio:   98.50
      Required ratio:  400.00 (Side area) 
      Cumulative area ratio:  111.97
      Required ratio:    0.00 (Cumulative side area) 

    Layer: Via3
      Partial area ratio:    0.10
      Required ratio:   20.00 (Gate area) 
      Cumulative area ratio:    0.41
      Required ratio:    0.00 (Cumulative area) 

    Layer: Metal4
      Partial area ratio:  183.65
      Required ratio:    0.00 (Gate area) 
      Cumulative area ratio:  212.21
      Required ratio:    0.00 (Cumulative area) 
      Partial area ratio:  708.60
      Required ratio:  400.00 (Side area) (VIOLATED)
      Cumulative area ratio:  820.57
      Required ratio:    0.00 (Cumulative side area) 

    Layer: Via4
      Partial area ratio:    0.05
      Required ratio:   20.00 (Gate area) 
      Cumulative area ratio:    0.46
      Required ratio:    0.00 (Cumulative area) 

    Layer: Metal5
      Partial area ratio:    2.18
      Required ratio:    0.00 (Gate area) 
      Cumulative area ratio:  214.39
      Required ratio:    0.00 (Cumulative area) 
      Partial area ratio:   11.87
      Required ratio:  400.00 (Side area) 
      Cumulative area ratio:  832.44
      Required ratio:    0.00 (Cumulative side area) 



Net: u_b_buffer.GEN_SRAM.GEN_B_COLS\[3\].sram_q_raw\[3\]
  Pin:   fanout366/A (gf180mcu_as_sc_mcu7t3v3__buff_2)
    Layer: Via1
      Partial area ratio:    0.10
      Required ratio:   20.00 (Gate area) 
      Cumulative area ratio:    0.10
      Required ratio:    0.00 (Cumulative area) 

    Layer: Metal2
      Partial area ratio:    2.00
      Required ratio:    0.00 (Gate area) 
      Cumulative area ratio:    2.00
      Required ratio:    0.00 (Cumulative area) 
      Partial area ratio:    8.16
      Required ratio:  400.00 (Side area) 
      Cumulative area ratio:    8.16
      Required ratio:    0.00 (Cumulative side area) 

    Layer: Via2
      Partial area ratio:    0.20
      Required ratio:   20.00 (Gate area) 
      Cumulative area ratio:    0.30
      Required ratio:    0.00 (Cumulative area) 

    Layer: Metal3
      Partial area ratio:    0.32
      Required ratio:    0.00 (Gate area) 
      Cumulative area ratio:    2.32
      Required ratio:    0.00 (Cumulative area) 
      Partial area ratio:    2.14
      Required ratio:  400.00 (Side area) 
      Cumulative area ratio:   10.30
      Required ratio:    0.00 (Cumulative side area) 

    Layer: Via3
      Partial area ratio:    0.10
      Required ratio:   20.00 (Gate area) 
      Cumulative area ratio:    0.41
      Required ratio:    0.00 (Cumulative area) 

    Layer: Metal4
      Partial area ratio:  187.18
      Required ratio:    0.00 (Gate area) 
      Cumulative area ratio:  189.50
      Required ratio:    0.00 (Cumulative area) 
      Partial area ratio:  722.21
      Required ratio:  400.00 (Side area) (VIOLATED)
      Cumulative area ratio:  732.50
      Required ratio:    0.00 (Cumulative side area) 

    Layer: Via4
      Partial area ratio:    0.05
      Required ratio:   20.00 (Gate area) 
      Cumulative area ratio:    0.46
      Required ratio:    0.00 (Cumulative area) 

    Layer: Metal5
      Partial area ratio:    3.11
      Required ratio:    0.00 (Gate area) 
      Cumulative area ratio:  192.60
      Required ratio:    0.00 (Cumulative area) 
      Partial area ratio:   16.89
      Required ratio:  400.00 (Side area) 
      Cumulative area ratio:  749.39
      Required ratio:    0.00 (Cumulative side area) 


  Pin:   fanout369/A (gf180mcu_as_sc_mcu7t3v3__buff_2)
    Layer: Via1
      Partial area ratio:    0.10
      Required ratio:   20.00 (Gate area) 
      Cumulative area ratio:    0.10
      Required ratio:    0.00 (Cumulative area) 

    Layer: Metal2
      Partial area ratio:    2.20
      Required ratio:    0.00 (Gate area) 
      Cumulative area ratio:    2.20
      Required ratio:    0.00 (Cumulative area) 
      Partial area ratio:    8.93
      Required ratio:  400.00 (Side area) 
      Cumulative area ratio:    8.93
      Required ratio:    0.00 (Cumulative side area) 

    Layer: Via2
      Partial area ratio:    0.20
      Required ratio:   20.00 (Gate area) 
      Cumulative area ratio:    0.30
      Required ratio:    0.00 (Cumulative area) 

    Layer: Metal3
      Partial area ratio:   25.18
      Required ratio:    0.00 (Gate area) 
      Cumulative area ratio:   27.38
      Required ratio:    0.00 (Cumulative area) 
      Partial area ratio:   98.50
      Required ratio:  400.00 (Side area) 
      Cumulative area ratio:  107.44
      Required ratio:    0.00 (Cumulative side area) 

    Layer: Via3
      Partial area ratio:    0.10
      Required ratio:   20.00 (Gate area) 
      Cumulative area ratio:    0.41
      Required ratio:    0.00 (Cumulative area) 

    Layer: Metal4
      Partial area ratio:  187.18
      Required ratio:    0.00 (Gate area) 
      Cumulative area ratio:  214.56
      Required ratio:    0.00 (Cumulative area) 
      Partial area ratio:  722.21
      Required ratio:  400.00 (Side area) (VIOLATED)
      Cumulative area ratio:  829.65
      Required ratio:    0.00 (Cumulative side area) 

    Layer: Via4
      Partial area ratio:    0.05
      Required ratio:   20.00 (Gate area) 
      Cumulative area ratio:    0.46
      Required ratio:    0.00 (Cumulative area) 

    Layer: Metal5
      Partial area ratio:    3.11
      Required ratio:    0.00 (Gate area) 
      Cumulative area ratio:  217.67
      Required ratio:    0.00 (Cumulative area) 
      Partial area ratio:   16.89
      Required ratio:  400.00 (Side area) 
      Cumulative area ratio:  846.53
      Required ratio:    0.00 (Cumulative side area) 



Net: u_b_buffer.GEN_SRAM.GEN_B_COLS\[3\].sram_q_raw\[4\]
  Pin:   fanout363/A (gf180mcu_as_sc_mcu7t3v3__buff_2)
    Layer: Via1
      Partial area ratio:    0.10
      Required ratio:   20.00 (Gate area) 
      Cumulative area ratio:    0.10
      Required ratio:    0.00 (Cumulative area) 

    Layer: Metal2
      Partial area ratio:    0.82
      Required ratio:    0.00 (Gate area) 
      Cumulative area ratio:    0.82
      Required ratio:    0.00 (Cumulative area) 
      Partial area ratio:    3.62
      Required ratio:  400.00 (Side area) 
      Cumulative area ratio:    3.62
      Required ratio:    0.00 (Cumulative side area) 

    Layer: Via2
      Partial area ratio:    0.20
      Required ratio:   20.00 (Gate area) 
      Cumulative area ratio:    0.30
      Required ratio:    0.00 (Cumulative area) 

    Layer: Metal3
      Partial area ratio:  113.26
      Required ratio:    0.00 (Gate area) 
      Cumulative area ratio:  114.08
      Required ratio:    0.00 (Cumulative area) 
      Partial area ratio:  437.77
      Required ratio:  400.00 (Side area) (VIOLATED)
      Cumulative area ratio:  441.39
      Required ratio:    0.00 (Cumulative side area) 

    Layer: Via3
      Partial area ratio:    0.10
      Required ratio:   20.00 (Gate area) 
      Cumulative area ratio:    0.41
      Required ratio:    0.00 (Cumulative area) 

    Layer: Metal4
      Partial area ratio:  109.61
      Required ratio:    0.00 (Gate area) 
      Cumulative area ratio:  223.69
      Required ratio:    0.00 (Cumulative area) 
      Partial area ratio:  423.25
      Required ratio:  400.00 (Side area) (VIOLATED)
      Cumulative area ratio:  864.64
      Required ratio:    0.00 (Cumulative side area) 

    Layer: Via4
      Partial area ratio:    0.10
      Required ratio:   20.00 (Gate area) 
      Cumulative area ratio:    0.51
      Required ratio:    0.00 (Cumulative area) 

    Layer: Metal5
      Partial area ratio:    0.34
      Required ratio:    0.00 (Gate area) 
      Cumulative area ratio:  224.04
      Required ratio:    0.00 (Cumulative area) 
      Partial area ratio:    1.96
      Required ratio:  400.00 (Side area) 
      Cumulative area ratio:  866.59
      Required ratio:    0.00 (Cumulative side area) 



Net: u_b_buffer.GEN_SRAM.GEN_B_COLS\[3\].sram_q_raw\[5\]
  Pin:   fanout355/A (gf180mcu_as_sc_mcu7t3v3__buff_2)
    Layer: Via1
      Partial area ratio:    0.10
      Required ratio:   20.00 (Gate area) 
      Cumulative area ratio:    0.10
      Required ratio:    0.00 (Cumulative area) 

    Layer: Metal2
      Partial area ratio:    2.23
      Required ratio:    0.00 (Gate area) 
      Cumulative area ratio:    2.23
      Required ratio:    0.00 (Cumulative area) 
      Partial area ratio:    9.06
      Required ratio:  400.00 (Side area) 
      Cumulative area ratio:    9.06
      Required ratio:    0.00 (Cumulative side area) 

    Layer: Via2
      Partial area ratio:    0.20
      Required ratio:   20.00 (Gate area) 
      Cumulative area ratio:    0.30
      Required ratio:    0.00 (Cumulative area) 

    Layer: Metal3
      Partial area ratio:    0.32
      Required ratio:    0.00 (Gate area) 
      Cumulative area ratio:    2.55
      Required ratio:    0.00 (Cumulative area) 
      Partial area ratio:    2.14
      Required ratio:  400.00 (Side area) 
      Cumulative area ratio:   11.20
      Required ratio:    0.00 (Cumulative side area) 

    Layer: Via3
      Partial area ratio:    0.10
      Required ratio:   20.00 (Gate area) 
      Cumulative area ratio:    0.41
      Required ratio:    0.00 (Cumulative area) 

    Layer: Metal4
      Partial area ratio:    0.16
      Required ratio:    0.00 (Gate area) 
      Cumulative area ratio:    2.71
      Required ratio:    0.00 (Cumulative area) 
      Partial area ratio:    1.07
      Required ratio:  400.00 (Side area) 
      Cumulative area ratio:   12.27
      Required ratio:    0.00 (Cumulative side area) 

    Layer: Via4
      Partial area ratio:    0.10
      Required ratio:   20.00 (Gate area) 
      Cumulative area ratio:    0.51
      Required ratio:    0.00 (Cumulative area) 

    Layer: Metal5
      Partial area ratio:    1.56
      Required ratio:    0.00 (Gate area) 
      Cumulative area ratio:    4.27
      Required ratio:    0.00 (Cumulative area) 
      Partial area ratio:    8.53
      Required ratio:  400.00 (Side area) 
      Cumulative area ratio:   20.80
      Required ratio:    0.00 (Cumulative side area) 


  Pin:   fanout358/A (gf180mcu_as_sc_mcu7t3v3__buff_2)
    Layer: Via1
      Partial area ratio:    0.10
      Required ratio:   20.00 (Gate area) 
      Cumulative area ratio:    0.10
      Required ratio:    0.00 (Cumulative area) 

    Layer: Metal2
      Partial area ratio:    2.70
      Required ratio:    0.00 (Gate area) 
      Cumulative area ratio:    2.70
      Required ratio:    0.00 (Cumulative area) 
      Partial area ratio:   10.88
      Required ratio:  400.00 (Side area) 
      Cumulative area ratio:   10.88
      Required ratio:    0.00 (Cumulative side area) 

    Layer: Via2
      Partial area ratio:    0.20
      Required ratio:   20.00 (Gate area) 
      Cumulative area ratio:    0.30
      Required ratio:    0.00 (Cumulative area) 

    Layer: Metal3
      Partial area ratio:  116.95
      Required ratio:    0.00 (Gate area) 
      Cumulative area ratio:  119.65
      Required ratio:    0.00 (Cumulative area) 
      Partial area ratio:  452.45
      Required ratio:  400.00 (Side area) (VIOLATED)
      Cumulative area ratio:  463.33
      Required ratio:    0.00 (Cumulative side area) 

    Layer: Via3
      Partial area ratio:    0.10
      Required ratio:   20.00 (Gate area) 
      Cumulative area ratio:    0.41
      Required ratio:    0.00 (Cumulative area) 

    Layer: Metal4
      Partial area ratio:   20.84
      Required ratio:    0.00 (Gate area) 
      Cumulative area ratio:  140.50
      Required ratio:    0.00 (Cumulative area) 
      Partial area ratio:   80.45
      Required ratio:  400.00 (Side area) 
      Cumulative area ratio:  543.78
      Required ratio:    0.00 (Cumulative side area) 

    Layer: Via4
      Partial area ratio:    0.10
      Required ratio:    0.00 (Gate area) 
      Cumulative area ratio:    0.51
      Required ratio:    0.00 (Cumulative area) 

    Layer: Metal5
      Partial area ratio:    1.56
      Required ratio:    0.00 (Gate area) 
      Cumulative area ratio:  142.06
      Required ratio:    0.00 (Cumulative area) 
      Partial area ratio:    8.53
      Required ratio:  400.00 (Side area) 
      Cumulative area ratio:  552.31
      Required ratio:    0.00 (Cumulative side area) 



Net: u_b_buffer.GEN_SRAM.GEN_B_COLS\[3\].sram_q_raw\[6\]
  Pin:   fanout349/A (gf180mcu_as_sc_mcu7t3v3__buff_2)
    Layer: Via1
      Partial area ratio:    0.10
      Required ratio:   20.00 (Gate area) 
      Cumulative area ratio:    0.10
      Required ratio:    0.00 (Cumulative area) 

    Layer: Metal2
      Partial area ratio:    2.43
      Required ratio:    0.00 (Gate area) 
      Cumulative area ratio:    2.43
      Required ratio:    0.00 (Cumulative area) 
      Partial area ratio:    9.84
      Required ratio:  400.00 (Side area) 
      Cumulative area ratio:    9.84
      Required ratio:    0.00 (Cumulative side area) 

    Layer: Via2
      Partial area ratio:    0.20
      Required ratio:   20.00 (Gate area) 
      Cumulative area ratio:    0.30
      Required ratio:    0.00 (Cumulative area) 

    Layer: Metal3
      Partial area ratio:   17.97
      Required ratio:    0.00 (Gate area) 
      Cumulative area ratio:   20.40
      Required ratio:    0.00 (Cumulative area) 
      Partial area ratio:   70.21
      Required ratio:  400.00 (Side area) 
      Cumulative area ratio:   80.05
      Required ratio:    0.00 (Cumulative side area) 

    Layer: Via3
      Partial area ratio:    0.05
      Required ratio:   20.00 (Gate area) 
      Cumulative area ratio:    0.36
      Required ratio:    0.00 (Cumulative area) 

    Layer: Metal4
      Partial area ratio:  121.26
      Required ratio:    0.00 (Gate area) 
      Cumulative area ratio:  141.66
      Required ratio:    0.00 (Cumulative area) 
      Partial area ratio:  467.86
      Required ratio:  400.00 (Side area) (VIOLATED)
      Cumulative area ratio:  547.91
      Required ratio:    0.00 (Cumulative side area) 

    Layer: Via4
      Partial area ratio:    0.03
      Required ratio:   20.00 (Gate area) 
      Cumulative area ratio:    0.39
      Required ratio:    0.00 (Cumulative area) 

    Layer: Metal5
      Partial area ratio:    0.31
      Required ratio:    0.00 (Gate area) 
      Cumulative area ratio:  141.97
      Required ratio:    0.00 (Cumulative area) 
      Partial area ratio:    1.75
      Required ratio:  400.00 (Side area) 
      Cumulative area ratio:  549.66
      Required ratio:    0.00 (Cumulative side area) 


  Pin:   fanout350/A (gf180mcu_as_sc_mcu7t3v3__buff_2)
    Layer: Via1
      Partial area ratio:    0.10
      Required ratio:   20.00 (Gate area) 
      Cumulative area ratio:    0.10
      Required ratio:    0.00 (Cumulative area) 

    Layer: Metal2
      Partial area ratio:    2.90
      Required ratio:    0.00 (Gate area) 
      Cumulative area ratio:    2.90
      Required ratio:    0.00 (Cumulative area) 
      Partial area ratio:   11.66
      Required ratio:  400.00 (Side area) 
      Cumulative area ratio:   11.66
      Required ratio:    0.00 (Cumulative side area) 

    Layer: Via2
      Partial area ratio:    0.20
      Required ratio:   20.00 (Gate area) 
      Cumulative area ratio:    0.30
      Required ratio:    0.00 (Cumulative area) 

    Layer: Metal3
      Partial area ratio:   17.97
      Required ratio:    0.00 (Gate area) 
      Cumulative area ratio:   20.87
      Required ratio:    0.00 (Cumulative area) 
      Partial area ratio:   70.21
      Required ratio:  400.00 (Side area) 
      Cumulative area ratio:   81.86
      Required ratio:    0.00 (Cumulative side area) 

    Layer: Via3
      Partial area ratio:    0.05
      Required ratio:   20.00 (Gate area) 
      Cumulative area ratio:    0.36
      Required ratio:    0.00 (Cumulative area) 

    Layer: Metal4
      Partial area ratio:  121.26
      Required ratio:    0.00 (Gate area) 
      Cumulative area ratio:  142.13
      Required ratio:    0.00 (Cumulative area) 
      Partial area ratio:  467.86
      Required ratio:  400.00 (Side area) (VIOLATED)
      Cumulative area ratio:  549.72
      Required ratio:    0.00 (Cumulative side area) 

    Layer: Via4
      Partial area ratio:    0.03
      Required ratio:   20.00 (Gate area) 
      Cumulative area ratio:    0.39
      Required ratio:    0.00 (Cumulative area) 

    Layer: Metal5
      Partial area ratio:    0.31
      Required ratio:    0.00 (Gate area) 
      Cumulative area ratio:  142.44
      Required ratio:    0.00 (Cumulative area) 
      Partial area ratio:    1.75
      Required ratio:  400.00 (Side area) 
      Cumulative area ratio:  551.47
      Required ratio:    0.00 (Cumulative side area) 


  Pin:   fanout352/A (gf180mcu_as_sc_mcu7t3v3__buff_2)
    Layer: Via1
      Partial area ratio:    0.10
      Required ratio:   20.00 (Gate area) 
      Cumulative area ratio:    0.10
      Required ratio:    0.00 (Cumulative area) 

    Layer: Metal2
      Partial area ratio:    3.38
      Required ratio:    0.00 (Gate area) 
      Cumulative area ratio:    3.38
      Required ratio:    0.00 (Cumulative area) 
      Partial area ratio:   13.47
      Required ratio:  400.00 (Side area) 
      Cumulative area ratio:   13.47
      Required ratio:    0.00 (Cumulative side area) 

    Layer: Via2
      Partial area ratio:    0.20
      Required ratio:   20.00 (Gate area) 
      Cumulative area ratio:    0.30
      Required ratio:    0.00 (Cumulative area) 

    Layer: Metal3
      Partial area ratio:  124.01
      Required ratio:    0.00 (Gate area) 
      Cumulative area ratio:  127.38
      Required ratio:    0.00 (Cumulative area) 
      Partial area ratio:  479.68
      Required ratio:  400.00 (Side area) (VIOLATED)
      Cumulative area ratio:  493.15
      Required ratio:    0.00 (Cumulative side area) 

    Layer: Via3
      Partial area ratio:    0.10
      Required ratio:   20.00 (Gate area) 
      Cumulative area ratio:    0.41
      Required ratio:    0.00 (Cumulative area) 

    Layer: Metal4
      Partial area ratio:  121.26
      Required ratio:    0.00 (Gate area) 
      Cumulative area ratio:  248.64
      Required ratio:    0.00 (Cumulative area) 
      Partial area ratio:  467.86
      Required ratio:  400.00 (Side area) (VIOLATED)
      Cumulative area ratio:  961.01
      Required ratio:    0.00 (Cumulative side area) 

    Layer: Via4
      Partial area ratio:    0.03
      Required ratio:   20.00 (Gate area) 
      Cumulative area ratio:    0.44
      Required ratio:    0.00 (Cumulative area) 

    Layer: Metal5
      Partial area ratio:    0.31
      Required ratio:    0.00 (Gate area) 
      Cumulative area ratio:  248.95
      Required ratio:    0.00 (Cumulative area) 
      Partial area ratio:    1.75
      Required ratio:  400.00 (Side area) 
      Cumulative area ratio:  962.76
      Required ratio:    0.00 (Cumulative side area) 



Net: u_b_buffer.GEN_SRAM.GEN_B_COLS\[3\].sram_q_raw\[7\]
  Pin:   fanout347/A (gf180mcu_as_sc_mcu7t3v3__buff_2)
    Layer: Via1
      Partial area ratio:    0.10
      Required ratio:   20.00 (Gate area) 
      Cumulative area ratio:    0.10
      Required ratio:    0.00 (Cumulative area) 

    Layer: Metal2
      Partial area ratio:    1.73
      Required ratio:    0.00 (Gate area) 
      Cumulative area ratio:    1.73
      Required ratio:    0.00 (Cumulative area) 
      Partial area ratio:    7.12
      Required ratio:  400.00 (Side area) 
      Cumulative area ratio:    7.12
      Required ratio:    0.00 (Cumulative side area) 

    Layer: Via2
      Partial area ratio:    0.20
      Required ratio:   20.00 (Gate area) 
      Cumulative area ratio:    0.30
      Required ratio:    0.00 (Cumulative area) 

    Layer: Metal3
      Partial area ratio:  141.50
      Required ratio:    0.00 (Gate area) 
      Cumulative area ratio:  143.22
      Required ratio:    0.00 (Cumulative area) 
      Partial area ratio:  546.68
      Required ratio:  400.00 (Side area) (VIOLATED)
      Cumulative area ratio:  553.80
      Required ratio:    0.00 (Cumulative side area) 

    Layer: Via3
      Partial area ratio:    0.10
      Required ratio:   20.00 (Gate area) 
      Cumulative area ratio:    0.41
      Required ratio:    0.00 (Cumulative area) 

    Layer: Metal4
      Partial area ratio:  120.20
      Required ratio:    0.00 (Gate area) 
      Cumulative area ratio:  263.43
      Required ratio:    0.00 (Cumulative area) 
      Partial area ratio:  464.09
      Required ratio:  400.00 (Side area) (VIOLATED)
      Cumulative area ratio: 1017.88
      Required ratio:    0.00 (Cumulative side area) 

    Layer: Via4
      Partial area ratio:    0.10
      Required ratio:   20.00 (Gate area) 
      Cumulative area ratio:    0.51
      Required ratio:    0.00 (Cumulative area) 

    Layer: Metal5
      Partial area ratio:    0.67
      Required ratio:    0.00 (Gate area) 
      Cumulative area ratio:  264.10
      Required ratio:    0.00 (Cumulative area) 
      Partial area ratio:    3.72
      Required ratio:  400.00 (Side area) 
      Cumulative area ratio: 1021.61
      Required ratio:    0.00 (Cumulative side area) 



Net: net382
  Pin:   _20878_/B (gf180mcu_as_sc_mcu7t3v3__mux2_2)
    Layer: Metal1
      Partial area ratio:    0.02
      Required ratio:    0.00 (Gate area) 
      Cumulative area ratio:    0.02
      Required ratio:    0.00 (Cumulative area) 
      Partial area ratio:    0.92
      Required ratio:  400.00 (Side area) 
      Cumulative area ratio:    0.92
      Required ratio:    0.00 (Cumulative side area) 

    Layer: Via1
      Partial area ratio:    0.10
      Required ratio:   20.00 (Gate area) 
      Cumulative area ratio:    0.10
      Required ratio:    0.00 (Cumulative area) 

    Layer: Metal2
      Partial area ratio:    2.65
      Required ratio:    0.00 (Gate area) 
      Cumulative area ratio:    2.67
      Required ratio:    0.00 (Cumulative area) 
      Partial area ratio:   10.68
      Required ratio:  400.00 (Side area) 
      Cumulative area ratio:   11.60
      Required ratio:    0.00 (Cumulative side area) 

    Layer: Via2
      Partial area ratio:    0.20
      Required ratio:   20.00 (Gate area) 
      Cumulative area ratio:    0.30
      Required ratio:    0.00 (Cumulative area) 

    Layer: Metal3
      Partial area ratio:    0.32
      Required ratio:    0.00 (Gate area) 
      Cumulative area ratio:    2.99
      Required ratio:    0.00 (Cumulative area) 
      Partial area ratio:    2.14
      Required ratio:  400.00 (Side area) 
      Cumulative area ratio:   13.74
      Required ratio:    0.00 (Cumulative side area) 

    Layer: Via3
      Partial area ratio:    0.10
      Required ratio:   20.00 (Gate area) 
      Cumulative area ratio:    0.41
      Required ratio:    0.00 (Cumulative area) 

    Layer: Metal4
      Partial area ratio:    0.16
      Required ratio:    0.00 (Gate area) 
      Cumulative area ratio:    3.15
      Required ratio:    0.00 (Cumulative area) 
      Partial area ratio:    1.07
      Required ratio:  400.00 (Side area) 
      Cumulative area ratio:   14.81
      Required ratio:    0.00 (Cumulative side area) 

    Layer: Via4
      Partial area ratio:    0.10
      Required ratio:   20.00 (Gate area) 
      Cumulative area ratio:    0.51
      Required ratio:    0.00 (Cumulative area) 

    Layer: Metal5
      Partial area ratio:   28.11
      Required ratio:    0.00 (Gate area) 
      Cumulative area ratio:   31.26
      Required ratio:    0.00 (Cumulative area) 
      Partial area ratio:  152.48
      Required ratio:  400.00 (Side area) 
      Cumulative area ratio:  167.29
      Required ratio:    0.00 (Cumulative side area) 


  Pin:   fanout377/A (gf180mcu_as_sc_mcu7t3v3__buff_2)
    Layer: Via1
      Partial area ratio:    0.10
      Required ratio:   20.00 (Gate area) 
      Cumulative area ratio:    0.10
      Required ratio:    0.00 (Cumulative area) 

    Layer: Metal2
      Partial area ratio:    0.82
      Required ratio:    0.00 (Gate area) 
      Cumulative area ratio:    0.82
      Required ratio:    0.00 (Cumulative area) 
      Partial area ratio:    3.62
      Required ratio:  400.00 (Side area) 
      Cumulative area ratio:    3.62
      Required ratio:    0.00 (Cumulative side area) 

    Layer: Via2
      Partial area ratio:    0.20
      Required ratio:   20.00 (Gate area) 
      Cumulative area ratio:    0.30
      Required ratio:    0.00 (Cumulative area) 

    Layer: Metal3
      Partial area ratio:    0.32
      Required ratio:    0.00 (Gate area) 
      Cumulative area ratio:    1.14
      Required ratio:    0.00 (Cumulative area) 
      Partial area ratio:    2.14
      Required ratio:  400.00 (Side area) 
      Cumulative area ratio:    5.76
      Required ratio:    0.00 (Cumulative side area) 

    Layer: Via3
      Partial area ratio:    0.10
      Required ratio:   20.00 (Gate area) 
      Cumulative area ratio:    0.41
      Required ratio:    0.00 (Cumulative area) 

    Layer: Metal4
      Partial area ratio:  385.15
      Required ratio:    0.00 (Gate area) 
      Cumulative area ratio:  386.29
      Required ratio:    0.00 (Cumulative area) 
      Partial area ratio: 1486.49
      Required ratio:  400.00 (Side area) (VIOLATED)
      Cumulative area ratio: 1492.25
      Required ratio:    0.00 (Cumulative side area) 

    Layer: Via4
      Partial area ratio:    0.20
      Required ratio:   20.00 (Gate area) 
      Cumulative area ratio:    0.61
      Required ratio:    0.00 (Cumulative area) 

    Layer: Metal5
      Partial area ratio:   28.11
      Required ratio:    0.00 (Gate area) 
      Cumulative area ratio:  414.41
      Required ratio:    0.00 (Cumulative area) 
      Partial area ratio:  152.48
      Required ratio:  400.00 (Side area) 
      Cumulative area ratio: 1644.73
      Required ratio:    0.00 (Cumulative side area) 


  Pin:   fanout378/A (gf180mcu_as_sc_mcu7t3v3__buff_2)
    Layer: Via1
      Partial area ratio:    0.10
      Required ratio:   20.00 (Gate area) 
      Cumulative area ratio:    0.10
      Required ratio:    0.00 (Cumulative area) 

    Layer: Metal2
      Partial area ratio:    1.06
      Required ratio:    0.00 (Gate area) 
      Cumulative area ratio:    1.06
      Required ratio:    0.00 (Cumulative area) 
      Partial area ratio:    4.53
      Required ratio:  400.00 (Side area) 
      Cumulative area ratio:    4.53
      Required ratio:    0.00 (Cumulative side area) 

    Layer: Via2
      Partial area ratio:    0.20
      Required ratio:   20.00 (Gate area) 
      Cumulative area ratio:    0.30
      Required ratio:    0.00 (Cumulative area) 

    Layer: Metal3
      Partial area ratio:    7.38
      Required ratio:    0.00 (Gate area) 
      Cumulative area ratio:    8.43
      Required ratio:    0.00 (Cumulative area) 
      Partial area ratio:   29.37
      Required ratio:  400.00 (Side area) 
      Cumulative area ratio:   33.89
      Required ratio:    0.00 (Cumulative side area) 

    Layer: Via3
      Partial area ratio:    0.10
      Required ratio:   20.00 (Gate area) 
      Cumulative area ratio:    0.41
      Required ratio:    0.00 (Cumulative area) 

    Layer: Metal4
      Partial area ratio:   52.56
      Required ratio:    0.00 (Gate area) 
      Cumulative area ratio:   61.00
      Required ratio:    0.00 (Cumulative area) 
      Partial area ratio:  202.90
      Required ratio:  400.00 (Side area) 
      Cumulative area ratio:  236.79
      Required ratio:    0.00 (Cumulative side area) 

    Layer: Via4
      Partial area ratio:    0.05
      Required ratio:    0.00 (Gate area) 
      Cumulative area ratio:    0.46
      Required ratio:    0.00 (Cumulative area) 

    Layer: Metal5
      Partial area ratio:   28.11
      Required ratio:    0.00 (Gate area) 
      Cumulative area ratio:   89.11
      Required ratio:    0.00 (Cumulative area) 
      Partial area ratio:  152.48
      Required ratio:  400.00 (Side area) 
      Cumulative area ratio:  389.28
      Required ratio:    0.00 (Cumulative side area) 


  Pin:   fanout381/A (gf180mcu_as_sc_mcu7t3v3__buff_2)
    Layer: Via1
      Partial area ratio:    0.10
      Required ratio:   20.00 (Gate area) 
      Cumulative area ratio:    0.10
      Required ratio:    0.00 (Cumulative area) 

    Layer: Metal2
      Partial area ratio:    2.67
      Required ratio:    0.00 (Gate area) 
      Cumulative area ratio:    2.67
      Required ratio:    0.00 (Cumulative area) 
      Partial area ratio:   10.75
      Required ratio:  400.00 (Side area) 
      Cumulative area ratio:   10.75
      Required ratio:    0.00 (Cumulative side area) 

    Layer: Via2
      Partial area ratio:    0.20
      Required ratio:   20.00 (Gate area) 
      Cumulative area ratio:    0.30
      Required ratio:    0.00 (Cumulative area) 

    Layer: Metal3
      Partial area ratio:   51.76
      Required ratio:    0.00 (Gate area) 
      Cumulative area ratio:   54.43
      Required ratio:    0.00 (Cumulative area) 
      Partial area ratio:  199.93
      Required ratio:  400.00 (Side area) 
      Cumulative area ratio:  210.68
      Required ratio:    0.00 (Cumulative side area) 

    Layer: Via3
      Partial area ratio:    0.20
      Required ratio:    0.00 (Gate area) 
      Cumulative area ratio:    0.51
      Required ratio:    0.00 (Cumulative area) 

    Layer: Metal4
      Partial area ratio:   52.56
      Required ratio:    0.00 (Gate area) 
      Cumulative area ratio:  106.99
      Required ratio:    0.00 (Cumulative area) 
      Partial area ratio:  202.90
      Required ratio:  400.00 (Side area) 
      Cumulative area ratio:  413.58
      Required ratio:    0.00 (Cumulative side area) 

    Layer: Via4
      Partial area ratio:    0.05
      Required ratio:    0.00 (Gate area) 
      Cumulative area ratio:    0.56
      Required ratio:    0.00 (Cumulative area) 

    Layer: Metal5
      Partial area ratio:   28.11
      Required ratio:    0.00 (Gate area) 
      Cumulative area ratio:  135.11
      Required ratio:    0.00 (Cumulative area) 
      Partial area ratio:  152.48
      Required ratio:  400.00 (Side area) 
      Cumulative area ratio:  566.07
      Required ratio:    0.00 (Cumulative side area) 



Net: net399
  Pin:   fanout395/A (gf180mcu_as_sc_mcu7t3v3__buff_2)
    Layer: Via1
      Partial area ratio:    0.10
      Required ratio:   20.00 (Gate area) 
      Cumulative area ratio:    0.10
      Required ratio:    0.00 (Cumulative area) 

    Layer: Metal2
      Partial area ratio:    6.46
      Required ratio:    0.00 (Gate area) 
      Cumulative area ratio:    6.46
      Required ratio:    0.00 (Cumulative area) 
      Partial area ratio:   25.16
      Required ratio:  400.00 (Side area) 
      Cumulative area ratio:   25.16
      Required ratio:    0.00 (Cumulative side area) 

    Layer: Via2
      Partial area ratio:    0.15
      Required ratio:   20.00 (Gate area) 
      Cumulative area ratio:    0.25
      Required ratio:    0.00 (Cumulative area) 

    Layer: Metal3
      Partial area ratio:   24.95
      Required ratio:    0.00 (Gate area) 
      Cumulative area ratio:   31.41
      Required ratio:    0.00 (Cumulative area) 
      Partial area ratio:   96.90
      Required ratio:  400.00 (Side area) 
      Cumulative area ratio:  122.06
      Required ratio:    0.00 (Cumulative side area) 

    Layer: Via3
      Partial area ratio:    0.05
      Required ratio:   20.00 (Gate area) 
      Cumulative area ratio:    0.30
      Required ratio:    0.00 (Cumulative area) 

    Layer: Metal4
      Partial area ratio:  181.87
      Required ratio:    0.00 (Gate area) 
      Cumulative area ratio:  213.28
      Required ratio:    0.00 (Cumulative area) 
      Partial area ratio:  701.71
      Required ratio:  400.00 (Side area) (VIOLATED)
      Cumulative area ratio:  823.77
      Required ratio:    0.00 (Cumulative side area) 

    Layer: Via4
      Partial area ratio:    0.05
      Required ratio:   20.00 (Gate area) 
      Cumulative area ratio:    0.36
      Required ratio:    0.00 (Cumulative area) 

    Layer: Metal5
      Partial area ratio:   18.01
      Required ratio:    0.00 (Gate area) 
      Cumulative area ratio:  231.29
      Required ratio:    0.00 (Cumulative area) 
      Partial area ratio:   97.63
      Required ratio:  400.00 (Side area) 
      Cumulative area ratio:  921.40
      Required ratio:    0.00 (Cumulative side area) 


  Pin:   fanout396/A (gf180mcu_as_sc_mcu7t3v3__buff_2)
    Layer: Via1
      Partial area ratio:    0.10
      Required ratio:   20.00 (Gate area) 
      Cumulative area ratio:    0.10
      Required ratio:    0.00 (Cumulative area) 

    Layer: Metal2
      Partial area ratio:    6.46
      Required ratio:    0.00 (Gate area) 
      Cumulative area ratio:    6.46
      Required ratio:    0.00 (Cumulative area) 
      Partial area ratio:   25.16
      Required ratio:  400.00 (Side area) 
      Cumulative area ratio:   25.16
      Required ratio:    0.00 (Cumulative side area) 

    Layer: Via2
      Partial area ratio:    0.15
      Required ratio:   20.00 (Gate area) 
      Cumulative area ratio:    0.25
      Required ratio:    0.00 (Cumulative area) 

    Layer: Metal3
      Partial area ratio:   24.95
      Required ratio:    0.00 (Gate area) 
      Cumulative area ratio:   31.41
      Required ratio:    0.00 (Cumulative area) 
      Partial area ratio:   96.90
      Required ratio:  400.00 (Side area) 
      Cumulative area ratio:  122.06
      Required ratio:    0.00 (Cumulative side area) 

    Layer: Via3
      Partial area ratio:    0.05
      Required ratio:   20.00 (Gate area) 
      Cumulative area ratio:    0.30
      Required ratio:    0.00 (Cumulative area) 

    Layer: Metal4
      Partial area ratio:  181.87
      Required ratio:    0.00 (Gate area) 
      Cumulative area ratio:  213.28
      Required ratio:    0.00 (Cumulative area) 
      Partial area ratio:  701.71
      Required ratio:  400.00 (Side area) (VIOLATED)
      Cumulative area ratio:  823.77
      Required ratio:    0.00 (Cumulative side area) 

    Layer: Via4
      Partial area ratio:    0.05
      Required ratio:   20.00 (Gate area) 
      Cumulative area ratio:    0.36
      Required ratio:    0.00 (Cumulative area) 

    Layer: Metal5
      Partial area ratio:   18.01
      Required ratio:    0.00 (Gate area) 
      Cumulative area ratio:  231.29
      Required ratio:    0.00 (Cumulative area) 
      Partial area ratio:   97.63
      Required ratio:  400.00 (Side area) 
      Cumulative area ratio:  921.40
      Required ratio:    0.00 (Cumulative side area) 


  Pin:   fanout397/A (gf180mcu_as_sc_mcu7t3v3__buff_2)
    Layer: Via1
      Partial area ratio:    0.10
      Required ratio:   20.00 (Gate area) 
      Cumulative area ratio:    0.10
      Required ratio:    0.00 (Cumulative area) 

    Layer: Metal2
      Partial area ratio:    1.47
      Required ratio:    0.00 (Gate area) 
      Cumulative area ratio:    1.47
      Required ratio:    0.00 (Cumulative area) 
      Partial area ratio:    6.11
      Required ratio:  400.00 (Side area) 
      Cumulative area ratio:    6.11
      Required ratio:    0.00 (Cumulative side area) 

    Layer: Via2
      Partial area ratio:    0.20
      Required ratio:   20.00 (Gate area) 
      Cumulative area ratio:    0.30
      Required ratio:    0.00 (Cumulative area) 

    Layer: Metal3
      Partial area ratio:    0.32
      Required ratio:    0.00 (Gate area) 
      Cumulative area ratio:    1.78
      Required ratio:    0.00 (Cumulative area) 
      Partial area ratio:    2.14
      Required ratio:  400.00 (Side area) 
      Cumulative area ratio:    8.25
      Required ratio:    0.00 (Cumulative side area) 

    Layer: Via3
      Partial area ratio:    0.10
      Required ratio:   20.00 (Gate area) 
      Cumulative area ratio:    0.41
      Required ratio:    0.00 (Cumulative area) 

    Layer: Metal4
      Partial area ratio:    0.16
      Required ratio:    0.00 (Gate area) 
      Cumulative area ratio:    1.94
      Required ratio:    0.00 (Cumulative area) 
      Partial area ratio:    1.07
      Required ratio:  400.00 (Side area) 
      Cumulative area ratio:    9.31
      Required ratio:    0.00 (Cumulative side area) 

    Layer: Via4
      Partial area ratio:    0.10
      Required ratio:   20.00 (Gate area) 
      Cumulative area ratio:    0.51
      Required ratio:    0.00 (Cumulative area) 

    Layer: Metal5
      Partial area ratio:   18.01
      Required ratio:    0.00 (Gate area) 
      Cumulative area ratio:   19.96
      Required ratio:    0.00 (Cumulative area) 
      Partial area ratio:   97.63
      Required ratio:  400.00 (Side area) 
      Cumulative area ratio:  106.94
      Required ratio:    0.00 (Cumulative side area) 


  Pin:   fanout398/A (gf180mcu_as_sc_mcu7t3v3__buff_2)
    Layer: Via1
      Partial area ratio:    0.10
      Required ratio:   20.00 (Gate area) 
      Cumulative area ratio:    0.10
      Required ratio:    0.00 (Cumulative area) 

    Layer: Metal2
      Partial area ratio:    0.88
      Required ratio:    0.00 (Gate area) 
      Cumulative area ratio:    0.88
      Required ratio:    0.00 (Cumulative area) 
      Partial area ratio:    3.48
      Required ratio:  400.00 (Side area) 
      Cumulative area ratio:    3.48
      Required ratio:    0.00 (Cumulative side area) 

    Layer: Via2
      Partial area ratio:    0.30
      Required ratio:    0.00 (Gate area) 
      Cumulative area ratio:    0.41
      Required ratio:    0.00 (Cumulative area) 

    Layer: Metal3
      Partial area ratio:    0.10
      Required ratio:    0.00 (Gate area) 
      Cumulative area ratio:    0.98
      Required ratio:    0.00 (Cumulative area) 
      Partial area ratio:    0.68
      Required ratio:  400.00 (Side area) 
      Cumulative area ratio:    4.16
      Required ratio:    0.00 (Cumulative side area) 

    Layer: Via3
      Partial area ratio:    0.10
      Required ratio:    0.00 (Gate area) 
      Cumulative area ratio:    0.51
      Required ratio:    0.00 (Cumulative area) 

    Layer: Metal4
      Partial area ratio:    3.04
      Required ratio:    0.00 (Gate area) 
      Cumulative area ratio:    4.02
      Required ratio:    0.00 (Cumulative area) 
      Partial area ratio:   11.81
      Required ratio:  400.00 (Side area) 
      Cumulative area ratio:   15.98
      Required ratio:    0.00 (Cumulative side area) 

    Layer: Via4
      Partial area ratio:    0.10
      Required ratio:    0.00 (Gate area) 
      Cumulative area ratio:    0.61
      Required ratio:    0.00 (Cumulative area) 

    Layer: Metal5
      Partial area ratio:   18.01
      Required ratio:    0.00 (Gate area) 
      Cumulative area ratio:   22.03
      Required ratio:    0.00 (Cumulative area) 
      Partial area ratio:   97.63
      Required ratio:  400.00 (Side area) 
      Cumulative area ratio:  113.61
      Required ratio:    0.00 (Cumulative side area) 



Net: net424
  Pin:   fanout419/A (gf180mcu_as_sc_mcu7t3v3__buff_2)
    Layer: Via1
      Partial area ratio:    0.10
      Required ratio:   20.00 (Gate area) 
      Cumulative area ratio:    0.10
      Required ratio:    0.00 (Cumulative area) 

    Layer: Metal2
      Partial area ratio:  266.22
      Required ratio:    0.00 (Gate area) 
      Cumulative area ratio:  266.22
      Required ratio:    0.00 (Cumulative area) 
      Partial area ratio: 1027.30
      Required ratio:  400.00 (Side area) (VIOLATED)
      Cumulative area ratio: 1027.30
      Required ratio:    0.00 (Cumulative side area) 

    Layer: Via2
      Partial area ratio:    0.20
      Required ratio:   20.00 (Gate area) 
      Cumulative area ratio:    0.30
      Required ratio:    0.00 (Cumulative area) 

    Layer: Metal3
      Partial area ratio:   32.08
      Required ratio:    0.00 (Gate area) 
      Cumulative area ratio:  298.30
      Required ratio:    0.00 (Cumulative area) 
      Partial area ratio:  124.66
      Required ratio:  400.00 (Side area) 
      Cumulative area ratio: 1151.96
      Required ratio:    0.00 (Cumulative side area) 

    Layer: Via3
      Partial area ratio:    0.05
      Required ratio:   20.00 (Gate area) 
      Cumulative area ratio:    0.36
      Required ratio:    0.00 (Cumulative area) 

    Layer: Metal4
      Partial area ratio:    3.61
      Required ratio:    0.00 (Gate area) 
      Cumulative area ratio:  301.92
      Required ratio:    0.00 (Cumulative area) 
      Partial area ratio:   13.99
      Required ratio:  400.00 (Side area) 
      Cumulative area ratio: 1165.95
      Required ratio:    0.00 (Cumulative side area) 


  Pin:   fanout421/A (gf180mcu_as_sc_mcu7t3v3__buff_2)
    Layer: Via1
      Partial area ratio:    0.10
      Required ratio:   20.00 (Gate area) 
      Cumulative area ratio:    0.10
      Required ratio:    0.00 (Cumulative area) 

    Layer: Metal2
      Partial area ratio:    1.73
      Required ratio:    0.00 (Gate area) 
      Cumulative area ratio:    1.73
      Required ratio:    0.00 (Cumulative area) 
      Partial area ratio:    7.12
      Required ratio:  400.00 (Side area) 
      Cumulative area ratio:    7.12
      Required ratio:    0.00 (Cumulative side area) 

    Layer: Via2
      Partial area ratio:    0.20
      Required ratio:   20.00 (Gate area) 
      Cumulative area ratio:    0.30
      Required ratio:    0.00 (Cumulative area) 

    Layer: Metal3
      Partial area ratio:   32.08
      Required ratio:    0.00 (Gate area) 
      Cumulative area ratio:   33.81
      Required ratio:    0.00 (Cumulative area) 
      Partial area ratio:  124.66
      Required ratio:  400.00 (Side area) 
      Cumulative area ratio:  131.78
      Required ratio:    0.00 (Cumulative side area) 

    Layer: Via3
      Partial area ratio:    0.05
      Required ratio:   20.00 (Gate area) 
      Cumulative area ratio:    0.36
      Required ratio:    0.00 (Cumulative area) 

    Layer: Metal4
      Partial area ratio:    3.61
      Required ratio:    0.00 (Gate area) 
      Cumulative area ratio:   37.43
      Required ratio:    0.00 (Cumulative area) 
      Partial area ratio:   13.99
      Required ratio:  400.00 (Side area) 
      Cumulative area ratio:  145.77
      Required ratio:    0.00 (Cumulative side area) 


  Pin:   fanout422/A (gf180mcu_as_sc_mcu7t3v3__buff_2)
    Layer: Via1
      Partial area ratio:    0.10
      Required ratio:   20.00 (Gate area) 
      Cumulative area ratio:    0.10
      Required ratio:    0.00 (Cumulative area) 

    Layer: Metal2
      Partial area ratio:    2.68
      Required ratio:    0.00 (Gate area) 
      Cumulative area ratio:    2.68
      Required ratio:    0.00 (Cumulative area) 
      Partial area ratio:   10.77
      Required ratio:  400.00 (Side area) 
      Cumulative area ratio:   10.77
      Required ratio:    0.00 (Cumulative side area) 

    Layer: Via2
      Partial area ratio:    0.20
      Required ratio:   20.00 (Gate area) 
      Cumulative area ratio:    0.30
      Required ratio:    0.00 (Cumulative area) 

    Layer: Metal3
      Partial area ratio:    0.23
      Required ratio:    0.00 (Gate area) 
      Cumulative area ratio:    2.90
      Required ratio:    0.00 (Cumulative area) 
      Partial area ratio:    0.95
      Required ratio:  400.00 (Side area) 
      Cumulative area ratio:   11.73
      Required ratio:    0.00 (Cumulative side area) 

    Layer: Via3
      Partial area ratio:    0.10
      Required ratio:    0.00 (Gate area) 
      Cumulative area ratio:    0.41
      Required ratio:    0.00 (Cumulative area) 

    Layer: Metal4
      Partial area ratio:    3.61
      Required ratio:    0.00 (Gate area) 
      Cumulative area ratio:    6.52
      Required ratio:    0.00 (Cumulative area) 
      Partial area ratio:   13.99
      Required ratio:  400.00 (Side area) 
      Cumulative area ratio:   25.72
      Required ratio:    0.00 (Cumulative side area) 



Net: net438
  Pin:   fanout432/A (gf180mcu_as_sc_mcu7t3v3__buff_2)
    Layer: Via1
      Partial area ratio:    0.10
      Required ratio:   20.00 (Gate area) 
      Cumulative area ratio:    0.10
      Required ratio:    0.00 (Cumulative area) 

    Layer: Metal2
      Partial area ratio:  104.55
      Required ratio:    0.00 (Gate area) 
      Cumulative area ratio:  104.55
      Required ratio:    0.00 (Cumulative area) 
      Partial area ratio:  403.72
      Required ratio:  400.00 (Side area) (VIOLATED)
      Cumulative area ratio:  403.72
      Required ratio:    0.00 (Cumulative side area) 

    Layer: Via2
      Partial area ratio:    0.20
      Required ratio:   20.00 (Gate area) 
      Cumulative area ratio:    0.30
      Required ratio:    0.00 (Cumulative area) 

    Layer: Metal3
      Partial area ratio:    3.85
      Required ratio:    0.00 (Gate area) 
      Cumulative area ratio:  108.40
      Required ratio:    0.00 (Cumulative area) 
      Partial area ratio:   15.75
      Required ratio:  400.00 (Side area) 
      Cumulative area ratio:  419.48
      Required ratio:    0.00 (Cumulative side area) 

    Layer: Via3
      Partial area ratio:    0.10
      Required ratio:   20.00 (Gate area) 
      Cumulative area ratio:    0.41
      Required ratio:    0.00 (Cumulative area) 

    Layer: Metal4
      Partial area ratio:   74.32
      Required ratio:    0.00 (Gate area) 
      Cumulative area ratio:  182.72
      Required ratio:    0.00 (Cumulative area) 
      Partial area ratio:  287.11
      Required ratio:  400.00 (Side area) 
      Cumulative area ratio:  706.59
      Required ratio:    0.00 (Cumulative side area) 

    Layer: Via4
      Partial area ratio:    0.10
      Required ratio:   20.00 (Gate area) 
      Cumulative area ratio:    0.51
      Required ratio:    0.00 (Cumulative area) 

    Layer: Metal5
      Partial area ratio:   24.58
      Required ratio:    0.00 (Gate area) 
      Cumulative area ratio:  207.30
      Required ratio:    0.00 (Cumulative area) 
      Partial area ratio:  133.13
      Required ratio:  400.00 (Side area) 
      Cumulative area ratio:  839.72
      Required ratio:    0.00 (Cumulative side area) 


  Pin:   fanout437/A (gf180mcu_as_sc_mcu7t3v3__buff_2)
    Layer: Via1
      Partial area ratio:    0.10
      Required ratio:   20.00 (Gate area) 
      Cumulative area ratio:    0.10
      Required ratio:    0.00 (Cumulative area) 

    Layer: Metal2
      Partial area ratio:    1.13
      Required ratio:    0.00 (Gate area) 
      Cumulative area ratio:    1.13
      Required ratio:    0.00 (Cumulative area) 
      Partial area ratio:    4.46
      Required ratio:  400.00 (Side area) 
      Cumulative area ratio:    4.46
      Required ratio:    0.00 (Cumulative side area) 

    Layer: Via2
      Partial area ratio:    0.30
      Required ratio:    0.00 (Gate area) 
      Cumulative area ratio:    0.41
      Required ratio:    0.00 (Cumulative area) 

    Layer: Metal3
      Partial area ratio:    0.57
      Required ratio:    0.00 (Gate area) 
      Cumulative area ratio:    1.70
      Required ratio:    0.00 (Cumulative area) 
      Partial area ratio:    2.43
      Required ratio:  400.00 (Side area) 
      Cumulative area ratio:    6.89
      Required ratio:    0.00 (Cumulative side area) 

    Layer: Via3
      Partial area ratio:    0.03
      Required ratio:    0.00 (Gate area) 
      Cumulative area ratio:    0.43
      Required ratio:    0.00 (Cumulative area) 

    Layer: Metal4
      Partial area ratio:    0.02
      Required ratio:    0.00 (Gate area) 
      Cumulative area ratio:    1.72
      Required ratio:    0.00 (Cumulative area) 
      Partial area ratio:    0.15
      Required ratio:  400.00 (Side area) 
      Cumulative area ratio:    7.04
      Required ratio:    0.00 (Cumulative side area) 

    Layer: Via4
      Partial area ratio:    0.03
      Required ratio:    0.00 (Gate area) 
      Cumulative area ratio:    0.46
      Required ratio:    0.00 (Cumulative area) 

    Layer: Metal5
      Partial area ratio:   24.58
      Required ratio:    0.00 (Gate area) 
      Cumulative area ratio:   26.30
      Required ratio:    0.00 (Cumulative area) 
      Partial area ratio:  133.13
      Required ratio:  400.00 (Side area) 
      Cumulative area ratio:  140.17
      Required ratio:    0.00 (Cumulative side area) 


  Pin:   max_cap439/A (gf180mcu_as_sc_mcu7t3v3__clkbuff_8)
    Layer: Metal1
      Partial area ratio:    0.01
      Required ratio:    0.00 (Gate area) 
      Cumulative area ratio:    0.01
      Required ratio:    0.00 (Cumulative area) 
      Partial area ratio:    0.26
      Required ratio:  400.00 (Side area) 
      Cumulative area ratio:    0.26
      Required ratio:    0.00 (Cumulative side area) 

    Layer: Via1
      Partial area ratio:    0.04
      Required ratio:   20.00 (Gate area) 
      Cumulative area ratio:    0.04
      Required ratio:    0.00 (Cumulative area) 

    Layer: Metal2
      Partial area ratio:    0.78
      Required ratio:    0.00 (Gate area) 
      Cumulative area ratio:    0.80
      Required ratio:    0.00 (Cumulative area) 
      Partial area ratio:    3.20
      Required ratio:  400.00 (Side area) 
      Cumulative area ratio:    3.46
      Required ratio:    0.00 (Cumulative side area) 

    Layer: Via2
      Partial area ratio:    0.08
      Required ratio:   20.00 (Gate area) 
      Cumulative area ratio:    0.11
      Required ratio:    0.00 (Cumulative area) 

    Layer: Metal3
      Partial area ratio:    0.57
      Required ratio:    0.00 (Gate area) 
      Cumulative area ratio:    1.36
      Required ratio:    0.00 (Cumulative area) 
      Partial area ratio:    2.43
      Required ratio:  400.00 (Side area) 
      Cumulative area ratio:    5.89
      Required ratio:    0.00 (Cumulative side area) 

    Layer: Via3
      Partial area ratio:    0.03
      Required ratio:    0.00 (Gate area) 
      Cumulative area ratio:    0.14
      Required ratio:    0.00 (Cumulative area) 

    Layer: Metal4
      Partial area ratio:    0.02
      Required ratio:    0.00 (Gate area) 
      Cumulative area ratio:    1.38
      Required ratio:    0.00 (Cumulative area) 
      Partial area ratio:    0.15
      Required ratio:  400.00 (Side area) 
      Cumulative area ratio:    6.04
      Required ratio:    0.00 (Cumulative side area) 

    Layer: Via4
      Partial area ratio:    0.03
      Required ratio:    0.00 (Gate area) 
      Cumulative area ratio:    0.17
      Required ratio:    0.00 (Cumulative area) 

    Layer: Metal5
      Partial area ratio:   24.58
      Required ratio:    0.00 (Gate area) 
      Cumulative area ratio:   25.96
      Required ratio:    0.00 (Cumulative area) 
      Partial area ratio:  133.13
      Required ratio:  400.00 (Side area) 
      Cumulative area ratio:  139.17
      Required ratio:    0.00 (Cumulative side area) 



Net: net439
  Pin:   _12813_/A (gf180mcu_as_sc_mcu7t3v3__nand3_2)
    Layer: Via1
      Partial area ratio:    0.05
      Required ratio:   20.00 (Gate area) 
      Cumulative area ratio:    0.05
      Required ratio:    0.00 (Cumulative area) 

    Layer: Metal2
      Partial area ratio:    1.02
      Required ratio:    0.00 (Gate area) 
      Cumulative area ratio:    1.02
      Required ratio:    0.00 (Cumulative area) 
      Partial area ratio:    4.15
      Required ratio:  400.00 (Side area) 
      Cumulative area ratio:    4.15
      Required ratio:    0.00 (Cumulative side area) 

    Layer: Via2
      Partial area ratio:    0.10
      Required ratio:   20.00 (Gate area) 
      Cumulative area ratio:    0.15
      Required ratio:    0.00 (Cumulative area) 

    Layer: Metal3
      Partial area ratio:    0.16
      Required ratio:    0.00 (Gate area) 
      Cumulative area ratio:    1.18
      Required ratio:    0.00 (Cumulative area) 
      Partial area ratio:    1.07
      Required ratio:  400.00 (Side area) 
      Cumulative area ratio:    5.22
      Required ratio:    0.00 (Cumulative side area) 

    Layer: Via3
      Partial area ratio:    0.05
      Required ratio:   20.00 (Gate area) 
      Cumulative area ratio:    0.20
      Required ratio:    0.00 (Cumulative area) 

    Layer: Metal4
      Partial area ratio:    7.16
      Required ratio:    0.00 (Gate area) 
      Cumulative area ratio:    8.34
      Required ratio:    0.00 (Cumulative area) 
      Partial area ratio:   27.84
      Required ratio:  400.00 (Side area) 
      Cumulative area ratio:   33.06
      Required ratio:    0.00 (Cumulative side area) 

    Layer: Via4
      Partial area ratio:    0.05
      Required ratio:   20.00 (Gate area) 
      Cumulative area ratio:    0.25
      Required ratio:    0.00 (Cumulative area) 

    Layer: Metal5
      Partial area ratio:    8.78
      Required ratio:    0.00 (Gate area) 
      Cumulative area ratio:   17.12
      Required ratio:    0.00 (Cumulative area) 
      Partial area ratio:   47.68
      Required ratio:  400.00 (Side area) 
      Cumulative area ratio:   80.73
      Required ratio:    0.00 (Cumulative side area) 


  Pin:   fanout434/A (gf180mcu_as_sc_mcu7t3v3__buff_2)
    Layer: Via1
      Partial area ratio:    0.10
      Required ratio:   20.00 (Gate area) 
      Cumulative area ratio:    0.10
      Required ratio:    0.00 (Cumulative area) 

    Layer: Metal2
      Partial area ratio:    1.46
      Required ratio:    0.00 (Gate area) 
      Cumulative area ratio:    1.46
      Required ratio:    0.00 (Cumulative area) 
      Partial area ratio:    6.05
      Required ratio:  400.00 (Side area) 
      Cumulative area ratio:    6.05
      Required ratio:    0.00 (Cumulative side area) 

    Layer: Via2
      Partial area ratio:    0.11
      Required ratio:   20.00 (Gate area) 
      Cumulative area ratio:    0.22
      Required ratio:    0.00 (Cumulative area) 

    Layer: Metal3
      Partial area ratio:    0.18
      Required ratio:    0.00 (Gate area) 
      Cumulative area ratio:    1.63
      Required ratio:    0.00 (Cumulative area) 
      Partial area ratio:    1.12
      Required ratio:  400.00 (Side area) 
      Cumulative area ratio:    7.17
      Required ratio:    0.00 (Cumulative side area) 

    Layer: Via3
      Partial area ratio:    0.10
      Required ratio:   20.00 (Gate area) 
      Cumulative area ratio:    0.32
      Required ratio:    0.00 (Cumulative area) 

    Layer: Metal4
      Partial area ratio:  300.20
      Required ratio:    0.00 (Gate area) 
      Cumulative area ratio:  301.84
      Required ratio:    0.00 (Cumulative area) 
      Partial area ratio: 1158.37
      Required ratio:  400.00 (Side area) (VIOLATED)
      Cumulative area ratio: 1165.55
      Required ratio:    0.00 (Cumulative side area) 

    Layer: Via4
      Partial area ratio:    0.10
      Required ratio:   20.00 (Gate area) 
      Cumulative area ratio:    0.42
      Required ratio:    0.00 (Cumulative area) 

    Layer: Metal5
      Partial area ratio:    8.78
      Required ratio:    0.00 (Gate area) 
      Cumulative area ratio:  310.62
      Required ratio:    0.00 (Cumulative area) 
      Partial area ratio:   47.68
      Required ratio:  400.00 (Side area) 
      Cumulative area ratio: 1213.22
      Required ratio:    0.00 (Cumulative side area) 



Net: net457
  Pin:   _12352_/B (gf180mcu_as_sc_mcu7t3v3__or2_2)
    Layer: Via1
      Partial area ratio:    0.10
      Required ratio:   20.00 (Gate area) 
      Cumulative area ratio:    0.10
      Required ratio:    0.00 (Cumulative area) 

    Layer: Metal2
      Partial area ratio:  106.96
      Required ratio:    0.00 (Gate area) 
      Cumulative area ratio:  106.96
      Required ratio:    0.00 (Cumulative area) 
      Partial area ratio:  413.03
      Required ratio:  400.00 (Side area) (VIOLATED)
      Cumulative area ratio:  413.03
      Required ratio:    0.00 (Cumulative side area) 

    Layer: Via2
      Partial area ratio:    0.20
      Required ratio:   20.00 (Gate area) 
      Cumulative area ratio:    0.30
      Required ratio:    0.00 (Cumulative area) 

    Layer: Metal3
      Partial area ratio:   15.06
      Required ratio:    0.00 (Gate area) 
      Cumulative area ratio:  122.02
      Required ratio:    0.00 (Cumulative area) 
      Partial area ratio:   58.42
      Required ratio:  400.00 (Side area) 
      Cumulative area ratio:  471.45
      Required ratio:    0.00 (Cumulative side area) 


  Pin:   _19524_/A (gf180mcu_as_sc_mcu7t3v3__and2_2)
    Layer: Via1
      Partial area ratio:    0.10
      Required ratio:   20.00 (Gate area) 
      Cumulative area ratio:    0.10
      Required ratio:    0.00 (Cumulative area) 

    Layer: Metal2
      Partial area ratio:    2.08
      Required ratio:    0.00 (Gate area) 
      Cumulative area ratio:    2.08
      Required ratio:    0.00 (Cumulative area) 
      Partial area ratio:    8.19
      Required ratio:  400.00 (Side area) 
      Cumulative area ratio:    8.19
      Required ratio:    0.00 (Cumulative side area) 

    Layer: Via2
      Partial area ratio:    0.10
      Required ratio:   20.00 (Gate area) 
      Cumulative area ratio:    0.20
      Required ratio:    0.00 (Cumulative area) 

    Layer: Metal3
      Partial area ratio:   15.06
      Required ratio:    0.00 (Gate area) 
      Cumulative area ratio:   17.15
      Required ratio:    0.00 (Cumulative area) 
      Partial area ratio:   58.42
      Required ratio:  400.00 (Side area) 
      Cumulative area ratio:   66.62
      Required ratio:    0.00 (Cumulative side area) 


  Pin:   _19525_/A (gf180mcu_as_sc_mcu7t3v3__nand2_2)
    Layer: Via1
      Partial area ratio:    0.05
      Required ratio:   20.00 (Gate area) 
      Cumulative area ratio:    0.05
      Required ratio:    0.00 (Cumulative area) 

    Layer: Metal2
      Partial area ratio:    2.08
      Required ratio:    0.00 (Gate area) 
      Cumulative area ratio:    2.08
      Required ratio:    0.00 (Cumulative area) 
      Partial area ratio:    8.19
      Required ratio:  400.00 (Side area) 
      Cumulative area ratio:    8.19
      Required ratio:    0.00 (Cumulative side area) 

    Layer: Via2
      Partial area ratio:    0.10
      Required ratio:   20.00 (Gate area) 
      Cumulative area ratio:    0.15
      Required ratio:    0.00 (Cumulative area) 

    Layer: Metal3
      Partial area ratio:   15.06
      Required ratio:    0.00 (Gate area) 
      Cumulative area ratio:   17.15
      Required ratio:    0.00 (Cumulative area) 
      Partial area ratio:   58.42
      Required ratio:  400.00 (Side area) 
      Cumulative area ratio:   66.62
      Required ratio:    0.00 (Cumulative side area) 


  Pin:   _19551_/A (gf180mcu_as_sc_mcu7t3v3__nand2_2)
    Layer: Via1
      Partial area ratio:    0.05
      Required ratio:   20.00 (Gate area) 
      Cumulative area ratio:    0.05
      Required ratio:    0.00 (Cumulative area) 

    Layer: Metal2
      Partial area ratio:    0.73
      Required ratio:    0.00 (Gate area) 
      Cumulative area ratio:    0.73
      Required ratio:    0.00 (Cumulative area) 
      Partial area ratio:    2.88
      Required ratio:  400.00 (Side area) 
      Cumulative area ratio:    2.88
      Required ratio:    0.00 (Cumulative side area) 

    Layer: Via2
      Partial area ratio:    0.15
      Required ratio:    0.00 (Gate area) 
      Cumulative area ratio:    0.20
      Required ratio:    0.00 (Cumulative area) 

    Layer: Metal3
      Partial area ratio:   15.06
      Required ratio:    0.00 (Gate area) 
      Cumulative area ratio:   15.79
      Required ratio:    0.00 (Cumulative area) 
      Partial area ratio:   58.42
      Required ratio:  400.00 (Side area) 
      Cumulative area ratio:   61.30
      Required ratio:    0.00 (Cumulative side area) 


  Pin:   _19631_/A (gf180mcu_as_sc_mcu7t3v3__aoi22_2)
    Layer: Via1
      Partial area ratio:    0.05
      Required ratio:   20.00 (Gate area) 
      Cumulative area ratio:    0.05
      Required ratio:    0.00 (Cumulative area) 

    Layer: Metal2
      Partial area ratio:    2.03
      Required ratio:    0.00 (Gate area) 
      Cumulative area ratio:    2.03
      Required ratio:    0.00 (Cumulative area) 
      Partial area ratio:    7.98
      Required ratio:  400.00 (Side area) 
      Cumulative area ratio:    7.98
      Required ratio:    0.00 (Cumulative side area) 

    Layer: Via2
      Partial area ratio:    0.07
      Required ratio:   20.00 (Gate area) 
      Cumulative area ratio:    0.12
      Required ratio:    0.00 (Cumulative area) 

    Layer: Metal3
      Partial area ratio:   15.06
      Required ratio:    0.00 (Gate area) 
      Cumulative area ratio:   17.09
      Required ratio:    0.00 (Cumulative area) 
      Partial area ratio:   58.42
      Required ratio:  400.00 (Side area) 
      Cumulative area ratio:   66.41
      Required ratio:    0.00 (Cumulative side area) 


  Pin:   _19632_/A (gf180mcu_as_sc_mcu7t3v3__and2_2)
    Layer: Via1
      Partial area ratio:    0.10
      Required ratio:   20.00 (Gate area) 
      Cumulative area ratio:    0.10
      Required ratio:    0.00 (Cumulative area) 

    Layer: Metal2
      Partial area ratio:    2.03
      Required ratio:    0.00 (Gate area) 
      Cumulative area ratio:    2.03
      Required ratio:    0.00 (Cumulative area) 
      Partial area ratio:    7.98
      Required ratio:  400.00 (Side area) 
      Cumulative area ratio:    7.98
      Required ratio:    0.00 (Cumulative side area) 

    Layer: Via2
      Partial area ratio:    0.07
      Required ratio:   20.00 (Gate area) 
      Cumulative area ratio:    0.17
      Required ratio:    0.00 (Cumulative area) 

    Layer: Metal3
      Partial area ratio:   15.06
      Required ratio:    0.00 (Gate area) 
      Cumulative area ratio:   17.09
      Required ratio:    0.00 (Cumulative area) 
      Partial area ratio:   58.42
      Required ratio:  400.00 (Side area) 
      Cumulative area ratio:   66.41
      Required ratio:    0.00 (Cumulative side area) 


  Pin:   _19633_/A (gf180mcu_as_sc_mcu7t3v3__nand2_2)
    Layer: Via1
      Partial area ratio:    0.05
      Required ratio:   20.00 (Gate area) 
      Cumulative area ratio:    0.05
      Required ratio:    0.00 (Cumulative area) 

    Layer: Metal2
      Partial area ratio:    3.55
      Required ratio:    0.00 (Gate area) 
      Cumulative area ratio:    3.55
      Required ratio:    0.00 (Cumulative area) 
      Partial area ratio:   13.94
      Required ratio:  400.00 (Side area) 
      Cumulative area ratio:   13.94
      Required ratio:    0.00 (Cumulative side area) 

    Layer: Via2
      Partial area ratio:    0.15
      Required ratio:   20.00 (Gate area) 
      Cumulative area ratio:    0.20
      Required ratio:    0.00 (Cumulative area) 

    Layer: Metal3
      Partial area ratio:   15.06
      Required ratio:    0.00 (Gate area) 
      Cumulative area ratio:   18.61
      Required ratio:    0.00 (Cumulative area) 
      Partial area ratio:   58.42
      Required ratio:  400.00 (Side area) 
      Cumulative area ratio:   72.36
      Required ratio:    0.00 (Cumulative side area) 


  Pin:   _19698_/A (gf180mcu_as_sc_mcu7t3v3__aoi22_2)
    Layer: Via1
      Partial area ratio:    0.05
      Required ratio:   20.00 (Gate area) 
      Cumulative area ratio:    0.05
      Required ratio:    0.00 (Cumulative area) 

    Layer: Metal2
      Partial area ratio:    1.18
      Required ratio:    0.00 (Gate area) 
      Cumulative area ratio:    1.18
      Required ratio:    0.00 (Cumulative area) 
      Partial area ratio:    4.79
      Required ratio:  400.00 (Side area) 
      Cumulative area ratio:    4.79
      Required ratio:    0.00 (Cumulative side area) 

    Layer: Via2
      Partial area ratio:    0.10
      Required ratio:   20.00 (Gate area) 
      Cumulative area ratio:    0.15
      Required ratio:    0.00 (Cumulative area) 

    Layer: Metal3
      Partial area ratio:   15.06
      Required ratio:    0.00 (Gate area) 
      Cumulative area ratio:   16.24
      Required ratio:    0.00 (Cumulative area) 
      Partial area ratio:   58.42
      Required ratio:  400.00 (Side area) 
      Cumulative area ratio:   63.21
      Required ratio:    0.00 (Cumulative side area) 


  Pin:   fanout456/A (gf180mcu_as_sc_mcu7t3v3__buff_2)
    Layer: Via1
      Partial area ratio:    0.10
      Required ratio:   20.00 (Gate area) 
      Cumulative area ratio:    0.10
      Required ratio:    0.00 (Cumulative area) 

    Layer: Metal2
      Partial area ratio:    3.15
      Required ratio:    0.00 (Gate area) 
      Cumulative area ratio:    3.15
      Required ratio:    0.00 (Cumulative area) 
      Partial area ratio:   12.59
      Required ratio:  400.00 (Side area) 
      Cumulative area ratio:   12.59
      Required ratio:    0.00 (Cumulative side area) 

    Layer: Via2
      Partial area ratio:    0.20
      Required ratio:   20.00 (Gate area) 
      Cumulative area ratio:    0.30
      Required ratio:    0.00 (Cumulative area) 

    Layer: Metal3
      Partial area ratio:   15.06
      Required ratio:    0.00 (Gate area) 
      Cumulative area ratio:   18.21
      Required ratio:    0.00 (Cumulative area) 
      Partial area ratio:   58.42
      Required ratio:  400.00 (Side area) 
      Cumulative area ratio:   71.01
      Required ratio:    0.00 (Cumulative side area) 



Net: net460
  Pin:   _19699_/A (gf180mcu_as_sc_mcu7t3v3__and2_2)
    Layer: Via1
      Partial area ratio:    0.10
      Required ratio:   20.00 (Gate area) 
      Cumulative area ratio:    0.10
      Required ratio:    0.00 (Cumulative area) 

    Layer: Metal2
      Partial area ratio:    5.90
      Required ratio:    0.00 (Gate area) 
      Cumulative area ratio:    5.90
      Required ratio:    0.00 (Cumulative area) 
      Partial area ratio:   23.21
      Required ratio:  400.00 (Side area) 
      Cumulative area ratio:   23.21
      Required ratio:    0.00 (Cumulative side area) 

    Layer: Via2
      Partial area ratio:    0.20
      Required ratio:   20.00 (Gate area) 
      Cumulative area ratio:    0.30
      Required ratio:    0.00 (Cumulative area) 

    Layer: Metal3
      Partial area ratio:   20.16
      Required ratio:    0.00 (Gate area) 
      Cumulative area ratio:   26.06
      Required ratio:    0.00 (Cumulative area) 
      Partial area ratio:   78.21
      Required ratio:  400.00 (Side area) 
      Cumulative area ratio:  101.42
      Required ratio:    0.00 (Cumulative side area) 

    Layer: Via3
      Partial area ratio:    0.07
      Required ratio:   20.00 (Gate area) 
      Cumulative area ratio:    0.37
      Required ratio:    0.00 (Cumulative area) 

    Layer: Metal4
      Partial area ratio:  124.84
      Required ratio:    0.00 (Gate area) 
      Cumulative area ratio:  150.90
      Required ratio:    0.00 (Cumulative area) 
      Partial area ratio:  481.83
      Required ratio:  400.00 (Side area) (VIOLATED)
      Cumulative area ratio:  583.25
      Required ratio:    0.00 (Cumulative side area) 

    Layer: Via4
      Partial area ratio:    0.07
      Required ratio:   20.00 (Gate area) 
      Cumulative area ratio:    0.44
      Required ratio:    0.00 (Cumulative area) 

    Layer: Metal5
      Partial area ratio:   54.30
      Required ratio:    0.00 (Gate area) 
      Cumulative area ratio:  205.20
      Required ratio:    0.00 (Cumulative area) 
      Partial area ratio:  294.03
      Required ratio:  400.00 (Side area) 
      Cumulative area ratio:  877.28
      Required ratio:    0.00 (Cumulative side area) 


  Pin:   _19737_/B (gf180mcu_as_sc_mcu7t3v3__nand3_2)
    Layer: Via1
      Partial area ratio:    0.05
      Required ratio:   20.00 (Gate area) 
      Cumulative area ratio:    0.05
      Required ratio:    0.00 (Cumulative area) 

    Layer: Metal2
      Partial area ratio:    1.30
      Required ratio:    0.00 (Gate area) 
      Cumulative area ratio:    1.30
      Required ratio:    0.00 (Cumulative area) 
      Partial area ratio:    5.23
      Required ratio:  400.00 (Side area) 
      Cumulative area ratio:    5.23
      Required ratio:    0.00 (Cumulative side area) 

    Layer: Via2
      Partial area ratio:    0.10
      Required ratio:   20.00 (Gate area) 
      Cumulative area ratio:    0.15
      Required ratio:    0.00 (Cumulative area) 

    Layer: Metal3
      Partial area ratio:   20.16
      Required ratio:    0.00 (Gate area) 
      Cumulative area ratio:   21.46
      Required ratio:    0.00 (Cumulative area) 
      Partial area ratio:   78.21
      Required ratio:  400.00 (Side area) 
      Cumulative area ratio:   83.45
      Required ratio:    0.00 (Cumulative side area) 

    Layer: Via3
      Partial area ratio:    0.07
      Required ratio:   20.00 (Gate area) 
      Cumulative area ratio:    0.22
      Required ratio:    0.00 (Cumulative area) 

    Layer: Metal4
      Partial area ratio:  124.84
      Required ratio:    0.00 (Gate area) 
      Cumulative area ratio:  146.30
      Required ratio:    0.00 (Cumulative area) 
      Partial area ratio:  481.83
      Required ratio:  400.00 (Side area) (VIOLATED)
      Cumulative area ratio:  565.28
      Required ratio:    0.00 (Cumulative side area) 

    Layer: Via4
      Partial area ratio:    0.07
      Required ratio:   20.00 (Gate area) 
      Cumulative area ratio:    0.29
      Required ratio:    0.00 (Cumulative area) 

    Layer: Metal5
      Partial area ratio:   54.30
      Required ratio:    0.00 (Gate area) 
      Cumulative area ratio:  200.60
      Required ratio:    0.00 (Cumulative area) 
      Partial area ratio:  294.03
      Required ratio:  400.00 (Side area) 
      Cumulative area ratio:  859.31
      Required ratio:    0.00 (Cumulative side area) 


  Pin:   fanout457/A (gf180mcu_as_sc_mcu7t3v3__buff_2)
    Layer: Via1
      Partial area ratio:    0.10
      Required ratio:   20.00 (Gate area) 
      Cumulative area ratio:    0.10
      Required ratio:    0.00 (Cumulative area) 

    Layer: Metal2
      Partial area ratio:    2.00
      Required ratio:    0.00 (Gate area) 
      Cumulative area ratio:    2.00
      Required ratio:    0.00 (Cumulative area) 
      Partial area ratio:    8.16
      Required ratio:  400.00 (Side area) 
      Cumulative area ratio:    8.16
      Required ratio:    0.00 (Cumulative side area) 

    Layer: Via2
      Partial area ratio:    0.20
      Required ratio:   20.00 (Gate area) 
      Cumulative area ratio:    0.30
      Required ratio:    0.00 (Cumulative area) 

    Layer: Metal3
      Partial area ratio:    0.32
      Required ratio:    0.00 (Gate area) 
      Cumulative area ratio:    2.32
      Required ratio:    0.00 (Cumulative area) 
      Partial area ratio:    2.14
      Required ratio:  400.00 (Side area) 
      Cumulative area ratio:   10.30
      Required ratio:    0.00 (Cumulative side area) 

    Layer: Via3
      Partial area ratio:    0.10
      Required ratio:   20.00 (Gate area) 
      Cumulative area ratio:    0.41
      Required ratio:    0.00 (Cumulative area) 

    Layer: Metal4
      Partial area ratio:    0.16
      Required ratio:    0.00 (Gate area) 
      Cumulative area ratio:    2.48
      Required ratio:    0.00 (Cumulative area) 
      Partial area ratio:    1.07
      Required ratio:  400.00 (Side area) 
      Cumulative area ratio:   11.36
      Required ratio:    0.00 (Cumulative side area) 

    Layer: Via4
      Partial area ratio:    0.10
      Required ratio:   20.00 (Gate area) 
      Cumulative area ratio:    0.51
      Required ratio:    0.00 (Cumulative area) 

    Layer: Metal5
      Partial area ratio:   54.30
      Required ratio:    0.00 (Gate area) 
      Cumulative area ratio:   56.77
      Required ratio:    0.00 (Cumulative area) 
      Partial area ratio:  294.03
      Required ratio:  400.00 (Side area) 
      Cumulative area ratio:  305.39
      Required ratio:    0.00 (Cumulative side area) 


  Pin:   fanout458/A (gf180mcu_as_sc_mcu7t3v3__buff_2)
    Layer: Via1
      Partial area ratio:    0.10
      Required ratio:   20.00 (Gate area) 
      Cumulative area ratio:    0.10
      Required ratio:    0.00 (Cumulative area) 

    Layer: Metal2
      Partial area ratio:    3.58
      Required ratio:    0.00 (Gate area) 
      Cumulative area ratio:    3.58
      Required ratio:    0.00 (Cumulative area) 
      Partial area ratio:   14.27
      Required ratio:  400.00 (Side area) 
      Cumulative area ratio:   14.27
      Required ratio:    0.00 (Cumulative side area) 

    Layer: Via2
      Partial area ratio:    0.20
      Required ratio:   20.00 (Gate area) 
      Cumulative area ratio:    0.30
      Required ratio:    0.00 (Cumulative area) 

    Layer: Metal3
      Partial area ratio:    0.32
      Required ratio:    0.00 (Gate area) 
      Cumulative area ratio:    3.90
      Required ratio:    0.00 (Cumulative area) 
      Partial area ratio:    2.14
      Required ratio:  400.00 (Side area) 
      Cumulative area ratio:   16.41
      Required ratio:    0.00 (Cumulative side area) 

    Layer: Via3
      Partial area ratio:    0.10
      Required ratio:   20.00 (Gate area) 
      Cumulative area ratio:    0.41
      Required ratio:    0.00 (Cumulative area) 

    Layer: Metal4
      Partial area ratio:    0.16
      Required ratio:    0.00 (Gate area) 
      Cumulative area ratio:    4.06
      Required ratio:    0.00 (Cumulative area) 
      Partial area ratio:    1.07
      Required ratio:  400.00 (Side area) 
      Cumulative area ratio:   17.48
      Required ratio:    0.00 (Cumulative side area) 

    Layer: Via4
      Partial area ratio:    0.10
      Required ratio:   20.00 (Gate area) 
      Cumulative area ratio:    0.51
      Required ratio:    0.00 (Cumulative area) 

    Layer: Metal5
      Partial area ratio:   54.30
      Required ratio:    0.00 (Gate area) 
      Cumulative area ratio:   58.36
      Required ratio:    0.00 (Cumulative area) 
      Partial area ratio:  294.03
      Required ratio:  400.00 (Side area) 
      Cumulative area ratio:  311.51
      Required ratio:    0.00 (Cumulative side area) 


  Pin:   fanout459/A (gf180mcu_as_sc_mcu7t3v3__buff_2)
    Layer: Via1
      Partial area ratio:    0.10
      Required ratio:   20.00 (Gate area) 
      Cumulative area ratio:    0.10
      Required ratio:    0.00 (Cumulative area) 

    Layer: Metal2
      Partial area ratio:    2.91
      Required ratio:    0.00 (Gate area) 
      Cumulative area ratio:    2.91
      Required ratio:    0.00 (Cumulative area) 
      Partial area ratio:   11.68
      Required ratio:  400.00 (Side area) 
      Cumulative area ratio:   11.68
      Required ratio:    0.00 (Cumulative side area) 

    Layer: Via2
      Partial area ratio:    0.20
      Required ratio:   20.00 (Gate area) 
      Cumulative area ratio:    0.30
      Required ratio:    0.00 (Cumulative area) 

    Layer: Metal3
      Partial area ratio:    0.32
      Required ratio:    0.00 (Gate area) 
      Cumulative area ratio:    3.23
      Required ratio:    0.00 (Cumulative area) 
      Partial area ratio:    2.14
      Required ratio:  400.00 (Side area) 
      Cumulative area ratio:   13.82
      Required ratio:    0.00 (Cumulative side area) 

    Layer: Via3
      Partial area ratio:    0.10
      Required ratio:   20.00 (Gate area) 
      Cumulative area ratio:    0.41
      Required ratio:    0.00 (Cumulative area) 

    Layer: Metal4
      Partial area ratio:   17.85
      Required ratio:    0.00 (Gate area) 
      Cumulative area ratio:   21.08
      Required ratio:    0.00 (Cumulative area) 
      Partial area ratio:   69.30
      Required ratio:  400.00 (Side area) 
      Cumulative area ratio:   83.12
      Required ratio:    0.00 (Cumulative side area) 

    Layer: Via4
      Partial area ratio:    0.10
      Required ratio:   20.00 (Gate area) 
      Cumulative area ratio:    0.51
      Required ratio:    0.00 (Cumulative area) 

    Layer: Metal5
      Partial area ratio:   54.30
      Required ratio:    0.00 (Gate area) 
      Cumulative area ratio:   75.38
      Required ratio:    0.00 (Cumulative area) 
      Partial area ratio:  294.03
      Required ratio:  400.00 (Side area) 
      Cumulative area ratio:  377.15
      Required ratio:    0.00 (Cumulative side area) 



Net: net491
  Pin:   fanout486/A (gf180mcu_as_sc_mcu7t3v3__buff_2)
    Layer: Via1
      Partial area ratio:    0.10
      Required ratio:   20.00 (Gate area) 
      Cumulative area ratio:    0.10
      Required ratio:    0.00 (Cumulative area) 

    Layer: Metal2
      Partial area ratio:    6.41
      Required ratio:    0.00 (Gate area) 
      Cumulative area ratio:    6.41
      Required ratio:    0.00 (Cumulative area) 
      Partial area ratio:   25.16
      Required ratio:  400.00 (Side area) 
      Cumulative area ratio:   25.16
      Required ratio:    0.00 (Cumulative side area) 

    Layer: Via2
      Partial area ratio:    0.20
      Required ratio:   20.00 (Gate area) 
      Cumulative area ratio:    0.30
      Required ratio:    0.00 (Cumulative area) 

    Layer: Metal3
      Partial area ratio:   49.89
      Required ratio:    0.00 (Gate area) 
      Cumulative area ratio:   56.30
      Required ratio:    0.00 (Cumulative area) 
      Partial area ratio:  193.80
      Required ratio:  400.00 (Side area) 
      Cumulative area ratio:  218.96
      Required ratio:    0.00 (Cumulative side area) 

    Layer: Via3
      Partial area ratio:    0.20
      Required ratio:   20.00 (Gate area) 
      Cumulative area ratio:    0.51
      Required ratio:    0.00 (Cumulative area) 

    Layer: Metal4
      Partial area ratio:  146.65
      Required ratio:    0.00 (Gate area) 
      Cumulative area ratio:  202.95
      Required ratio:    0.00 (Cumulative area) 
      Partial area ratio:  566.11
      Required ratio:  400.00 (Side area) (VIOLATED)
      Cumulative area ratio:  785.07
      Required ratio:    0.00 (Cumulative side area) 

    Layer: Via4
      Partial area ratio:    0.05
      Required ratio:   20.00 (Gate area) 
      Cumulative area ratio:    0.56
      Required ratio:    0.00 (Cumulative area) 

    Layer: Metal5
      Partial area ratio:   14.42
      Required ratio:    0.00 (Gate area) 
      Cumulative area ratio:  217.37
      Required ratio:    0.00 (Cumulative area) 
      Partial area ratio:   78.07
      Required ratio:  400.00 (Side area) 
      Cumulative area ratio:  863.14
      Required ratio:    0.00 (Cumulative side area) 


  Pin:   fanout487/A (gf180mcu_as_sc_mcu7t3v3__buff_2)
    Layer: Via1
      Partial area ratio:    0.10
      Required ratio:   20.00 (Gate area) 
      Cumulative area ratio:    0.10
      Required ratio:    0.00 (Cumulative area) 

    Layer: Metal2
      Partial area ratio:    0.79
      Required ratio:    0.00 (Gate area) 
      Cumulative area ratio:    0.79
      Required ratio:    0.00 (Cumulative area) 
      Partial area ratio:    3.49
      Required ratio:  400.00 (Side area) 
      Cumulative area ratio:    3.49
      Required ratio:    0.00 (Cumulative side area) 

    Layer: Via2
      Partial area ratio:    0.20
      Required ratio:   20.00 (Gate area) 
      Cumulative area ratio:    0.30
      Required ratio:    0.00 (Cumulative area) 

    Layer: Metal3
      Partial area ratio:    0.23
      Required ratio:    0.00 (Gate area) 
      Cumulative area ratio:    1.01
      Required ratio:    0.00 (Cumulative area) 
      Partial area ratio:    0.95
      Required ratio:  400.00 (Side area) 
      Cumulative area ratio:    4.44
      Required ratio:    0.00 (Cumulative side area) 

    Layer: Via3
      Partial area ratio:    0.10
      Required ratio:    0.00 (Gate area) 
      Cumulative area ratio:    0.41
      Required ratio:    0.00 (Cumulative area) 

    Layer: Metal4
      Partial area ratio:    0.01
      Required ratio:    0.00 (Gate area) 
      Cumulative area ratio:    1.02
      Required ratio:    0.00 (Cumulative area) 
      Partial area ratio:    0.06
      Required ratio:  400.00 (Side area) 
      Cumulative area ratio:    4.50
      Required ratio:    0.00 (Cumulative side area) 

    Layer: Via4
      Partial area ratio:    0.10
      Required ratio:    0.00 (Gate area) 
      Cumulative area ratio:    0.51
      Required ratio:    0.00 (Cumulative area) 

    Layer: Metal5
      Partial area ratio:   14.42
      Required ratio:    0.00 (Gate area) 
      Cumulative area ratio:   15.44
      Required ratio:    0.00 (Cumulative area) 
      Partial area ratio:   78.07
      Required ratio:  400.00 (Side area) 
      Cumulative area ratio:   82.57
      Required ratio:    0.00 (Cumulative side area) 


  Pin:   fanout489/A (gf180mcu_as_sc_mcu7t3v3__buff_2)
    Layer: Via1
      Partial area ratio:    0.10
      Required ratio:   20.00 (Gate area) 
      Cumulative area ratio:    0.10
      Required ratio:    0.00 (Cumulative area) 

    Layer: Metal2
      Partial area ratio:    2.43
      Required ratio:    0.00 (Gate area) 
      Cumulative area ratio:    2.43
      Required ratio:    0.00 (Cumulative area) 
      Partial area ratio:    9.84
      Required ratio:  400.00 (Side area) 
      Cumulative area ratio:    9.84
      Required ratio:    0.00 (Cumulative side area) 

    Layer: Via2
      Partial area ratio:    0.20
      Required ratio:   20.00 (Gate area) 
      Cumulative area ratio:    0.30
      Required ratio:    0.00 (Cumulative area) 

    Layer: Metal3
      Partial area ratio:    0.32
      Required ratio:    0.00 (Gate area) 
      Cumulative area ratio:    2.75
      Required ratio:    0.00 (Cumulative area) 
      Partial area ratio:    2.14
      Required ratio:  400.00 (Side area) 
      Cumulative area ratio:   11.98
      Required ratio:    0.00 (Cumulative side area) 

    Layer: Via3
      Partial area ratio:    0.10
      Required ratio:   20.00 (Gate area) 
      Cumulative area ratio:    0.41
      Required ratio:    0.00 (Cumulative area) 

    Layer: Metal4
      Partial area ratio:  146.65
      Required ratio:    0.00 (Gate area) 
      Cumulative area ratio:  149.40
      Required ratio:    0.00 (Cumulative area) 
      Partial area ratio:  566.11
      Required ratio:  400.00 (Side area) (VIOLATED)
      Cumulative area ratio:  578.09
      Required ratio:    0.00 (Cumulative side area) 

    Layer: Via4
      Partial area ratio:    0.05
      Required ratio:   20.00 (Gate area) 
      Cumulative area ratio:    0.46
      Required ratio:    0.00 (Cumulative area) 

    Layer: Metal5
      Partial area ratio:   14.42
      Required ratio:    0.00 (Gate area) 
      Cumulative area ratio:  163.82
      Required ratio:    0.00 (Cumulative area) 
      Partial area ratio:   78.07
      Required ratio:  400.00 (Side area) 
      Cumulative area ratio:  656.16
      Required ratio:    0.00 (Cumulative side area) 



Net: net500
  Pin:   _11848_/A (gf180mcu_as_sc_mcu7t3v3__nor2b_2)
    Layer: Via1
      Partial area ratio:    0.10
      Required ratio:   20.00 (Gate area) 
      Cumulative area ratio:    0.10
      Required ratio:    0.00 (Cumulative area) 

    Layer: Metal2
      Partial area ratio:   19.24
      Required ratio:    0.00 (Gate area) 
      Cumulative area ratio:   19.24
      Required ratio:    0.00 (Cumulative area) 
      Partial area ratio:   74.67
      Required ratio:  400.00 (Side area) 
      Cumulative area ratio:   74.67
      Required ratio:    0.00 (Cumulative side area) 

    Layer: Via2
      Partial area ratio:    0.30
      Required ratio:   20.00 (Gate area) 
      Cumulative area ratio:    0.41
      Required ratio:    0.00 (Cumulative area) 

    Layer: Metal3
      Partial area ratio:  139.81
      Required ratio:    0.00 (Gate area) 
      Cumulative area ratio:  159.05
      Required ratio:    0.00 (Cumulative area) 
      Partial area ratio:  540.41
      Required ratio:  400.00 (Side area) (VIOLATED)
      Cumulative area ratio:  615.08
      Required ratio:    0.00 (Cumulative side area) 

    Layer: Via3
      Partial area ratio:    0.10
      Required ratio:   20.00 (Gate area) 
      Cumulative area ratio:    0.51
      Required ratio:    0.00 (Cumulative area) 

    Layer: Metal4
      Partial area ratio:   12.86
      Required ratio:    0.00 (Gate area) 
      Cumulative area ratio:  171.92
      Required ratio:    0.00 (Cumulative area) 
      Partial area ratio:   49.73
      Required ratio:  400.00 (Side area) 
      Cumulative area ratio:  664.81
      Required ratio:    0.00 (Cumulative side area) 


  Pin:   _14314_/A (gf180mcu_as_sc_mcu7t3v3__nor2b_2)
    Layer: Via1
      Partial area ratio:    0.10
      Required ratio:   20.00 (Gate area) 
      Cumulative area ratio:    0.10
      Required ratio:    0.00 (Cumulative area) 

    Layer: Metal2
      Partial area ratio:    2.06
      Required ratio:    0.00 (Gate area) 
      Cumulative area ratio:    2.06
      Required ratio:    0.00 (Cumulative area) 
      Partial area ratio:    8.40
      Required ratio:  400.00 (Side area) 
      Cumulative area ratio:    8.40
      Required ratio:    0.00 (Cumulative side area) 

    Layer: Via2
      Partial area ratio:    0.20
      Required ratio:   20.00 (Gate area) 
      Cumulative area ratio:    0.30
      Required ratio:    0.00 (Cumulative area) 

    Layer: Metal3
      Partial area ratio:  139.81
      Required ratio:    0.00 (Gate area) 
      Cumulative area ratio:  141.87
      Required ratio:    0.00 (Cumulative area) 
      Partial area ratio:  540.41
      Required ratio:  400.00 (Side area) (VIOLATED)
      Cumulative area ratio:  548.81
      Required ratio:    0.00 (Cumulative side area) 

    Layer: Via3
      Partial area ratio:    0.10
      Required ratio:   20.00 (Gate area) 
      Cumulative area ratio:    0.41
      Required ratio:    0.00 (Cumulative area) 

    Layer: Metal4
      Partial area ratio:   12.86
      Required ratio:    0.00 (Gate area) 
      Cumulative area ratio:  154.73
      Required ratio:    0.00 (Cumulative area) 
      Partial area ratio:   49.73
      Required ratio:  400.00 (Side area) 
      Cumulative area ratio:  598.54
      Required ratio:    0.00 (Cumulative side area) 


  Pin:   fanout498/A (gf180mcu_as_sc_mcu7t3v3__buff_2)
    Layer: Via1
      Partial area ratio:    0.10
      Required ratio:   20.00 (Gate area) 
      Cumulative area ratio:    0.10
      Required ratio:    0.00 (Cumulative area) 

    Layer: Metal2
      Partial area ratio:    1.53
      Required ratio:    0.00 (Gate area) 
      Cumulative area ratio:    1.53
      Required ratio:    0.00 (Cumulative area) 
      Partial area ratio:    6.34
      Required ratio:  400.00 (Side area) 
      Cumulative area ratio:    6.34
      Required ratio:    0.00 (Cumulative side area) 

    Layer: Via2
      Partial area ratio:    0.20
      Required ratio:   20.00 (Gate area) 
      Cumulative area ratio:    0.30
      Required ratio:    0.00 (Cumulative area) 

    Layer: Metal3
      Partial area ratio:    0.32
      Required ratio:    0.00 (Gate area) 
      Cumulative area ratio:    1.85
      Required ratio:    0.00 (Cumulative area) 
      Partial area ratio:    2.14
      Required ratio:  400.00 (Side area) 
      Cumulative area ratio:    8.48
      Required ratio:    0.00 (Cumulative side area) 

    Layer: Via3
      Partial area ratio:    0.10
      Required ratio:   20.00 (Gate area) 
      Cumulative area ratio:    0.41
      Required ratio:    0.00 (Cumulative area) 

    Layer: Metal4
      Partial area ratio:   12.86
      Required ratio:    0.00 (Gate area) 
      Cumulative area ratio:   14.71
      Required ratio:    0.00 (Cumulative area) 
      Partial area ratio:   49.73
      Required ratio:  400.00 (Side area) 
      Cumulative area ratio:   58.21
      Required ratio:    0.00 (Cumulative side area) 


  Pin:   fanout499/A (gf180mcu_as_sc_mcu7t3v3__buff_2)
    Layer: Via1
      Partial area ratio:    0.10
      Required ratio:   20.00 (Gate area) 
      Cumulative area ratio:    0.10
      Required ratio:    0.00 (Cumulative area) 

    Layer: Metal2
      Partial area ratio:    1.23
      Required ratio:    0.00 (Gate area) 
      Cumulative area ratio:    1.23
      Required ratio:    0.00 (Cumulative area) 
      Partial area ratio:    5.20
      Required ratio:  400.00 (Side area) 
      Cumulative area ratio:    5.20
      Required ratio:    0.00 (Cumulative side area) 

    Layer: Via2
      Partial area ratio:    0.20
      Required ratio:   20.00 (Gate area) 
      Cumulative area ratio:    0.30
      Required ratio:    0.00 (Cumulative area) 

    Layer: Metal3
      Partial area ratio:    0.85
      Required ratio:    0.00 (Gate area) 
      Cumulative area ratio:    2.08
      Required ratio:    0.00 (Cumulative area) 
      Partial area ratio:    3.57
      Required ratio:  400.00 (Side area) 
      Cumulative area ratio:    8.77
      Required ratio:    0.00 (Cumulative side area) 

    Layer: Via3
      Partial area ratio:    0.10
      Required ratio:    0.00 (Gate area) 
      Cumulative area ratio:    0.41
      Required ratio:    0.00 (Cumulative area) 

    Layer: Metal4
      Partial area ratio:   12.86
      Required ratio:    0.00 (Gate area) 
      Cumulative area ratio:   14.94
      Required ratio:    0.00 (Cumulative area) 
      Partial area ratio:   49.73
      Required ratio:  400.00 (Side area) 
      Cumulative area ratio:   58.50
      Required ratio:    0.00 (Cumulative side area) 



Net: net528
  Pin:   _16550_/A (gf180mcu_as_sc_mcu7t3v3__and2_2)
    Layer: Via1
      Partial area ratio:    0.10
      Required ratio:   20.00 (Gate area) 
      Cumulative area ratio:    0.10
      Required ratio:    0.00 (Cumulative area) 

    Layer: Metal2
      Partial area ratio:    0.87
      Required ratio:    0.00 (Gate area) 
      Cumulative area ratio:    0.87
      Required ratio:    0.00 (Cumulative area) 
      Partial area ratio:    3.69
      Required ratio:  400.00 (Side area) 
      Cumulative area ratio:    3.69
      Required ratio:    0.00 (Cumulative side area) 

    Layer: Via2
      Partial area ratio:    0.17
      Required ratio:   20.00 (Gate area) 
      Cumulative area ratio:    0.28
      Required ratio:    0.00 (Cumulative area) 

    Layer: Metal3
      Partial area ratio:    3.34
      Required ratio:    0.00 (Gate area) 
      Cumulative area ratio:    4.21
      Required ratio:    0.00 (Cumulative area) 
      Partial area ratio:   13.22
      Required ratio:  400.00 (Side area) 
      Cumulative area ratio:   16.91
      Required ratio:    0.00 (Cumulative side area) 

    Layer: Via3
      Partial area ratio:    0.03
      Required ratio:    0.00 (Gate area) 
      Cumulative area ratio:    0.30
      Required ratio:    0.00 (Cumulative area) 

    Layer: Metal4
      Partial area ratio:    7.80
      Required ratio:    0.00 (Gate area) 
      Cumulative area ratio:   12.01
      Required ratio:    0.00 (Cumulative area) 
      Partial area ratio:   30.16
      Required ratio:  400.00 (Side area) 
      Cumulative area ratio:   47.07
      Required ratio:    0.00 (Cumulative side area) 

    Layer: Via4
      Partial area ratio:    0.03
      Required ratio:    0.00 (Gate area) 
      Cumulative area ratio:    0.33
      Required ratio:    0.00 (Cumulative area) 

    Layer: Metal5
      Partial area ratio:    1.31
      Required ratio:    0.00 (Gate area) 
      Cumulative area ratio:   13.32
      Required ratio:    0.00 (Cumulative area) 
      Partial area ratio:    7.25
      Required ratio:  400.00 (Side area) 
      Cumulative area ratio:   54.32
      Required ratio:    0.00 (Cumulative side area) 


  Pin:   _16552_/A (gf180mcu_as_sc_mcu7t3v3__nand3_2)
    Layer: Via1
      Partial area ratio:    0.05
      Required ratio:   20.00 (Gate area) 
      Cumulative area ratio:    0.05
      Required ratio:    0.00 (Cumulative area) 

    Layer: Metal2
      Partial area ratio:    0.88
      Required ratio:    0.00 (Gate area) 
      Cumulative area ratio:    0.88
      Required ratio:    0.00 (Cumulative area) 
      Partial area ratio:    3.48
      Required ratio:  400.00 (Side area) 
      Cumulative area ratio:    3.48
      Required ratio:    0.00 (Cumulative side area) 

    Layer: Via2
      Partial area ratio:    0.20
      Required ratio:    0.00 (Gate area) 
      Cumulative area ratio:    0.25
      Required ratio:    0.00 (Cumulative area) 

    Layer: Metal3
      Partial area ratio:    3.34
      Required ratio:    0.00 (Gate area) 
      Cumulative area ratio:    4.22
      Required ratio:    0.00 (Cumulative area) 
      Partial area ratio:   13.22
      Required ratio:  400.00 (Side area) 
      Cumulative area ratio:   16.70
      Required ratio:    0.00 (Cumulative side area) 

    Layer: Via3
      Partial area ratio:    0.03
      Required ratio:    0.00 (Gate area) 
      Cumulative area ratio:    0.28
      Required ratio:    0.00 (Cumulative area) 

    Layer: Metal4
      Partial area ratio:    7.80
      Required ratio:    0.00 (Gate area) 
      Cumulative area ratio:   12.03
      Required ratio:    0.00 (Cumulative area) 
      Partial area ratio:   30.16
      Required ratio:  400.00 (Side area) 
      Cumulative area ratio:   46.86
      Required ratio:    0.00 (Cumulative side area) 

    Layer: Via4
      Partial area ratio:    0.03
      Required ratio:    0.00 (Gate area) 
      Cumulative area ratio:    0.30
      Required ratio:    0.00 (Cumulative area) 

    Layer: Metal5
      Partial area ratio:    1.31
      Required ratio:    0.00 (Gate area) 
      Cumulative area ratio:   13.33
      Required ratio:    0.00 (Cumulative area) 
      Partial area ratio:    7.25
      Required ratio:  400.00 (Side area) 
      Cumulative area ratio:   54.11
      Required ratio:    0.00 (Cumulative side area) 


  Pin:   fanout525/A (gf180mcu_as_sc_mcu7t3v3__buff_2)
    Layer: Via1
      Partial area ratio:    0.10
      Required ratio:   20.00 (Gate area) 
      Cumulative area ratio:    0.10
      Required ratio:    0.00 (Cumulative area) 

    Layer: Metal2
      Partial area ratio:    0.82
      Required ratio:    0.00 (Gate area) 
      Cumulative area ratio:    0.82
      Required ratio:    0.00 (Cumulative area) 
      Partial area ratio:    3.62
      Required ratio:  400.00 (Side area) 
      Cumulative area ratio:    3.62
      Required ratio:    0.00 (Cumulative side area) 

    Layer: Via2
      Partial area ratio:    0.20
      Required ratio:   20.00 (Gate area) 
      Cumulative area ratio:    0.30
      Required ratio:    0.00 (Cumulative area) 

    Layer: Metal3
      Partial area ratio:    3.34
      Required ratio:    0.00 (Gate area) 
      Cumulative area ratio:    4.16
      Required ratio:    0.00 (Cumulative area) 
      Partial area ratio:   13.22
      Required ratio:  400.00 (Side area) 
      Cumulative area ratio:   16.84
      Required ratio:    0.00 (Cumulative side area) 

    Layer: Via3
      Partial area ratio:    0.03
      Required ratio:    0.00 (Gate area) 
      Cumulative area ratio:    0.33
      Required ratio:    0.00 (Cumulative area) 

    Layer: Metal4
      Partial area ratio:    7.80
      Required ratio:    0.00 (Gate area) 
      Cumulative area ratio:   11.96
      Required ratio:    0.00 (Cumulative area) 
      Partial area ratio:   30.16
      Required ratio:  400.00 (Side area) 
      Cumulative area ratio:   47.00
      Required ratio:    0.00 (Cumulative side area) 

    Layer: Via4
      Partial area ratio:    0.03
      Required ratio:    0.00 (Gate area) 
      Cumulative area ratio:    0.36
      Required ratio:    0.00 (Cumulative area) 

    Layer: Metal5
      Partial area ratio:    1.31
      Required ratio:    0.00 (Gate area) 
      Cumulative area ratio:   13.27
      Required ratio:    0.00 (Cumulative area) 
      Partial area ratio:    7.25
      Required ratio:  400.00 (Side area) 
      Cumulative area ratio:   54.25
      Required ratio:    0.00 (Cumulative side area) 


  Pin:   fanout527/A (gf180mcu_as_sc_mcu7t3v3__buff_2)
    Layer: Via1
      Partial area ratio:    0.10
      Required ratio:   20.00 (Gate area) 
      Cumulative area ratio:    0.10
      Required ratio:    0.00 (Cumulative area) 

    Layer: Metal2
      Partial area ratio:    2.70
      Required ratio:    0.00 (Gate area) 
      Cumulative area ratio:    2.70
      Required ratio:    0.00 (Cumulative area) 
      Partial area ratio:   10.88
      Required ratio:  400.00 (Side area) 
      Cumulative area ratio:   10.88
      Required ratio:    0.00 (Cumulative side area) 

    Layer: Via2
      Partial area ratio:    0.20
      Required ratio:   20.00 (Gate area) 
      Cumulative area ratio:    0.30
      Required ratio:    0.00 (Cumulative area) 

    Layer: Metal3
      Partial area ratio:    0.32
      Required ratio:    0.00 (Gate area) 
      Cumulative area ratio:    3.02
      Required ratio:    0.00 (Cumulative area) 
      Partial area ratio:    2.14
      Required ratio:  400.00 (Side area) 
      Cumulative area ratio:   13.02
      Required ratio:    0.00 (Cumulative side area) 

    Layer: Via3
      Partial area ratio:    0.10
      Required ratio:   20.00 (Gate area) 
      Cumulative area ratio:    0.41
      Required ratio:    0.00 (Cumulative area) 

    Layer: Metal4
      Partial area ratio:  243.73
      Required ratio:    0.00 (Gate area) 
      Cumulative area ratio:  246.75
      Required ratio:    0.00 (Cumulative area) 
      Partial area ratio:  940.56
      Required ratio:  400.00 (Side area) (VIOLATED)
      Cumulative area ratio:  953.58
      Required ratio:    0.00 (Cumulative side area) 

    Layer: Via4
      Partial area ratio:    0.10
      Required ratio:   20.00 (Gate area) 
      Cumulative area ratio:    0.51
      Required ratio:    0.00 (Cumulative area) 

    Layer: Metal5
      Partial area ratio:    1.31
      Required ratio:    0.00 (Gate area) 
      Cumulative area ratio:  248.06
      Required ratio:    0.00 (Cumulative area) 
      Partial area ratio:    7.25
      Required ratio:  400.00 (Side area) 
      Cumulative area ratio:  960.82
      Required ratio:    0.00 (Cumulative side area) 



Net: net707
  Pin:   _10897_/A (gf180mcu_as_sc_mcu7t3v3__or2_2)
    Layer: Via1
      Partial area ratio:    0.10
      Required ratio:   20.00 (Gate area) 
      Cumulative area ratio:    0.10
      Required ratio:    0.00 (Cumulative area) 

    Layer: Metal2
      Partial area ratio:  109.45
      Required ratio:    0.00 (Gate area) 
      Cumulative area ratio:  109.45
      Required ratio:    0.00 (Cumulative area) 
      Partial area ratio:  422.61
      Required ratio:  400.00 (Side area) (VIOLATED)
      Cumulative area ratio:  422.61
      Required ratio:    0.00 (Cumulative side area) 

    Layer: Via2
      Partial area ratio:    0.30
      Required ratio:   20.00 (Gate area) 
      Cumulative area ratio:    0.41
      Required ratio:    0.00 (Cumulative area) 

    Layer: Metal3
      Partial area ratio:   28.00
      Required ratio:    0.00 (Gate area) 
      Cumulative area ratio:  137.45
      Required ratio:    0.00 (Cumulative area) 
      Partial area ratio:  108.80
      Required ratio:  400.00 (Side area) 
      Cumulative area ratio:  531.40
      Required ratio:    0.00 (Cumulative side area) 

    Layer: Via3
      Partial area ratio:    0.04
      Required ratio:   20.00 (Gate area) 
      Cumulative area ratio:    0.45
      Required ratio:    0.00 (Cumulative area) 

    Layer: Metal4
      Partial area ratio:    1.85
      Required ratio:    0.00 (Gate area) 
      Cumulative area ratio:  139.30
      Required ratio:    0.00 (Cumulative area) 
      Partial area ratio:    7.22
      Required ratio:  400.00 (Side area) 
      Cumulative area ratio:  538.62
      Required ratio:    0.00 (Cumulative side area) 


  Pin:   _10899_/B (gf180mcu_as_sc_mcu7t3v3__or2_2)
    Layer: Via1
      Partial area ratio:    0.10
      Required ratio:   20.00 (Gate area) 
      Cumulative area ratio:    0.10
      Required ratio:    0.00 (Cumulative area) 

    Layer: Metal2
      Partial area ratio:    1.08
      Required ratio:    0.00 (Gate area) 
      Cumulative area ratio:    1.08
      Required ratio:    0.00 (Cumulative area) 
      Partial area ratio:    4.63
      Required ratio:  400.00 (Side area) 
      Cumulative area ratio:    4.63
      Required ratio:    0.00 (Cumulative side area) 

    Layer: Via2
      Partial area ratio:    0.20
      Required ratio:   20.00 (Gate area) 
      Cumulative area ratio:    0.30
      Required ratio:    0.00 (Cumulative area) 

    Layer: Metal3
      Partial area ratio:   28.00
      Required ratio:    0.00 (Gate area) 
      Cumulative area ratio:   29.09
      Required ratio:    0.00 (Cumulative area) 
      Partial area ratio:  108.80
      Required ratio:  400.00 (Side area) 
      Cumulative area ratio:  113.42
      Required ratio:    0.00 (Cumulative side area) 

    Layer: Via3
      Partial area ratio:    0.04
      Required ratio:   20.00 (Gate area) 
      Cumulative area ratio:    0.35
      Required ratio:    0.00 (Cumulative area) 

    Layer: Metal4
      Partial area ratio:    1.85
      Required ratio:    0.00 (Gate area) 
      Cumulative area ratio:   30.93
      Required ratio:    0.00 (Cumulative area) 
      Partial area ratio:    7.22
      Required ratio:  400.00 (Side area) 
      Cumulative area ratio:  120.64
      Required ratio:    0.00 (Cumulative side area) 


  Pin:   _16394_/A (gf180mcu_as_sc_mcu7t3v3__nor2_2)
    Layer: Via1
      Partial area ratio:    0.05
      Required ratio:   20.00 (Gate area) 
      Cumulative area ratio:    0.05
      Required ratio:    0.00 (Cumulative area) 

    Layer: Metal2
      Partial area ratio:    1.94
      Required ratio:    0.00 (Gate area) 
      Cumulative area ratio:    1.94
      Required ratio:    0.00 (Cumulative area) 
      Partial area ratio:    7.70
      Required ratio:  400.00 (Side area) 
      Cumulative area ratio:    7.70
      Required ratio:    0.00 (Cumulative side area) 

    Layer: Via2
      Partial area ratio:    0.15
      Required ratio:   20.00 (Gate area) 
      Cumulative area ratio:    0.20
      Required ratio:    0.00 (Cumulative area) 

    Layer: Metal3
      Partial area ratio:   28.00
      Required ratio:    0.00 (Gate area) 
      Cumulative area ratio:   29.94
      Required ratio:    0.00 (Cumulative area) 
      Partial area ratio:  108.80
      Required ratio:  400.00 (Side area) 
      Cumulative area ratio:  116.49
      Required ratio:    0.00 (Cumulative side area) 

    Layer: Via3
      Partial area ratio:    0.04
      Required ratio:   20.00 (Gate area) 
      Cumulative area ratio:    0.25
      Required ratio:    0.00 (Cumulative area) 

    Layer: Metal4
      Partial area ratio:    1.85
      Required ratio:    0.00 (Gate area) 
      Cumulative area ratio:   31.79
      Required ratio:    0.00 (Cumulative area) 
      Partial area ratio:    7.22
      Required ratio:  400.00 (Side area) 
      Cumulative area ratio:  123.71
      Required ratio:    0.00 (Cumulative side area) 


  Pin:   _16415_/D (gf180mcu_as_sc_mcu7t3v3__ao31_2)
    Layer: Via1
      Partial area ratio:    0.10
      Required ratio:   20.00 (Gate area) 
      Cumulative area ratio:    0.10
      Required ratio:    0.00 (Cumulative area) 

    Layer: Metal2
      Partial area ratio:    2.83
      Required ratio:    0.00 (Gate area) 
      Cumulative area ratio:    2.83
      Required ratio:    0.00 (Cumulative area) 
      Partial area ratio:   11.13
      Required ratio:  400.00 (Side area) 
      Cumulative area ratio:   11.13
      Required ratio:    0.00 (Cumulative side area) 

    Layer: Via2
      Partial area ratio:    0.15
      Required ratio:   20.00 (Gate area) 
      Cumulative area ratio:    0.25
      Required ratio:    0.00 (Cumulative area) 

    Layer: Metal3
      Partial area ratio:    0.24
      Required ratio:    0.00 (Gate area) 
      Cumulative area ratio:    3.07
      Required ratio:    0.00 (Cumulative area) 
      Partial area ratio:    1.60
      Required ratio:  400.00 (Side area) 
      Cumulative area ratio:   12.74
      Required ratio:    0.00 (Cumulative side area) 

    Layer: Via3
      Partial area ratio:    0.05
      Required ratio:   20.00 (Gate area) 
      Cumulative area ratio:    0.30
      Required ratio:    0.00 (Cumulative area) 

    Layer: Metal4
      Partial area ratio:    1.85
      Required ratio:    0.00 (Gate area) 
      Cumulative area ratio:    4.91
      Required ratio:    0.00 (Cumulative area) 
      Partial area ratio:    7.22
      Required ratio:  400.00 (Side area) 
      Cumulative area ratio:   19.96
      Required ratio:    0.00 (Cumulative side area) 


  Pin:   _17035_/D (gf180mcu_as_sc_mcu7t3v3__ao31_2)
    Layer: Via1
      Partial area ratio:    0.10
      Required ratio:   20.00 (Gate area) 
      Cumulative area ratio:    0.10
      Required ratio:    0.00 (Cumulative area) 

    Layer: Metal2
      Partial area ratio:    2.83
      Required ratio:    0.00 (Gate area) 
      Cumulative area ratio:    2.83
      Required ratio:    0.00 (Cumulative area) 
      Partial area ratio:   11.13
      Required ratio:  400.00 (Side area) 
      Cumulative area ratio:   11.13
      Required ratio:    0.00 (Cumulative side area) 

    Layer: Via2
      Partial area ratio:    0.15
      Required ratio:   20.00 (Gate area) 
      Cumulative area ratio:    0.25
      Required ratio:    0.00 (Cumulative area) 

    Layer: Metal3
      Partial area ratio:    0.24
      Required ratio:    0.00 (Gate area) 
      Cumulative area ratio:    3.07
      Required ratio:    0.00 (Cumulative area) 
      Partial area ratio:    1.60
      Required ratio:  400.00 (Side area) 
      Cumulative area ratio:   12.74
      Required ratio:    0.00 (Cumulative side area) 

    Layer: Via3
      Partial area ratio:    0.05
      Required ratio:   20.00 (Gate area) 
      Cumulative area ratio:    0.30
      Required ratio:    0.00 (Cumulative area) 

    Layer: Metal4
      Partial area ratio:    1.85
      Required ratio:    0.00 (Gate area) 
      Cumulative area ratio:    4.91
      Required ratio:    0.00 (Cumulative area) 
      Partial area ratio:    7.22
      Required ratio:  400.00 (Side area) 
      Cumulative area ratio:   19.96
      Required ratio:    0.00 (Cumulative side area) 


  Pin:   _17645_/D (gf180mcu_as_sc_mcu7t3v3__ao31_2)
    Layer: Via1
      Partial area ratio:    0.10
      Required ratio:   20.00 (Gate area) 
      Cumulative area ratio:    0.10
      Required ratio:    0.00 (Cumulative area) 

    Layer: Metal2
      Partial area ratio:    4.73
      Required ratio:    0.00 (Gate area) 
      Cumulative area ratio:    4.73
      Required ratio:    0.00 (Cumulative area) 
      Partial area ratio:   18.69
      Required ratio:  400.00 (Side area) 
      Cumulative area ratio:   18.69
      Required ratio:    0.00 (Cumulative side area) 

    Layer: Via2
      Partial area ratio:    0.30
      Required ratio:   20.00 (Gate area) 
      Cumulative area ratio:    0.41
      Required ratio:    0.00 (Cumulative area) 

    Layer: Metal3
      Partial area ratio:   28.00
      Required ratio:    0.00 (Gate area) 
      Cumulative area ratio:   32.73
      Required ratio:    0.00 (Cumulative area) 
      Partial area ratio:  108.80
      Required ratio:  400.00 (Side area) 
      Cumulative area ratio:  127.49
      Required ratio:    0.00 (Cumulative side area) 

    Layer: Via3
      Partial area ratio:    0.04
      Required ratio:   20.00 (Gate area) 
      Cumulative area ratio:    0.45
      Required ratio:    0.00 (Cumulative area) 

    Layer: Metal4
      Partial area ratio:    1.85
      Required ratio:    0.00 (Gate area) 
      Cumulative area ratio:   34.58
      Required ratio:    0.00 (Cumulative area) 
      Partial area ratio:    7.22
      Required ratio:  400.00 (Side area) 
      Cumulative area ratio:  134.71
      Required ratio:    0.00 (Cumulative side area) 


  Pin:   _18257_/D (gf180mcu_as_sc_mcu7t3v3__ao31_2)
    Layer: Via1
      Partial area ratio:    0.10
      Required ratio:   20.00 (Gate area) 
      Cumulative area ratio:    0.10
      Required ratio:    0.00 (Cumulative area) 

    Layer: Metal2
      Partial area ratio:    2.08
      Required ratio:    0.00 (Gate area) 
      Cumulative area ratio:    2.08
      Required ratio:    0.00 (Cumulative area) 
      Partial area ratio:    8.47
      Required ratio:  400.00 (Side area) 
      Cumulative area ratio:    8.47
      Required ratio:    0.00 (Cumulative side area) 

    Layer: Via2
      Partial area ratio:    0.20
      Required ratio:   20.00 (Gate area) 
      Cumulative area ratio:    0.30
      Required ratio:    0.00 (Cumulative area) 

    Layer: Metal3
      Partial area ratio:   28.00
      Required ratio:    0.00 (Gate area) 
      Cumulative area ratio:   30.08
      Required ratio:    0.00 (Cumulative area) 
      Partial area ratio:  108.80
      Required ratio:  400.00 (Side area) 
      Cumulative area ratio:  117.26
      Required ratio:    0.00 (Cumulative side area) 

    Layer: Via3
      Partial area ratio:    0.04
      Required ratio:   20.00 (Gate area) 
      Cumulative area ratio:    0.35
      Required ratio:    0.00 (Cumulative area) 

    Layer: Metal4
      Partial area ratio:    1.85
      Required ratio:    0.00 (Gate area) 
      Cumulative area ratio:   31.93
      Required ratio:    0.00 (Cumulative area) 
      Partial area ratio:    7.22
      Required ratio:  400.00 (Side area) 
      Cumulative area ratio:  124.48
      Required ratio:    0.00 (Cumulative side area) 


  Pin:   _18875_/D (gf180mcu_as_sc_mcu7t3v3__ao31_2)
    Layer: Via1
      Partial area ratio:    0.10
      Required ratio:   20.00 (Gate area) 
      Cumulative area ratio:    0.10
      Required ratio:    0.00 (Cumulative area) 

    Layer: Metal2
      Partial area ratio:    1.61
      Required ratio:    0.00 (Gate area) 
      Cumulative area ratio:    1.61
      Required ratio:    0.00 (Cumulative area) 
      Partial area ratio:    6.65
      Required ratio:  400.00 (Side area) 
      Cumulative area ratio:    6.65
      Required ratio:    0.00 (Cumulative side area) 

    Layer: Via2
      Partial area ratio:    0.20
      Required ratio:   20.00 (Gate area) 
      Cumulative area ratio:    0.30
      Required ratio:    0.00 (Cumulative area) 

    Layer: Metal3
      Partial area ratio:   28.00
      Required ratio:    0.00 (Gate area) 
      Cumulative area ratio:   29.61
      Required ratio:    0.00 (Cumulative area) 
      Partial area ratio:  108.80
      Required ratio:  400.00 (Side area) 
      Cumulative area ratio:  115.45
      Required ratio:    0.00 (Cumulative side area) 

    Layer: Via3
      Partial area ratio:    0.04
      Required ratio:   20.00 (Gate area) 
      Cumulative area ratio:    0.35
      Required ratio:    0.00 (Cumulative area) 

    Layer: Metal4
      Partial area ratio:    1.85
      Required ratio:    0.00 (Gate area) 
      Cumulative area ratio:   31.46
      Required ratio:    0.00 (Cumulative area) 
      Partial area ratio:    7.22
      Required ratio:  400.00 (Side area) 
      Cumulative area ratio:  122.67
      Required ratio:    0.00 (Cumulative side area) 


  Pin:   _19479_/D (gf180mcu_as_sc_mcu7t3v3__ao31_2)
    Layer: Via1
      Partial area ratio:    0.10
      Required ratio:   20.00 (Gate area) 
      Cumulative area ratio:    0.10
      Required ratio:    0.00 (Cumulative area) 

    Layer: Metal2
      Partial area ratio:    0.68
      Required ratio:    0.00 (Gate area) 
      Cumulative area ratio:    0.68
      Required ratio:    0.00 (Cumulative area) 
      Partial area ratio:    3.07
      Required ratio:  400.00 (Side area) 
      Cumulative area ratio:    3.07
      Required ratio:    0.00 (Cumulative side area) 

    Layer: Via2
      Partial area ratio:    0.20
      Required ratio:   20.00 (Gate area) 
      Cumulative area ratio:    0.30
      Required ratio:    0.00 (Cumulative area) 

    Layer: Metal3
      Partial area ratio:    0.32
      Required ratio:    0.00 (Gate area) 
      Cumulative area ratio:    1.00
      Required ratio:    0.00 (Cumulative area) 
      Partial area ratio:    2.14
      Required ratio:  400.00 (Side area) 
      Cumulative area ratio:    5.21
      Required ratio:    0.00 (Cumulative side area) 

    Layer: Via3
      Partial area ratio:    0.10
      Required ratio:   20.00 (Gate area) 
      Cumulative area ratio:    0.41
      Required ratio:    0.00 (Cumulative area) 

    Layer: Metal4
      Partial area ratio:    1.85
      Required ratio:    0.00 (Gate area) 
      Cumulative area ratio:    2.84
      Required ratio:    0.00 (Cumulative area) 
      Partial area ratio:    7.22
      Required ratio:  400.00 (Side area) 
      Cumulative area ratio:   12.43
      Required ratio:    0.00 (Cumulative side area) 



Net: net905
  Pin:   _10921_/B (gf180mcu_as_sc_mcu7t3v3__mux2_2)
    Layer: Metal1
      Partial area ratio:    0.02
      Required ratio:    0.00 (Gate area) 
      Cumulative area ratio:    0.02
      Required ratio:    0.00 (Cumulative area) 
      Partial area ratio:    0.92
      Required ratio:  400.00 (Side area) 
      Cumulative area ratio:    0.92
      Required ratio:    0.00 (Cumulative side area) 

    Layer: Via1
      Partial area ratio:    0.10
      Required ratio:   20.00 (Gate area) 
      Cumulative area ratio:    0.10
      Required ratio:    0.00 (Cumulative area) 

    Layer: Metal2
      Partial area ratio:    2.65
      Required ratio:    0.00 (Gate area) 
      Cumulative area ratio:    2.67
      Required ratio:    0.00 (Cumulative area) 
      Partial area ratio:   10.68
      Required ratio:  400.00 (Side area) 
      Cumulative area ratio:   11.60
      Required ratio:    0.00 (Cumulative side area) 

    Layer: Via2
      Partial area ratio:    0.20
      Required ratio:   20.00 (Gate area) 
      Cumulative area ratio:    0.30
      Required ratio:    0.00 (Cumulative area) 

    Layer: Metal3
      Partial area ratio:   10.91
      Required ratio:    0.00 (Gate area) 
      Cumulative area ratio:   13.58
      Required ratio:    0.00 (Cumulative area) 
      Partial area ratio:   42.98
      Required ratio:  400.00 (Side area) 
      Cumulative area ratio:   54.58
      Required ratio:    0.00 (Cumulative side area) 

    Layer: Via3
      Partial area ratio:    0.10
      Required ratio:   20.00 (Gate area) 
      Cumulative area ratio:    0.41
      Required ratio:    0.00 (Cumulative area) 

    Layer: Metal4
      Partial area ratio:    7.26
      Required ratio:    0.00 (Gate area) 
      Cumulative area ratio:   20.84
      Required ratio:    0.00 (Cumulative area) 
      Partial area ratio:   28.46
      Required ratio:  400.00 (Side area) 
      Cumulative area ratio:   83.04
      Required ratio:    0.00 (Cumulative side area) 

    Layer: Via4
      Partial area ratio:    0.10
      Required ratio:   20.00 (Gate area) 
      Cumulative area ratio:    0.51
      Required ratio:    0.00 (Cumulative area) 

    Layer: Metal5
      Partial area ratio:   20.12
      Required ratio:    0.00 (Gate area) 
      Cumulative area ratio:   40.95
      Required ratio:    0.00 (Cumulative area) 
      Partial area ratio:  109.00
      Required ratio:  400.00 (Side area) 
      Cumulative area ratio:  192.04
      Required ratio:    0.00 (Cumulative side area) 


  Pin:   _10932_/B (gf180mcu_as_sc_mcu7t3v3__mux2_2)
    Layer: Metal1
      Partial area ratio:    0.02
      Required ratio:    0.00 (Gate area) 
      Cumulative area ratio:    0.02
      Required ratio:    0.00 (Cumulative area) 
      Partial area ratio:    0.92
      Required ratio:  400.00 (Side area) 
      Cumulative area ratio:    0.92
      Required ratio:    0.00 (Cumulative side area) 

    Layer: Via1
      Partial area ratio:    0.10
      Required ratio:   20.00 (Gate area) 
      Cumulative area ratio:    0.10
      Required ratio:    0.00 (Cumulative area) 

    Layer: Metal2
      Partial area ratio:    2.42
      Required ratio:    0.00 (Gate area) 
      Cumulative area ratio:    2.43
      Required ratio:    0.00 (Cumulative area) 
      Partial area ratio:    9.78
      Required ratio:  400.00 (Side area) 
      Cumulative area ratio:   10.69
      Required ratio:    0.00 (Cumulative side area) 

    Layer: Via2
      Partial area ratio:    0.20
      Required ratio:   20.00 (Gate area) 
      Cumulative area ratio:    0.30
      Required ratio:    0.00 (Cumulative area) 

    Layer: Metal3
      Partial area ratio:   35.61
      Required ratio:    0.00 (Gate area) 
      Cumulative area ratio:   38.05
      Required ratio:    0.00 (Cumulative area) 
      Partial area ratio:  138.27
      Required ratio:  400.00 (Side area) 
      Cumulative area ratio:  148.97
      Required ratio:    0.00 (Cumulative side area) 

    Layer: Via3
      Partial area ratio:    0.20
      Required ratio:   20.00 (Gate area) 
      Cumulative area ratio:    0.51
      Required ratio:    0.00 (Cumulative area) 

    Layer: Metal4
      Partial area ratio:   58.44
      Required ratio:    0.00 (Gate area) 
      Cumulative area ratio:   96.48
      Required ratio:    0.00 (Cumulative area) 
      Partial area ratio:  225.85
      Required ratio:  400.00 (Side area) 
      Cumulative area ratio:  374.82
      Required ratio:    0.00 (Cumulative side area) 

    Layer: Via4
      Partial area ratio:    0.15
      Required ratio:   20.00 (Gate area) 
      Cumulative area ratio:    0.66
      Required ratio:    0.00 (Cumulative area) 

    Layer: Metal5
      Partial area ratio:   20.12
      Required ratio:    0.00 (Gate area) 
      Cumulative area ratio:  116.60
      Required ratio:    0.00 (Cumulative area) 
      Partial area ratio:  109.00
      Required ratio:  400.00 (Side area) 
      Cumulative area ratio:  483.82
      Required ratio:    0.00 (Cumulative side area) 


  Pin:   _10961_/B (gf180mcu_as_sc_mcu7t3v3__mux2_2)
    Layer: Metal1
      Partial area ratio:    0.02
      Required ratio:    0.00 (Gate area) 
      Cumulative area ratio:    0.02
      Required ratio:    0.00 (Cumulative area) 
      Partial area ratio:    0.92
      Required ratio:  400.00 (Side area) 
      Cumulative area ratio:    0.92
      Required ratio:    0.00 (Cumulative side area) 

    Layer: Via1
      Partial area ratio:    0.10
      Required ratio:   20.00 (Gate area) 
      Cumulative area ratio:    0.10
      Required ratio:    0.00 (Cumulative area) 

    Layer: Metal2
      Partial area ratio:    1.09
      Required ratio:    0.00 (Gate area) 
      Cumulative area ratio:    1.10
      Required ratio:    0.00 (Cumulative area) 
      Partial area ratio:    4.64
      Required ratio:  400.00 (Side area) 
      Cumulative area ratio:    5.55
      Required ratio:    0.00 (Cumulative side area) 

    Layer: Via2
      Partial area ratio:    0.20
      Required ratio:   20.00 (Gate area) 
      Cumulative area ratio:    0.30
      Required ratio:    0.00 (Cumulative area) 

    Layer: Metal3
      Partial area ratio:    0.32
      Required ratio:    0.00 (Gate area) 
      Cumulative area ratio:    1.42
      Required ratio:    0.00 (Cumulative area) 
      Partial area ratio:    2.14
      Required ratio:  400.00 (Side area) 
      Cumulative area ratio:    7.69
      Required ratio:    0.00 (Cumulative side area) 

    Layer: Via3
      Partial area ratio:    0.10
      Required ratio:   20.00 (Gate area) 
      Cumulative area ratio:    0.41
      Required ratio:    0.00 (Cumulative area) 

    Layer: Metal4
      Partial area ratio:  106.08
      Required ratio:    0.00 (Gate area) 
      Cumulative area ratio:  107.51
      Required ratio:    0.00 (Cumulative area) 
      Partial area ratio:  409.64
      Required ratio:  400.00 (Side area) (VIOLATED)
      Cumulative area ratio:  417.33
      Required ratio:    0.00 (Cumulative side area) 

    Layer: Via4
      Partial area ratio:    0.10
      Required ratio:   20.00 (Gate area) 
      Cumulative area ratio:    0.51
      Required ratio:    0.00 (Cumulative area) 

    Layer: Metal5
      Partial area ratio:   20.12
      Required ratio:    0.00 (Gate area) 
      Cumulative area ratio:  127.62
      Required ratio:    0.00 (Cumulative area) 
      Partial area ratio:  109.00
      Required ratio:  400.00 (Side area) 
      Cumulative area ratio:  526.33
      Required ratio:    0.00 (Cumulative side area) 


  Pin:   _10972_/B (gf180mcu_as_sc_mcu7t3v3__mux2_2)
    Layer: Metal1
      Partial area ratio:    0.02
      Required ratio:    0.00 (Gate area) 
      Cumulative area ratio:    0.02
      Required ratio:    0.00 (Cumulative area) 
      Partial area ratio:    0.92
      Required ratio:  400.00 (Side area) 
      Cumulative area ratio:    0.92
      Required ratio:    0.00 (Cumulative side area) 

    Layer: Via1
      Partial area ratio:    0.10
      Required ratio:   20.00 (Gate area) 
      Cumulative area ratio:    0.10
      Required ratio:    0.00 (Cumulative area) 

    Layer: Metal2
      Partial area ratio:    2.42
      Required ratio:    0.00 (Gate area) 
      Cumulative area ratio:    2.43
      Required ratio:    0.00 (Cumulative area) 
      Partial area ratio:    9.78
      Required ratio:  400.00 (Side area) 
      Cumulative area ratio:   10.69
      Required ratio:    0.00 (Cumulative side area) 

    Layer: Via2
      Partial area ratio:    0.20
      Required ratio:   20.00 (Gate area) 
      Cumulative area ratio:    0.30
      Required ratio:    0.00 (Cumulative area) 

    Layer: Metal3
      Partial area ratio:    0.32
      Required ratio:    0.00 (Gate area) 
      Cumulative area ratio:    2.75
      Required ratio:    0.00 (Cumulative area) 
      Partial area ratio:    2.14
      Required ratio:  400.00 (Side area) 
      Cumulative area ratio:   12.83
      Required ratio:    0.00 (Cumulative side area) 

    Layer: Via3
      Partial area ratio:    0.10
      Required ratio:   20.00 (Gate area) 
      Cumulative area ratio:    0.41
      Required ratio:    0.00 (Cumulative area) 

    Layer: Metal4
      Partial area ratio:   58.44
      Required ratio:    0.00 (Gate area) 
      Cumulative area ratio:   61.19
      Required ratio:    0.00 (Cumulative area) 
      Partial area ratio:  225.85
      Required ratio:  400.00 (Side area) 
      Cumulative area ratio:  238.69
      Required ratio:    0.00 (Cumulative side area) 

    Layer: Via4
      Partial area ratio:    0.15
      Required ratio:   20.00 (Gate area) 
      Cumulative area ratio:    0.56
      Required ratio:    0.00 (Cumulative area) 

    Layer: Metal5
      Partial area ratio:   20.12
      Required ratio:    0.00 (Gate area) 
      Cumulative area ratio:   81.31
      Required ratio:    0.00 (Cumulative area) 
      Partial area ratio:  109.00
      Required ratio:  400.00 (Side area) 
      Cumulative area ratio:  347.69
      Required ratio:    0.00 (Cumulative side area) 


  Pin:   _10982_/B (gf180mcu_as_sc_mcu7t3v3__mux2_2)
    Layer: Metal1
      Partial area ratio:    0.02
      Required ratio:    0.00 (Gate area) 
      Cumulative area ratio:    0.02
      Required ratio:    0.00 (Cumulative area) 
      Partial area ratio:    0.92
      Required ratio:  400.00 (Side area) 
      Cumulative area ratio:    0.92
      Required ratio:    0.00 (Cumulative side area) 

    Layer: Via1
      Partial area ratio:    0.10
      Required ratio:   20.00 (Gate area) 
      Cumulative area ratio:    0.10
      Required ratio:    0.00 (Cumulative area) 

    Layer: Metal2
      Partial area ratio:    0.82
      Required ratio:    0.00 (Gate area) 
      Cumulative area ratio:    0.84
      Required ratio:    0.00 (Cumulative area) 
      Partial area ratio:    3.57
      Required ratio:  400.00 (Side area) 
      Cumulative area ratio:    4.49
      Required ratio:    0.00 (Cumulative side area) 

    Layer: Via2
      Partial area ratio:    0.14
      Required ratio:   20.00 (Gate area) 
      Cumulative area ratio:    0.24
      Required ratio:    0.00 (Cumulative area) 

    Layer: Metal3
      Partial area ratio:    0.21
      Required ratio:    0.00 (Gate area) 
      Cumulative area ratio:    1.05
      Required ratio:    0.00 (Cumulative area) 
      Partial area ratio:    1.22
      Required ratio:  400.00 (Side area) 
      Cumulative area ratio:    5.71
      Required ratio:    0.00 (Cumulative side area) 

    Layer: Via3
      Partial area ratio:    0.10
      Required ratio:   20.00 (Gate area) 
      Cumulative area ratio:    0.34
      Required ratio:    0.00 (Cumulative area) 

    Layer: Metal4
      Partial area ratio:   53.04
      Required ratio:    0.00 (Gate area) 
      Cumulative area ratio:   54.10
      Required ratio:    0.00 (Cumulative area) 
      Partial area ratio:  204.82
      Required ratio:  400.00 (Side area) 
      Cumulative area ratio:  210.53
      Required ratio:    0.00 (Cumulative side area) 

    Layer: Via4
      Partial area ratio:    0.05
      Required ratio:   20.00 (Gate area) 
      Cumulative area ratio:    0.39
      Required ratio:    0.00 (Cumulative area) 

    Layer: Metal5
      Partial area ratio:   20.12
      Required ratio:    0.00 (Gate area) 
      Cumulative area ratio:   74.21
      Required ratio:    0.00 (Cumulative area) 
      Partial area ratio:  109.00
      Required ratio:  400.00 (Side area) 
      Cumulative area ratio:  319.53
      Required ratio:    0.00 (Cumulative side area) 


  Pin:   _10991_/A (gf180mcu_as_sc_mcu7t3v3__mux2_2)
    Layer: Metal1
      Partial area ratio:    0.01
      Required ratio:    0.00 (Gate area) 
      Cumulative area ratio:    0.01
      Required ratio:    0.00 (Cumulative area) 
      Partial area ratio:    0.88
      Required ratio:  400.00 (Side area) 
      Cumulative area ratio:    0.88
      Required ratio:    0.00 (Cumulative side area) 

    Layer: Via1
      Partial area ratio:    0.10
      Required ratio:   20.00 (Gate area) 
      Cumulative area ratio:    0.10
      Required ratio:    0.00 (Cumulative area) 

    Layer: Metal2
      Partial area ratio:    1.86
      Required ratio:    0.00 (Gate area) 
      Cumulative area ratio:    1.87
      Required ratio:    0.00 (Cumulative area) 
      Partial area ratio:    7.64
      Required ratio:  400.00 (Side area) 
      Cumulative area ratio:    8.52
      Required ratio:    0.00 (Cumulative side area) 

    Layer: Via2
      Partial area ratio:    0.20
      Required ratio:   20.00 (Gate area) 
      Cumulative area ratio:    0.30
      Required ratio:    0.00 (Cumulative area) 

    Layer: Metal3
      Partial area ratio:    0.32
      Required ratio:    0.00 (Gate area) 
      Cumulative area ratio:    2.19
      Required ratio:    0.00 (Cumulative area) 
      Partial area ratio:    2.14
      Required ratio:  400.00 (Side area) 
      Cumulative area ratio:   10.66
      Required ratio:    0.00 (Cumulative side area) 

    Layer: Via3
      Partial area ratio:    0.10
      Required ratio:   20.00 (Gate area) 
      Cumulative area ratio:    0.41
      Required ratio:    0.00 (Cumulative area) 

    Layer: Metal4
      Partial area ratio:   53.04
      Required ratio:    0.00 (Gate area) 
      Cumulative area ratio:   55.23
      Required ratio:    0.00 (Cumulative area) 
      Partial area ratio:  204.82
      Required ratio:  400.00 (Side area) 
      Cumulative area ratio:  215.47
      Required ratio:    0.00 (Cumulative side area) 

    Layer: Via4
      Partial area ratio:    0.05
      Required ratio:   20.00 (Gate area) 
      Cumulative area ratio:    0.46
      Required ratio:    0.00 (Cumulative area) 

    Layer: Metal5
      Partial area ratio:   20.12
      Required ratio:    0.00 (Gate area) 
      Cumulative area ratio:   75.35
      Required ratio:    0.00 (Cumulative area) 
      Partial area ratio:  109.00
      Required ratio:  400.00 (Side area) 
      Cumulative area ratio:  324.47
      Required ratio:    0.00 (Cumulative side area) 



Net: net910
  Pin:   _10916_/B (gf180mcu_as_sc_mcu7t3v3__mux2_2)
    Layer: Metal1
      Partial area ratio:    0.02
      Required ratio:    0.00 (Gate area) 
      Cumulative area ratio:    0.02
      Required ratio:    0.00 (Cumulative area) 
      Partial area ratio:    0.92
      Required ratio:  400.00 (Side area) 
      Cumulative area ratio:    0.92
      Required ratio:    0.00 (Cumulative side area) 

    Layer: Via1
      Partial area ratio:    0.10
      Required ratio:   20.00 (Gate area) 
      Cumulative area ratio:    0.10
      Required ratio:    0.00 (Cumulative area) 

    Layer: Metal2
      Partial area ratio:    1.91
      Required ratio:    0.00 (Gate area) 
      Cumulative area ratio:    1.92
      Required ratio:    0.00 (Cumulative area) 
      Partial area ratio:    7.81
      Required ratio:  400.00 (Side area) 
      Cumulative area ratio:    8.72
      Required ratio:    0.00 (Cumulative side area) 

    Layer: Via2
      Partial area ratio:    0.20
      Required ratio:   20.00 (Gate area) 
      Cumulative area ratio:    0.30
      Required ratio:    0.00 (Cumulative area) 

    Layer: Metal3
      Partial area ratio:    0.32
      Required ratio:    0.00 (Gate area) 
      Cumulative area ratio:    2.24
      Required ratio:    0.00 (Cumulative area) 
      Partial area ratio:    2.14
      Required ratio:  400.00 (Side area) 
      Cumulative area ratio:   10.86
      Required ratio:    0.00 (Cumulative side area) 

    Layer: Via3
      Partial area ratio:    0.10
      Required ratio:   20.00 (Gate area) 
      Cumulative area ratio:    0.41
      Required ratio:    0.00 (Cumulative area) 

    Layer: Metal4
      Partial area ratio:   74.85
      Required ratio:    0.00 (Gate area) 
      Cumulative area ratio:   77.10
      Required ratio:    0.00 (Cumulative area) 
      Partial area ratio:  289.03
      Required ratio:  400.00 (Side area) 
      Cumulative area ratio:  299.89
      Required ratio:    0.00 (Cumulative side area) 

    Layer: Via4
      Partial area ratio:    0.02
      Required ratio:   20.00 (Gate area) 
      Cumulative area ratio:    0.42
      Required ratio:    0.00 (Cumulative area) 

    Layer: Metal5
      Partial area ratio:    6.48
      Required ratio:    0.00 (Gate area) 
      Cumulative area ratio:   83.58
      Required ratio:    0.00 (Cumulative area) 
      Partial area ratio:   35.13
      Required ratio:  400.00 (Side area) 
      Cumulative area ratio:  335.02
      Required ratio:    0.00 (Cumulative side area) 


  Pin:   _10927_/B (gf180mcu_as_sc_mcu7t3v3__mux2_2)
    Layer: Metal1
      Partial area ratio:    0.02
      Required ratio:    0.00 (Gate area) 
      Cumulative area ratio:    0.02
      Required ratio:    0.00 (Cumulative area) 
      Partial area ratio:    0.92
      Required ratio:  400.00 (Side area) 
      Cumulative area ratio:    0.92
      Required ratio:    0.00 (Cumulative side area) 

    Layer: Via1
      Partial area ratio:    0.10
      Required ratio:   20.00 (Gate area) 
      Cumulative area ratio:    0.10
      Required ratio:    0.00 (Cumulative area) 

    Layer: Metal2
      Partial area ratio:    2.14
      Required ratio:    0.00 (Gate area) 
      Cumulative area ratio:    2.16
      Required ratio:    0.00 (Cumulative area) 
      Partial area ratio:    8.72
      Required ratio:  400.00 (Side area) 
      Cumulative area ratio:    9.63
      Required ratio:    0.00 (Cumulative side area) 

    Layer: Via2
      Partial area ratio:    0.20
      Required ratio:   20.00 (Gate area) 
      Cumulative area ratio:    0.30
      Required ratio:    0.00 (Cumulative area) 

    Layer: Metal3
      Partial area ratio:  145.18
      Required ratio:    0.00 (Gate area) 
      Cumulative area ratio:  147.34
      Required ratio:    0.00 (Cumulative area) 
      Partial area ratio:  561.36
      Required ratio:  400.00 (Side area) (VIOLATED)
      Cumulative area ratio:  570.99
      Required ratio:    0.00 (Cumulative side area) 

    Layer: Via3
      Partial area ratio:    0.30
      Required ratio:   20.00 (Gate area) 
      Cumulative area ratio:    0.61
      Required ratio:    0.00 (Cumulative area) 

    Layer: Metal4
      Partial area ratio:   74.85
      Required ratio:    0.00 (Gate area) 
      Cumulative area ratio:  222.20
      Required ratio:    0.00 (Cumulative area) 
      Partial area ratio:  289.03
      Required ratio:  400.00 (Side area) 
      Cumulative area ratio:  860.02
      Required ratio:    0.00 (Cumulative side area) 

    Layer: Via4
      Partial area ratio:    0.02
      Required ratio:   20.00 (Gate area) 
      Cumulative area ratio:    0.63
      Required ratio:    0.00 (Cumulative area) 

    Layer: Metal5
      Partial area ratio:    6.48
      Required ratio:    0.00 (Gate area) 
      Cumulative area ratio:  228.68
      Required ratio:    0.00 (Cumulative area) 
      Partial area ratio:   35.13
      Required ratio:  400.00 (Side area) 
      Cumulative area ratio:  895.14
      Required ratio:    0.00 (Cumulative side area) 


  Pin:   _10956_/B (gf180mcu_as_sc_mcu7t3v3__mux2_2)
    Layer: Metal1
      Partial area ratio:    0.02
      Required ratio:    0.00 (Gate area) 
      Cumulative area ratio:    0.02
      Required ratio:    0.00 (Cumulative area) 
      Partial area ratio:    0.92
      Required ratio:  400.00 (Side area) 
      Cumulative area ratio:    0.92
      Required ratio:    0.00 (Cumulative side area) 

    Layer: Via1
      Partial area ratio:    0.10
      Required ratio:   20.00 (Gate area) 
      Cumulative area ratio:    0.10
      Required ratio:    0.00 (Cumulative area) 

    Layer: Metal2
      Partial area ratio:    1.09
      Required ratio:    0.00 (Gate area) 
      Cumulative area ratio:    1.10
      Required ratio:    0.00 (Cumulative area) 
      Partial area ratio:    4.64
      Required ratio:  400.00 (Side area) 
      Cumulative area ratio:    5.55
      Required ratio:    0.00 (Cumulative side area) 

    Layer: Via2
      Partial area ratio:    0.20
      Required ratio:   20.00 (Gate area) 
      Cumulative area ratio:    0.30
      Required ratio:    0.00 (Cumulative area) 

    Layer: Metal3
      Partial area ratio:    0.32
      Required ratio:    0.00 (Gate area) 
      Cumulative area ratio:    1.42
      Required ratio:    0.00 (Cumulative area) 
      Partial area ratio:    2.14
      Required ratio:  400.00 (Side area) 
      Cumulative area ratio:    7.69
      Required ratio:    0.00 (Cumulative side area) 

    Layer: Via3
      Partial area ratio:    0.10
      Required ratio:   20.00 (Gate area) 
      Cumulative area ratio:    0.41
      Required ratio:    0.00 (Cumulative area) 

    Layer: Metal4
      Partial area ratio:   74.85
      Required ratio:    0.00 (Gate area) 
      Cumulative area ratio:   76.28
      Required ratio:    0.00 (Cumulative area) 
      Partial area ratio:  289.03
      Required ratio:  400.00 (Side area) 
      Cumulative area ratio:  296.72
      Required ratio:    0.00 (Cumulative side area) 

    Layer: Via4
      Partial area ratio:    0.02
      Required ratio:   20.00 (Gate area) 
      Cumulative area ratio:    0.42
      Required ratio:    0.00 (Cumulative area) 

    Layer: Metal5
      Partial area ratio:    6.48
      Required ratio:    0.00 (Gate area) 
      Cumulative area ratio:   82.76
      Required ratio:    0.00 (Cumulative area) 
      Partial area ratio:   35.13
      Required ratio:  400.00 (Side area) 
      Cumulative area ratio:  331.85
      Required ratio:    0.00 (Cumulative side area) 


  Pin:   _10967_/B (gf180mcu_as_sc_mcu7t3v3__mux2_2)
    Layer: Metal1
      Partial area ratio:    0.02
      Required ratio:    0.00 (Gate area) 
      Cumulative area ratio:    0.02
      Required ratio:    0.00 (Cumulative area) 
      Partial area ratio:    0.92
      Required ratio:  400.00 (Side area) 
      Cumulative area ratio:    0.92
      Required ratio:    0.00 (Cumulative side area) 

    Layer: Via1
      Partial area ratio:    0.10
      Required ratio:   20.00 (Gate area) 
      Cumulative area ratio:    0.10
      Required ratio:    0.00 (Cumulative area) 

    Layer: Metal2
      Partial area ratio:    0.77
      Required ratio:    0.00 (Gate area) 
      Cumulative area ratio:    0.79
      Required ratio:    0.00 (Cumulative area) 
      Partial area ratio:    3.42
      Required ratio:  400.00 (Side area) 
      Cumulative area ratio:    4.34
      Required ratio:    0.00 (Cumulative side area) 

    Layer: Via2
      Partial area ratio:    0.20
      Required ratio:   20.00 (Gate area) 
      Cumulative area ratio:    0.30
      Required ratio:    0.00 (Cumulative area) 

    Layer: Metal3
      Partial area ratio:    0.32
      Required ratio:    0.00 (Gate area) 
      Cumulative area ratio:    1.11
      Required ratio:    0.00 (Cumulative area) 
      Partial area ratio:    2.14
      Required ratio:  400.00 (Side area) 
      Cumulative area ratio:    6.48
      Required ratio:    0.00 (Cumulative side area) 

    Layer: Via3
      Partial area ratio:    0.10
      Required ratio:   20.00 (Gate area) 
      Cumulative area ratio:    0.41
      Required ratio:    0.00 (Cumulative area) 

    Layer: Metal4
      Partial area ratio:   74.85
      Required ratio:    0.00 (Gate area) 
      Cumulative area ratio:   75.96
      Required ratio:    0.00 (Cumulative area) 
      Partial area ratio:  289.03
      Required ratio:  400.00 (Side area) 
      Cumulative area ratio:  295.50
      Required ratio:    0.00 (Cumulative side area) 

    Layer: Via4
      Partial area ratio:    0.02
      Required ratio:   20.00 (Gate area) 
      Cumulative area ratio:    0.42
      Required ratio:    0.00 (Cumulative area) 

    Layer: Metal5
      Partial area ratio:    6.48
      Required ratio:    0.00 (Gate area) 
      Cumulative area ratio:   82.44
      Required ratio:    0.00 (Cumulative area) 
      Partial area ratio:   35.13
      Required ratio:  400.00 (Side area) 
      Cumulative area ratio:  330.63
      Required ratio:    0.00 (Cumulative side area) 


  Pin:   _10977_/B (gf180mcu_as_sc_mcu7t3v3__mux2_2)
    Layer: Metal1
      Partial area ratio:    0.02
      Required ratio:    0.00 (Gate area) 
      Cumulative area ratio:    0.02
      Required ratio:    0.00 (Cumulative area) 
      Partial area ratio:    0.92
      Required ratio:  400.00 (Side area) 
      Cumulative area ratio:    0.92
      Required ratio:    0.00 (Cumulative side area) 

    Layer: Via1
      Partial area ratio:    0.10
      Required ratio:   20.00 (Gate area) 
      Cumulative area ratio:    0.10
      Required ratio:    0.00 (Cumulative area) 

    Layer: Metal2
      Partial area ratio:    1.96
      Required ratio:    0.00 (Gate area) 
      Cumulative area ratio:    1.98
      Required ratio:    0.00 (Cumulative area) 
      Partial area ratio:    7.95
      Required ratio:  400.00 (Side area) 
      Cumulative area ratio:    8.87
      Required ratio:    0.00 (Cumulative side area) 

    Layer: Via2
      Partial area ratio:    0.14
      Required ratio:   20.00 (Gate area) 
      Cumulative area ratio:    0.24
      Required ratio:    0.00 (Cumulative area) 

    Layer: Metal3
      Partial area ratio:   10.80
      Required ratio:    0.00 (Gate area) 
      Cumulative area ratio:   12.78
      Required ratio:    0.00 (Cumulative area) 
      Partial area ratio:   42.06
      Required ratio:  400.00 (Side area) 
      Cumulative area ratio:   50.93
      Required ratio:    0.00 (Cumulative side area) 

    Layer: Via3
      Partial area ratio:    0.20
      Required ratio:   20.00 (Gate area) 
      Cumulative area ratio:    0.44
      Required ratio:    0.00 (Cumulative area) 

    Layer: Metal4
      Partial area ratio:   74.85
      Required ratio:    0.00 (Gate area) 
      Cumulative area ratio:   87.63
      Required ratio:    0.00 (Cumulative area) 
      Partial area ratio:  289.03
      Required ratio:  400.00 (Side area) 
      Cumulative area ratio:  339.96
      Required ratio:    0.00 (Cumulative side area) 

    Layer: Via4
      Partial area ratio:    0.02
      Required ratio:   20.00 (Gate area) 
      Cumulative area ratio:    0.46
      Required ratio:    0.00 (Cumulative area) 

    Layer: Metal5
      Partial area ratio:    6.48
      Required ratio:    0.00 (Gate area) 
      Cumulative area ratio:   94.11
      Required ratio:    0.00 (Cumulative area) 
      Partial area ratio:   35.13
      Required ratio:  400.00 (Side area) 
      Cumulative area ratio:  375.09
      Required ratio:    0.00 (Cumulative side area) 


  Pin:   _10986_/A (gf180mcu_as_sc_mcu7t3v3__mux2_2)
    Layer: Metal1
      Partial area ratio:    0.01
      Required ratio:    0.00 (Gate area) 
      Cumulative area ratio:    0.01
      Required ratio:    0.00 (Cumulative area) 
      Partial area ratio:    0.88
      Required ratio:  400.00 (Side area) 
      Cumulative area ratio:    0.88
      Required ratio:    0.00 (Cumulative side area) 

    Layer: Via1
      Partial area ratio:    0.10
      Required ratio:   20.00 (Gate area) 
      Cumulative area ratio:    0.10
      Required ratio:    0.00 (Cumulative area) 

    Layer: Metal2
      Partial area ratio:    1.44
      Required ratio:    0.00 (Gate area) 
      Cumulative area ratio:    1.45
      Required ratio:    0.00 (Cumulative area) 
      Partial area ratio:    6.02
      Required ratio:  400.00 (Side area) 
      Cumulative area ratio:    6.90
      Required ratio:    0.00 (Cumulative side area) 

    Layer: Via2
      Partial area ratio:    0.20
      Required ratio:   20.00 (Gate area) 
      Cumulative area ratio:    0.30
      Required ratio:    0.00 (Cumulative area) 

    Layer: Metal3
      Partial area ratio:    3.85
      Required ratio:    0.00 (Gate area) 
      Cumulative area ratio:    5.30
      Required ratio:    0.00 (Cumulative area) 
      Partial area ratio:   15.75
      Required ratio:  400.00 (Side area) 
      Cumulative area ratio:   22.65
      Required ratio:    0.00 (Cumulative side area) 

    Layer: Via3
      Partial area ratio:    0.10
      Required ratio:   20.00 (Gate area) 
      Cumulative area ratio:    0.41
      Required ratio:    0.00 (Cumulative area) 

    Layer: Metal4
      Partial area ratio:   74.85
      Required ratio:    0.00 (Gate area) 
      Cumulative area ratio:   80.15
      Required ratio:    0.00 (Cumulative area) 
      Partial area ratio:  289.03
      Required ratio:  400.00 (Side area) 
      Cumulative area ratio:  311.67
      Required ratio:    0.00 (Cumulative side area) 

    Layer: Via4
      Partial area ratio:    0.02
      Required ratio:   20.00 (Gate area) 
      Cumulative area ratio:    0.42
      Required ratio:    0.00 (Cumulative area) 

    Layer: Metal5
      Partial area ratio:    6.48
      Required ratio:    0.00 (Gate area) 
      Cumulative area ratio:   86.64
      Required ratio:    0.00 (Cumulative area) 
      Partial area ratio:   35.13
      Required ratio:  400.00 (Side area) 
      Cumulative area ratio:  346.80
      Required ratio:    0.00 (Cumulative side area) 



[INFO ANT-0002] Found 41 net violations.
[INFO ANT-0001] Found 60 pin violations.
