Net: _01012_
  Pin:   _13468_/B (gf180mcu_as_sc_mcu7t3v3__mux2_2)
    Layer: Metal1
      Partial area ratio:    0.02
      Required ratio:    0.00 (Gate area) 
      Cumulative area ratio:    0.02
      Required ratio:    0.00 (Cumulative area) 
      Partial area ratio:    0.92
      Required ratio:  400.00 (Side area) 
      Cumulative area ratio:    0.92
      Required ratio:    0.00 (Cumulative side area) 

    Layer: Via1
      Partial area ratio:    0.10
      Required ratio:   20.00 (Gate area) 
      Cumulative area ratio:    0.10
      Required ratio:    0.00 (Cumulative area) 

    Layer: Metal2
      Partial area ratio:    1.71
      Required ratio:    0.00 (Gate area) 
      Cumulative area ratio:    1.73
      Required ratio:    0.00 (Cumulative area) 
      Partial area ratio:    7.05
      Required ratio:  400.00 (Side area) 
      Cumulative area ratio:    7.97
      Required ratio:    0.00 (Cumulative side area) 

    Layer: Via2
      Partial area ratio:    0.20
      Required ratio:   20.00 (Gate area) 
      Cumulative area ratio:    0.30
      Required ratio:    0.00 (Cumulative area) 

    Layer: Metal3
      Partial area ratio:    3.88
      Required ratio:    0.00 (Gate area) 
      Cumulative area ratio:    5.61
      Required ratio:    0.00 (Cumulative area) 
      Partial area ratio:   15.35
      Required ratio:  400.00 (Side area) 
      Cumulative area ratio:   23.32
      Required ratio:    0.00 (Cumulative side area) 

    Layer: Via3
      Partial area ratio:    0.20
      Required ratio:    0.00 (Gate area) 
      Cumulative area ratio:    0.51
      Required ratio:    0.00 (Cumulative area) 

    Layer: Metal4
      Partial area ratio:   32.18
      Required ratio:    0.00 (Gate area) 
      Cumulative area ratio:   37.79
      Required ratio:    0.00 (Cumulative area) 
      Partial area ratio:  124.29
      Required ratio:  400.00 (Side area) 
      Cumulative area ratio:  147.60
      Required ratio:    0.00 (Cumulative side area) 

    Layer: Via4
      Partial area ratio:    0.10
      Required ratio:    0.00 (Gate area) 
      Cumulative area ratio:    0.61
      Required ratio:    0.00 (Cumulative area) 

    Layer: Metal5
      Partial area ratio:   77.00
      Required ratio:    0.00 (Gate area) 
      Cumulative area ratio:  114.79
      Required ratio:    0.00 (Cumulative area) 
      Partial area ratio:  416.93
      Required ratio:  400.00 (Side area) (VIOLATED)
      Cumulative area ratio:  564.53
      Required ratio:    0.00 (Cumulative side area) 


  Pin:   _15919_/A (gf180mcu_as_sc_mcu7t3v3__mux2_2)
    Layer: Metal1
      Partial area ratio:    0.01
      Required ratio:    0.00 (Gate area) 
      Cumulative area ratio:    0.01
      Required ratio:    0.00 (Cumulative area) 
      Partial area ratio:    0.88
      Required ratio:  400.00 (Side area) 
      Cumulative area ratio:    0.88
      Required ratio:    0.00 (Cumulative side area) 

    Layer: Via1
      Partial area ratio:    0.10
      Required ratio:   20.00 (Gate area) 
      Cumulative area ratio:    0.10
      Required ratio:    0.00 (Cumulative area) 

    Layer: Metal2
      Partial area ratio:    2.10
      Required ratio:    0.00 (Gate area) 
      Cumulative area ratio:    2.11
      Required ratio:    0.00 (Cumulative area) 
      Partial area ratio:    8.55
      Required ratio:  400.00 (Side area) 
      Cumulative area ratio:    9.42
      Required ratio:    0.00 (Cumulative side area) 

    Layer: Via2
      Partial area ratio:    0.20
      Required ratio:   20.00 (Gate area) 
      Cumulative area ratio:    0.30
      Required ratio:    0.00 (Cumulative area) 

    Layer: Metal3
      Partial area ratio:    0.32
      Required ratio:    0.00 (Gate area) 
      Cumulative area ratio:    2.43
      Required ratio:    0.00 (Cumulative area) 
      Partial area ratio:    2.14
      Required ratio:  400.00 (Side area) 
      Cumulative area ratio:   11.56
      Required ratio:    0.00 (Cumulative side area) 

    Layer: Via3
      Partial area ratio:    0.10
      Required ratio:   20.00 (Gate area) 
      Cumulative area ratio:    0.41
      Required ratio:    0.00 (Cumulative area) 

    Layer: Metal4
      Partial area ratio:    3.73
      Required ratio:    0.00 (Gate area) 
      Cumulative area ratio:    6.16
      Required ratio:    0.00 (Cumulative area) 
      Partial area ratio:   14.85
      Required ratio:  400.00 (Side area) 
      Cumulative area ratio:   26.41
      Required ratio:    0.00 (Cumulative side area) 

    Layer: Via4
      Partial area ratio:    0.10
      Required ratio:   20.00 (Gate area) 
      Cumulative area ratio:    0.51
      Required ratio:    0.00 (Cumulative area) 

    Layer: Metal5
      Partial area ratio:   77.00
      Required ratio:    0.00 (Gate area) 
      Cumulative area ratio:   83.16
      Required ratio:    0.00 (Cumulative area) 
      Partial area ratio:  416.93
      Required ratio:  400.00 (Side area) (VIOLATED)
      Cumulative area ratio:  443.33
      Required ratio:    0.00 (Cumulative side area) 


  Pin:   _18430_/B (gf180mcu_as_sc_mcu7t3v3__mux2_2)
    Layer: Metal1
      Partial area ratio:    0.02
      Required ratio:    0.00 (Gate area) 
      Cumulative area ratio:    0.02
      Required ratio:    0.00 (Cumulative area) 
      Partial area ratio:    0.92
      Required ratio:  400.00 (Side area) 
      Cumulative area ratio:    0.92
      Required ratio:    0.00 (Cumulative side area) 

    Layer: Via1
      Partial area ratio:    0.10
      Required ratio:   20.00 (Gate area) 
      Cumulative area ratio:    0.10
      Required ratio:    0.00 (Cumulative area) 

    Layer: Metal2
      Partial area ratio:    3.16
      Required ratio:    0.00 (Gate area) 
      Cumulative area ratio:    3.18
      Required ratio:    0.00 (Cumulative area) 
      Partial area ratio:   12.65
      Required ratio:  400.00 (Side area) 
      Cumulative area ratio:   13.57
      Required ratio:    0.00 (Cumulative side area) 

    Layer: Via2
      Partial area ratio:    0.20
      Required ratio:   20.00 (Gate area) 
      Cumulative area ratio:    0.30
      Required ratio:    0.00 (Cumulative area) 

    Layer: Metal3
      Partial area ratio:    0.32
      Required ratio:    0.00 (Gate area) 
      Cumulative area ratio:    3.50
      Required ratio:    0.00 (Cumulative area) 
      Partial area ratio:    2.14
      Required ratio:  400.00 (Side area) 
      Cumulative area ratio:   15.71
      Required ratio:    0.00 (Cumulative side area) 

    Layer: Via3
      Partial area ratio:    0.10
      Required ratio:   20.00 (Gate area) 
      Cumulative area ratio:    0.41
      Required ratio:    0.00 (Cumulative area) 

    Layer: Metal4
      Partial area ratio:    0.16
      Required ratio:    0.00 (Gate area) 
      Cumulative area ratio:    3.66
      Required ratio:    0.00 (Cumulative area) 
      Partial area ratio:    1.07
      Required ratio:  400.00 (Side area) 
      Cumulative area ratio:   16.78
      Required ratio:    0.00 (Cumulative side area) 

    Layer: Via4
      Partial area ratio:    0.10
      Required ratio:   20.00 (Gate area) 
      Cumulative area ratio:    0.51
      Required ratio:    0.00 (Cumulative area) 

    Layer: Metal5
      Partial area ratio:   77.00
      Required ratio:    0.00 (Gate area) 
      Cumulative area ratio:   80.66
      Required ratio:    0.00 (Cumulative area) 
      Partial area ratio:  416.93
      Required ratio:  400.00 (Side area) (VIOLATED)
      Cumulative area ratio:  433.70
      Required ratio:    0.00 (Cumulative side area) 


  Pin:   _20877_/A (gf180mcu_as_sc_mcu7t3v3__mux2_2)
    Layer: Metal1
      Partial area ratio:    0.01
      Required ratio:    0.00 (Gate area) 
      Cumulative area ratio:    0.01
      Required ratio:    0.00 (Cumulative area) 
      Partial area ratio:    0.88
      Required ratio:  400.00 (Side area) 
      Cumulative area ratio:    0.88
      Required ratio:    0.00 (Cumulative side area) 

    Layer: Via1
      Partial area ratio:    0.10
      Required ratio:   20.00 (Gate area) 
      Cumulative area ratio:    0.10
      Required ratio:    0.00 (Cumulative area) 

    Layer: Metal2
      Partial area ratio:    5.12
      Required ratio:    0.00 (Gate area) 
      Cumulative area ratio:    5.13
      Required ratio:    0.00 (Cumulative area) 
      Partial area ratio:   20.19
      Required ratio:  400.00 (Side area) 
      Cumulative area ratio:   21.07
      Required ratio:    0.00 (Cumulative side area) 

    Layer: Via2
      Partial area ratio:    0.20
      Required ratio:   20.00 (Gate area) 
      Cumulative area ratio:    0.30
      Required ratio:    0.00 (Cumulative area) 

    Layer: Metal3
      Partial area ratio:    0.32
      Required ratio:    0.00 (Gate area) 
      Cumulative area ratio:    5.44
      Required ratio:    0.00 (Cumulative area) 
      Partial area ratio:    2.14
      Required ratio:  400.00 (Side area) 
      Cumulative area ratio:   23.21
      Required ratio:    0.00 (Cumulative side area) 

    Layer: Via3
      Partial area ratio:    0.10
      Required ratio:   20.00 (Gate area) 
      Cumulative area ratio:    0.41
      Required ratio:    0.00 (Cumulative area) 

    Layer: Metal4
      Partial area ratio:   32.18
      Required ratio:    0.00 (Gate area) 
      Cumulative area ratio:   37.63
      Required ratio:    0.00 (Cumulative area) 
      Partial area ratio:  124.29
      Required ratio:  400.00 (Side area) 
      Cumulative area ratio:  147.49
      Required ratio:    0.00 (Cumulative side area) 

    Layer: Via4
      Partial area ratio:    0.10
      Required ratio:    0.00 (Gate area) 
      Cumulative area ratio:    0.51
      Required ratio:    0.00 (Cumulative area) 

    Layer: Metal5
      Partial area ratio:   77.00
      Required ratio:    0.00 (Gate area) 
      Cumulative area ratio:  114.63
      Required ratio:    0.00 (Cumulative area) 
      Partial area ratio:  416.93
      Required ratio:  400.00 (Side area) (VIOLATED)
      Cumulative area ratio:  564.42
      Required ratio:    0.00 (Cumulative side area) 



Net: _02289_
  Pin:   _11300_/A (gf180mcu_as_sc_mcu7t3v3__nor2b_2)
    Layer: Via1
      Partial area ratio:    0.10
      Required ratio:   20.00 (Gate area) 
      Cumulative area ratio:    0.10
      Required ratio:    0.00 (Cumulative area) 

    Layer: Metal2
      Partial area ratio:    2.34
      Required ratio:    0.00 (Gate area) 
      Cumulative area ratio:    2.34
      Required ratio:    0.00 (Cumulative area) 
      Partial area ratio:    9.49
      Required ratio:  400.00 (Side area) 
      Cumulative area ratio:    9.49
      Required ratio:    0.00 (Cumulative side area) 

    Layer: Via2
      Partial area ratio:    0.20
      Required ratio:   20.00 (Gate area) 
      Cumulative area ratio:    0.30
      Required ratio:    0.00 (Cumulative area) 

    Layer: Metal3
      Partial area ratio:    7.38
      Required ratio:    0.00 (Gate area) 
      Cumulative area ratio:    9.72
      Required ratio:    0.00 (Cumulative area) 
      Partial area ratio:   29.37
      Required ratio:  400.00 (Side area) 
      Cumulative area ratio:   38.86
      Required ratio:    0.00 (Cumulative side area) 

    Layer: Via3
      Partial area ratio:    0.10
      Required ratio:   20.00 (Gate area) 
      Cumulative area ratio:    0.41
      Required ratio:    0.00 (Cumulative area) 

    Layer: Metal4
      Partial area ratio:  169.61
      Required ratio:    0.00 (Gate area) 
      Cumulative area ratio:  179.33
      Required ratio:    0.00 (Cumulative area) 
      Partial area ratio:  654.68
      Required ratio:  400.00 (Side area) (VIOLATED)
      Cumulative area ratio:  693.53
      Required ratio:    0.00 (Cumulative side area) 

    Layer: Via4
      Partial area ratio:    0.10
      Required ratio:   20.00 (Gate area) 
      Cumulative area ratio:    0.51
      Required ratio:    0.00 (Cumulative area) 

    Layer: Metal5
      Partial area ratio:    1.20
      Required ratio:    0.00 (Gate area) 
      Cumulative area ratio:  180.54
      Required ratio:    0.00 (Cumulative area) 
      Partial area ratio:    6.82
      Required ratio:  400.00 (Side area) 
      Cumulative area ratio:  700.36
      Required ratio:    0.00 (Cumulative side area) 



Net: _02345_
  Pin:   _11357_/B (gf180mcu_as_sc_mcu7t3v3__mux2_2)
    Layer: Metal1
      Partial area ratio:    0.02
      Required ratio:    0.00 (Gate area) 
      Cumulative area ratio:    0.02
      Required ratio:    0.00 (Cumulative area) 
      Partial area ratio:    0.92
      Required ratio:  400.00 (Side area) 
      Cumulative area ratio:    0.92
      Required ratio:    0.00 (Cumulative side area) 

    Layer: Via1
      Partial area ratio:    0.10
      Required ratio:   20.00 (Gate area) 
      Cumulative area ratio:    0.10
      Required ratio:    0.00 (Cumulative area) 

    Layer: Metal2
      Partial area ratio:  113.95
      Required ratio:    0.00 (Gate area) 
      Cumulative area ratio:  113.96
      Required ratio:    0.00 (Cumulative area) 
      Partial area ratio:  439.96
      Required ratio:  400.00 (Side area) (VIOLATED)
      Cumulative area ratio:  440.88
      Required ratio:    0.00 (Cumulative side area) 

    Layer: Via2
      Partial area ratio:    0.20
      Required ratio:   20.00 (Gate area) 
      Cumulative area ratio:    0.30
      Required ratio:    0.00 (Cumulative area) 

    Layer: Metal3
      Partial area ratio:    3.85
      Required ratio:    0.00 (Gate area) 
      Cumulative area ratio:  117.81
      Required ratio:    0.00 (Cumulative area) 
      Partial area ratio:   15.75
      Required ratio:  400.00 (Side area) 
      Cumulative area ratio:  456.63
      Required ratio:    0.00 (Cumulative side area) 

    Layer: Via3
      Partial area ratio:    0.10
      Required ratio:   20.00 (Gate area) 
      Cumulative area ratio:    0.41
      Required ratio:    0.00 (Cumulative area) 

    Layer: Metal4
      Partial area ratio:    6.58
      Required ratio:    0.00 (Gate area) 
      Cumulative area ratio:  124.39
      Required ratio:    0.00 (Cumulative area) 
      Partial area ratio:   25.48
      Required ratio:  400.00 (Side area) 
      Cumulative area ratio:  482.11
      Required ratio:    0.00 (Cumulative side area) 



Net: en_pe_d
  Pin:   _11428_/B (gf180mcu_as_sc_mcu7t3v3__nor2_2)
    Layer: Via1
      Partial area ratio:    0.05
      Required ratio:   20.00 (Gate area) 
      Cumulative area ratio:    0.05
      Required ratio:    0.00 (Cumulative area) 

    Layer: Metal2
      Partial area ratio:    1.98
      Required ratio:    0.00 (Gate area) 
      Cumulative area ratio:    1.98
      Required ratio:    0.00 (Cumulative area) 
      Partial area ratio:    7.87
      Required ratio:  400.00 (Side area) 
      Cumulative area ratio:    7.87
      Required ratio:    0.00 (Cumulative side area) 

    Layer: Via2
      Partial area ratio:    0.10
      Required ratio:   20.00 (Gate area) 
      Cumulative area ratio:    0.15
      Required ratio:    0.00 (Cumulative area) 

    Layer: Metal3
      Partial area ratio:    4.87
      Required ratio:    0.00 (Gate area) 
      Cumulative area ratio:    6.85
      Required ratio:    0.00 (Cumulative area) 
      Partial area ratio:   19.13
      Required ratio:  400.00 (Side area) 
      Cumulative area ratio:   27.00
      Required ratio:    0.00 (Cumulative side area) 


  Pin:   _12049_/A (gf180mcu_as_sc_mcu7t3v3__and2_2)
    Layer: Via1
      Partial area ratio:    0.10
      Required ratio:   20.00 (Gate area) 
      Cumulative area ratio:    0.10
      Required ratio:    0.00 (Cumulative area) 

    Layer: Metal2
      Partial area ratio:    2.11
      Required ratio:    0.00 (Gate area) 
      Cumulative area ratio:    2.11
      Required ratio:    0.00 (Cumulative area) 
      Partial area ratio:    8.24
      Required ratio:  400.00 (Side area) 
      Cumulative area ratio:    8.24
      Required ratio:    0.00 (Cumulative side area) 

    Layer: Via2
      Partial area ratio:    0.30
      Required ratio:    0.00 (Gate area) 
      Cumulative area ratio:    0.41
      Required ratio:    0.00 (Cumulative area) 

    Layer: Metal3
      Partial area ratio:    4.87
      Required ratio:    0.00 (Gate area) 
      Cumulative area ratio:    6.98
      Required ratio:    0.00 (Cumulative area) 
      Partial area ratio:   19.13
      Required ratio:  400.00 (Side area) 
      Cumulative area ratio:   27.37
      Required ratio:    0.00 (Cumulative side area) 


  Pin:   _13908_/A (gf180mcu_as_sc_mcu7t3v3__and2_2)
    Layer: Via1
      Partial area ratio:    0.10
      Required ratio:   20.00 (Gate area) 
      Cumulative area ratio:    0.10
      Required ratio:    0.00 (Cumulative area) 

    Layer: Metal2
      Partial area ratio:    1.57
      Required ratio:    0.00 (Gate area) 
      Cumulative area ratio:    1.57
      Required ratio:    0.00 (Cumulative area) 
      Partial area ratio:    6.41
      Required ratio:  400.00 (Side area) 
      Cumulative area ratio:    6.41
      Required ratio:    0.00 (Cumulative side area) 

    Layer: Via2
      Partial area ratio:    0.17
      Required ratio:   20.00 (Gate area) 
      Cumulative area ratio:    0.28
      Required ratio:    0.00 (Cumulative area) 

    Layer: Metal3
      Partial area ratio:    4.87
      Required ratio:    0.00 (Gate area) 
      Cumulative area ratio:    6.44
      Required ratio:    0.00 (Cumulative area) 
      Partial area ratio:   19.13
      Required ratio:  400.00 (Side area) 
      Cumulative area ratio:   25.54
      Required ratio:    0.00 (Cumulative side area) 


  Pin:   _16412_/A (gf180mcu_as_sc_mcu7t3v3__and2_2)
    Layer: Via1
      Partial area ratio:    0.10
      Required ratio:   20.00 (Gate area) 
      Cumulative area ratio:    0.10
      Required ratio:    0.00 (Cumulative area) 

    Layer: Metal2
      Partial area ratio:  108.08
      Required ratio:    0.00 (Gate area) 
      Cumulative area ratio:  108.08
      Required ratio:    0.00 (Cumulative area) 
      Partial area ratio:  417.33
      Required ratio:  400.00 (Side area) (VIOLATED)
      Cumulative area ratio:  417.33
      Required ratio:    0.00 (Cumulative side area) 

    Layer: Via2
      Partial area ratio:    0.41
      Required ratio:   20.00 (Gate area) 
      Cumulative area ratio:    0.51
      Required ratio:    0.00 (Cumulative area) 

    Layer: Metal3
      Partial area ratio:    4.87
      Required ratio:    0.00 (Gate area) 
      Cumulative area ratio:  112.94
      Required ratio:    0.00 (Cumulative area) 
      Partial area ratio:   19.13
      Required ratio:  400.00 (Side area) 
      Cumulative area ratio:  436.46
      Required ratio:    0.00 (Cumulative side area) 


  Pin:   _18872_/A (gf180mcu_as_sc_mcu7t3v3__and2_2)
    Layer: Via1
      Partial area ratio:    0.10
      Required ratio:   20.00 (Gate area) 
      Cumulative area ratio:    0.10
      Required ratio:    0.00 (Cumulative area) 

    Layer: Metal2
      Partial area ratio:    1.90
      Required ratio:    0.00 (Gate area) 
      Cumulative area ratio:    1.90
      Required ratio:    0.00 (Cumulative area) 
      Partial area ratio:    7.78
      Required ratio:  400.00 (Side area) 
      Cumulative area ratio:    7.78
      Required ratio:    0.00 (Cumulative side area) 

    Layer: Via2
      Partial area ratio:    0.20
      Required ratio:   20.00 (Gate area) 
      Cumulative area ratio:    0.30
      Required ratio:    0.00 (Cumulative area) 

    Layer: Metal3
      Partial area ratio:    4.87
      Required ratio:    0.00 (Gate area) 
      Cumulative area ratio:    6.76
      Required ratio:    0.00 (Cumulative area) 
      Partial area ratio:   19.13
      Required ratio:  400.00 (Side area) 
      Cumulative area ratio:   26.91
      Required ratio:    0.00 (Cumulative side area) 



Net: k_idx\[3\]
  Pin:   hold1371/A (gf180mcu_as_sc_mcu7t3v3__dlybuff_2)
    Layer: Via1
      Partial area ratio:    0.25
      Required ratio:   20.00 (Gate area) 
      Cumulative area ratio:    0.25
      Required ratio:    0.00 (Cumulative area) 

    Layer: Metal2
      Partial area ratio:    3.08
      Required ratio:    0.00 (Gate area) 
      Cumulative area ratio:    3.08
      Required ratio:    0.00 (Cumulative area) 
      Partial area ratio:   12.61
      Required ratio:  400.00 (Side area) 
      Cumulative area ratio:   12.61
      Required ratio:    0.00 (Cumulative side area) 

    Layer: Via2
      Partial area ratio:    0.51
      Required ratio:   20.00 (Gate area) 
      Cumulative area ratio:    0.76
      Required ratio:    0.00 (Cumulative area) 

    Layer: Metal3
      Partial area ratio:  221.85
      Required ratio:    0.00 (Gate area) 
      Cumulative area ratio:  224.93
      Required ratio:    0.00 (Cumulative area) 
      Partial area ratio:  856.45
      Required ratio:  400.00 (Side area) (VIOLATED)
      Cumulative area ratio:  869.05
      Required ratio:    0.00 (Cumulative side area) 

    Layer: Via3
      Partial area ratio:    0.25
      Required ratio:   20.00 (Gate area) 
      Cumulative area ratio:    1.02
      Required ratio:    0.00 (Cumulative area) 

    Layer: Metal4
      Partial area ratio:   44.72
      Required ratio:    0.00 (Gate area) 
      Cumulative area ratio:  269.65
      Required ratio:    0.00 (Cumulative area) 
      Partial area ratio:  173.61
      Required ratio:  400.00 (Side area) 
      Cumulative area ratio: 1042.67
      Required ratio:    0.00 (Cumulative side area) 

    Layer: Via4
      Partial area ratio:    0.25
      Required ratio:   20.00 (Gate area) 
      Cumulative area ratio:    1.27
      Required ratio:    0.00 (Cumulative area) 

    Layer: Metal5
      Partial area ratio:    6.81
      Required ratio:    0.00 (Gate area) 
      Cumulative area ratio:  276.46
      Required ratio:    0.00 (Cumulative area) 
      Partial area ratio:   37.23
      Required ratio:  400.00 (Side area) 
      Cumulative area ratio: 1079.90
      Required ratio:    0.00 (Cumulative side area) 



Net: u_a_buffer.GEN_SRAM.GEN_A_ROWS\[2\].sram_q_raw\[6\]
  Pin:   fanout583/A (gf180mcu_as_sc_mcu7t3v3__buff_2)
    Layer: Via1
      Partial area ratio:    0.10
      Required ratio:   20.00 (Gate area) 
      Cumulative area ratio:    0.10
      Required ratio:    0.00 (Cumulative area) 

    Layer: Metal2
      Partial area ratio:   57.29
      Required ratio:    0.00 (Gate area) 
      Cumulative area ratio:   57.29
      Required ratio:    0.00 (Cumulative area) 
      Partial area ratio:  221.41
      Required ratio:  400.00 (Side area) 
      Cumulative area ratio:  221.41
      Required ratio:    0.00 (Cumulative side area) 

    Layer: Via2
      Partial area ratio:    0.30
      Required ratio:   20.00 (Gate area) 
      Cumulative area ratio:    0.41
      Required ratio:    0.00 (Cumulative area) 

    Layer: Metal3
      Partial area ratio:  127.54
      Required ratio:    0.00 (Gate area) 
      Cumulative area ratio:  184.82
      Required ratio:    0.00 (Cumulative area) 
      Partial area ratio:  493.29
      Required ratio:  400.00 (Side area) (VIOLATED)
      Cumulative area ratio:  714.71
      Required ratio:    0.00 (Cumulative side area) 

    Layer: Via3
      Partial area ratio:    0.20
      Required ratio:   20.00 (Gate area) 
      Cumulative area ratio:    0.61
      Required ratio:    0.00 (Cumulative area) 

    Layer: Metal4
      Partial area ratio:  279.23
      Required ratio:    0.00 (Gate area) 
      Cumulative area ratio:  464.05
      Required ratio:    0.00 (Cumulative area) 
      Partial area ratio: 1077.93
      Required ratio:  400.00 (Side area) (VIOLATED)
      Cumulative area ratio: 1792.63
      Required ratio:    0.00 (Cumulative side area) 

    Layer: Via4
      Partial area ratio:    0.20
      Required ratio:   20.00 (Gate area) 
      Cumulative area ratio:    0.81
      Required ratio:    0.00 (Cumulative area) 

    Layer: Metal5
      Partial area ratio:    2.81
      Required ratio:    0.00 (Gate area) 
      Cumulative area ratio:  466.86
      Required ratio:    0.00 (Cumulative area) 
      Partial area ratio:   15.39
      Required ratio:  400.00 (Side area) 
      Cumulative area ratio: 1808.02
      Required ratio:    0.00 (Cumulative side area) 


  Pin:   fanout586/A (gf180mcu_as_sc_mcu7t3v3__buff_2)
    Layer: Via1
      Partial area ratio:    0.10
      Required ratio:   20.00 (Gate area) 
      Cumulative area ratio:    0.10
      Required ratio:    0.00 (Cumulative area) 

    Layer: Metal2
      Partial area ratio:    1.02
      Required ratio:    0.00 (Gate area) 
      Cumulative area ratio:    1.02
      Required ratio:    0.00 (Cumulative area) 
      Partial area ratio:    4.40
      Required ratio:  400.00 (Side area) 
      Cumulative area ratio:    4.40
      Required ratio:    0.00 (Cumulative side area) 

    Layer: Via2
      Partial area ratio:    0.20
      Required ratio:   20.00 (Gate area) 
      Cumulative area ratio:    0.30
      Required ratio:    0.00 (Cumulative area) 

    Layer: Metal3
      Partial area ratio:    0.32
      Required ratio:    0.00 (Gate area) 
      Cumulative area ratio:    1.34
      Required ratio:    0.00 (Cumulative area) 
      Partial area ratio:    2.14
      Required ratio:  400.00 (Side area) 
      Cumulative area ratio:    6.54
      Required ratio:    0.00 (Cumulative side area) 

    Layer: Via3
      Partial area ratio:    0.10
      Required ratio:   20.00 (Gate area) 
      Cumulative area ratio:    0.41
      Required ratio:    0.00 (Cumulative area) 

    Layer: Metal4
      Partial area ratio:    0.16
      Required ratio:    0.00 (Gate area) 
      Cumulative area ratio:    1.50
      Required ratio:    0.00 (Cumulative area) 
      Partial area ratio:    1.07
      Required ratio:  400.00 (Side area) 
      Cumulative area ratio:    7.60
      Required ratio:    0.00 (Cumulative side area) 

    Layer: Via4
      Partial area ratio:    0.10
      Required ratio:   20.00 (Gate area) 
      Cumulative area ratio:    0.51
      Required ratio:    0.00 (Cumulative area) 

    Layer: Metal5
      Partial area ratio:    2.81
      Required ratio:    0.00 (Gate area) 
      Cumulative area ratio:    4.31
      Required ratio:    0.00 (Cumulative area) 
      Partial area ratio:   15.39
      Required ratio:  400.00 (Side area) 
      Cumulative area ratio:   22.99
      Required ratio:    0.00 (Cumulative side area) 



Net: u_a_buffer.GEN_SRAM.GEN_A_ROWS\[3\].sram_q_raw\[1\]
  Pin:   _15932_/A (gf180mcu_as_sc_mcu7t3v3__nand2b_2)
    Layer: Via1
      Partial area ratio:    0.10
      Required ratio:   20.00 (Gate area) 
      Cumulative area ratio:    0.10
      Required ratio:    0.00 (Cumulative area) 

    Layer: Metal2
      Partial area ratio:    1.69
      Required ratio:    0.00 (Gate area) 
      Cumulative area ratio:    1.69
      Required ratio:    0.00 (Cumulative area) 
      Partial area ratio:    6.98
      Required ratio:  400.00 (Side area) 
      Cumulative area ratio:    6.98
      Required ratio:    0.00 (Cumulative side area) 

    Layer: Via2
      Partial area ratio:    0.20
      Required ratio:   20.00 (Gate area) 
      Cumulative area ratio:    0.30
      Required ratio:    0.00 (Cumulative area) 

    Layer: Metal3
      Partial area ratio:   21.50
      Required ratio:    0.00 (Gate area) 
      Cumulative area ratio:   23.19
      Required ratio:    0.00 (Cumulative area) 
      Partial area ratio:   83.82
      Required ratio:  400.00 (Side area) 
      Cumulative area ratio:   90.80
      Required ratio:    0.00 (Cumulative side area) 

    Layer: Via3
      Partial area ratio:    0.10
      Required ratio:   20.00 (Gate area) 
      Cumulative area ratio:    0.41
      Required ratio:    0.00 (Cumulative area) 

    Layer: Metal4
      Partial area ratio:   46.92
      Required ratio:    0.00 (Gate area) 
      Cumulative area ratio:   70.11
      Required ratio:    0.00 (Cumulative area) 
      Partial area ratio:  181.30
      Required ratio:  400.00 (Side area) 
      Cumulative area ratio:  272.11
      Required ratio:    0.00 (Cumulative side area) 

    Layer: Via4
      Partial area ratio:    0.03
      Required ratio:   20.00 (Gate area) 
      Cumulative area ratio:    0.43
      Required ratio:    0.00 (Cumulative area) 

    Layer: Metal5
      Partial area ratio:    0.29
      Required ratio:    0.00 (Gate area) 
      Cumulative area ratio:   70.40
      Required ratio:    0.00 (Cumulative area) 
      Partial area ratio:    1.66
      Required ratio:  400.00 (Side area) 
      Cumulative area ratio:  273.77
      Required ratio:    0.00 (Cumulative side area) 


  Pin:   fanout565/A (gf180mcu_as_sc_mcu7t3v3__buff_2)
    Layer: Via1
      Partial area ratio:    0.10
      Required ratio:   20.00 (Gate area) 
      Cumulative area ratio:    0.10
      Required ratio:    0.00 (Cumulative area) 

    Layer: Metal2
      Partial area ratio:    3.41
      Required ratio:    0.00 (Gate area) 
      Cumulative area ratio:    3.41
      Required ratio:    0.00 (Cumulative area) 
      Partial area ratio:   13.60
      Required ratio:  400.00 (Side area) 
      Cumulative area ratio:   13.60
      Required ratio:    0.00 (Cumulative side area) 

    Layer: Via2
      Partial area ratio:    0.20
      Required ratio:   20.00 (Gate area) 
      Cumulative area ratio:    0.30
      Required ratio:    0.00 (Cumulative area) 

    Layer: Metal3
      Partial area ratio:   37.30
      Required ratio:    0.00 (Gate area) 
      Cumulative area ratio:   40.71
      Required ratio:    0.00 (Cumulative area) 
      Partial area ratio:  144.55
      Required ratio:  400.00 (Side area) 
      Cumulative area ratio:  158.15
      Required ratio:    0.00 (Cumulative side area) 

    Layer: Via3
      Partial area ratio:    0.10
      Required ratio:   20.00 (Gate area) 
      Cumulative area ratio:    0.41
      Required ratio:    0.00 (Cumulative area) 

    Layer: Metal4
      Partial area ratio:   46.92
      Required ratio:    0.00 (Gate area) 
      Cumulative area ratio:   87.62
      Required ratio:    0.00 (Cumulative area) 
      Partial area ratio:  181.30
      Required ratio:  400.00 (Side area) 
      Cumulative area ratio:  339.45
      Required ratio:    0.00 (Cumulative side area) 

    Layer: Via4
      Partial area ratio:    0.03
      Required ratio:   20.00 (Gate area) 
      Cumulative area ratio:    0.43
      Required ratio:    0.00 (Cumulative area) 

    Layer: Metal5
      Partial area ratio:    0.29
      Required ratio:    0.00 (Gate area) 
      Cumulative area ratio:   87.92
      Required ratio:    0.00 (Cumulative area) 
      Partial area ratio:    1.66
      Required ratio:  400.00 (Side area) 
      Cumulative area ratio:  341.11
      Required ratio:    0.00 (Cumulative side area) 


  Pin:   fanout566/A (gf180mcu_as_sc_mcu7t3v3__buff_2)
    Layer: Via1
      Partial area ratio:    0.10
      Required ratio:   20.00 (Gate area) 
      Cumulative area ratio:    0.10
      Required ratio:    0.00 (Cumulative area) 

    Layer: Metal2
      Partial area ratio:    2.91
      Required ratio:    0.00 (Gate area) 
      Cumulative area ratio:    2.91
      Required ratio:    0.00 (Cumulative area) 
      Partial area ratio:   11.68
      Required ratio:  400.00 (Side area) 
      Cumulative area ratio:   11.68
      Required ratio:    0.00 (Cumulative side area) 

    Layer: Via2
      Partial area ratio:    0.20
      Required ratio:   20.00 (Gate area) 
      Cumulative area ratio:    0.30
      Required ratio:    0.00 (Cumulative area) 

    Layer: Metal3
      Partial area ratio:   37.30
      Required ratio:    0.00 (Gate area) 
      Cumulative area ratio:   40.21
      Required ratio:    0.00 (Cumulative area) 
      Partial area ratio:  144.55
      Required ratio:  400.00 (Side area) 
      Cumulative area ratio:  156.23
      Required ratio:    0.00 (Cumulative side area) 

    Layer: Via3
      Partial area ratio:    0.10
      Required ratio:   20.00 (Gate area) 
      Cumulative area ratio:    0.41
      Required ratio:    0.00 (Cumulative area) 

    Layer: Metal4
      Partial area ratio:   46.92
      Required ratio:    0.00 (Gate area) 
      Cumulative area ratio:   87.12
      Required ratio:    0.00 (Cumulative area) 
      Partial area ratio:  181.30
      Required ratio:  400.00 (Side area) 
      Cumulative area ratio:  337.53
      Required ratio:    0.00 (Cumulative side area) 

    Layer: Via4
      Partial area ratio:    0.03
      Required ratio:   20.00 (Gate area) 
      Cumulative area ratio:    0.43
      Required ratio:    0.00 (Cumulative area) 

    Layer: Metal5
      Partial area ratio:    0.29
      Required ratio:    0.00 (Gate area) 
      Cumulative area ratio:   87.42
      Required ratio:    0.00 (Cumulative area) 
      Partial area ratio:    1.66
      Required ratio:  400.00 (Side area) 
      Cumulative area ratio:  339.19
      Required ratio:    0.00 (Cumulative side area) 


  Pin:   fanout567/A (gf180mcu_as_sc_mcu7t3v3__buff_2)
    Layer: Via1
      Partial area ratio:    0.10
      Required ratio:   20.00 (Gate area) 
      Cumulative area ratio:    0.10
      Required ratio:    0.00 (Cumulative area) 

    Layer: Metal2
      Partial area ratio:    2.88
      Required ratio:    0.00 (Gate area) 
      Cumulative area ratio:    2.88
      Required ratio:    0.00 (Cumulative area) 
      Partial area ratio:   11.55
      Required ratio:  400.00 (Side area) 
      Cumulative area ratio:   11.55
      Required ratio:    0.00 (Cumulative side area) 

    Layer: Via2
      Partial area ratio:    0.20
      Required ratio:   20.00 (Gate area) 
      Cumulative area ratio:    0.30
      Required ratio:    0.00 (Cumulative area) 

    Layer: Metal3
      Partial area ratio:  131.23
      Required ratio:    0.00 (Gate area) 
      Cumulative area ratio:  134.10
      Required ratio:    0.00 (Cumulative area) 
      Partial area ratio:  507.98
      Required ratio:  400.00 (Side area) (VIOLATED)
      Cumulative area ratio:  519.53
      Required ratio:    0.00 (Cumulative side area) 

    Layer: Via3
      Partial area ratio:    0.10
      Required ratio:   20.00 (Gate area) 
      Cumulative area ratio:    0.41
      Required ratio:    0.00 (Cumulative area) 

    Layer: Metal4
      Partial area ratio:   46.92
      Required ratio:    0.00 (Gate area) 
      Cumulative area ratio:  181.02
      Required ratio:    0.00 (Cumulative area) 
      Partial area ratio:  181.30
      Required ratio:  400.00 (Side area) 
      Cumulative area ratio:  700.83
      Required ratio:    0.00 (Cumulative side area) 

    Layer: Via4
      Partial area ratio:    0.03
      Required ratio:   20.00 (Gate area) 
      Cumulative area ratio:    0.43
      Required ratio:    0.00 (Cumulative area) 

    Layer: Metal5
      Partial area ratio:    0.29
      Required ratio:    0.00 (Gate area) 
      Cumulative area ratio:  181.31
      Required ratio:    0.00 (Cumulative area) 
      Partial area ratio:    1.66
      Required ratio:  400.00 (Side area) 
      Cumulative area ratio:  702.49
      Required ratio:    0.00 (Cumulative side area) 



Net: u_a_buffer.GEN_SRAM.GEN_A_ROWS\[3\].sram_q_raw\[2\]
  Pin:   fanout561/A (gf180mcu_as_sc_mcu7t3v3__buff_2)
    Layer: Via1
      Partial area ratio:    0.10
      Required ratio:   20.00 (Gate area) 
      Cumulative area ratio:    0.10
      Required ratio:    0.00 (Cumulative area) 

    Layer: Metal2
      Partial area ratio:    1.23
      Required ratio:    0.00 (Gate area) 
      Cumulative area ratio:    1.23
      Required ratio:    0.00 (Cumulative area) 
      Partial area ratio:    5.20
      Required ratio:  400.00 (Side area) 
      Cumulative area ratio:    5.20
      Required ratio:    0.00 (Cumulative side area) 

    Layer: Via2
      Partial area ratio:    0.20
      Required ratio:   20.00 (Gate area) 
      Cumulative area ratio:    0.30
      Required ratio:    0.00 (Cumulative area) 

    Layer: Metal3
      Partial area ratio:   25.03
      Required ratio:    0.00 (Gate area) 
      Cumulative area ratio:   26.26
      Required ratio:    0.00 (Cumulative area) 
      Partial area ratio:   97.43
      Required ratio:  400.00 (Side area) 
      Cumulative area ratio:  102.63
      Required ratio:    0.00 (Cumulative side area) 

    Layer: Via3
      Partial area ratio:    0.10
      Required ratio:   20.00 (Gate area) 
      Cumulative area ratio:    0.41
      Required ratio:    0.00 (Cumulative area) 

    Layer: Metal4
      Partial area ratio:    7.28
      Required ratio:    0.00 (Gate area) 
      Cumulative area ratio:   33.54
      Required ratio:    0.00 (Cumulative area) 
      Partial area ratio:   28.14
      Required ratio:  400.00 (Side area) 
      Cumulative area ratio:  130.77
      Required ratio:    0.00 (Cumulative side area) 


  Pin:   fanout562/A (gf180mcu_as_sc_mcu7t3v3__buff_2)
    Layer: Via1
      Partial area ratio:    0.10
      Required ratio:   20.00 (Gate area) 
      Cumulative area ratio:    0.10
      Required ratio:    0.00 (Cumulative area) 

    Layer: Metal2
      Partial area ratio:    1.73
      Required ratio:    0.00 (Gate area) 
      Cumulative area ratio:    1.73
      Required ratio:    0.00 (Cumulative area) 
      Partial area ratio:    7.12
      Required ratio:  400.00 (Side area) 
      Cumulative area ratio:    7.12
      Required ratio:    0.00 (Cumulative side area) 

    Layer: Via2
      Partial area ratio:    0.20
      Required ratio:   20.00 (Gate area) 
      Cumulative area ratio:    0.30
      Required ratio:    0.00 (Cumulative area) 

    Layer: Metal3
      Partial area ratio:   25.03
      Required ratio:    0.00 (Gate area) 
      Cumulative area ratio:   26.75
      Required ratio:    0.00 (Cumulative area) 
      Partial area ratio:   97.43
      Required ratio:  400.00 (Side area) 
      Cumulative area ratio:  104.55
      Required ratio:    0.00 (Cumulative side area) 

    Layer: Via3
      Partial area ratio:    0.10
      Required ratio:   20.00 (Gate area) 
      Cumulative area ratio:    0.41
      Required ratio:    0.00 (Cumulative area) 

    Layer: Metal4
      Partial area ratio:    7.28
      Required ratio:    0.00 (Gate area) 
      Cumulative area ratio:   34.04
      Required ratio:    0.00 (Cumulative area) 
      Partial area ratio:   28.14
      Required ratio:  400.00 (Side area) 
      Cumulative area ratio:  132.70
      Required ratio:    0.00 (Cumulative side area) 


  Pin:   fanout563/A (gf180mcu_as_sc_mcu7t3v3__buff_2)
    Layer: Via1
      Partial area ratio:    0.10
      Required ratio:   20.00 (Gate area) 
      Cumulative area ratio:    0.10
      Required ratio:    0.00 (Cumulative area) 

    Layer: Metal2
      Partial area ratio:    6.47
      Required ratio:    0.00 (Gate area) 
      Cumulative area ratio:    6.47
      Required ratio:    0.00 (Cumulative area) 
      Partial area ratio:   25.40
      Required ratio:  400.00 (Side area) 
      Cumulative area ratio:   25.40
      Required ratio:    0.00 (Cumulative side area) 

    Layer: Via2
      Partial area ratio:    0.20
      Required ratio:   20.00 (Gate area) 
      Cumulative area ratio:    0.30
      Required ratio:    0.00 (Cumulative area) 

    Layer: Metal3
      Partial area ratio:  106.20
      Required ratio:    0.00 (Gate area) 
      Cumulative area ratio:  112.67
      Required ratio:    0.00 (Cumulative area) 
      Partial area ratio:  410.54
      Required ratio:  400.00 (Side area) (VIOLATED)
      Cumulative area ratio:  435.94
      Required ratio:    0.00 (Cumulative side area) 

    Layer: Via3
      Partial area ratio:    0.10
      Required ratio:   20.00 (Gate area) 
      Cumulative area ratio:    0.41
      Required ratio:    0.00 (Cumulative area) 

    Layer: Metal4
      Partial area ratio:    7.28
      Required ratio:    0.00 (Gate area) 
      Cumulative area ratio:  119.95
      Required ratio:    0.00 (Cumulative area) 
      Partial area ratio:   28.14
      Required ratio:  400.00 (Side area) 
      Cumulative area ratio:  464.09
      Required ratio:    0.00 (Cumulative side area) 



Net: net271
  Pin:   fanout253/A (gf180mcu_as_sc_mcu7t3v3__buff_2)
    Layer: Via1
      Partial area ratio:    0.10
      Required ratio:   20.00 (Gate area) 
      Cumulative area ratio:    0.10
      Required ratio:    0.00 (Cumulative area) 

    Layer: Metal2
      Partial area ratio:    1.73
      Required ratio:    0.00 (Gate area) 
      Cumulative area ratio:    1.73
      Required ratio:    0.00 (Cumulative area) 
      Partial area ratio:    7.14
      Required ratio:  400.00 (Side area) 
      Cumulative area ratio:    7.14
      Required ratio:    0.00 (Cumulative side area) 

    Layer: Via2
      Partial area ratio:    0.20
      Required ratio:   20.00 (Gate area) 
      Cumulative area ratio:    0.30
      Required ratio:    0.00 (Cumulative area) 

    Layer: Metal3
      Partial area ratio:    3.85
      Required ratio:    0.00 (Gate area) 
      Cumulative area ratio:    5.58
      Required ratio:    0.00 (Cumulative area) 
      Partial area ratio:   15.75
      Required ratio:  400.00 (Side area) 
      Cumulative area ratio:   22.90
      Required ratio:    0.00 (Cumulative side area) 

    Layer: Via3
      Partial area ratio:    0.10
      Required ratio:   20.00 (Gate area) 
      Cumulative area ratio:    0.41
      Required ratio:    0.00 (Cumulative area) 

    Layer: Metal4
      Partial area ratio:   18.46
      Required ratio:    0.00 (Gate area) 
      Cumulative area ratio:   24.05
      Required ratio:    0.00 (Cumulative area) 
      Partial area ratio:   71.35
      Required ratio:  400.00 (Side area) 
      Cumulative area ratio:   94.25
      Required ratio:    0.00 (Cumulative side area) 

    Layer: Via4
      Partial area ratio:    0.03
      Required ratio:    0.00 (Gate area) 
      Cumulative area ratio:    0.44
      Required ratio:    0.00 (Cumulative area) 

    Layer: Metal5
      Partial area ratio:   10.22
      Required ratio:    0.00 (Gate area) 
      Cumulative area ratio:   34.26
      Required ratio:    0.00 (Cumulative area) 
      Partial area ratio:   55.44
      Required ratio:  400.00 (Side area) 
      Cumulative area ratio:  149.69
      Required ratio:    0.00 (Cumulative side area) 


  Pin:   fanout255/A (gf180mcu_as_sc_mcu7t3v3__buff_2)
    Layer: Via1
      Partial area ratio:    0.10
      Required ratio:   20.00 (Gate area) 
      Cumulative area ratio:    0.10
      Required ratio:    0.00 (Cumulative area) 

    Layer: Metal2
      Partial area ratio:    2.64
      Required ratio:    0.00 (Gate area) 
      Cumulative area ratio:    2.64
      Required ratio:    0.00 (Cumulative area) 
      Partial area ratio:   10.64
      Required ratio:  400.00 (Side area) 
      Cumulative area ratio:   10.64
      Required ratio:    0.00 (Cumulative side area) 

    Layer: Via2
      Partial area ratio:    0.20
      Required ratio:   20.00 (Gate area) 
      Cumulative area ratio:    0.30
      Required ratio:    0.00 (Cumulative area) 

    Layer: Metal3
      Partial area ratio:    0.32
      Required ratio:    0.00 (Gate area) 
      Cumulative area ratio:    2.96
      Required ratio:    0.00 (Cumulative area) 
      Partial area ratio:    2.14
      Required ratio:  400.00 (Side area) 
      Cumulative area ratio:   12.78
      Required ratio:    0.00 (Cumulative side area) 

    Layer: Via3
      Partial area ratio:    0.10
      Required ratio:   20.00 (Gate area) 
      Cumulative area ratio:    0.41
      Required ratio:    0.00 (Cumulative area) 

    Layer: Metal4
      Partial area ratio:   24.89
      Required ratio:    0.00 (Gate area) 
      Cumulative area ratio:   27.85
      Required ratio:    0.00 (Cumulative area) 
      Partial area ratio:   96.44
      Required ratio:  400.00 (Side area) 
      Cumulative area ratio:  109.23
      Required ratio:    0.00 (Cumulative side area) 

    Layer: Via4
      Partial area ratio:    0.05
      Required ratio:   20.00 (Gate area) 
      Cumulative area ratio:    0.46
      Required ratio:    0.00 (Cumulative area) 

    Layer: Metal5
      Partial area ratio:   10.22
      Required ratio:    0.00 (Gate area) 
      Cumulative area ratio:   38.06
      Required ratio:    0.00 (Cumulative area) 
      Partial area ratio:   55.44
      Required ratio:  400.00 (Side area) 
      Cumulative area ratio:  164.67
      Required ratio:    0.00 (Cumulative side area) 


  Pin:   fanout259/A (gf180mcu_as_sc_mcu7t3v3__buff_2)
    Layer: Via1
      Partial area ratio:    0.10
      Required ratio:   20.00 (Gate area) 
      Cumulative area ratio:    0.10
      Required ratio:    0.00 (Cumulative area) 

    Layer: Metal2
      Partial area ratio:    1.72
      Required ratio:    0.00 (Gate area) 
      Cumulative area ratio:    1.72
      Required ratio:    0.00 (Cumulative area) 
      Partial area ratio:    7.09
      Required ratio:  400.00 (Side area) 
      Cumulative area ratio:    7.09
      Required ratio:    0.00 (Cumulative side area) 

    Layer: Via2
      Partial area ratio:    0.11
      Required ratio:   20.00 (Gate area) 
      Cumulative area ratio:    0.22
      Required ratio:    0.00 (Cumulative area) 

    Layer: Metal3
      Partial area ratio:  106.22
      Required ratio:    0.00 (Gate area) 
      Cumulative area ratio:  107.94
      Required ratio:    0.00 (Cumulative area) 
      Partial area ratio:  410.60
      Required ratio:  400.00 (Side area) (VIOLATED)
      Cumulative area ratio:  417.68
      Required ratio:    0.00 (Cumulative side area) 

    Layer: Via3
      Partial area ratio:    0.20
      Required ratio:   20.00 (Gate area) 
      Cumulative area ratio:    0.42
      Required ratio:    0.00 (Cumulative area) 

    Layer: Metal4
      Partial area ratio:   24.89
      Required ratio:    0.00 (Gate area) 
      Cumulative area ratio:  132.83
      Required ratio:    0.00 (Cumulative area) 
      Partial area ratio:   96.44
      Required ratio:  400.00 (Side area) 
      Cumulative area ratio:  514.13
      Required ratio:    0.00 (Cumulative side area) 

    Layer: Via4
      Partial area ratio:    0.05
      Required ratio:   20.00 (Gate area) 
      Cumulative area ratio:    0.47
      Required ratio:    0.00 (Cumulative area) 

    Layer: Metal5
      Partial area ratio:   10.22
      Required ratio:    0.00 (Gate area) 
      Cumulative area ratio:  143.05
      Required ratio:    0.00 (Cumulative area) 
      Partial area ratio:   55.44
      Required ratio:  400.00 (Side area) 
      Cumulative area ratio:  569.57
      Required ratio:    0.00 (Cumulative side area) 


  Pin:   fanout264/A (gf180mcu_as_sc_mcu7t3v3__buff_2)
    Layer: Via1
      Partial area ratio:    0.10
      Required ratio:   20.00 (Gate area) 
      Cumulative area ratio:    0.10
      Required ratio:    0.00 (Cumulative area) 

    Layer: Metal2
      Partial area ratio:    1.49
      Required ratio:    0.00 (Gate area) 
      Cumulative area ratio:    1.49
      Required ratio:    0.00 (Cumulative area) 
      Partial area ratio:    6.18
      Required ratio:  400.00 (Side area) 
      Cumulative area ratio:    6.18
      Required ratio:    0.00 (Cumulative side area) 

    Layer: Via2
      Partial area ratio:    0.11
      Required ratio:   20.00 (Gate area) 
      Cumulative area ratio:    0.22
      Required ratio:    0.00 (Cumulative area) 

    Layer: Metal3
      Partial area ratio:   18.03
      Required ratio:    0.00 (Gate area) 
      Cumulative area ratio:   19.52
      Required ratio:    0.00 (Cumulative area) 
      Partial area ratio:   69.86
      Required ratio:  400.00 (Side area) 
      Cumulative area ratio:   76.03
      Required ratio:    0.00 (Cumulative side area) 

    Layer: Via3
      Partial area ratio:    0.05
      Required ratio:    0.00 (Gate area) 
      Cumulative area ratio:    0.27
      Required ratio:    0.00 (Cumulative area) 

    Layer: Metal4
      Partial area ratio:   18.46
      Required ratio:    0.00 (Gate area) 
      Cumulative area ratio:   37.98
      Required ratio:    0.00 (Cumulative area) 
      Partial area ratio:   71.35
      Required ratio:  400.00 (Side area) 
      Cumulative area ratio:  147.39
      Required ratio:    0.00 (Cumulative side area) 

    Layer: Via4
      Partial area ratio:    0.03
      Required ratio:    0.00 (Gate area) 
      Cumulative area ratio:    0.30
      Required ratio:    0.00 (Cumulative area) 

    Layer: Metal5
      Partial area ratio:   10.22
      Required ratio:    0.00 (Gate area) 
      Cumulative area ratio:   48.20
      Required ratio:    0.00 (Cumulative area) 
      Partial area ratio:   55.44
      Required ratio:  400.00 (Side area) 
      Cumulative area ratio:  202.83
      Required ratio:    0.00 (Cumulative side area) 


  Pin:   fanout270/A (gf180mcu_as_sc_mcu7t3v3__buff_2)
    Layer: Via1
      Partial area ratio:    0.10
      Required ratio:   20.00 (Gate area) 
      Cumulative area ratio:    0.10
      Required ratio:    0.00 (Cumulative area) 

    Layer: Metal2
      Partial area ratio:    0.31
      Required ratio:    0.00 (Gate area) 
      Cumulative area ratio:    0.31
      Required ratio:    0.00 (Cumulative area) 
      Partial area ratio:    1.64
      Required ratio:  400.00 (Side area) 
      Cumulative area ratio:    1.64
      Required ratio:    0.00 (Cumulative side area) 

    Layer: Via2
      Partial area ratio:    0.11
      Required ratio:   20.00 (Gate area) 
      Cumulative area ratio:    0.22
      Required ratio:    0.00 (Cumulative area) 

    Layer: Metal3
      Partial area ratio:   18.03
      Required ratio:    0.00 (Gate area) 
      Cumulative area ratio:   18.34
      Required ratio:    0.00 (Cumulative area) 
      Partial area ratio:   69.86
      Required ratio:  400.00 (Side area) 
      Cumulative area ratio:   71.50
      Required ratio:    0.00 (Cumulative side area) 

    Layer: Via3
      Partial area ratio:    0.05
      Required ratio:    0.00 (Gate area) 
      Cumulative area ratio:    0.27
      Required ratio:    0.00 (Cumulative area) 

    Layer: Metal4
      Partial area ratio:   18.46
      Required ratio:    0.00 (Gate area) 
      Cumulative area ratio:   36.81
      Required ratio:    0.00 (Cumulative area) 
      Partial area ratio:   71.35
      Required ratio:  400.00 (Side area) 
      Cumulative area ratio:  142.85
      Required ratio:    0.00 (Cumulative side area) 

    Layer: Via4
      Partial area ratio:    0.03
      Required ratio:    0.00 (Gate area) 
      Cumulative area ratio:    0.30
      Required ratio:    0.00 (Cumulative area) 

    Layer: Metal5
      Partial area ratio:   10.22
      Required ratio:    0.00 (Gate area) 
      Cumulative area ratio:   47.02
      Required ratio:    0.00 (Cumulative area) 
      Partial area ratio:   55.44
      Required ratio:  400.00 (Side area) 
      Cumulative area ratio:  198.29
      Required ratio:    0.00 (Cumulative side area) 



Net: net336
  Pin:   fanout321/A (gf180mcu_as_sc_mcu7t3v3__buff_2)
    Layer: Via1
      Partial area ratio:    0.10
      Required ratio:   20.00 (Gate area) 
      Cumulative area ratio:    0.10
      Required ratio:    0.00 (Cumulative area) 

    Layer: Metal2
      Partial area ratio:    0.97
      Required ratio:    0.00 (Gate area) 
      Cumulative area ratio:    0.97
      Required ratio:    0.00 (Cumulative area) 
      Partial area ratio:    3.85
      Required ratio:  400.00 (Side area) 
      Cumulative area ratio:    3.85
      Required ratio:    0.00 (Cumulative side area) 

    Layer: Via2
      Partial area ratio:    0.30
      Required ratio:    0.00 (Gate area) 
      Cumulative area ratio:    0.41
      Required ratio:    0.00 (Cumulative area) 

    Layer: Metal3
      Partial area ratio:    0.10
      Required ratio:    0.00 (Gate area) 
      Cumulative area ratio:    1.07
      Required ratio:    0.00 (Cumulative area) 
      Partial area ratio:    0.68
      Required ratio:  400.00 (Side area) 
      Cumulative area ratio:    4.53
      Required ratio:    0.00 (Cumulative side area) 

    Layer: Via3
      Partial area ratio:    0.10
      Required ratio:    0.00 (Gate area) 
      Cumulative area ratio:    0.51
      Required ratio:    0.00 (Cumulative area) 

    Layer: Metal4
      Partial area ratio:   10.57
      Required ratio:    0.00 (Gate area) 
      Cumulative area ratio:   11.64
      Required ratio:    0.00 (Cumulative area) 
      Partial area ratio:   40.95
      Required ratio:  400.00 (Side area) 
      Cumulative area ratio:   45.48
      Required ratio:    0.00 (Cumulative side area) 

    Layer: Via4
      Partial area ratio:    0.10
      Required ratio:    0.00 (Gate area) 
      Cumulative area ratio:    0.61
      Required ratio:    0.00 (Cumulative area) 

    Layer: Metal5
      Partial area ratio:   10.10
      Required ratio:    0.00 (Gate area) 
      Cumulative area ratio:   21.74
      Required ratio:    0.00 (Cumulative area) 
      Partial area ratio:   54.85
      Required ratio:  400.00 (Side area) 
      Cumulative area ratio:  100.33
      Required ratio:    0.00 (Cumulative side area) 


  Pin:   fanout325/A (gf180mcu_as_sc_mcu7t3v3__buff_2)
    Layer: Via1
      Partial area ratio:    0.10
      Required ratio:   20.00 (Gate area) 
      Cumulative area ratio:    0.10
      Required ratio:    0.00 (Cumulative area) 

    Layer: Metal2
      Partial area ratio:    2.20
      Required ratio:    0.00 (Gate area) 
      Cumulative area ratio:    2.20
      Required ratio:    0.00 (Cumulative area) 
      Partial area ratio:    8.96
      Required ratio:  400.00 (Side area) 
      Cumulative area ratio:    8.96
      Required ratio:    0.00 (Cumulative side area) 

    Layer: Via2
      Partial area ratio:    0.20
      Required ratio:   20.00 (Gate area) 
      Cumulative area ratio:    0.30
      Required ratio:    0.00 (Cumulative area) 

    Layer: Metal3
      Partial area ratio:  116.79
      Required ratio:    0.00 (Gate area) 
      Cumulative area ratio:  118.99
      Required ratio:    0.00 (Cumulative area) 
      Partial area ratio:  451.38
      Required ratio:  400.00 (Side area) (VIOLATED)
      Cumulative area ratio:  460.34
      Required ratio:    0.00 (Cumulative side area) 

    Layer: Via3
      Partial area ratio:    0.20
      Required ratio:   20.00 (Gate area) 
      Cumulative area ratio:    0.51
      Required ratio:    0.00 (Cumulative area) 

    Layer: Metal4
      Partial area ratio:   42.55
      Required ratio:    0.00 (Gate area) 
      Cumulative area ratio:  161.55
      Required ratio:    0.00 (Cumulative area) 
      Partial area ratio:  164.59
      Required ratio:  400.00 (Side area) 
      Cumulative area ratio:  624.93
      Required ratio:    0.00 (Cumulative side area) 

    Layer: Via4
      Partial area ratio:    0.03
      Required ratio:   20.00 (Gate area) 
      Cumulative area ratio:    0.54
      Required ratio:    0.00 (Cumulative area) 

    Layer: Metal5
      Partial area ratio:   10.10
      Required ratio:    0.00 (Gate area) 
      Cumulative area ratio:  171.65
      Required ratio:    0.00 (Cumulative area) 
      Partial area ratio:   54.85
      Required ratio:  400.00 (Side area) 
      Cumulative area ratio:  679.79
      Required ratio:    0.00 (Cumulative side area) 


  Pin:   fanout330/A (gf180mcu_as_sc_mcu7t3v3__buff_2)
    Layer: Via1
      Partial area ratio:    0.10
      Required ratio:   20.00 (Gate area) 
      Cumulative area ratio:    0.10
      Required ratio:    0.00 (Cumulative area) 

    Layer: Metal2
      Partial area ratio:    3.38
      Required ratio:    0.00 (Gate area) 
      Cumulative area ratio:    3.38
      Required ratio:    0.00 (Cumulative area) 
      Partial area ratio:   13.50
      Required ratio:  400.00 (Side area) 
      Cumulative area ratio:   13.50
      Required ratio:    0.00 (Cumulative side area) 

    Layer: Via2
      Partial area ratio:    0.20
      Required ratio:   20.00 (Gate area) 
      Cumulative area ratio:    0.30
      Required ratio:    0.00 (Cumulative area) 

    Layer: Metal3
      Partial area ratio:   10.91
      Required ratio:    0.00 (Gate area) 
      Cumulative area ratio:   14.29
      Required ratio:    0.00 (Cumulative area) 
      Partial area ratio:   42.98
      Required ratio:  400.00 (Side area) 
      Cumulative area ratio:   56.48
      Required ratio:    0.00 (Cumulative side area) 

    Layer: Via3
      Partial area ratio:    0.10
      Required ratio:   20.00 (Gate area) 
      Cumulative area ratio:    0.41
      Required ratio:    0.00 (Cumulative area) 

    Layer: Metal4
      Partial area ratio:   42.55
      Required ratio:    0.00 (Gate area) 
      Cumulative area ratio:   56.84
      Required ratio:    0.00 (Cumulative area) 
      Partial area ratio:  164.59
      Required ratio:  400.00 (Side area) 
      Cumulative area ratio:  221.07
      Required ratio:    0.00 (Cumulative side area) 

    Layer: Via4
      Partial area ratio:    0.03
      Required ratio:   20.00 (Gate area) 
      Cumulative area ratio:    0.44
      Required ratio:    0.00 (Cumulative area) 

    Layer: Metal5
      Partial area ratio:   10.10
      Required ratio:    0.00 (Gate area) 
      Cumulative area ratio:   66.95
      Required ratio:    0.00 (Cumulative area) 
      Partial area ratio:   54.85
      Required ratio:  400.00 (Side area) 
      Cumulative area ratio:  275.92
      Required ratio:    0.00 (Cumulative side area) 


  Pin:   fanout335/A (gf180mcu_as_sc_mcu7t3v3__buff_2)
    Layer: Via1
      Partial area ratio:    0.10
      Required ratio:   20.00 (Gate area) 
      Cumulative area ratio:    0.10
      Required ratio:    0.00 (Cumulative area) 

    Layer: Metal2
      Partial area ratio:    2.17
      Required ratio:    0.00 (Gate area) 
      Cumulative area ratio:    2.17
      Required ratio:    0.00 (Cumulative area) 
      Partial area ratio:    8.83
      Required ratio:  400.00 (Side area) 
      Cumulative area ratio:    8.83
      Required ratio:    0.00 (Cumulative side area) 

    Layer: Via2
      Partial area ratio:    0.20
      Required ratio:   20.00 (Gate area) 
      Cumulative area ratio:    0.30
      Required ratio:    0.00 (Cumulative area) 

    Layer: Metal3
      Partial area ratio:    0.32
      Required ratio:    0.00 (Gate area) 
      Cumulative area ratio:    2.49
      Required ratio:    0.00 (Cumulative area) 
      Partial area ratio:    2.14
      Required ratio:  400.00 (Side area) 
      Cumulative area ratio:   10.97
      Required ratio:    0.00 (Cumulative side area) 

    Layer: Via3
      Partial area ratio:    0.10
      Required ratio:   20.00 (Gate area) 
      Cumulative area ratio:    0.41
      Required ratio:    0.00 (Cumulative area) 

    Layer: Metal4
      Partial area ratio:   42.55
      Required ratio:    0.00 (Gate area) 
      Cumulative area ratio:   45.05
      Required ratio:    0.00 (Cumulative area) 
      Partial area ratio:  164.59
      Required ratio:  400.00 (Side area) 
      Cumulative area ratio:  175.56
      Required ratio:    0.00 (Cumulative side area) 

    Layer: Via4
      Partial area ratio:    0.03
      Required ratio:   20.00 (Gate area) 
      Cumulative area ratio:    0.44
      Required ratio:    0.00 (Cumulative area) 

    Layer: Metal5
      Partial area ratio:   10.10
      Required ratio:    0.00 (Gate area) 
      Cumulative area ratio:   55.15
      Required ratio:    0.00 (Cumulative area) 
      Partial area ratio:   54.85
      Required ratio:  400.00 (Side area) 
      Cumulative area ratio:  230.41
      Required ratio:    0.00 (Cumulative side area) 



Net: net353
  Pin:   _13675_/B (gf180mcu_as_sc_mcu7t3v3__nand2b_2)
    Layer: Via1
      Partial area ratio:    0.05
      Required ratio:   20.00 (Gate area) 
      Cumulative area ratio:    0.05
      Required ratio:    0.00 (Cumulative area) 

    Layer: Metal2
      Partial area ratio:    2.46
      Required ratio:    0.00 (Gate area) 
      Cumulative area ratio:    2.46
      Required ratio:    0.00 (Cumulative area) 
      Partial area ratio:    9.70
      Required ratio:  400.00 (Side area) 
      Cumulative area ratio:    9.70
      Required ratio:    0.00 (Cumulative side area) 

    Layer: Via2
      Partial area ratio:    0.10
      Required ratio:   20.00 (Gate area) 
      Cumulative area ratio:    0.15
      Required ratio:    0.00 (Cumulative area) 

    Layer: Metal3
      Partial area ratio:   10.75
      Required ratio:    0.00 (Gate area) 
      Cumulative area ratio:   13.20
      Required ratio:    0.00 (Cumulative area) 
      Partial area ratio:   41.91
      Required ratio:  400.00 (Side area) 
      Cumulative area ratio:   51.61
      Required ratio:    0.00 (Cumulative side area) 

    Layer: Via3
      Partial area ratio:    0.05
      Required ratio:   20.00 (Gate area) 
      Cumulative area ratio:    0.20
      Required ratio:    0.00 (Cumulative area) 

    Layer: Metal4
      Partial area ratio:   47.75
      Required ratio:    0.00 (Gate area) 
      Cumulative area ratio:   60.95
      Required ratio:    0.00 (Cumulative area) 
      Partial area ratio:  184.40
      Required ratio:  400.00 (Side area) 
      Cumulative area ratio:  236.01
      Required ratio:    0.00 (Cumulative side area) 

    Layer: Via4
      Partial area ratio:    0.05
      Required ratio:   20.00 (Gate area) 
      Cumulative area ratio:    0.25
      Required ratio:    0.00 (Cumulative area) 

    Layer: Metal5
      Partial area ratio:   40.20
      Required ratio:    0.00 (Gate area) 
      Cumulative area ratio:  101.15
      Required ratio:    0.00 (Cumulative area) 
      Partial area ratio:  217.97
      Required ratio:  400.00 (Side area) 
      Cumulative area ratio:  453.98
      Required ratio:    0.00 (Cumulative side area) 


  Pin:   fanout349/A (gf180mcu_as_sc_mcu7t3v3__buff_2)
    Layer: Via1
      Partial area ratio:    0.10
      Required ratio:   20.00 (Gate area) 
      Cumulative area ratio:    0.10
      Required ratio:    0.00 (Cumulative area) 

    Layer: Metal2
      Partial area ratio:    1.70
      Required ratio:    0.00 (Gate area) 
      Cumulative area ratio:    1.70
      Required ratio:    0.00 (Cumulative area) 
      Partial area ratio:    7.01
      Required ratio:  400.00 (Side area) 
      Cumulative area ratio:    7.01
      Required ratio:    0.00 (Cumulative side area) 

    Layer: Via2
      Partial area ratio:    0.20
      Required ratio:   20.00 (Gate area) 
      Cumulative area ratio:    0.30
      Required ratio:    0.00 (Cumulative area) 

    Layer: Metal3
      Partial area ratio:   17.97
      Required ratio:    0.00 (Gate area) 
      Cumulative area ratio:   19.67
      Required ratio:    0.00 (Cumulative area) 
      Partial area ratio:   70.21
      Required ratio:  400.00 (Side area) 
      Cumulative area ratio:   77.22
      Required ratio:    0.00 (Cumulative side area) 

    Layer: Via3
      Partial area ratio:    0.10
      Required ratio:   20.00 (Gate area) 
      Cumulative area ratio:    0.41
      Required ratio:    0.00 (Cumulative area) 

    Layer: Metal4
      Partial area ratio:  134.32
      Required ratio:    0.00 (Gate area) 
      Cumulative area ratio:  153.99
      Required ratio:    0.00 (Cumulative area) 
      Partial area ratio:  518.54
      Required ratio:  400.00 (Side area) (VIOLATED)
      Cumulative area ratio:  595.76
      Required ratio:    0.00 (Cumulative side area) 

    Layer: Via4
      Partial area ratio:    0.10
      Required ratio:   20.00 (Gate area) 
      Cumulative area ratio:    0.51
      Required ratio:    0.00 (Cumulative area) 

    Layer: Metal5
      Partial area ratio:   40.20
      Required ratio:    0.00 (Gate area) 
      Cumulative area ratio:  194.18
      Required ratio:    0.00 (Cumulative area) 
      Partial area ratio:  217.97
      Required ratio:  400.00 (Side area) 
      Cumulative area ratio:  813.73
      Required ratio:    0.00 (Cumulative side area) 


  Pin:   fanout350/A (gf180mcu_as_sc_mcu7t3v3__buff_2)
    Layer: Via1
      Partial area ratio:    0.10
      Required ratio:   20.00 (Gate area) 
      Cumulative area ratio:    0.10
      Required ratio:    0.00 (Cumulative area) 

    Layer: Metal2
      Partial area ratio:    2.41
      Required ratio:    0.00 (Gate area) 
      Cumulative area ratio:    2.41
      Required ratio:    0.00 (Cumulative area) 
      Partial area ratio:    9.74
      Required ratio:  400.00 (Side area) 
      Cumulative area ratio:    9.74
      Required ratio:    0.00 (Cumulative side area) 

    Layer: Via2
      Partial area ratio:    0.20
      Required ratio:   20.00 (Gate area) 
      Cumulative area ratio:    0.30
      Required ratio:    0.00 (Cumulative area) 

    Layer: Metal3
      Partial area ratio:    0.32
      Required ratio:    0.00 (Gate area) 
      Cumulative area ratio:    2.73
      Required ratio:    0.00 (Cumulative area) 
      Partial area ratio:    2.14
      Required ratio:  400.00 (Side area) 
      Cumulative area ratio:   11.88
      Required ratio:    0.00 (Cumulative side area) 

    Layer: Via3
      Partial area ratio:    0.10
      Required ratio:   20.00 (Gate area) 
      Cumulative area ratio:    0.41
      Required ratio:    0.00 (Cumulative area) 

    Layer: Metal4
      Partial area ratio:   63.77
      Required ratio:    0.00 (Gate area) 
      Cumulative area ratio:   66.50
      Required ratio:    0.00 (Cumulative area) 
      Partial area ratio:  246.44
      Required ratio:  400.00 (Side area) 
      Cumulative area ratio:  258.31
      Required ratio:    0.00 (Cumulative side area) 

    Layer: Via4
      Partial area ratio:    0.20
      Required ratio:   20.00 (Gate area) 
      Cumulative area ratio:    0.61
      Required ratio:    0.00 (Cumulative area) 

    Layer: Metal5
      Partial area ratio:   40.20
      Required ratio:    0.00 (Gate area) 
      Cumulative area ratio:  106.70
      Required ratio:    0.00 (Cumulative area) 
      Partial area ratio:  217.97
      Required ratio:  400.00 (Side area) 
      Cumulative area ratio:  476.28
      Required ratio:    0.00 (Cumulative side area) 


  Pin:   fanout352/A (gf180mcu_as_sc_mcu7t3v3__buff_2)
    Layer: Via1
      Partial area ratio:    0.10
      Required ratio:   20.00 (Gate area) 
      Cumulative area ratio:    0.10
      Required ratio:    0.00 (Cumulative area) 

    Layer: Metal2
      Partial area ratio:    2.23
      Required ratio:    0.00 (Gate area) 
      Cumulative area ratio:    2.23
      Required ratio:    0.00 (Cumulative area) 
      Partial area ratio:    9.06
      Required ratio:  400.00 (Side area) 
      Cumulative area ratio:    9.06
      Required ratio:    0.00 (Cumulative side area) 

    Layer: Via2
      Partial area ratio:    0.20
      Required ratio:   20.00 (Gate area) 
      Cumulative area ratio:    0.30
      Required ratio:    0.00 (Cumulative area) 

    Layer: Metal3
      Partial area ratio:    1.60
      Required ratio:    0.00 (Gate area) 
      Cumulative area ratio:    3.83
      Required ratio:    0.00 (Cumulative area) 
      Partial area ratio:    6.46
      Required ratio:  400.00 (Side area) 
      Cumulative area ratio:   15.52
      Required ratio:    0.00 (Cumulative side area) 

    Layer: Via3
      Partial area ratio:    0.20
      Required ratio:    0.00 (Gate area) 
      Cumulative area ratio:    0.51
      Required ratio:    0.00 (Cumulative area) 

    Layer: Metal4
      Partial area ratio:    0.07
      Required ratio:    0.00 (Gate area) 
      Cumulative area ratio:    3.90
      Required ratio:    0.00 (Cumulative area) 
      Partial area ratio:    0.45
      Required ratio:  400.00 (Side area) 
      Cumulative area ratio:   15.97
      Required ratio:    0.00 (Cumulative side area) 

    Layer: Via4
      Partial area ratio:    0.20
      Required ratio:    0.00 (Gate area) 
      Cumulative area ratio:    0.71
      Required ratio:    0.00 (Cumulative area) 

    Layer: Metal5
      Partial area ratio:   40.20
      Required ratio:    0.00 (Gate area) 
      Cumulative area ratio:   44.10
      Required ratio:    0.00 (Cumulative area) 
      Partial area ratio:  217.97
      Required ratio:  400.00 (Side area) 
      Cumulative area ratio:  233.94
      Required ratio:    0.00 (Cumulative side area) 



Net: net424
  Pin:   fanout420/A (gf180mcu_as_sc_mcu7t3v3__buff_2)
    Layer: Via1
      Partial area ratio:    0.10
      Required ratio:   20.00 (Gate area) 
      Cumulative area ratio:    0.10
      Required ratio:    0.00 (Cumulative area) 

    Layer: Metal2
      Partial area ratio:    0.82
      Required ratio:    0.00 (Gate area) 
      Cumulative area ratio:    0.82
      Required ratio:    0.00 (Cumulative area) 
      Partial area ratio:    3.62
      Required ratio:  400.00 (Side area) 
      Cumulative area ratio:    3.62
      Required ratio:    0.00 (Cumulative side area) 

    Layer: Via2
      Partial area ratio:    0.20
      Required ratio:   20.00 (Gate area) 
      Cumulative area ratio:    0.30
      Required ratio:    0.00 (Cumulative area) 

    Layer: Metal3
      Partial area ratio:    0.32
      Required ratio:    0.00 (Gate area) 
      Cumulative area ratio:    1.14
      Required ratio:    0.00 (Cumulative area) 
      Partial area ratio:    2.14
      Required ratio:  400.00 (Side area) 
      Cumulative area ratio:    5.76
      Required ratio:    0.00 (Cumulative side area) 

    Layer: Via3
      Partial area ratio:    0.10
      Required ratio:   20.00 (Gate area) 
      Cumulative area ratio:    0.41
      Required ratio:    0.00 (Cumulative area) 

    Layer: Metal4
      Partial area ratio:    0.16
      Required ratio:    0.00 (Gate area) 
      Cumulative area ratio:    1.30
      Required ratio:    0.00 (Cumulative area) 
      Partial area ratio:    1.07
      Required ratio:  400.00 (Side area) 
      Cumulative area ratio:    6.83
      Required ratio:    0.00 (Cumulative side area) 

    Layer: Via4
      Partial area ratio:    0.10
      Required ratio:   20.00 (Gate area) 
      Cumulative area ratio:    0.51
      Required ratio:    0.00 (Cumulative area) 

    Layer: Metal5
      Partial area ratio:   18.77
      Required ratio:    0.00 (Gate area) 
      Cumulative area ratio:   20.07
      Required ratio:    0.00 (Cumulative area) 
      Partial area ratio:  101.93
      Required ratio:  400.00 (Side area) 
      Cumulative area ratio:  108.75
      Required ratio:    0.00 (Cumulative side area) 


  Pin:   fanout421/A (gf180mcu_as_sc_mcu7t3v3__buff_2)
    Layer: Via1
      Partial area ratio:    0.10
      Required ratio:   20.00 (Gate area) 
      Cumulative area ratio:    0.10
      Required ratio:    0.00 (Cumulative area) 

    Layer: Metal2
      Partial area ratio:    2.67
      Required ratio:    0.00 (Gate area) 
      Cumulative area ratio:    2.67
      Required ratio:    0.00 (Cumulative area) 
      Partial area ratio:   10.75
      Required ratio:  400.00 (Side area) 
      Cumulative area ratio:   10.75
      Required ratio:    0.00 (Cumulative side area) 

    Layer: Via2
      Partial area ratio:    0.20
      Required ratio:   20.00 (Gate area) 
      Cumulative area ratio:    0.30
      Required ratio:    0.00 (Cumulative area) 

    Layer: Metal3
      Partial area ratio:   42.67
      Required ratio:    0.00 (Gate area) 
      Cumulative area ratio:   45.34
      Required ratio:    0.00 (Cumulative area) 
      Partial area ratio:  165.50
      Required ratio:  400.00 (Side area) 
      Cumulative area ratio:  176.25
      Required ratio:    0.00 (Cumulative side area) 

    Layer: Via3
      Partial area ratio:    0.20
      Required ratio:   20.00 (Gate area) 
      Cumulative area ratio:    0.51
      Required ratio:    0.00 (Cumulative area) 

    Layer: Metal4
      Partial area ratio:   90.20
      Required ratio:    0.00 (Gate area) 
      Cumulative area ratio:  135.54
      Required ratio:    0.00 (Cumulative area) 
      Partial area ratio:  348.37
      Required ratio:  400.00 (Side area) 
      Cumulative area ratio:  524.62
      Required ratio:    0.00 (Cumulative side area) 

    Layer: Via4
      Partial area ratio:    0.10
      Required ratio:   20.00 (Gate area) 
      Cumulative area ratio:    0.61
      Required ratio:    0.00 (Cumulative area) 

    Layer: Metal5
      Partial area ratio:   18.77
      Required ratio:    0.00 (Gate area) 
      Cumulative area ratio:  154.31
      Required ratio:    0.00 (Cumulative area) 
      Partial area ratio:  101.93
      Required ratio:  400.00 (Side area) 
      Cumulative area ratio:  626.55
      Required ratio:    0.00 (Cumulative side area) 


  Pin:   fanout422/A (gf180mcu_as_sc_mcu7t3v3__buff_2)
    Layer: Via1
      Partial area ratio:    0.10
      Required ratio:   20.00 (Gate area) 
      Cumulative area ratio:    0.10
      Required ratio:    0.00 (Cumulative area) 

    Layer: Metal2
      Partial area ratio:    1.50
      Required ratio:    0.00 (Gate area) 
      Cumulative area ratio:    1.50
      Required ratio:    0.00 (Cumulative area) 
      Partial area ratio:    6.24
      Required ratio:  400.00 (Side area) 
      Cumulative area ratio:    6.24
      Required ratio:    0.00 (Cumulative side area) 

    Layer: Via2
      Partial area ratio:    0.20
      Required ratio:   20.00 (Gate area) 
      Cumulative area ratio:    0.30
      Required ratio:    0.00 (Cumulative area) 

    Layer: Metal3
      Partial area ratio:  109.89
      Required ratio:    0.00 (Gate area) 
      Cumulative area ratio:  111.39
      Required ratio:    0.00 (Cumulative area) 
      Partial area ratio:  425.23
      Required ratio:  400.00 (Side area) (VIOLATED)
      Cumulative area ratio:  431.46
      Required ratio:    0.00 (Cumulative side area) 

    Layer: Via3
      Partial area ratio:    0.10
      Required ratio:   20.00 (Gate area) 
      Cumulative area ratio:    0.41
      Required ratio:    0.00 (Cumulative area) 

    Layer: Metal4
      Partial area ratio:   90.20
      Required ratio:    0.00 (Gate area) 
      Cumulative area ratio:  201.59
      Required ratio:    0.00 (Cumulative area) 
      Partial area ratio:  348.37
      Required ratio:  400.00 (Side area) 
      Cumulative area ratio:  779.84
      Required ratio:    0.00 (Cumulative side area) 

    Layer: Via4
      Partial area ratio:    0.10
      Required ratio:   20.00 (Gate area) 
      Cumulative area ratio:    0.51
      Required ratio:    0.00 (Cumulative area) 

    Layer: Metal5
      Partial area ratio:   18.77
      Required ratio:    0.00 (Gate area) 
      Cumulative area ratio:  220.36
      Required ratio:    0.00 (Cumulative area) 
      Partial area ratio:  101.93
      Required ratio:  400.00 (Side area) 
      Cumulative area ratio:  881.76
      Required ratio:    0.00 (Cumulative side area) 


  Pin:   fanout423/A (gf180mcu_as_sc_mcu7t3v3__buff_2)
    Layer: Via1
      Partial area ratio:    0.10
      Required ratio:   20.00 (Gate area) 
      Cumulative area ratio:    0.10
      Required ratio:    0.00 (Cumulative area) 

    Layer: Metal2
      Partial area ratio:    1.68
      Required ratio:    0.00 (Gate area) 
      Cumulative area ratio:    1.68
      Required ratio:    0.00 (Cumulative area) 
      Partial area ratio:    6.57
      Required ratio:  400.00 (Side area) 
      Cumulative area ratio:    6.57
      Required ratio:    0.00 (Cumulative side area) 

    Layer: Via2
      Partial area ratio:    0.30
      Required ratio:    0.00 (Gate area) 
      Cumulative area ratio:    0.41
      Required ratio:    0.00 (Cumulative area) 

    Layer: Metal3
      Partial area ratio:    0.10
      Required ratio:    0.00 (Gate area) 
      Cumulative area ratio:    1.78
      Required ratio:    0.00 (Cumulative area) 
      Partial area ratio:    0.68
      Required ratio:  400.00 (Side area) 
      Cumulative area ratio:    7.25
      Required ratio:    0.00 (Cumulative side area) 

    Layer: Via3
      Partial area ratio:    0.10
      Required ratio:    0.00 (Gate area) 
      Cumulative area ratio:    0.51
      Required ratio:    0.00 (Cumulative area) 

    Layer: Metal4
      Partial area ratio:    0.03
      Required ratio:    0.00 (Gate area) 
      Cumulative area ratio:    1.81
      Required ratio:    0.00 (Cumulative area) 
      Partial area ratio:    0.23
      Required ratio:  400.00 (Side area) 
      Cumulative area ratio:    7.48
      Required ratio:    0.00 (Cumulative side area) 

    Layer: Via4
      Partial area ratio:    0.10
      Required ratio:    0.00 (Gate area) 
      Cumulative area ratio:    0.61
      Required ratio:    0.00 (Cumulative area) 

    Layer: Metal5
      Partial area ratio:   18.77
      Required ratio:    0.00 (Gate area) 
      Cumulative area ratio:   20.58
      Required ratio:    0.00 (Cumulative area) 
      Partial area ratio:  101.93
      Required ratio:  400.00 (Side area) 
      Cumulative area ratio:  109.40
      Required ratio:    0.00 (Cumulative side area) 



Net: net448
  Pin:   fanout444/A (gf180mcu_as_sc_mcu7t3v3__buff_2)
    Layer: Via1
      Partial area ratio:    0.10
      Required ratio:   20.00 (Gate area) 
      Cumulative area ratio:    0.10
      Required ratio:    0.00 (Cumulative area) 

    Layer: Metal2
      Partial area ratio:    2.91
      Required ratio:    0.00 (Gate area) 
      Cumulative area ratio:    2.91
      Required ratio:    0.00 (Cumulative area) 
      Partial area ratio:   11.68
      Required ratio:  400.00 (Side area) 
      Cumulative area ratio:   11.68
      Required ratio:    0.00 (Cumulative side area) 

    Layer: Via2
      Partial area ratio:    0.20
      Required ratio:   20.00 (Gate area) 
      Cumulative area ratio:    0.30
      Required ratio:    0.00 (Cumulative area) 

    Layer: Metal3
      Partial area ratio:    0.32
      Required ratio:    0.00 (Gate area) 
      Cumulative area ratio:    3.23
      Required ratio:    0.00 (Cumulative area) 
      Partial area ratio:    2.14
      Required ratio:  400.00 (Side area) 
      Cumulative area ratio:   13.82
      Required ratio:    0.00 (Cumulative side area) 

    Layer: Via3
      Partial area ratio:    0.10
      Required ratio:   20.00 (Gate area) 
      Cumulative area ratio:    0.41
      Required ratio:    0.00 (Cumulative area) 

    Layer: Metal4
      Partial area ratio:  173.14
      Required ratio:    0.00 (Gate area) 
      Cumulative area ratio:  176.37
      Required ratio:    0.00 (Cumulative area) 
      Partial area ratio:  668.29
      Required ratio:  400.00 (Side area) (VIOLATED)
      Cumulative area ratio:  682.11
      Required ratio:    0.00 (Cumulative side area) 

    Layer: Via4
      Partial area ratio:    0.10
      Required ratio:   20.00 (Gate area) 
      Cumulative area ratio:    0.51
      Required ratio:    0.00 (Cumulative area) 

    Layer: Metal5
      Partial area ratio:   34.55
      Required ratio:    0.00 (Gate area) 
      Cumulative area ratio:  210.92
      Required ratio:    0.00 (Cumulative area) 
      Partial area ratio:  187.07
      Required ratio:  400.00 (Side area) 
      Cumulative area ratio:  869.18
      Required ratio:    0.00 (Cumulative side area) 


  Pin:   fanout445/A (gf180mcu_as_sc_mcu7t3v3__buff_2)
    Layer: Via1
      Partial area ratio:    0.10
      Required ratio:   20.00 (Gate area) 
      Cumulative area ratio:    0.10
      Required ratio:    0.00 (Cumulative area) 

    Layer: Metal2
      Partial area ratio:   11.83
      Required ratio:    0.00 (Gate area) 
      Cumulative area ratio:   11.83
      Required ratio:    0.00 (Cumulative area) 
      Partial area ratio:   46.09
      Required ratio:  400.00 (Side area) 
      Cumulative area ratio:   46.09
      Required ratio:    0.00 (Cumulative side area) 

    Layer: Via2
      Partial area ratio:    0.20
      Required ratio:   20.00 (Gate area) 
      Cumulative area ratio:    0.30
      Required ratio:    0.00 (Cumulative area) 

    Layer: Metal3
      Partial area ratio:   85.03
      Required ratio:    0.00 (Gate area) 
      Cumulative area ratio:   96.86
      Required ratio:    0.00 (Cumulative area) 
      Partial area ratio:  328.86
      Required ratio:  400.00 (Side area) 
      Cumulative area ratio:  374.95
      Required ratio:    0.00 (Cumulative side area) 

    Layer: Via3
      Partial area ratio:    0.10
      Required ratio:   20.00 (Gate area) 
      Cumulative area ratio:    0.41
      Required ratio:    0.00 (Cumulative area) 

    Layer: Metal4
      Partial area ratio:   14.32
      Required ratio:    0.00 (Gate area) 
      Cumulative area ratio:  111.18
      Required ratio:    0.00 (Cumulative area) 
      Partial area ratio:   55.69
      Required ratio:  400.00 (Side area) 
      Cumulative area ratio:  430.64
      Required ratio:    0.00 (Cumulative side area) 

    Layer: Via4
      Partial area ratio:    0.10
      Required ratio:   20.00 (Gate area) 
      Cumulative area ratio:    0.51
      Required ratio:    0.00 (Cumulative area) 

    Layer: Metal5
      Partial area ratio:   34.55
      Required ratio:    0.00 (Gate area) 
      Cumulative area ratio:  145.72
      Required ratio:    0.00 (Cumulative area) 
      Partial area ratio:  187.07
      Required ratio:  400.00 (Side area) 
      Cumulative area ratio:  617.71
      Required ratio:    0.00 (Cumulative side area) 


  Pin:   fanout446/A (gf180mcu_as_sc_mcu7t3v3__buff_2)
    Layer: Via1
      Partial area ratio:    0.10
      Required ratio:   20.00 (Gate area) 
      Cumulative area ratio:    0.10
      Required ratio:    0.00 (Cumulative area) 

    Layer: Metal2
      Partial area ratio:    3.41
      Required ratio:    0.00 (Gate area) 
      Cumulative area ratio:    3.41
      Required ratio:    0.00 (Cumulative area) 
      Partial area ratio:   13.60
      Required ratio:  400.00 (Side area) 
      Cumulative area ratio:   13.60
      Required ratio:    0.00 (Cumulative side area) 

    Layer: Via2
      Partial area ratio:    0.20
      Required ratio:   20.00 (Gate area) 
      Cumulative area ratio:    0.30
      Required ratio:    0.00 (Cumulative area) 

    Layer: Metal3
      Partial area ratio:    1.91
      Required ratio:    0.00 (Gate area) 
      Cumulative area ratio:    5.32
      Required ratio:    0.00 (Cumulative area) 
      Partial area ratio:    7.53
      Required ratio:  400.00 (Side area) 
      Cumulative area ratio:   21.13
      Required ratio:    0.00 (Cumulative side area) 

    Layer: Via3
      Partial area ratio:    0.05
      Required ratio:    0.00 (Gate area) 
      Cumulative area ratio:    0.36
      Required ratio:    0.00 (Cumulative area) 

    Layer: Metal4
      Partial area ratio:    0.03
      Required ratio:    0.00 (Gate area) 
      Cumulative area ratio:    5.35
      Required ratio:    0.00 (Cumulative area) 
      Partial area ratio:    0.19
      Required ratio:  400.00 (Side area) 
      Cumulative area ratio:   21.32
      Required ratio:    0.00 (Cumulative side area) 

    Layer: Via4
      Partial area ratio:    0.05
      Required ratio:    0.00 (Gate area) 
      Cumulative area ratio:    0.41
      Required ratio:    0.00 (Cumulative area) 

    Layer: Metal5
      Partial area ratio:   34.55
      Required ratio:    0.00 (Gate area) 
      Cumulative area ratio:   39.90
      Required ratio:    0.00 (Cumulative area) 
      Partial area ratio:  187.07
      Required ratio:  400.00 (Side area) 
      Cumulative area ratio:  208.39
      Required ratio:    0.00 (Cumulative side area) 


  Pin:   fanout447/A (gf180mcu_as_sc_mcu7t3v3__buff_2)
    Layer: Via1
      Partial area ratio:    0.10
      Required ratio:   20.00 (Gate area) 
      Cumulative area ratio:    0.10
      Required ratio:    0.00 (Cumulative area) 

    Layer: Metal2
      Partial area ratio:    0.98
      Required ratio:    0.00 (Gate area) 
      Cumulative area ratio:    0.98
      Required ratio:    0.00 (Cumulative area) 
      Partial area ratio:    4.23
      Required ratio:  400.00 (Side area) 
      Cumulative area ratio:    4.23
      Required ratio:    0.00 (Cumulative side area) 

    Layer: Via2
      Partial area ratio:    0.11
      Required ratio:   20.00 (Gate area) 
      Cumulative area ratio:    0.22
      Required ratio:    0.00 (Cumulative area) 

    Layer: Metal3
      Partial area ratio:    1.91
      Required ratio:    0.00 (Gate area) 
      Cumulative area ratio:    2.90
      Required ratio:    0.00 (Cumulative area) 
      Partial area ratio:    7.53
      Required ratio:  400.00 (Side area) 
      Cumulative area ratio:   11.76
      Required ratio:    0.00 (Cumulative side area) 

    Layer: Via3
      Partial area ratio:    0.05
      Required ratio:    0.00 (Gate area) 
      Cumulative area ratio:    0.27
      Required ratio:    0.00 (Cumulative area) 

    Layer: Metal4
      Partial area ratio:    0.03
      Required ratio:    0.00 (Gate area) 
      Cumulative area ratio:    2.92
      Required ratio:    0.00 (Cumulative area) 
      Partial area ratio:    0.19
      Required ratio:  400.00 (Side area) 
      Cumulative area ratio:   11.95
      Required ratio:    0.00 (Cumulative side area) 

    Layer: Via4
      Partial area ratio:    0.05
      Required ratio:    0.00 (Gate area) 
      Cumulative area ratio:    0.32
      Required ratio:    0.00 (Cumulative area) 

    Layer: Metal5
      Partial area ratio:   34.55
      Required ratio:    0.00 (Gate area) 
      Cumulative area ratio:   37.47
      Required ratio:    0.00 (Cumulative area) 
      Partial area ratio:  187.07
      Required ratio:  400.00 (Side area) 
      Cumulative area ratio:  199.03
      Required ratio:    0.00 (Cumulative side area) 



Net: net487
  Pin:   _11814_/B (gf180mcu_as_sc_mcu7t3v3__nand2b_2)
    Layer: Via1
      Partial area ratio:    0.05
      Required ratio:   20.00 (Gate area) 
      Cumulative area ratio:    0.05
      Required ratio:    0.00 (Cumulative area) 

    Layer: Metal2
      Partial area ratio:    3.88
      Required ratio:    0.00 (Gate area) 
      Cumulative area ratio:    3.88
      Required ratio:    0.00 (Cumulative area) 
      Partial area ratio:   15.21
      Required ratio:  400.00 (Side area) 
      Cumulative area ratio:   15.21
      Required ratio:    0.00 (Cumulative side area) 

    Layer: Via2
      Partial area ratio:    0.15
      Required ratio:   20.00 (Gate area) 
      Cumulative area ratio:    0.20
      Required ratio:    0.00 (Cumulative area) 

    Layer: Metal3
      Partial area ratio:   10.11
      Required ratio:    0.00 (Gate area) 
      Cumulative area ratio:   13.99
      Required ratio:    0.00 (Cumulative area) 
      Partial area ratio:   39.32
      Required ratio:  400.00 (Side area) 
      Cumulative area ratio:   54.53
      Required ratio:    0.00 (Cumulative side area) 

    Layer: Via3
      Partial area ratio:    0.03
      Required ratio:    0.00 (Gate area) 
      Cumulative area ratio:    0.24
      Required ratio:    0.00 (Cumulative area) 

    Layer: Metal4
      Partial area ratio:    6.34
      Required ratio:    0.00 (Gate area) 
      Cumulative area ratio:   20.33
      Required ratio:    0.00 (Cumulative area) 
      Partial area ratio:   24.51
      Required ratio:  400.00 (Side area) 
      Cumulative area ratio:   79.04
      Required ratio:    0.00 (Cumulative side area) 

    Layer: Via4
      Partial area ratio:    0.03
      Required ratio:    0.00 (Gate area) 
      Cumulative area ratio:    0.27
      Required ratio:    0.00 (Cumulative area) 

    Layer: Metal5
      Partial area ratio:   56.01
      Required ratio:    0.00 (Gate area) 
      Cumulative area ratio:   76.34
      Required ratio:    0.00 (Cumulative area) 
      Partial area ratio:  303.29
      Required ratio:  400.00 (Side area) 
      Cumulative area ratio:  382.34
      Required ratio:    0.00 (Cumulative side area) 


  Pin:   fanout483/A (gf180mcu_as_sc_mcu7t3v3__buff_2)
    Layer: Via1
      Partial area ratio:    0.10
      Required ratio:   20.00 (Gate area) 
      Cumulative area ratio:    0.10
      Required ratio:    0.00 (Cumulative area) 

    Layer: Metal2
      Partial area ratio:    1.73
      Required ratio:    0.00 (Gate area) 
      Cumulative area ratio:    1.73
      Required ratio:    0.00 (Cumulative area) 
      Partial area ratio:    7.14
      Required ratio:  400.00 (Side area) 
      Cumulative area ratio:    7.14
      Required ratio:    0.00 (Cumulative side area) 

    Layer: Via2
      Partial area ratio:    0.20
      Required ratio:   20.00 (Gate area) 
      Cumulative area ratio:    0.30
      Required ratio:    0.00 (Cumulative area) 

    Layer: Metal3
      Partial area ratio:   14.44
      Required ratio:    0.00 (Gate area) 
      Cumulative area ratio:   16.17
      Required ratio:    0.00 (Cumulative area) 
      Partial area ratio:   56.59
      Required ratio:  400.00 (Side area) 
      Cumulative area ratio:   63.74
      Required ratio:    0.00 (Cumulative side area) 

    Layer: Via3
      Partial area ratio:    0.10
      Required ratio:   20.00 (Gate area) 
      Cumulative area ratio:    0.41
      Required ratio:    0.00 (Cumulative area) 

    Layer: Metal4
      Partial area ratio:   14.32
      Required ratio:    0.00 (Gate area) 
      Cumulative area ratio:   30.49
      Required ratio:    0.00 (Cumulative area) 
      Partial area ratio:   55.69
      Required ratio:  400.00 (Side area) 
      Cumulative area ratio:  119.42
      Required ratio:    0.00 (Cumulative side area) 

    Layer: Via4
      Partial area ratio:    0.10
      Required ratio:   20.00 (Gate area) 
      Cumulative area ratio:    0.51
      Required ratio:    0.00 (Cumulative area) 

    Layer: Metal5
      Partial area ratio:   56.01
      Required ratio:    0.00 (Gate area) 
      Cumulative area ratio:   86.50
      Required ratio:    0.00 (Cumulative area) 
      Partial area ratio:  303.29
      Required ratio:  400.00 (Side area) 
      Cumulative area ratio:  422.72
      Required ratio:    0.00 (Cumulative side area) 


  Pin:   fanout484/A (gf180mcu_as_sc_mcu7t3v3__buff_2)
    Layer: Via1
      Partial area ratio:    0.10
      Required ratio:   20.00 (Gate area) 
      Cumulative area ratio:    0.10
      Required ratio:    0.00 (Cumulative area) 

    Layer: Metal2
      Partial area ratio:    2.00
      Required ratio:    0.00 (Gate area) 
      Cumulative area ratio:    2.00
      Required ratio:    0.00 (Cumulative area) 
      Partial area ratio:    8.16
      Required ratio:  400.00 (Side area) 
      Cumulative area ratio:    8.16
      Required ratio:    0.00 (Cumulative side area) 

    Layer: Via2
      Partial area ratio:    0.20
      Required ratio:   20.00 (Gate area) 
      Cumulative area ratio:    0.30
      Required ratio:    0.00 (Cumulative area) 

    Layer: Metal3
      Partial area ratio:    0.32
      Required ratio:    0.00 (Gate area) 
      Cumulative area ratio:    2.32
      Required ratio:    0.00 (Cumulative area) 
      Partial area ratio:    2.14
      Required ratio:  400.00 (Side area) 
      Cumulative area ratio:   10.30
      Required ratio:    0.00 (Cumulative side area) 

    Layer: Via3
      Partial area ratio:    0.10
      Required ratio:   20.00 (Gate area) 
      Cumulative area ratio:    0.41
      Required ratio:    0.00 (Cumulative area) 

    Layer: Metal4
      Partial area ratio:  137.85
      Required ratio:    0.00 (Gate area) 
      Cumulative area ratio:  140.16
      Required ratio:    0.00 (Cumulative area) 
      Partial area ratio:  532.16
      Required ratio:  400.00 (Side area) (VIOLATED)
      Cumulative area ratio:  542.45
      Required ratio:    0.00 (Cumulative side area) 

    Layer: Via4
      Partial area ratio:    0.20
      Required ratio:   20.00 (Gate area) 
      Cumulative area ratio:    0.61
      Required ratio:    0.00 (Cumulative area) 

    Layer: Metal5
      Partial area ratio:   56.01
      Required ratio:    0.00 (Gate area) 
      Cumulative area ratio:  196.18
      Required ratio:    0.00 (Cumulative area) 
      Partial area ratio:  303.29
      Required ratio:  400.00 (Side area) 
      Cumulative area ratio:  845.75
      Required ratio:    0.00 (Cumulative side area) 


  Pin:   fanout485/A (gf180mcu_as_sc_mcu7t3v3__buff_2)
    Layer: Via1
      Partial area ratio:    0.10
      Required ratio:   20.00 (Gate area) 
      Cumulative area ratio:    0.10
      Required ratio:    0.00 (Cumulative area) 

    Layer: Metal2
      Partial area ratio:    1.94
      Required ratio:    0.00 (Gate area) 
      Cumulative area ratio:    1.94
      Required ratio:    0.00 (Cumulative area) 
      Partial area ratio:    7.92
      Required ratio:  400.00 (Side area) 
      Cumulative area ratio:    7.92
      Required ratio:    0.00 (Cumulative side area) 

    Layer: Via2
      Partial area ratio:    0.20
      Required ratio:   20.00 (Gate area) 
      Cumulative area ratio:    0.30
      Required ratio:    0.00 (Cumulative area) 

    Layer: Metal3
      Partial area ratio:   10.11
      Required ratio:    0.00 (Gate area) 
      Cumulative area ratio:   12.04
      Required ratio:    0.00 (Cumulative area) 
      Partial area ratio:   39.32
      Required ratio:  400.00 (Side area) 
      Cumulative area ratio:   47.24
      Required ratio:    0.00 (Cumulative side area) 

    Layer: Via3
      Partial area ratio:    0.03
      Required ratio:    0.00 (Gate area) 
      Cumulative area ratio:    0.34
      Required ratio:    0.00 (Cumulative area) 

    Layer: Metal4
      Partial area ratio:    6.34
      Required ratio:    0.00 (Gate area) 
      Cumulative area ratio:   18.38
      Required ratio:    0.00 (Cumulative area) 
      Partial area ratio:   24.51
      Required ratio:  400.00 (Side area) 
      Cumulative area ratio:   71.75
      Required ratio:    0.00 (Cumulative side area) 

    Layer: Via4
      Partial area ratio:    0.03
      Required ratio:    0.00 (Gate area) 
      Cumulative area ratio:    0.37
      Required ratio:    0.00 (Cumulative area) 

    Layer: Metal5
      Partial area ratio:   56.01
      Required ratio:    0.00 (Gate area) 
      Cumulative area ratio:   74.39
      Required ratio:    0.00 (Cumulative area) 
      Partial area ratio:  303.29
      Required ratio:  400.00 (Side area) 
      Cumulative area ratio:  375.05
      Required ratio:    0.00 (Cumulative side area) 


  Pin:   fanout486/A (gf180mcu_as_sc_mcu7t3v3__buff_2)
    Layer: Via1
      Partial area ratio:    0.10
      Required ratio:   20.00 (Gate area) 
      Cumulative area ratio:    0.10
      Required ratio:    0.00 (Cumulative area) 

    Layer: Metal2
      Partial area ratio:    1.26
      Required ratio:    0.00 (Gate area) 
      Cumulative area ratio:    1.26
      Required ratio:    0.00 (Cumulative area) 
      Partial area ratio:    5.33
      Required ratio:  400.00 (Side area) 
      Cumulative area ratio:    5.33
      Required ratio:    0.00 (Cumulative side area) 

    Layer: Via2
      Partial area ratio:    0.20
      Required ratio:   20.00 (Gate area) 
      Cumulative area ratio:    0.30
      Required ratio:    0.00 (Cumulative area) 

    Layer: Metal3
      Partial area ratio:    0.32
      Required ratio:    0.00 (Gate area) 
      Cumulative area ratio:    1.58
      Required ratio:    0.00 (Cumulative area) 
      Partial area ratio:    2.14
      Required ratio:  400.00 (Side area) 
      Cumulative area ratio:    7.47
      Required ratio:    0.00 (Cumulative side area) 

    Layer: Via3
      Partial area ratio:    0.10
      Required ratio:   20.00 (Gate area) 
      Cumulative area ratio:    0.41
      Required ratio:    0.00 (Cumulative area) 

    Layer: Metal4
      Partial area ratio:    0.16
      Required ratio:    0.00 (Gate area) 
      Cumulative area ratio:    1.74
      Required ratio:    0.00 (Cumulative area) 
      Partial area ratio:    1.07
      Required ratio:  400.00 (Side area) 
      Cumulative area ratio:    8.54
      Required ratio:    0.00 (Cumulative side area) 

    Layer: Via4
      Partial area ratio:    0.10
      Required ratio:   20.00 (Gate area) 
      Cumulative area ratio:    0.51
      Required ratio:    0.00 (Cumulative area) 

    Layer: Metal5
      Partial area ratio:   56.01
      Required ratio:    0.00 (Gate area) 
      Cumulative area ratio:   57.75
      Required ratio:    0.00 (Cumulative area) 
      Partial area ratio:  303.29
      Required ratio:  400.00 (Side area) 
      Cumulative area ratio:  311.83
      Required ratio:    0.00 (Cumulative side area) 



Net: net516
  Pin:   _19169_/A (gf180mcu_as_sc_mcu7t3v3__nand4_2)
    Layer: Via1
      Partial area ratio:    0.05
      Required ratio:   20.00 (Gate area) 
      Cumulative area ratio:    0.05
      Required ratio:    0.00 (Cumulative area) 

    Layer: Metal2
      Partial area ratio:    0.83
      Required ratio:    0.00 (Gate area) 
      Cumulative area ratio:    0.83
      Required ratio:    0.00 (Cumulative area) 
      Partial area ratio:    3.44
      Required ratio:  400.00 (Side area) 
      Cumulative area ratio:    3.44
      Required ratio:    0.00 (Cumulative side area) 

    Layer: Via2
      Partial area ratio:    0.10
      Required ratio:   20.00 (Gate area) 
      Cumulative area ratio:    0.15
      Required ratio:    0.00 (Cumulative area) 

    Layer: Metal3
      Partial area ratio:    3.69
      Required ratio:    0.00 (Gate area) 
      Cumulative area ratio:    4.52
      Required ratio:    0.00 (Cumulative area) 
      Partial area ratio:   14.68
      Required ratio:  400.00 (Side area) 
      Cumulative area ratio:   18.12
      Required ratio:    0.00 (Cumulative side area) 

    Layer: Via3
      Partial area ratio:    0.05
      Required ratio:   20.00 (Gate area) 
      Cumulative area ratio:    0.20
      Required ratio:    0.00 (Cumulative area) 

    Layer: Metal4
      Partial area ratio:   14.22
      Required ratio:    0.00 (Gate area) 
      Cumulative area ratio:   18.74
      Required ratio:    0.00 (Cumulative area) 
      Partial area ratio:   55.07
      Required ratio:  400.00 (Side area) 
      Cumulative area ratio:   73.19
      Required ratio:    0.00 (Cumulative side area) 

    Layer: Via4
      Partial area ratio:    0.05
      Required ratio:   20.00 (Gate area) 
      Cumulative area ratio:    0.25
      Required ratio:    0.00 (Cumulative area) 

    Layer: Metal5
      Partial area ratio:   38.89
      Required ratio:    0.00 (Gate area) 
      Cumulative area ratio:   57.63
      Required ratio:    0.00 (Cumulative area) 
      Partial area ratio:  210.72
      Required ratio:  400.00 (Side area) 
      Cumulative area ratio:  283.91
      Required ratio:    0.00 (Cumulative side area) 


  Pin:   fanout513/A (gf180mcu_as_sc_mcu7t3v3__buff_2)
    Layer: Via1
      Partial area ratio:    0.10
      Required ratio:   20.00 (Gate area) 
      Cumulative area ratio:    0.10
      Required ratio:    0.00 (Cumulative area) 

    Layer: Metal2
      Partial area ratio:    3.38
      Required ratio:    0.00 (Gate area) 
      Cumulative area ratio:    3.38
      Required ratio:    0.00 (Cumulative area) 
      Partial area ratio:   13.47
      Required ratio:  400.00 (Side area) 
      Cumulative area ratio:   13.47
      Required ratio:    0.00 (Cumulative side area) 

    Layer: Via2
      Partial area ratio:    0.20
      Required ratio:   20.00 (Gate area) 
      Cumulative area ratio:    0.30
      Required ratio:    0.00 (Cumulative area) 

    Layer: Metal3
      Partial area ratio:    0.32
      Required ratio:    0.00 (Gate area) 
      Cumulative area ratio:    3.69
      Required ratio:    0.00 (Cumulative area) 
      Partial area ratio:    2.14
      Required ratio:  400.00 (Side area) 
      Cumulative area ratio:   15.61
      Required ratio:    0.00 (Cumulative side area) 

    Layer: Via3
      Partial area ratio:    0.10
      Required ratio:   20.00 (Gate area) 
      Cumulative area ratio:    0.41
      Required ratio:    0.00 (Cumulative area) 

    Layer: Metal4
      Partial area ratio:  141.42
      Required ratio:    0.00 (Gate area) 
      Cumulative area ratio:  145.11
      Required ratio:    0.00 (Cumulative area) 
      Partial area ratio:  545.93
      Required ratio:  400.00 (Side area) (VIOLATED)
      Cumulative area ratio:  561.54
      Required ratio:    0.00 (Cumulative side area) 

    Layer: Via4
      Partial area ratio:    0.20
      Required ratio:   20.00 (Gate area) 
      Cumulative area ratio:    0.61
      Required ratio:    0.00 (Cumulative area) 

    Layer: Metal5
      Partial area ratio:   38.89
      Required ratio:    0.00 (Gate area) 
      Cumulative area ratio:  184.00
      Required ratio:    0.00 (Cumulative area) 
      Partial area ratio:  210.72
      Required ratio:  400.00 (Side area) 
      Cumulative area ratio:  772.26
      Required ratio:    0.00 (Cumulative side area) 


  Pin:   fanout514/A (gf180mcu_as_sc_mcu7t3v3__buff_2)
    Layer: Via1
      Partial area ratio:    0.10
      Required ratio:   20.00 (Gate area) 
      Cumulative area ratio:    0.10
      Required ratio:    0.00 (Cumulative area) 

    Layer: Metal2
      Partial area ratio:    1.23
      Required ratio:    0.00 (Gate area) 
      Cumulative area ratio:    1.23
      Required ratio:    0.00 (Cumulative area) 
      Partial area ratio:    5.20
      Required ratio:  400.00 (Side area) 
      Cumulative area ratio:    5.20
      Required ratio:    0.00 (Cumulative side area) 

    Layer: Via2
      Partial area ratio:    0.20
      Required ratio:   20.00 (Gate area) 
      Cumulative area ratio:    0.30
      Required ratio:    0.00 (Cumulative area) 

    Layer: Metal3
      Partial area ratio:    0.32
      Required ratio:    0.00 (Gate area) 
      Cumulative area ratio:    1.55
      Required ratio:    0.00 (Cumulative area) 
      Partial area ratio:    2.14
      Required ratio:  400.00 (Side area) 
      Cumulative area ratio:    7.34
      Required ratio:    0.00 (Cumulative side area) 

    Layer: Via3
      Partial area ratio:    0.10
      Required ratio:   20.00 (Gate area) 
      Cumulative area ratio:    0.41
      Required ratio:    0.00 (Cumulative area) 

    Layer: Metal4
      Partial area ratio:    0.16
      Required ratio:    0.00 (Gate area) 
      Cumulative area ratio:    1.71
      Required ratio:    0.00 (Cumulative area) 
      Partial area ratio:    1.07
      Required ratio:  400.00 (Side area) 
      Cumulative area ratio:    8.41
      Required ratio:    0.00 (Cumulative side area) 

    Layer: Via4
      Partial area ratio:    0.10
      Required ratio:   20.00 (Gate area) 
      Cumulative area ratio:    0.51
      Required ratio:    0.00 (Cumulative area) 

    Layer: Metal5
      Partial area ratio:   38.89
      Required ratio:    0.00 (Gate area) 
      Cumulative area ratio:   40.60
      Required ratio:    0.00 (Cumulative area) 
      Partial area ratio:  210.72
      Required ratio:  400.00 (Side area) 
      Cumulative area ratio:  219.13
      Required ratio:    0.00 (Cumulative side area) 


  Pin:   fanout515/A (gf180mcu_as_sc_mcu7t3v3__buff_2)
    Layer: Via1
      Partial area ratio:    0.10
      Required ratio:   20.00 (Gate area) 
      Cumulative area ratio:    0.10
      Required ratio:    0.00 (Cumulative area) 

    Layer: Metal2
      Partial area ratio:   22.03
      Required ratio:    0.00 (Gate area) 
      Cumulative area ratio:   22.03
      Required ratio:    0.00 (Cumulative area) 
      Partial area ratio:   85.41
      Required ratio:  400.00 (Side area) 
      Cumulative area ratio:   85.41
      Required ratio:    0.00 (Cumulative side area) 

    Layer: Via2
      Partial area ratio:    0.30
      Required ratio:   20.00 (Gate area) 
      Cumulative area ratio:    0.41
      Required ratio:    0.00 (Cumulative area) 

    Layer: Metal3
      Partial area ratio:    4.63
      Required ratio:    0.00 (Gate area) 
      Cumulative area ratio:   26.65
      Required ratio:    0.00 (Cumulative area) 
      Partial area ratio:   18.23
      Required ratio:  400.00 (Side area) 
      Cumulative area ratio:  103.64
      Required ratio:    0.00 (Cumulative side area) 

    Layer: Via3
      Partial area ratio:    0.10
      Required ratio:    0.00 (Gate area) 
      Cumulative area ratio:    0.51
      Required ratio:    0.00 (Cumulative area) 

    Layer: Metal4
      Partial area ratio:    2.29
      Required ratio:    0.00 (Gate area) 
      Cumulative area ratio:   28.94
      Required ratio:    0.00 (Cumulative area) 
      Partial area ratio:    8.92
      Required ratio:  400.00 (Side area) 
      Cumulative area ratio:  112.57
      Required ratio:    0.00 (Cumulative side area) 

    Layer: Via4
      Partial area ratio:    0.10
      Required ratio:    0.00 (Gate area) 
      Cumulative area ratio:    0.61
      Required ratio:    0.00 (Cumulative area) 

    Layer: Metal5
      Partial area ratio:   38.89
      Required ratio:    0.00 (Gate area) 
      Cumulative area ratio:   67.83
      Required ratio:    0.00 (Cumulative area) 
      Partial area ratio:  210.72
      Required ratio:  400.00 (Side area) 
      Cumulative area ratio:  323.29
      Required ratio:    0.00 (Cumulative side area) 



Net: net650
  Pin:   _19017_/B (gf180mcu_as_sc_mcu7t3v3__and2_2)
    Layer: Via1
      Partial area ratio:    0.10
      Required ratio:   20.00 (Gate area) 
      Cumulative area ratio:    0.10
      Required ratio:    0.00 (Cumulative area) 

    Layer: Metal2
      Partial area ratio:    0.92
      Required ratio:    0.00 (Gate area) 
      Cumulative area ratio:    0.92
      Required ratio:    0.00 (Cumulative area) 
      Partial area ratio:    4.00
      Required ratio:  400.00 (Side area) 
      Cumulative area ratio:    4.00
      Required ratio:    0.00 (Cumulative side area) 

    Layer: Via2
      Partial area ratio:    0.20
      Required ratio:   20.00 (Gate area) 
      Cumulative area ratio:    0.30
      Required ratio:    0.00 (Cumulative area) 

    Layer: Metal3
      Partial area ratio:    4.87
      Required ratio:    0.00 (Gate area) 
      Cumulative area ratio:    5.79
      Required ratio:    0.00 (Cumulative area) 
      Partial area ratio:   19.22
      Required ratio:  400.00 (Side area) 
      Cumulative area ratio:   23.22
      Required ratio:    0.00 (Cumulative side area) 

    Layer: Via3
      Partial area ratio:    0.07
      Required ratio:   20.00 (Gate area) 
      Cumulative area ratio:    0.37
      Required ratio:    0.00 (Cumulative area) 

    Layer: Metal4
      Partial area ratio:    4.84
      Required ratio:    0.00 (Gate area) 
      Cumulative area ratio:   10.63
      Required ratio:    0.00 (Cumulative area) 
      Partial area ratio:   18.78
      Required ratio:  400.00 (Side area) 
      Cumulative area ratio:   42.00
      Required ratio:    0.00 (Cumulative side area) 


  Pin:   _19060_/B (gf180mcu_as_sc_mcu7t3v3__nand2_2)
    Layer: Via1
      Partial area ratio:    0.05
      Required ratio:   20.00 (Gate area) 
      Cumulative area ratio:    0.05
      Required ratio:    0.00 (Cumulative area) 

    Layer: Metal2
      Partial area ratio:    0.83
      Required ratio:    0.00 (Gate area) 
      Cumulative area ratio:    0.83
      Required ratio:    0.00 (Cumulative area) 
      Partial area ratio:    3.39
      Required ratio:  400.00 (Side area) 
      Cumulative area ratio:    3.39
      Required ratio:    0.00 (Cumulative side area) 

    Layer: Via2
      Partial area ratio:    0.08
      Required ratio:   20.00 (Gate area) 
      Cumulative area ratio:    0.13
      Required ratio:    0.00 (Cumulative area) 

    Layer: Metal3
      Partial area ratio:    0.12
      Required ratio:    0.00 (Gate area) 
      Cumulative area ratio:    0.95
      Required ratio:    0.00 (Cumulative area) 
      Partial area ratio:    0.65
      Required ratio:  400.00 (Side area) 
      Cumulative area ratio:    4.04
      Required ratio:    0.00 (Cumulative side area) 

    Layer: Via3
      Partial area ratio:    0.05
      Required ratio:   20.00 (Gate area) 
      Cumulative area ratio:    0.18
      Required ratio:    0.00 (Cumulative area) 

    Layer: Metal4
      Partial area ratio:    4.84
      Required ratio:    0.00 (Gate area) 
      Cumulative area ratio:    5.80
      Required ratio:    0.00 (Cumulative area) 
      Partial area ratio:   18.78
      Required ratio:  400.00 (Side area) 
      Cumulative area ratio:   22.82
      Required ratio:    0.00 (Cumulative side area) 


  Pin:   _19096_/A (gf180mcu_as_sc_mcu7t3v3__nand2b_2)
    Layer: Via1
      Partial area ratio:    0.10
      Required ratio:   20.00 (Gate area) 
      Cumulative area ratio:    0.10
      Required ratio:    0.00 (Cumulative area) 

    Layer: Metal2
      Partial area ratio:    0.90
      Required ratio:    0.00 (Gate area) 
      Cumulative area ratio:    0.90
      Required ratio:    0.00 (Cumulative area) 
      Partial area ratio:    3.94
      Required ratio:  400.00 (Side area) 
      Cumulative area ratio:    3.94
      Required ratio:    0.00 (Cumulative side area) 

    Layer: Via2
      Partial area ratio:    0.20
      Required ratio:   20.00 (Gate area) 
      Cumulative area ratio:    0.30
      Required ratio:    0.00 (Cumulative area) 

    Layer: Metal3
      Partial area ratio:    0.32
      Required ratio:    0.00 (Gate area) 
      Cumulative area ratio:    1.22
      Required ratio:    0.00 (Cumulative area) 
      Partial area ratio:    2.14
      Required ratio:  400.00 (Side area) 
      Cumulative area ratio:    6.08
      Required ratio:    0.00 (Cumulative side area) 

    Layer: Via3
      Partial area ratio:    0.10
      Required ratio:   20.00 (Gate area) 
      Cumulative area ratio:    0.41
      Required ratio:    0.00 (Cumulative area) 

    Layer: Metal4
      Partial area ratio:    4.84
      Required ratio:    0.00 (Gate area) 
      Cumulative area ratio:    6.07
      Required ratio:    0.00 (Cumulative area) 
      Partial area ratio:   18.78
      Required ratio:  400.00 (Side area) 
      Cumulative area ratio:   24.85
      Required ratio:    0.00 (Cumulative side area) 


  Pin:   _19551_/B (gf180mcu_as_sc_mcu7t3v3__nand2_2)
    Layer: Via1
      Partial area ratio:    0.05
      Required ratio:   20.00 (Gate area) 
      Cumulative area ratio:    0.05
      Required ratio:    0.00 (Cumulative area) 

    Layer: Metal2
      Partial area ratio:    3.63
      Required ratio:    0.00 (Gate area) 
      Cumulative area ratio:    3.63
      Required ratio:    0.00 (Cumulative area) 
      Partial area ratio:   14.24
      Required ratio:  400.00 (Side area) 
      Cumulative area ratio:   14.24
      Required ratio:    0.00 (Cumulative side area) 

    Layer: Via2
      Partial area ratio:    0.10
      Required ratio:   20.00 (Gate area) 
      Cumulative area ratio:    0.15
      Required ratio:    0.00 (Cumulative area) 

    Layer: Metal3
      Partial area ratio:    4.87
      Required ratio:    0.00 (Gate area) 
      Cumulative area ratio:    8.50
      Required ratio:    0.00 (Cumulative area) 
      Partial area ratio:   19.22
      Required ratio:  400.00 (Side area) 
      Cumulative area ratio:   33.46
      Required ratio:    0.00 (Cumulative side area) 

    Layer: Via3
      Partial area ratio:    0.07
      Required ratio:   20.00 (Gate area) 
      Cumulative area ratio:    0.22
      Required ratio:    0.00 (Cumulative area) 

    Layer: Metal4
      Partial area ratio:    4.84
      Required ratio:    0.00 (Gate area) 
      Cumulative area ratio:   13.34
      Required ratio:    0.00 (Cumulative area) 
      Partial area ratio:   18.78
      Required ratio:  400.00 (Side area) 
      Cumulative area ratio:   52.24
      Required ratio:    0.00 (Cumulative side area) 


  Pin:   _19623_/B (gf180mcu_as_sc_mcu7t3v3__and2_2)
    Layer: Via1
      Partial area ratio:    0.10
      Required ratio:   20.00 (Gate area) 
      Cumulative area ratio:    0.10
      Required ratio:    0.00 (Cumulative area) 

    Layer: Metal2
      Partial area ratio:    2.07
      Required ratio:    0.00 (Gate area) 
      Cumulative area ratio:    2.07
      Required ratio:    0.00 (Cumulative area) 
      Partial area ratio:    8.44
      Required ratio:  400.00 (Side area) 
      Cumulative area ratio:    8.44
      Required ratio:    0.00 (Cumulative side area) 

    Layer: Via2
      Partial area ratio:    0.20
      Required ratio:   20.00 (Gate area) 
      Cumulative area ratio:    0.30
      Required ratio:    0.00 (Cumulative area) 

    Layer: Metal3
      Partial area ratio:  109.89
      Required ratio:    0.00 (Gate area) 
      Cumulative area ratio:  111.96
      Required ratio:    0.00 (Cumulative area) 
      Partial area ratio:  425.23
      Required ratio:  400.00 (Side area) (VIOLATED)
      Cumulative area ratio:  433.67
      Required ratio:    0.00 (Cumulative side area) 

    Layer: Via3
      Partial area ratio:    0.20
      Required ratio:   20.00 (Gate area) 
      Cumulative area ratio:    0.51
      Required ratio:    0.00 (Cumulative area) 

    Layer: Metal4
      Partial area ratio:    4.84
      Required ratio:    0.00 (Gate area) 
      Cumulative area ratio:  116.81
      Required ratio:    0.00 (Cumulative area) 
      Partial area ratio:   18.78
      Required ratio:  400.00 (Side area) 
      Cumulative area ratio:  452.45
      Required ratio:    0.00 (Cumulative side area) 


  Pin:   _19666_/B (gf180mcu_as_sc_mcu7t3v3__nand2_2)
    Layer: Via1
      Partial area ratio:    0.05
      Required ratio:   20.00 (Gate area) 
      Cumulative area ratio:    0.05
      Required ratio:    0.00 (Cumulative area) 

    Layer: Metal2
      Partial area ratio:    1.01
      Required ratio:    0.00 (Gate area) 
      Cumulative area ratio:    1.01
      Required ratio:    0.00 (Cumulative area) 
      Partial area ratio:    4.12
      Required ratio:  400.00 (Side area) 
      Cumulative area ratio:    4.12
      Required ratio:    0.00 (Cumulative side area) 

    Layer: Via2
      Partial area ratio:    0.10
      Required ratio:   20.00 (Gate area) 
      Cumulative area ratio:    0.15
      Required ratio:    0.00 (Cumulative area) 

    Layer: Metal3
      Partial area ratio:    6.04
      Required ratio:    0.00 (Gate area) 
      Cumulative area ratio:    7.05
      Required ratio:    0.00 (Cumulative area) 
      Partial area ratio:   23.76
      Required ratio:  400.00 (Side area) 
      Cumulative area ratio:   27.88
      Required ratio:    0.00 (Cumulative side area) 

    Layer: Via3
      Partial area ratio:    0.03
      Required ratio:   20.00 (Gate area) 
      Cumulative area ratio:    0.19
      Required ratio:    0.00 (Cumulative area) 

    Layer: Metal4
      Partial area ratio:    4.84
      Required ratio:    0.00 (Gate area) 
      Cumulative area ratio:   11.89
      Required ratio:    0.00 (Cumulative area) 
      Partial area ratio:   18.78
      Required ratio:  400.00 (Side area) 
      Cumulative area ratio:   46.65
      Required ratio:    0.00 (Cumulative side area) 


  Pin:   _19703_/A (gf180mcu_as_sc_mcu7t3v3__nand2b_2)
    Layer: Via1
      Partial area ratio:    0.10
      Required ratio:   20.00 (Gate area) 
      Cumulative area ratio:    0.10
      Required ratio:    0.00 (Cumulative area) 

    Layer: Metal2
      Partial area ratio:    8.13
      Required ratio:    0.00 (Gate area) 
      Cumulative area ratio:    8.13
      Required ratio:    0.00 (Cumulative area) 
      Partial area ratio:   31.80
      Required ratio:  400.00 (Side area) 
      Cumulative area ratio:   31.80
      Required ratio:    0.00 (Cumulative side area) 

    Layer: Via2
      Partial area ratio:    0.20
      Required ratio:   20.00 (Gate area) 
      Cumulative area ratio:    0.30
      Required ratio:    0.00 (Cumulative area) 

    Layer: Metal3
      Partial area ratio:    6.04
      Required ratio:    0.00 (Gate area) 
      Cumulative area ratio:   14.17
      Required ratio:    0.00 (Cumulative area) 
      Partial area ratio:   23.76
      Required ratio:  400.00 (Side area) 
      Cumulative area ratio:   55.56
      Required ratio:    0.00 (Cumulative side area) 

    Layer: Via3
      Partial area ratio:    0.03
      Required ratio:   20.00 (Gate area) 
      Cumulative area ratio:    0.34
      Required ratio:    0.00 (Cumulative area) 

    Layer: Metal4
      Partial area ratio:    4.84
      Required ratio:    0.00 (Gate area) 
      Cumulative area ratio:   19.01
      Required ratio:    0.00 (Cumulative area) 
      Partial area ratio:   18.78
      Required ratio:  400.00 (Side area) 
      Cumulative area ratio:   74.33
      Required ratio:    0.00 (Cumulative side area) 


  Pin:   fanout649/A (gf180mcu_as_sc_mcu7t3v3__buff_2)
    Layer: Via1
      Partial area ratio:    0.10
      Required ratio:   20.00 (Gate area) 
      Cumulative area ratio:    0.10
      Required ratio:    0.00 (Cumulative area) 

    Layer: Metal2
      Partial area ratio:    2.68
      Required ratio:    0.00 (Gate area) 
      Cumulative area ratio:    2.68
      Required ratio:    0.00 (Cumulative area) 
      Partial area ratio:   10.77
      Required ratio:  400.00 (Side area) 
      Cumulative area ratio:   10.77
      Required ratio:    0.00 (Cumulative side area) 

    Layer: Via2
      Partial area ratio:    0.20
      Required ratio:   20.00 (Gate area) 
      Cumulative area ratio:    0.30
      Required ratio:    0.00 (Cumulative area) 

    Layer: Metal3
      Partial area ratio:    0.85
      Required ratio:    0.00 (Gate area) 
      Cumulative area ratio:    3.53
      Required ratio:    0.00 (Cumulative area) 
      Partial area ratio:    3.57
      Required ratio:  400.00 (Side area) 
      Cumulative area ratio:   14.34
      Required ratio:    0.00 (Cumulative side area) 

    Layer: Via3
      Partial area ratio:    0.10
      Required ratio:    0.00 (Gate area) 
      Cumulative area ratio:    0.41
      Required ratio:    0.00 (Cumulative area) 

    Layer: Metal4
      Partial area ratio:    4.84
      Required ratio:    0.00 (Gate area) 
      Cumulative area ratio:    8.37
      Required ratio:    0.00 (Cumulative area) 
      Partial area ratio:   18.78
      Required ratio:  400.00 (Side area) 
      Cumulative area ratio:   33.12
      Required ratio:    0.00 (Cumulative side area) 



Net: net764
  Pin:   _10850_/B (gf180mcu_as_sc_mcu7t3v3__mux2_2)
    Layer: Metal1
      Partial area ratio:    0.02
      Required ratio:    0.00 (Gate area) 
      Cumulative area ratio:    0.02
      Required ratio:    0.00 (Cumulative area) 
      Partial area ratio:    0.92
      Required ratio:  400.00 (Side area) 
      Cumulative area ratio:    0.92
      Required ratio:    0.00 (Cumulative side area) 

    Layer: Via1
      Partial area ratio:    0.10
      Required ratio:   20.00 (Gate area) 
      Cumulative area ratio:    0.10
      Required ratio:    0.00 (Cumulative area) 

    Layer: Metal2
      Partial area ratio:    1.99
      Required ratio:    0.00 (Gate area) 
      Cumulative area ratio:    2.00
      Required ratio:    0.00 (Cumulative area) 
      Partial area ratio:    8.12
      Required ratio:  400.00 (Side area) 
      Cumulative area ratio:    9.03
      Required ratio:    0.00 (Cumulative side area) 

    Layer: Via2
      Partial area ratio:    0.20
      Required ratio:   20.00 (Gate area) 
      Cumulative area ratio:    0.30
      Required ratio:    0.00 (Cumulative area) 

    Layer: Metal3
      Partial area ratio:  134.44
      Required ratio:    0.00 (Gate area) 
      Cumulative area ratio:  136.44
      Required ratio:    0.00 (Cumulative area) 
      Partial area ratio:  519.45
      Required ratio:  400.00 (Side area) (VIOLATED)
      Cumulative area ratio:  528.48
      Required ratio:    0.00 (Cumulative side area) 

    Layer: Via3
      Partial area ratio:    0.10
      Required ratio:   20.00 (Gate area) 
      Cumulative area ratio:    0.41
      Required ratio:    0.00 (Cumulative area) 

    Layer: Metal4
      Partial area ratio:   12.40
      Required ratio:    0.00 (Gate area) 
      Cumulative area ratio:  148.84
      Required ratio:    0.00 (Cumulative area) 
      Partial area ratio:   47.95
      Required ratio:  400.00 (Side area) 
      Cumulative area ratio:  576.44
      Required ratio:    0.00 (Cumulative side area) 

    Layer: Via4
      Partial area ratio:    0.03
      Required ratio:   20.00 (Gate area) 
      Cumulative area ratio:    0.43
      Required ratio:    0.00 (Cumulative area) 

    Layer: Metal5
      Partial area ratio:    3.85
      Required ratio:    0.00 (Gate area) 
      Cumulative area ratio:  152.70
      Required ratio:    0.00 (Cumulative area) 
      Partial area ratio:   21.02
      Required ratio:  400.00 (Side area) 
      Cumulative area ratio:  597.45
      Required ratio:    0.00 (Cumulative side area) 


  Pin:   _11184_/S (gf180mcu_as_sc_mcu7t3v3__mux2_2)
    Layer: Metal1
      Partial area ratio:    0.03
      Required ratio:    0.00 (Gate area) 
      Cumulative area ratio:    0.03
      Required ratio:    0.00 (Cumulative area) 
      Partial area ratio:    0.54
      Required ratio:  400.00 (Side area) 
      Cumulative area ratio:    0.54
      Required ratio:    0.00 (Cumulative side area) 

    Layer: Via1
      Partial area ratio:    0.05
      Required ratio:   20.00 (Gate area) 
      Cumulative area ratio:    0.05
      Required ratio:    0.00 (Cumulative area) 

    Layer: Metal2
      Partial area ratio:    1.05
      Required ratio:    0.00 (Gate area) 
      Cumulative area ratio:    1.07
      Required ratio:    0.00 (Cumulative area) 
      Partial area ratio:    4.26
      Required ratio:  400.00 (Side area) 
      Cumulative area ratio:    4.80
      Required ratio:    0.00 (Cumulative side area) 

    Layer: Via2
      Partial area ratio:    0.10
      Required ratio:   20.00 (Gate area) 
      Cumulative area ratio:    0.15
      Required ratio:    0.00 (Cumulative area) 

    Layer: Metal3
      Partial area ratio:    6.04
      Required ratio:    0.00 (Gate area) 
      Cumulative area ratio:    7.12
      Required ratio:    0.00 (Cumulative area) 
      Partial area ratio:   23.76
      Required ratio:  400.00 (Side area) 
      Cumulative area ratio:   28.56
      Required ratio:    0.00 (Cumulative side area) 

    Layer: Via3
      Partial area ratio:    0.03
      Required ratio:   20.00 (Gate area) 
      Cumulative area ratio:    0.19
      Required ratio:    0.00 (Cumulative area) 

    Layer: Metal4
      Partial area ratio:   12.40
      Required ratio:    0.00 (Gate area) 
      Cumulative area ratio:   19.52
      Required ratio:    0.00 (Cumulative area) 
      Partial area ratio:   47.95
      Required ratio:  400.00 (Side area) 
      Cumulative area ratio:   76.52
      Required ratio:    0.00 (Cumulative side area) 

    Layer: Via4
      Partial area ratio:    0.03
      Required ratio:   20.00 (Gate area) 
      Cumulative area ratio:    0.21
      Required ratio:    0.00 (Cumulative area) 

    Layer: Metal5
      Partial area ratio:    3.85
      Required ratio:    0.00 (Gate area) 
      Cumulative area ratio:   23.37
      Required ratio:    0.00 (Cumulative area) 
      Partial area ratio:   21.02
      Required ratio:  400.00 (Side area) 
      Cumulative area ratio:   97.53
      Required ratio:    0.00 (Cumulative side area) 


  Pin:   fanout759/A (gf180mcu_as_sc_mcu7t3v3__buff_2)
    Layer: Via1
      Partial area ratio:    0.10
      Required ratio:   20.00 (Gate area) 
      Cumulative area ratio:    0.10
      Required ratio:    0.00 (Cumulative area) 

    Layer: Metal2
      Partial area ratio:   15.63
      Required ratio:    0.00 (Gate area) 
      Cumulative area ratio:   15.63
      Required ratio:    0.00 (Cumulative area) 
      Partial area ratio:   60.74
      Required ratio:  400.00 (Side area) 
      Cumulative area ratio:   60.74
      Required ratio:    0.00 (Cumulative side area) 

    Layer: Via2
      Partial area ratio:    0.20
      Required ratio:   20.00 (Gate area) 
      Cumulative area ratio:    0.30
      Required ratio:    0.00 (Cumulative area) 

    Layer: Metal3
      Partial area ratio:    6.04
      Required ratio:    0.00 (Gate area) 
      Cumulative area ratio:   21.67
      Required ratio:    0.00 (Cumulative area) 
      Partial area ratio:   23.76
      Required ratio:  400.00 (Side area) 
      Cumulative area ratio:   84.50
      Required ratio:    0.00 (Cumulative side area) 

    Layer: Via3
      Partial area ratio:    0.03
      Required ratio:   20.00 (Gate area) 
      Cumulative area ratio:    0.34
      Required ratio:    0.00 (Cumulative area) 

    Layer: Metal4
      Partial area ratio:   12.40
      Required ratio:    0.00 (Gate area) 
      Cumulative area ratio:   34.08
      Required ratio:    0.00 (Cumulative area) 
      Partial area ratio:   47.95
      Required ratio:  400.00 (Side area) 
      Cumulative area ratio:  132.46
      Required ratio:    0.00 (Cumulative side area) 

    Layer: Via4
      Partial area ratio:    0.03
      Required ratio:   20.00 (Gate area) 
      Cumulative area ratio:    0.36
      Required ratio:    0.00 (Cumulative area) 

    Layer: Metal5
      Partial area ratio:    3.85
      Required ratio:    0.00 (Gate area) 
      Cumulative area ratio:   37.93
      Required ratio:    0.00 (Cumulative area) 
      Partial area ratio:   21.02
      Required ratio:  400.00 (Side area) 
      Cumulative area ratio:  153.47
      Required ratio:    0.00 (Cumulative side area) 


  Pin:   fanout763/A (gf180mcu_as_sc_mcu7t3v3__buff_2)
    Layer: Via1
      Partial area ratio:    0.10
      Required ratio:   20.00 (Gate area) 
      Cumulative area ratio:    0.10
      Required ratio:    0.00 (Cumulative area) 

    Layer: Metal2
      Partial area ratio:    0.82
      Required ratio:    0.00 (Gate area) 
      Cumulative area ratio:    0.82
      Required ratio:    0.00 (Cumulative area) 
      Partial area ratio:    3.27
      Required ratio:  400.00 (Side area) 
      Cumulative area ratio:    3.27
      Required ratio:    0.00 (Cumulative side area) 

    Layer: Via2
      Partial area ratio:    0.30
      Required ratio:    0.00 (Gate area) 
      Cumulative area ratio:    0.41
      Required ratio:    0.00 (Cumulative area) 

    Layer: Metal3
      Partial area ratio:    0.10
      Required ratio:    0.00 (Gate area) 
      Cumulative area ratio:    0.92
      Required ratio:    0.00 (Cumulative area) 
      Partial area ratio:    0.68
      Required ratio:  400.00 (Side area) 
      Cumulative area ratio:    3.95
      Required ratio:    0.00 (Cumulative side area) 

    Layer: Via3
      Partial area ratio:    0.10
      Required ratio:    0.00 (Gate area) 
      Cumulative area ratio:    0.51
      Required ratio:    0.00 (Cumulative area) 

    Layer: Metal4
      Partial area ratio:    0.79
      Required ratio:    0.00 (Gate area) 
      Cumulative area ratio:    1.72
      Required ratio:    0.00 (Cumulative area) 
      Partial area ratio:    3.15
      Required ratio:  400.00 (Side area) 
      Cumulative area ratio:    7.10
      Required ratio:    0.00 (Cumulative side area) 

    Layer: Via4
      Partial area ratio:    0.10
      Required ratio:    0.00 (Gate area) 
      Cumulative area ratio:    0.61
      Required ratio:    0.00 (Cumulative area) 

    Layer: Metal5
      Partial area ratio:    3.85
      Required ratio:    0.00 (Gate area) 
      Cumulative area ratio:    5.57
      Required ratio:    0.00 (Cumulative area) 
      Partial area ratio:   21.02
      Required ratio:  400.00 (Side area) 
      Cumulative area ratio:   28.12
      Required ratio:    0.00 (Cumulative side area) 



Net: net787
  Pin:   _10890_/A (gf180mcu_as_sc_mcu7t3v3__and2_2)
    Layer: Via1
      Partial area ratio:    0.10
      Required ratio:   20.00 (Gate area) 
      Cumulative area ratio:    0.10
      Required ratio:    0.00 (Cumulative area) 

    Layer: Metal2
      Partial area ratio:    0.63
      Required ratio:    0.00 (Gate area) 
      Cumulative area ratio:    0.63
      Required ratio:    0.00 (Cumulative area) 
      Partial area ratio:    2.45
      Required ratio:  400.00 (Side area) 
      Cumulative area ratio:    2.45
      Required ratio:    0.00 (Cumulative side area) 

    Layer: Via2
      Partial area ratio:    0.20
      Required ratio:    0.00 (Gate area) 
      Cumulative area ratio:    0.30
      Required ratio:    0.00 (Cumulative area) 

    Layer: Metal3
      Partial area ratio:    0.20
      Required ratio:    0.00 (Gate area) 
      Cumulative area ratio:    0.83
      Required ratio:    0.00 (Cumulative area) 
      Partial area ratio:    0.92
      Required ratio:  400.00 (Side area) 
      Cumulative area ratio:    3.37
      Required ratio:    0.00 (Cumulative side area) 

    Layer: Via3
      Partial area ratio:    0.03
      Required ratio:    0.00 (Gate area) 
      Cumulative area ratio:    0.33
      Required ratio:    0.00 (Cumulative area) 

    Layer: Metal4
      Partial area ratio:   10.41
      Required ratio:    0.00 (Gate area) 
      Cumulative area ratio:   11.24
      Required ratio:    0.00 (Cumulative area) 
      Partial area ratio:   40.17
      Required ratio:  400.00 (Side area) 
      Cumulative area ratio:   43.54
      Required ratio:    0.00 (Cumulative side area) 


  Pin:   _10917_/A (gf180mcu_as_sc_mcu7t3v3__mux2_2)
    Layer: Metal1
      Partial area ratio:    0.01
      Required ratio:    0.00 (Gate area) 
      Cumulative area ratio:    0.01
      Required ratio:    0.00 (Cumulative area) 
      Partial area ratio:    0.88
      Required ratio:  400.00 (Side area) 
      Cumulative area ratio:    0.88
      Required ratio:    0.00 (Cumulative side area) 

    Layer: Via1
      Partial area ratio:    0.10
      Required ratio:   20.00 (Gate area) 
      Cumulative area ratio:    0.10
      Required ratio:    0.00 (Cumulative area) 

    Layer: Metal2
      Partial area ratio:    0.61
      Required ratio:    0.00 (Gate area) 
      Cumulative area ratio:    0.61
      Required ratio:    0.00 (Cumulative area) 
      Partial area ratio:    2.80
      Required ratio:  400.00 (Side area) 
      Cumulative area ratio:    3.67
      Required ratio:    0.00 (Cumulative side area) 

    Layer: Via2
      Partial area ratio:    0.20
      Required ratio:   20.00 (Gate area) 
      Cumulative area ratio:    0.30
      Required ratio:    0.00 (Cumulative area) 

    Layer: Metal3
      Partial area ratio:   85.11
      Required ratio:    0.00 (Gate area) 
      Cumulative area ratio:   85.72
      Required ratio:    0.00 (Cumulative area) 
      Partial area ratio:  329.40
      Required ratio:  400.00 (Side area) 
      Cumulative area ratio:  333.07
      Required ratio:    0.00 (Cumulative side area) 

    Layer: Via3
      Partial area ratio:    0.05
      Required ratio:   20.00 (Gate area) 
      Cumulative area ratio:    0.36
      Required ratio:    0.00 (Cumulative area) 

    Layer: Metal4
      Partial area ratio:   10.41
      Required ratio:    0.00 (Gate area) 
      Cumulative area ratio:   96.13
      Required ratio:    0.00 (Cumulative area) 
      Partial area ratio:   40.17
      Required ratio:  400.00 (Side area) 
      Cumulative area ratio:  373.23
      Required ratio:    0.00 (Cumulative side area) 


  Pin:   _10928_/A (gf180mcu_as_sc_mcu7t3v3__mux2_2)
    Layer: Metal1
      Partial area ratio:    0.01
      Required ratio:    0.00 (Gate area) 
      Cumulative area ratio:    0.01
      Required ratio:    0.00 (Cumulative area) 
      Partial area ratio:    0.88
      Required ratio:  400.00 (Side area) 
      Cumulative area ratio:    0.88
      Required ratio:    0.00 (Cumulative side area) 

    Layer: Via1
      Partial area ratio:    0.10
      Required ratio:   20.00 (Gate area) 
      Cumulative area ratio:    0.10
      Required ratio:    0.00 (Cumulative area) 

    Layer: Metal2
      Partial area ratio:   11.52
      Required ratio:    0.00 (Gate area) 
      Cumulative area ratio:   11.53
      Required ratio:    0.00 (Cumulative area) 
      Partial area ratio:   44.90
      Required ratio:  400.00 (Side area) 
      Cumulative area ratio:   45.78
      Required ratio:    0.00 (Cumulative side area) 

    Layer: Via2
      Partial area ratio:    0.30
      Required ratio:   20.00 (Gate area) 
      Cumulative area ratio:    0.41
      Required ratio:    0.00 (Cumulative area) 

    Layer: Metal3
      Partial area ratio:   85.11
      Required ratio:    0.00 (Gate area) 
      Cumulative area ratio:   96.64
      Required ratio:    0.00 (Cumulative area) 
      Partial area ratio:  329.40
      Required ratio:  400.00 (Side area) 
      Cumulative area ratio:  375.17
      Required ratio:    0.00 (Cumulative side area) 

    Layer: Via3
      Partial area ratio:    0.05
      Required ratio:   20.00 (Gate area) 
      Cumulative area ratio:    0.46
      Required ratio:    0.00 (Cumulative area) 

    Layer: Metal4
      Partial area ratio:   10.41
      Required ratio:    0.00 (Gate area) 
      Cumulative area ratio:  107.04
      Required ratio:    0.00 (Cumulative area) 
      Partial area ratio:   40.17
      Required ratio:  400.00 (Side area) 
      Cumulative area ratio:  415.34
      Required ratio:    0.00 (Cumulative side area) 


  Pin:   _10938_/A (gf180mcu_as_sc_mcu7t3v3__mux2_2)
    Layer: Metal1
      Partial area ratio:    0.01
      Required ratio:    0.00 (Gate area) 
      Cumulative area ratio:    0.01
      Required ratio:    0.00 (Cumulative area) 
      Partial area ratio:    0.88
      Required ratio:  400.00 (Side area) 
      Cumulative area ratio:    0.88
      Required ratio:    0.00 (Cumulative side area) 

    Layer: Via1
      Partial area ratio:    0.10
      Required ratio:   20.00 (Gate area) 
      Cumulative area ratio:    0.10
      Required ratio:    0.00 (Cumulative area) 

    Layer: Metal2
      Partial area ratio:    5.36
      Required ratio:    0.00 (Gate area) 
      Cumulative area ratio:    5.37
      Required ratio:    0.00 (Cumulative area) 
      Partial area ratio:   21.14
      Required ratio:  400.00 (Side area) 
      Cumulative area ratio:   22.02
      Required ratio:    0.00 (Cumulative side area) 

    Layer: Via2
      Partial area ratio:    0.20
      Required ratio:   20.00 (Gate area) 
      Cumulative area ratio:    0.30
      Required ratio:    0.00 (Cumulative area) 

    Layer: Metal3
      Partial area ratio:  152.08
      Required ratio:    0.00 (Gate area) 
      Cumulative area ratio:  157.46
      Required ratio:    0.00 (Cumulative area) 
      Partial area ratio:  587.52
      Required ratio:  400.00 (Side area) (VIOLATED)
      Cumulative area ratio:  609.53
      Required ratio:    0.00 (Cumulative side area) 

    Layer: Via3
      Partial area ratio:    0.10
      Required ratio:   20.00 (Gate area) 
      Cumulative area ratio:    0.41
      Required ratio:    0.00 (Cumulative area) 

    Layer: Metal4
      Partial area ratio:   10.41
      Required ratio:    0.00 (Gate area) 
      Cumulative area ratio:  167.86
      Required ratio:    0.00 (Cumulative area) 
      Partial area ratio:   40.17
      Required ratio:  400.00 (Side area) 
      Cumulative area ratio:  649.70
      Required ratio:    0.00 (Cumulative side area) 


  Pin:   _10947_/B (gf180mcu_as_sc_mcu7t3v3__mux2_2)
    Layer: Metal1
      Partial area ratio:    0.02
      Required ratio:    0.00 (Gate area) 
      Cumulative area ratio:    0.02
      Required ratio:    0.00 (Cumulative area) 
      Partial area ratio:    0.92
      Required ratio:  400.00 (Side area) 
      Cumulative area ratio:    0.92
      Required ratio:    0.00 (Cumulative side area) 

    Layer: Via1
      Partial area ratio:    0.10
      Required ratio:   20.00 (Gate area) 
      Cumulative area ratio:    0.10
      Required ratio:    0.00 (Cumulative area) 

    Layer: Metal2
      Partial area ratio:    1.56
      Required ratio:    0.00 (Gate area) 
      Cumulative area ratio:    1.57
      Required ratio:    0.00 (Cumulative area) 
      Partial area ratio:    6.45
      Required ratio:  400.00 (Side area) 
      Cumulative area ratio:    7.37
      Required ratio:    0.00 (Cumulative side area) 

    Layer: Via2
      Partial area ratio:    0.20
      Required ratio:   20.00 (Gate area) 
      Cumulative area ratio:    0.30
      Required ratio:    0.00 (Cumulative area) 

    Layer: Metal3
      Partial area ratio:   74.36
      Required ratio:    0.00 (Gate area) 
      Cumulative area ratio:   75.93
      Required ratio:    0.00 (Cumulative area) 
      Partial area ratio:  287.49
      Required ratio:  400.00 (Side area) 
      Cumulative area ratio:  294.86
      Required ratio:    0.00 (Cumulative side area) 

    Layer: Via3
      Partial area ratio:    0.10
      Required ratio:   20.00 (Gate area) 
      Cumulative area ratio:    0.41
      Required ratio:    0.00 (Cumulative area) 

    Layer: Metal4
      Partial area ratio:   10.41
      Required ratio:    0.00 (Gate area) 
      Cumulative area ratio:   86.34
      Required ratio:    0.00 (Cumulative area) 
      Partial area ratio:   40.17
      Required ratio:  400.00 (Side area) 
      Cumulative area ratio:  335.02
      Required ratio:    0.00 (Cumulative side area) 


  Pin:   _10970_/A (gf180mcu_as_sc_mcu7t3v3__mux2_2)
    Layer: Metal1
      Partial area ratio:    0.01
      Required ratio:    0.00 (Gate area) 
      Cumulative area ratio:    0.01
      Required ratio:    0.00 (Cumulative area) 
      Partial area ratio:    0.88
      Required ratio:  400.00 (Side area) 
      Cumulative area ratio:    0.88
      Required ratio:    0.00 (Cumulative side area) 

    Layer: Via1
      Partial area ratio:    0.10
      Required ratio:   20.00 (Gate area) 
      Cumulative area ratio:    0.10
      Required ratio:    0.00 (Cumulative area) 

    Layer: Metal2
      Partial area ratio:    2.33
      Required ratio:    0.00 (Gate area) 
      Cumulative area ratio:    2.34
      Required ratio:    0.00 (Cumulative area) 
      Partial area ratio:    9.46
      Required ratio:  400.00 (Side area) 
      Cumulative area ratio:   10.33
      Required ratio:    0.00 (Cumulative side area) 

    Layer: Via2
      Partial area ratio:    0.20
      Required ratio:   20.00 (Gate area) 
      Cumulative area ratio:    0.30
      Required ratio:    0.00 (Cumulative area) 

    Layer: Metal3
      Partial area ratio:   74.36
      Required ratio:    0.00 (Gate area) 
      Cumulative area ratio:   76.70
      Required ratio:    0.00 (Cumulative area) 
      Partial area ratio:  287.49
      Required ratio:  400.00 (Side area) 
      Cumulative area ratio:  297.82
      Required ratio:    0.00 (Cumulative side area) 

    Layer: Via3
      Partial area ratio:    0.10
      Required ratio:   20.00 (Gate area) 
      Cumulative area ratio:    0.41
      Required ratio:    0.00 (Cumulative area) 

    Layer: Metal4
      Partial area ratio:   10.41
      Required ratio:    0.00 (Gate area) 
      Cumulative area ratio:   87.10
      Required ratio:    0.00 (Cumulative area) 
      Partial area ratio:   40.17
      Required ratio:  400.00 (Side area) 
      Cumulative area ratio:  337.99
      Required ratio:    0.00 (Cumulative side area) 


  Pin:   _16402_/A (gf180mcu_as_sc_mcu7t3v3__xor2_2)
    Layer: Metal1
      Partial area ratio:    0.00
      Required ratio:    0.00 (Gate area) 
      Cumulative area ratio:    0.00
      Required ratio:    0.00 (Cumulative area) 
      Partial area ratio:    0.43
      Required ratio:  400.00 (Side area) 
      Cumulative area ratio:    0.43
      Required ratio:    0.00 (Cumulative side area) 

    Layer: Via1
      Partial area ratio:    0.05
      Required ratio:   20.00 (Gate area) 
      Cumulative area ratio:    0.05
      Required ratio:    0.00 (Cumulative area) 

    Layer: Metal2
      Partial area ratio:    0.63
      Required ratio:    0.00 (Gate area) 
      Cumulative area ratio:    0.63
      Required ratio:    0.00 (Cumulative area) 
      Partial area ratio:    2.45
      Required ratio:  400.00 (Side area) 
      Cumulative area ratio:    2.87
      Required ratio:    0.00 (Cumulative side area) 

    Layer: Via2
      Partial area ratio:    0.20
      Required ratio:    0.00 (Gate area) 
      Cumulative area ratio:    0.25
      Required ratio:    0.00 (Cumulative area) 

    Layer: Metal3
      Partial area ratio:    0.20
      Required ratio:    0.00 (Gate area) 
      Cumulative area ratio:    0.83
      Required ratio:    0.00 (Cumulative area) 
      Partial area ratio:    0.92
      Required ratio:  400.00 (Side area) 
      Cumulative area ratio:    3.80
      Required ratio:    0.00 (Cumulative side area) 

    Layer: Via3
      Partial area ratio:    0.03
      Required ratio:    0.00 (Gate area) 
      Cumulative area ratio:    0.28
      Required ratio:    0.00 (Cumulative area) 

    Layer: Metal4
      Partial area ratio:   10.41
      Required ratio:    0.00 (Gate area) 
      Cumulative area ratio:   11.24
      Required ratio:    0.00 (Cumulative area) 
      Partial area ratio:   40.17
      Required ratio:  400.00 (Side area) 
      Cumulative area ratio:   43.96
      Required ratio:    0.00 (Cumulative side area) 


  Pin:   _16403_/A (gf180mcu_as_sc_mcu7t3v3__ao22_2)
    Layer: Via1
      Partial area ratio:    0.10
      Required ratio:   20.00 (Gate area) 
      Cumulative area ratio:    0.10
      Required ratio:    0.00 (Cumulative area) 

    Layer: Metal2
      Partial area ratio:    0.63
      Required ratio:    0.00 (Gate area) 
      Cumulative area ratio:    0.63
      Required ratio:    0.00 (Cumulative area) 
      Partial area ratio:    2.45
      Required ratio:  400.00 (Side area) 
      Cumulative area ratio:    2.45
      Required ratio:    0.00 (Cumulative side area) 

    Layer: Via2
      Partial area ratio:    0.20
      Required ratio:    0.00 (Gate area) 
      Cumulative area ratio:    0.30
      Required ratio:    0.00 (Cumulative area) 

    Layer: Metal3
      Partial area ratio:    0.20
      Required ratio:    0.00 (Gate area) 
      Cumulative area ratio:    0.83
      Required ratio:    0.00 (Cumulative area) 
      Partial area ratio:    0.92
      Required ratio:  400.00 (Side area) 
      Cumulative area ratio:    3.37
      Required ratio:    0.00 (Cumulative side area) 

    Layer: Via3
      Partial area ratio:    0.03
      Required ratio:    0.00 (Gate area) 
      Cumulative area ratio:    0.33
      Required ratio:    0.00 (Cumulative area) 

    Layer: Metal4
      Partial area ratio:   10.41
      Required ratio:    0.00 (Gate area) 
      Cumulative area ratio:   11.24
      Required ratio:    0.00 (Cumulative area) 
      Partial area ratio:   40.17
      Required ratio:  400.00 (Side area) 
      Cumulative area ratio:   43.54
      Required ratio:    0.00 (Cumulative side area) 



Net: net794
  Pin:   _10834_/A (gf180mcu_as_sc_mcu7t3v3__inv_2)
    Layer: Via1
      Partial area ratio:    0.05
      Required ratio:   20.00 (Gate area) 
      Cumulative area ratio:    0.05
      Required ratio:    0.00 (Cumulative area) 

    Layer: Metal2
      Partial area ratio:    2.50
      Required ratio:    0.00 (Gate area) 
      Cumulative area ratio:    2.50
      Required ratio:    0.00 (Cumulative area) 
      Partial area ratio:    9.86
      Required ratio:  400.00 (Side area) 
      Cumulative area ratio:    9.86
      Required ratio:    0.00 (Cumulative side area) 

    Layer: Via2
      Partial area ratio:    0.10
      Required ratio:   20.00 (Gate area) 
      Cumulative area ratio:    0.15
      Required ratio:    0.00 (Cumulative area) 

    Layer: Metal3
      Partial area ratio:   15.72
      Required ratio:    0.00 (Gate area) 
      Cumulative area ratio:   18.22
      Required ratio:    0.00 (Cumulative area) 
      Partial area ratio:   61.18
      Required ratio:  400.00 (Side area) 
      Cumulative area ratio:   71.04
      Required ratio:    0.00 (Cumulative side area) 

    Layer: Via3
      Partial area ratio:    0.02
      Required ratio:   20.00 (Gate area) 
      Cumulative area ratio:    0.17
      Required ratio:    0.00 (Cumulative area) 

    Layer: Metal4
      Partial area ratio:   22.74
      Required ratio:    0.00 (Gate area) 
      Cumulative area ratio:   40.96
      Required ratio:    0.00 (Cumulative area) 
      Partial area ratio:   87.84
      Required ratio:  400.00 (Side area) 
      Cumulative area ratio:  158.89
      Required ratio:    0.00 (Cumulative side area) 

    Layer: Via4
      Partial area ratio:    0.01
      Required ratio:   20.00 (Gate area) 
      Cumulative area ratio:    0.19
      Required ratio:    0.00 (Cumulative area) 

    Layer: Metal5
      Partial area ratio:    9.38
      Required ratio:    0.00 (Gate area) 
      Cumulative area ratio:   50.34
      Required ratio:    0.00 (Cumulative area) 
      Partial area ratio:   50.84
      Required ratio:  400.00 (Side area) 
      Cumulative area ratio:  209.73
      Required ratio:    0.00 (Cumulative side area) 


  Pin:   _10915_/B (gf180mcu_as_sc_mcu7t3v3__mux2_2)
    Layer: Metal1
      Partial area ratio:    0.02
      Required ratio:    0.00 (Gate area) 
      Cumulative area ratio:    0.02
      Required ratio:    0.00 (Cumulative area) 
      Partial area ratio:    0.92
      Required ratio:  400.00 (Side area) 
      Cumulative area ratio:    0.92
      Required ratio:    0.00 (Cumulative side area) 

    Layer: Via1
      Partial area ratio:    0.10
      Required ratio:   20.00 (Gate area) 
      Cumulative area ratio:    0.10
      Required ratio:    0.00 (Cumulative area) 

    Layer: Metal2
      Partial area ratio:    2.14
      Required ratio:    0.00 (Gate area) 
      Cumulative area ratio:    2.16
      Required ratio:    0.00 (Cumulative area) 
      Partial area ratio:    8.72
      Required ratio:  400.00 (Side area) 
      Cumulative area ratio:    9.63
      Required ratio:    0.00 (Cumulative side area) 

    Layer: Via2
      Partial area ratio:    0.20
      Required ratio:   20.00 (Gate area) 
      Cumulative area ratio:    0.30
      Required ratio:    0.00 (Cumulative area) 

    Layer: Metal3
      Partial area ratio:   84.95
      Required ratio:    0.00 (Gate area) 
      Cumulative area ratio:   87.10
      Required ratio:    0.00 (Cumulative area) 
      Partial area ratio:  328.33
      Required ratio:  400.00 (Side area) 
      Cumulative area ratio:  337.96
      Required ratio:    0.00 (Cumulative side area) 

    Layer: Via3
      Partial area ratio:    0.10
      Required ratio:   20.00 (Gate area) 
      Cumulative area ratio:    0.41
      Required ratio:    0.00 (Cumulative area) 

    Layer: Metal4
      Partial area ratio:   22.74
      Required ratio:    0.00 (Gate area) 
      Cumulative area ratio:  109.85
      Required ratio:    0.00 (Cumulative area) 
      Partial area ratio:   87.84
      Required ratio:  400.00 (Side area) 
      Cumulative area ratio:  425.80
      Required ratio:    0.00 (Cumulative side area) 

    Layer: Via4
      Partial area ratio:    0.01
      Required ratio:   20.00 (Gate area) 
      Cumulative area ratio:    0.42
      Required ratio:    0.00 (Cumulative area) 

    Layer: Metal5
      Partial area ratio:    9.38
      Required ratio:    0.00 (Gate area) 
      Cumulative area ratio:  119.22
      Required ratio:    0.00 (Cumulative area) 
      Partial area ratio:   50.84
      Required ratio:  400.00 (Side area) 
      Cumulative area ratio:  476.64
      Required ratio:    0.00 (Cumulative side area) 


  Pin:   _10926_/B (gf180mcu_as_sc_mcu7t3v3__mux2_2)
    Layer: Metal1
      Partial area ratio:    0.02
      Required ratio:    0.00 (Gate area) 
      Cumulative area ratio:    0.02
      Required ratio:    0.00 (Cumulative area) 
      Partial area ratio:    0.92
      Required ratio:  400.00 (Side area) 
      Cumulative area ratio:    0.92
      Required ratio:    0.00 (Cumulative side area) 

    Layer: Via1
      Partial area ratio:    0.10
      Required ratio:   20.00 (Gate area) 
      Cumulative area ratio:    0.10
      Required ratio:    0.00 (Cumulative area) 

    Layer: Metal2
      Partial area ratio:    1.67
      Required ratio:    0.00 (Gate area) 
      Cumulative area ratio:    1.69
      Required ratio:    0.00 (Cumulative area) 
      Partial area ratio:    6.90
      Required ratio:  400.00 (Side area) 
      Cumulative area ratio:    7.82
      Required ratio:    0.00 (Cumulative side area) 

    Layer: Via2
      Partial area ratio:    0.20
      Required ratio:   20.00 (Gate area) 
      Cumulative area ratio:    0.30
      Required ratio:    0.00 (Cumulative area) 

    Layer: Metal3
      Partial area ratio:   84.95
      Required ratio:    0.00 (Gate area) 
      Cumulative area ratio:   86.63
      Required ratio:    0.00 (Cumulative area) 
      Partial area ratio:  328.33
      Required ratio:  400.00 (Side area) 
      Cumulative area ratio:  336.14
      Required ratio:    0.00 (Cumulative side area) 

    Layer: Via3
      Partial area ratio:    0.10
      Required ratio:   20.00 (Gate area) 
      Cumulative area ratio:    0.41
      Required ratio:    0.00 (Cumulative area) 

    Layer: Metal4
      Partial area ratio:   22.74
      Required ratio:    0.00 (Gate area) 
      Cumulative area ratio:  109.37
      Required ratio:    0.00 (Cumulative area) 
      Partial area ratio:   87.84
      Required ratio:  400.00 (Side area) 
      Cumulative area ratio:  423.99
      Required ratio:    0.00 (Cumulative side area) 

    Layer: Via4
      Partial area ratio:    0.01
      Required ratio:   20.00 (Gate area) 
      Cumulative area ratio:    0.42
      Required ratio:    0.00 (Cumulative area) 

    Layer: Metal5
      Partial area ratio:    9.38
      Required ratio:    0.00 (Gate area) 
      Cumulative area ratio:  118.75
      Required ratio:    0.00 (Cumulative area) 
      Partial area ratio:   50.84
      Required ratio:  400.00 (Side area) 
      Cumulative area ratio:  474.83
      Required ratio:    0.00 (Cumulative side area) 


  Pin:   _10936_/B (gf180mcu_as_sc_mcu7t3v3__mux2_2)
    Layer: Metal1
      Partial area ratio:    0.02
      Required ratio:    0.00 (Gate area) 
      Cumulative area ratio:    0.02
      Required ratio:    0.00 (Cumulative area) 
      Partial area ratio:    0.92
      Required ratio:  400.00 (Side area) 
      Cumulative area ratio:    0.92
      Required ratio:    0.00 (Cumulative side area) 

    Layer: Via1
      Partial area ratio:    0.10
      Required ratio:   20.00 (Gate area) 
      Cumulative area ratio:    0.10
      Required ratio:    0.00 (Cumulative area) 

    Layer: Metal2
      Partial area ratio:    3.12
      Required ratio:    0.00 (Gate area) 
      Cumulative area ratio:    3.14
      Required ratio:    0.00 (Cumulative area) 
      Partial area ratio:   12.50
      Required ratio:  400.00 (Side area) 
      Cumulative area ratio:   13.41
      Required ratio:    0.00 (Cumulative side area) 

    Layer: Via2
      Partial area ratio:    0.20
      Required ratio:   20.00 (Gate area) 
      Cumulative area ratio:    0.30
      Required ratio:    0.00 (Cumulative area) 

    Layer: Metal3
      Partial area ratio:    7.54
      Required ratio:    0.00 (Gate area) 
      Cumulative area ratio:   10.68
      Required ratio:    0.00 (Cumulative area) 
      Partial area ratio:   30.44
      Required ratio:  400.00 (Side area) 
      Cumulative area ratio:   43.85
      Required ratio:    0.00 (Cumulative side area) 

    Layer: Via3
      Partial area ratio:    0.20
      Required ratio:   20.00 (Gate area) 
      Cumulative area ratio:    0.51
      Required ratio:    0.00 (Cumulative area) 

    Layer: Metal4
      Partial area ratio:    3.58
      Required ratio:    0.00 (Gate area) 
      Cumulative area ratio:   14.25
      Required ratio:    0.00 (Cumulative area) 
      Partial area ratio:   13.84
      Required ratio:  400.00 (Side area) 
      Cumulative area ratio:   57.69
      Required ratio:    0.00 (Cumulative side area) 

    Layer: Via4
      Partial area ratio:    0.20
      Required ratio:    0.00 (Gate area) 
      Cumulative area ratio:    0.71
      Required ratio:    0.00 (Cumulative area) 

    Layer: Metal5
      Partial area ratio:    9.38
      Required ratio:    0.00 (Gate area) 
      Cumulative area ratio:   23.63
      Required ratio:    0.00 (Cumulative area) 
      Partial area ratio:   50.84
      Required ratio:  400.00 (Side area) 
      Cumulative area ratio:  108.53
      Required ratio:    0.00 (Cumulative side area) 


  Pin:   _10945_/A (gf180mcu_as_sc_mcu7t3v3__mux2_2)
    Layer: Metal1
      Partial area ratio:    0.01
      Required ratio:    0.00 (Gate area) 
      Cumulative area ratio:    0.01
      Required ratio:    0.00 (Cumulative area) 
      Partial area ratio:    0.88
      Required ratio:  400.00 (Side area) 
      Cumulative area ratio:    0.88
      Required ratio:    0.00 (Cumulative side area) 

    Layer: Via1
      Partial area ratio:    0.10
      Required ratio:   20.00 (Gate area) 
      Cumulative area ratio:    0.10
      Required ratio:    0.00 (Cumulative area) 

    Layer: Metal2
      Partial area ratio:    1.91
      Required ratio:    0.00 (Gate area) 
      Cumulative area ratio:    1.92
      Required ratio:    0.00 (Cumulative area) 
      Partial area ratio:    7.84
      Required ratio:  400.00 (Side area) 
      Cumulative area ratio:    8.71
      Required ratio:    0.00 (Cumulative side area) 

    Layer: Via2
      Partial area ratio:    0.20
      Required ratio:   20.00 (Gate area) 
      Cumulative area ratio:    0.30
      Required ratio:    0.00 (Cumulative area) 

    Layer: Metal3
      Partial area ratio:    0.32
      Required ratio:    0.00 (Gate area) 
      Cumulative area ratio:    2.24
      Required ratio:    0.00 (Cumulative area) 
      Partial area ratio:    2.14
      Required ratio:  400.00 (Side area) 
      Cumulative area ratio:   10.85
      Required ratio:    0.00 (Cumulative side area) 

    Layer: Via3
      Partial area ratio:    0.10
      Required ratio:   20.00 (Gate area) 
      Cumulative area ratio:    0.41
      Required ratio:    0.00 (Cumulative area) 

    Layer: Metal4
      Partial area ratio:  113.14
      Required ratio:    0.00 (Gate area) 
      Cumulative area ratio:  115.38
      Required ratio:    0.00 (Cumulative area) 
      Partial area ratio:  436.86
      Required ratio:  400.00 (Side area) (VIOLATED)
      Cumulative area ratio:  447.71
      Required ratio:    0.00 (Cumulative side area) 

    Layer: Via4
      Partial area ratio:    0.10
      Required ratio:   20.00 (Gate area) 
      Cumulative area ratio:    0.51
      Required ratio:    0.00 (Cumulative area) 

    Layer: Metal5
      Partial area ratio:    9.38
      Required ratio:    0.00 (Gate area) 
      Cumulative area ratio:  124.76
      Required ratio:    0.00 (Cumulative area) 
      Partial area ratio:   50.84
      Required ratio:  400.00 (Side area) 
      Cumulative area ratio:  498.55
      Required ratio:    0.00 (Cumulative side area) 


  Pin:   _10954_/A (gf180mcu_as_sc_mcu7t3v3__and2_2)
    Layer: Via1
      Partial area ratio:    0.10
      Required ratio:   20.00 (Gate area) 
      Cumulative area ratio:    0.10
      Required ratio:    0.00 (Cumulative area) 

    Layer: Metal2
      Partial area ratio:    4.35
      Required ratio:    0.00 (Gate area) 
      Cumulative area ratio:    4.35
      Required ratio:    0.00 (Cumulative area) 
      Partial area ratio:   17.23
      Required ratio:  400.00 (Side area) 
      Cumulative area ratio:   17.23
      Required ratio:    0.00 (Cumulative side area) 

    Layer: Via2
      Partial area ratio:    0.30
      Required ratio:   20.00 (Gate area) 
      Cumulative area ratio:    0.41
      Required ratio:    0.00 (Cumulative area) 

    Layer: Metal3
      Partial area ratio:   15.72
      Required ratio:    0.00 (Gate area) 
      Cumulative area ratio:   20.07
      Required ratio:    0.00 (Cumulative area) 
      Partial area ratio:   61.18
      Required ratio:  400.00 (Side area) 
      Cumulative area ratio:   78.41
      Required ratio:    0.00 (Cumulative side area) 

    Layer: Via3
      Partial area ratio:    0.02
      Required ratio:   20.00 (Gate area) 
      Cumulative area ratio:    0.43
      Required ratio:    0.00 (Cumulative area) 

    Layer: Metal4
      Partial area ratio:   22.74
      Required ratio:    0.00 (Gate area) 
      Cumulative area ratio:   42.81
      Required ratio:    0.00 (Cumulative area) 
      Partial area ratio:   87.84
      Required ratio:  400.00 (Side area) 
      Cumulative area ratio:  166.26
      Required ratio:    0.00 (Cumulative side area) 

    Layer: Via4
      Partial area ratio:    0.01
      Required ratio:   20.00 (Gate area) 
      Cumulative area ratio:    0.44
      Required ratio:    0.00 (Cumulative area) 

    Layer: Metal5
      Partial area ratio:    9.38
      Required ratio:    0.00 (Gate area) 
      Cumulative area ratio:   52.19
      Required ratio:    0.00 (Cumulative area) 
      Partial area ratio:   50.84
      Required ratio:  400.00 (Side area) 
      Cumulative area ratio:  217.10
      Required ratio:    0.00 (Cumulative side area) 


  Pin:   _10965_/A (gf180mcu_as_sc_mcu7t3v3__nor2_2)
    Layer: Via1
      Partial area ratio:    0.05
      Required ratio:   20.00 (Gate area) 
      Cumulative area ratio:    0.05
      Required ratio:    0.00 (Cumulative area) 

    Layer: Metal2
      Partial area ratio:    0.73
      Required ratio:    0.00 (Gate area) 
      Cumulative area ratio:    0.73
      Required ratio:    0.00 (Cumulative area) 
      Partial area ratio:    3.03
      Required ratio:  400.00 (Side area) 
      Cumulative area ratio:    3.03
      Required ratio:    0.00 (Cumulative side area) 

    Layer: Via2
      Partial area ratio:    0.10
      Required ratio:   20.00 (Gate area) 
      Cumulative area ratio:    0.15
      Required ratio:    0.00 (Cumulative area) 

    Layer: Metal3
      Partial area ratio:   15.72
      Required ratio:    0.00 (Gate area) 
      Cumulative area ratio:   16.45
      Required ratio:    0.00 (Cumulative area) 
      Partial area ratio:   61.18
      Required ratio:  400.00 (Side area) 
      Cumulative area ratio:   64.21
      Required ratio:    0.00 (Cumulative side area) 

    Layer: Via3
      Partial area ratio:    0.02
      Required ratio:   20.00 (Gate area) 
      Cumulative area ratio:    0.17
      Required ratio:    0.00 (Cumulative area) 

    Layer: Metal4
      Partial area ratio:   22.74
      Required ratio:    0.00 (Gate area) 
      Cumulative area ratio:   39.19
      Required ratio:    0.00 (Cumulative area) 
      Partial area ratio:   87.84
      Required ratio:  400.00 (Side area) 
      Cumulative area ratio:  152.06
      Required ratio:    0.00 (Cumulative side area) 

    Layer: Via4
      Partial area ratio:    0.01
      Required ratio:   20.00 (Gate area) 
      Cumulative area ratio:    0.19
      Required ratio:    0.00 (Cumulative area) 

    Layer: Metal5
      Partial area ratio:    9.38
      Required ratio:    0.00 (Gate area) 
      Cumulative area ratio:   48.57
      Required ratio:    0.00 (Cumulative area) 
      Partial area ratio:   50.84
      Required ratio:  400.00 (Side area) 
      Cumulative area ratio:  202.90
      Required ratio:    0.00 (Cumulative side area) 



[INFO ANT-0002] Found 19 net violations.
[INFO ANT-0001] Found 22 pin violations.
