Net: _02146_
  Pin:   _11155_/A (gf180mcu_as_sc_mcu7t3v3__mux2_2)
    Layer: Metal1
      Partial area ratio:    0.01
      Required ratio:    0.00 (Gate area) 
      Cumulative area ratio:    0.01
      Required ratio:    0.00 (Cumulative area) 
      Partial area ratio:    0.88
      Required ratio:  400.00 (Side area) 
      Cumulative area ratio:    0.88
      Required ratio:    0.00 (Cumulative side area) 

    Layer: Via1
      Partial area ratio:    0.10
      Required ratio:   20.00 (Gate area) 
      Cumulative area ratio:    0.10
      Required ratio:    0.00 (Cumulative area) 

    Layer: Metal2
      Partial area ratio:    7.29
      Required ratio:    0.00 (Gate area) 
      Cumulative area ratio:    7.29
      Required ratio:    0.00 (Cumulative area) 
      Partial area ratio:   28.56
      Required ratio:  400.00 (Side area) 
      Cumulative area ratio:   29.43
      Required ratio:    0.00 (Cumulative side area) 

    Layer: Via2
      Partial area ratio:    0.20
      Required ratio:   20.00 (Gate area) 
      Cumulative area ratio:    0.30
      Required ratio:    0.00 (Cumulative area) 

    Layer: Metal3
      Partial area ratio:   28.55
      Required ratio:    0.00 (Gate area) 
      Cumulative area ratio:   35.85
      Required ratio:    0.00 (Cumulative area) 
      Partial area ratio:  111.05
      Required ratio:  400.00 (Side area) 
      Cumulative area ratio:  140.48
      Required ratio:    0.00 (Cumulative side area) 

    Layer: Via3
      Partial area ratio:    0.10
      Required ratio:   20.00 (Gate area) 
      Cumulative area ratio:    0.41
      Required ratio:    0.00 (Cumulative area) 

    Layer: Metal4
      Partial area ratio:  144.91
      Required ratio:    0.00 (Gate area) 
      Cumulative area ratio:  180.76
      Required ratio:    0.00 (Cumulative area) 
      Partial area ratio:  559.38
      Required ratio:  400.00 (Side area) (VIOLATED)
      Cumulative area ratio:  699.86
      Required ratio:    0.00 (Cumulative side area) 

    Layer: Via4
      Partial area ratio:    0.10
      Required ratio:   20.00 (Gate area) 
      Cumulative area ratio:    0.51
      Required ratio:    0.00 (Cumulative area) 

    Layer: Metal5
      Partial area ratio:    8.05
      Required ratio:    0.00 (Gate area) 
      Cumulative area ratio:  188.81
      Required ratio:    0.00 (Cumulative area) 
      Partial area ratio:   43.88
      Required ratio:  400.00 (Side area) 
      Cumulative area ratio:  743.74
      Required ratio:    0.00 (Cumulative side area) 



Net: net6
  Pin:   fanout837/A (gf180mcu_as_sc_mcu7t3v3__buff_2)
    Layer: Via1
      Partial area ratio:    0.10
      Required ratio:   20.00 (Gate area) 
      Cumulative area ratio:    0.10
      Required ratio:    0.00 (Cumulative area) 

    Layer: Metal2
      Partial area ratio:    4.54
      Required ratio:    0.00 (Gate area) 
      Cumulative area ratio:    4.54
      Required ratio:    0.00 (Cumulative area) 
      Partial area ratio:   17.96
      Required ratio:  400.00 (Side area) 
      Cumulative area ratio:   17.96
      Required ratio:    0.00 (Cumulative side area) 

    Layer: Via2
      Partial area ratio:    0.20
      Required ratio:   20.00 (Gate area) 
      Cumulative area ratio:    0.30
      Required ratio:    0.00 (Cumulative area) 

    Layer: Metal3
      Partial area ratio:  236.79
      Required ratio:    0.00 (Gate area) 
      Cumulative area ratio:  241.33
      Required ratio:    0.00 (Cumulative area) 
      Partial area ratio:  914.24
      Required ratio:  400.00 (Side area) (VIOLATED)
      Cumulative area ratio:  932.20
      Required ratio:    0.00 (Cumulative side area) 

    Layer: Via3
      Partial area ratio:    0.10
      Required ratio:   20.00 (Gate area) 
      Cumulative area ratio:    0.41
      Required ratio:    0.00 (Cumulative area) 

    Layer: Metal4
      Partial area ratio:   23.51
      Required ratio:    0.00 (Gate area) 
      Cumulative area ratio:  264.84
      Required ratio:    0.00 (Cumulative area) 
      Partial area ratio:   90.77
      Required ratio:  400.00 (Side area) 
      Cumulative area ratio: 1022.97
      Required ratio:    0.00 (Cumulative side area) 


  Pin:   fanout879/A (gf180mcu_as_sc_mcu7t3v3__buff_2)
    Layer: Via1
      Partial area ratio:    0.10
      Required ratio:   20.00 (Gate area) 
      Cumulative area ratio:    0.10
      Required ratio:    0.00 (Cumulative area) 

    Layer: Metal2
      Partial area ratio:    1.76
      Required ratio:    0.00 (Gate area) 
      Cumulative area ratio:    1.76
      Required ratio:    0.00 (Cumulative area) 
      Partial area ratio:    7.25
      Required ratio:  400.00 (Side area) 
      Cumulative area ratio:    7.25
      Required ratio:    0.00 (Cumulative side area) 

    Layer: Via2
      Partial area ratio:    0.20
      Required ratio:   20.00 (Gate area) 
      Cumulative area ratio:    0.30
      Required ratio:    0.00 (Cumulative area) 

    Layer: Metal3
      Partial area ratio:    0.32
      Required ratio:    0.00 (Gate area) 
      Cumulative area ratio:    2.08
      Required ratio:    0.00 (Cumulative area) 
      Partial area ratio:    2.14
      Required ratio:  400.00 (Side area) 
      Cumulative area ratio:    9.39
      Required ratio:    0.00 (Cumulative side area) 

    Layer: Via3
      Partial area ratio:    0.10
      Required ratio:   20.00 (Gate area) 
      Cumulative area ratio:    0.41
      Required ratio:    0.00 (Cumulative area) 

    Layer: Metal4
      Partial area ratio:   23.51
      Required ratio:    0.00 (Gate area) 
      Cumulative area ratio:   25.59
      Required ratio:    0.00 (Cumulative area) 
      Partial area ratio:   90.77
      Required ratio:  400.00 (Side area) 
      Cumulative area ratio:  100.16
      Required ratio:    0.00 (Cumulative side area) 



Net: u_b_buffer.GEN_SRAM.GEN_B_COLS\[1\].sram_q_raw\[6\]
  Pin:   fanout431/A (gf180mcu_as_sc_mcu7t3v3__buff_2)
    Layer: Via1
      Partial area ratio:    0.10
      Required ratio:   20.00 (Gate area) 
      Cumulative area ratio:    0.10
      Required ratio:    0.00 (Cumulative area) 

    Layer: Metal2
      Partial area ratio:    0.82
      Required ratio:    0.00 (Gate area) 
      Cumulative area ratio:    0.82
      Required ratio:    0.00 (Cumulative area) 
      Partial area ratio:    3.62
      Required ratio:  400.00 (Side area) 
      Cumulative area ratio:    3.62
      Required ratio:    0.00 (Cumulative side area) 

    Layer: Via2
      Partial area ratio:    0.20
      Required ratio:   20.00 (Gate area) 
      Cumulative area ratio:    0.30
      Required ratio:    0.00 (Cumulative area) 

    Layer: Metal3
      Partial area ratio:  183.85
      Required ratio:    0.00 (Gate area) 
      Cumulative area ratio:  184.67
      Required ratio:    0.00 (Cumulative area) 
      Partial area ratio:  710.04
      Required ratio:  400.00 (Side area) (VIOLATED)
      Cumulative area ratio:  713.66
      Required ratio:    0.00 (Cumulative side area) 

    Layer: Via3
      Partial area ratio:    0.20
      Required ratio:   20.00 (Gate area) 
      Cumulative area ratio:    0.51
      Required ratio:    0.00 (Cumulative area) 

    Layer: Metal4
      Partial area ratio:   13.81
      Required ratio:    0.00 (Gate area) 
      Cumulative area ratio:  198.48
      Required ratio:    0.00 (Cumulative area) 
      Partial area ratio:   53.35
      Required ratio:  400.00 (Side area) 
      Cumulative area ratio:  767.00
      Required ratio:    0.00 (Cumulative side area) 


  Pin:   fanout432/A (gf180mcu_as_sc_mcu7t3v3__buff_2)
    Layer: Via1
      Partial area ratio:    0.10
      Required ratio:   20.00 (Gate area) 
      Cumulative area ratio:    0.10
      Required ratio:    0.00 (Cumulative area) 

    Layer: Metal2
      Partial area ratio:    0.55
      Required ratio:    0.00 (Gate area) 
      Cumulative area ratio:    0.55
      Required ratio:    0.00 (Cumulative area) 
      Partial area ratio:    2.15
      Required ratio:  400.00 (Side area) 
      Cumulative area ratio:    2.15
      Required ratio:    0.00 (Cumulative side area) 

    Layer: Via2
      Partial area ratio:    0.20
      Required ratio:    0.00 (Gate area) 
      Cumulative area ratio:    0.30
      Required ratio:    0.00 (Cumulative area) 

    Layer: Metal3
      Partial area ratio:    0.02
      Required ratio:    0.00 (Gate area) 
      Cumulative area ratio:    0.57
      Required ratio:    0.00 (Cumulative area) 
      Partial area ratio:    0.13
      Required ratio:  400.00 (Side area) 
      Cumulative area ratio:    2.28
      Required ratio:    0.00 (Cumulative side area) 

    Layer: Via3
      Partial area ratio:    0.10
      Required ratio:    0.00 (Gate area) 
      Cumulative area ratio:    0.41
      Required ratio:    0.00 (Cumulative area) 

    Layer: Metal4
      Partial area ratio:   13.81
      Required ratio:    0.00 (Gate area) 
      Cumulative area ratio:   14.38
      Required ratio:    0.00 (Cumulative area) 
      Partial area ratio:   53.35
      Required ratio:  400.00 (Side area) 
      Cumulative area ratio:   55.63
      Required ratio:    0.00 (Cumulative side area) 


  Pin:   fanout434/A (gf180mcu_as_sc_mcu7t3v3__buff_2)
    Layer: Via1
      Partial area ratio:    0.10
      Required ratio:   20.00 (Gate area) 
      Cumulative area ratio:    0.10
      Required ratio:    0.00 (Cumulative area) 

    Layer: Metal2
      Partial area ratio:    2.17
      Required ratio:    0.00 (Gate area) 
      Cumulative area ratio:    2.17
      Required ratio:    0.00 (Cumulative area) 
      Partial area ratio:    8.83
      Required ratio:  400.00 (Side area) 
      Cumulative area ratio:    8.83
      Required ratio:    0.00 (Cumulative side area) 

    Layer: Via2
      Partial area ratio:    0.20
      Required ratio:   20.00 (Gate area) 
      Cumulative area ratio:    0.30
      Required ratio:    0.00 (Cumulative area) 

    Layer: Metal3
      Partial area ratio:    0.32
      Required ratio:    0.00 (Gate area) 
      Cumulative area ratio:    2.49
      Required ratio:    0.00 (Cumulative area) 
      Partial area ratio:    2.14
      Required ratio:  400.00 (Side area) 
      Cumulative area ratio:   10.97
      Required ratio:    0.00 (Cumulative side area) 

    Layer: Via3
      Partial area ratio:    0.10
      Required ratio:   20.00 (Gate area) 
      Cumulative area ratio:    0.41
      Required ratio:    0.00 (Cumulative area) 

    Layer: Metal4
      Partial area ratio:   13.81
      Required ratio:    0.00 (Gate area) 
      Cumulative area ratio:   16.30
      Required ratio:    0.00 (Cumulative area) 
      Partial area ratio:   53.35
      Required ratio:  400.00 (Side area) 
      Cumulative area ratio:   64.32
      Required ratio:    0.00 (Cumulative side area) 



Net: u_b_buffer.GEN_SRAM.GEN_B_COLS\[3\].sram_q_raw\[0\]
  Pin:   fanout377/A (gf180mcu_as_sc_mcu7t3v3__buff_2)
    Layer: Via1
      Partial area ratio:    0.10
      Required ratio:   20.00 (Gate area) 
      Cumulative area ratio:    0.10
      Required ratio:    0.00 (Cumulative area) 

    Layer: Metal2
      Partial area ratio:    1.96
      Required ratio:    0.00 (Gate area) 
      Cumulative area ratio:    1.96
      Required ratio:    0.00 (Cumulative area) 
      Partial area ratio:    8.03
      Required ratio:  400.00 (Side area) 
      Cumulative area ratio:    8.03
      Required ratio:    0.00 (Cumulative side area) 

    Layer: Via2
      Partial area ratio:    0.20
      Required ratio:   20.00 (Gate area) 
      Cumulative area ratio:    0.30
      Required ratio:    0.00 (Cumulative area) 

    Layer: Metal3
      Partial area ratio:  155.61
      Required ratio:    0.00 (Gate area) 
      Cumulative area ratio:  157.58
      Required ratio:    0.00 (Cumulative area) 
      Partial area ratio:  601.13
      Required ratio:  400.00 (Side area) (VIOLATED)
      Cumulative area ratio:  609.16
      Required ratio:    0.00 (Cumulative side area) 

    Layer: Via3
      Partial area ratio:    0.10
      Required ratio:   20.00 (Gate area) 
      Cumulative area ratio:    0.41
      Required ratio:    0.00 (Cumulative area) 

    Layer: Metal4
      Partial area ratio:    8.95
      Required ratio:    0.00 (Gate area) 
      Cumulative area ratio:  166.53
      Required ratio:    0.00 (Cumulative area) 
      Partial area ratio:   34.56
      Required ratio:  400.00 (Side area) 
      Cumulative area ratio:  643.72
      Required ratio:    0.00 (Cumulative side area) 


  Pin:   fanout378/A (gf180mcu_as_sc_mcu7t3v3__buff_2)
    Layer: Via1
      Partial area ratio:    0.10
      Required ratio:   20.00 (Gate area) 
      Cumulative area ratio:    0.10
      Required ratio:    0.00 (Cumulative area) 

    Layer: Metal2
      Partial area ratio:    1.73
      Required ratio:    0.00 (Gate area) 
      Cumulative area ratio:    1.73
      Required ratio:    0.00 (Cumulative area) 
      Partial area ratio:    7.14
      Required ratio:  400.00 (Side area) 
      Cumulative area ratio:    7.14
      Required ratio:    0.00 (Cumulative side area) 

    Layer: Via2
      Partial area ratio:    0.20
      Required ratio:   20.00 (Gate area) 
      Cumulative area ratio:    0.30
      Required ratio:    0.00 (Cumulative area) 

    Layer: Metal3
      Partial area ratio:    3.85
      Required ratio:    0.00 (Gate area) 
      Cumulative area ratio:    5.58
      Required ratio:    0.00 (Cumulative area) 
      Partial area ratio:   15.75
      Required ratio:  400.00 (Side area) 
      Cumulative area ratio:   22.90
      Required ratio:    0.00 (Cumulative side area) 

    Layer: Via3
      Partial area ratio:    0.10
      Required ratio:   20.00 (Gate area) 
      Cumulative area ratio:    0.41
      Required ratio:    0.00 (Cumulative area) 

    Layer: Metal4
      Partial area ratio:    8.95
      Required ratio:    0.00 (Gate area) 
      Cumulative area ratio:   14.54
      Required ratio:    0.00 (Cumulative area) 
      Partial area ratio:   34.56
      Required ratio:  400.00 (Side area) 
      Cumulative area ratio:   57.46
      Required ratio:    0.00 (Cumulative side area) 


  Pin:   fanout379/A (gf180mcu_as_sc_mcu7t3v3__buff_2)
    Layer: Via1
      Partial area ratio:    0.10
      Required ratio:   20.00 (Gate area) 
      Cumulative area ratio:    0.10
      Required ratio:    0.00 (Cumulative area) 

    Layer: Metal2
      Partial area ratio:    2.64
      Required ratio:    0.00 (Gate area) 
      Cumulative area ratio:    2.64
      Required ratio:    0.00 (Cumulative area) 
      Partial area ratio:   10.64
      Required ratio:  400.00 (Side area) 
      Cumulative area ratio:   10.64
      Required ratio:    0.00 (Cumulative side area) 

    Layer: Via2
      Partial area ratio:    0.20
      Required ratio:   20.00 (Gate area) 
      Cumulative area ratio:    0.30
      Required ratio:    0.00 (Cumulative area) 

    Layer: Metal3
      Partial area ratio:   49.73
      Required ratio:    0.00 (Gate area) 
      Cumulative area ratio:   52.37
      Required ratio:    0.00 (Cumulative area) 
      Partial area ratio:  192.73
      Required ratio:  400.00 (Side area) 
      Cumulative area ratio:  203.37
      Required ratio:    0.00 (Cumulative side area) 

    Layer: Via3
      Partial area ratio:    0.10
      Required ratio:   20.00 (Gate area) 
      Cumulative area ratio:    0.41
      Required ratio:    0.00 (Cumulative area) 

    Layer: Metal4
      Partial area ratio:    8.95
      Required ratio:    0.00 (Gate area) 
      Cumulative area ratio:   61.33
      Required ratio:    0.00 (Cumulative area) 
      Partial area ratio:   34.56
      Required ratio:  400.00 (Side area) 
      Cumulative area ratio:  237.93
      Required ratio:    0.00 (Cumulative side area) 



Net: u_b_buffer.GEN_SRAM.GEN_B_COLS\[3\].sram_q_raw\[1\]
  Pin:   fanout371/A (gf180mcu_as_sc_mcu7t3v3__buff_2)
    Layer: Via1
      Partial area ratio:    0.10
      Required ratio:   20.00 (Gate area) 
      Cumulative area ratio:    0.10
      Required ratio:    0.00 (Cumulative area) 

    Layer: Metal2
      Partial area ratio:    0.78
      Required ratio:    0.00 (Gate area) 
      Cumulative area ratio:    0.78
      Required ratio:    0.00 (Cumulative area) 
      Partial area ratio:    3.46
      Required ratio:  400.00 (Side area) 
      Cumulative area ratio:    3.46
      Required ratio:    0.00 (Cumulative side area) 

    Layer: Via2
      Partial area ratio:    0.11
      Required ratio:   20.00 (Gate area) 
      Cumulative area ratio:    0.22
      Required ratio:    0.00 (Cumulative area) 

    Layer: Metal3
      Partial area ratio:    0.18
      Required ratio:    0.00 (Gate area) 
      Cumulative area ratio:    0.96
      Required ratio:    0.00 (Cumulative area) 
      Partial area ratio:    1.12
      Required ratio:  400.00 (Side area) 
      Cumulative area ratio:    4.58
      Required ratio:    0.00 (Cumulative side area) 

    Layer: Via3
      Partial area ratio:    0.10
      Required ratio:   20.00 (Gate area) 
      Cumulative area ratio:    0.32
      Required ratio:    0.00 (Cumulative area) 

    Layer: Metal4
      Partial area ratio:    0.16
      Required ratio:    0.00 (Gate area) 
      Cumulative area ratio:    1.12
      Required ratio:    0.00 (Cumulative area) 
      Partial area ratio:    1.07
      Required ratio:  400.00 (Side area) 
      Cumulative area ratio:    5.65
      Required ratio:    0.00 (Cumulative side area) 

    Layer: Via4
      Partial area ratio:    0.10
      Required ratio:   20.00 (Gate area) 
      Cumulative area ratio:    0.42
      Required ratio:    0.00 (Cumulative area) 

    Layer: Metal5
      Partial area ratio:   13.20
      Required ratio:    0.00 (Gate area) 
      Cumulative area ratio:   14.32
      Required ratio:    0.00 (Cumulative area) 
      Partial area ratio:   71.56
      Required ratio:  400.00 (Side area) 
      Cumulative area ratio:   77.21
      Required ratio:    0.00 (Cumulative side area) 


  Pin:   fanout372/A (gf180mcu_as_sc_mcu7t3v3__buff_2)
    Layer: Via1
      Partial area ratio:    0.10
      Required ratio:   20.00 (Gate area) 
      Cumulative area ratio:    0.10
      Required ratio:    0.00 (Cumulative area) 

    Layer: Metal2
      Partial area ratio:    2.20
      Required ratio:    0.00 (Gate area) 
      Cumulative area ratio:    2.20
      Required ratio:    0.00 (Cumulative area) 
      Partial area ratio:    8.96
      Required ratio:  400.00 (Side area) 
      Cumulative area ratio:    8.96
      Required ratio:    0.00 (Cumulative side area) 

    Layer: Via2
      Partial area ratio:    0.20
      Required ratio:   20.00 (Gate area) 
      Cumulative area ratio:    0.30
      Required ratio:    0.00 (Cumulative area) 

    Layer: Metal3
      Partial area ratio:    0.32
      Required ratio:    0.00 (Gate area) 
      Cumulative area ratio:    2.52
      Required ratio:    0.00 (Cumulative area) 
      Partial area ratio:    2.14
      Required ratio:  400.00 (Side area) 
      Cumulative area ratio:   11.10
      Required ratio:    0.00 (Cumulative side area) 

    Layer: Via3
      Partial area ratio:    0.10
      Required ratio:   20.00 (Gate area) 
      Cumulative area ratio:    0.41
      Required ratio:    0.00 (Cumulative area) 

    Layer: Metal4
      Partial area ratio:  106.29
      Required ratio:    0.00 (Gate area) 
      Cumulative area ratio:  108.81
      Required ratio:    0.00 (Cumulative area) 
      Partial area ratio:  410.87
      Required ratio:  400.00 (Side area) (VIOLATED)
      Cumulative area ratio:  421.96
      Required ratio:    0.00 (Cumulative side area) 

    Layer: Via4
      Partial area ratio:    0.10
      Required ratio:   20.00 (Gate area) 
      Cumulative area ratio:    0.51
      Required ratio:    0.00 (Cumulative area) 

    Layer: Metal5
      Partial area ratio:   13.20
      Required ratio:    0.00 (Gate area) 
      Cumulative area ratio:  122.01
      Required ratio:    0.00 (Cumulative area) 
      Partial area ratio:   71.56
      Required ratio:  400.00 (Side area) 
      Cumulative area ratio:  493.53
      Required ratio:    0.00 (Cumulative side area) 


  Pin:   fanout373/A (gf180mcu_as_sc_mcu7t3v3__buff_2)
    Layer: Via1
      Partial area ratio:    0.10
      Required ratio:   20.00 (Gate area) 
      Cumulative area ratio:    0.10
      Required ratio:    0.00 (Cumulative area) 

    Layer: Metal2
      Partial area ratio:    2.67
      Required ratio:    0.00 (Gate area) 
      Cumulative area ratio:    2.67
      Required ratio:    0.00 (Cumulative area) 
      Partial area ratio:   10.75
      Required ratio:  400.00 (Side area) 
      Cumulative area ratio:   10.75
      Required ratio:    0.00 (Cumulative side area) 

    Layer: Via2
      Partial area ratio:    0.20
      Required ratio:   20.00 (Gate area) 
      Cumulative area ratio:    0.30
      Required ratio:    0.00 (Cumulative area) 

    Layer: Metal3
      Partial area ratio:   17.97
      Required ratio:    0.00 (Gate area) 
      Cumulative area ratio:   20.64
      Required ratio:    0.00 (Cumulative area) 
      Partial area ratio:   70.21
      Required ratio:  400.00 (Side area) 
      Cumulative area ratio:   80.96
      Required ratio:    0.00 (Cumulative side area) 

    Layer: Via3
      Partial area ratio:    0.10
      Required ratio:   20.00 (Gate area) 
      Cumulative area ratio:    0.41
      Required ratio:    0.00 (Cumulative area) 

    Layer: Metal4
      Partial area ratio:    1.47
      Required ratio:    0.00 (Gate area) 
      Cumulative area ratio:   22.10
      Required ratio:    0.00 (Cumulative area) 
      Partial area ratio:    5.69
      Required ratio:  400.00 (Side area) 
      Cumulative area ratio:   86.65
      Required ratio:    0.00 (Cumulative side area) 

    Layer: Via4
      Partial area ratio:    0.20
      Required ratio:    0.00 (Gate area) 
      Cumulative area ratio:    0.61
      Required ratio:    0.00 (Cumulative area) 

    Layer: Metal5
      Partial area ratio:   13.20
      Required ratio:    0.00 (Gate area) 
      Cumulative area ratio:   35.30
      Required ratio:    0.00 (Cumulative area) 
      Partial area ratio:   71.56
      Required ratio:  400.00 (Side area) 
      Cumulative area ratio:  158.21
      Required ratio:    0.00 (Cumulative side area) 



Net: net8
  Pin:   _10914_/B (gf180mcu_as_sc_mcu7t3v3__mux2_2)
    Layer: Metal1
      Partial area ratio:    0.02
      Required ratio:    0.00 (Gate area) 
      Cumulative area ratio:    0.02
      Required ratio:    0.00 (Cumulative area) 
      Partial area ratio:    0.92
      Required ratio:  400.00 (Side area) 
      Cumulative area ratio:    0.92
      Required ratio:    0.00 (Cumulative side area) 

    Layer: Via1
      Partial area ratio:    0.10
      Required ratio:   20.00 (Gate area) 
      Cumulative area ratio:    0.10
      Required ratio:    0.00 (Cumulative area) 

    Layer: Metal2
      Partial area ratio:    3.44
      Required ratio:    0.00 (Gate area) 
      Cumulative area ratio:    3.46
      Required ratio:    0.00 (Cumulative area) 
      Partial area ratio:   13.71
      Required ratio:  400.00 (Side area) 
      Cumulative area ratio:   14.63
      Required ratio:    0.00 (Cumulative side area) 

    Layer: Via2
      Partial area ratio:    0.20
      Required ratio:   20.00 (Gate area) 
      Cumulative area ratio:    0.30
      Required ratio:    0.00 (Cumulative area) 

    Layer: Metal3
      Partial area ratio:    0.32
      Required ratio:    0.00 (Gate area) 
      Cumulative area ratio:    3.77
      Required ratio:    0.00 (Cumulative area) 
      Partial area ratio:    2.14
      Required ratio:  400.00 (Side area) 
      Cumulative area ratio:   16.77
      Required ratio:    0.00 (Cumulative side area) 

    Layer: Via3
      Partial area ratio:    0.10
      Required ratio:   20.00 (Gate area) 
      Cumulative area ratio:    0.41
      Required ratio:    0.00 (Cumulative area) 

    Layer: Metal4
      Partial area ratio:    0.16
      Required ratio:    0.00 (Gate area) 
      Cumulative area ratio:    3.93
      Required ratio:    0.00 (Cumulative area) 
      Partial area ratio:    1.07
      Required ratio:  400.00 (Side area) 
      Cumulative area ratio:   17.84
      Required ratio:    0.00 (Cumulative side area) 

    Layer: Via4
      Partial area ratio:    0.10
      Required ratio:   20.00 (Gate area) 
      Cumulative area ratio:    0.51
      Required ratio:    0.00 (Cumulative area) 

    Layer: Metal5
      Partial area ratio:   45.97
      Required ratio:    0.00 (Gate area) 
      Cumulative area ratio:   49.91
      Required ratio:    0.00 (Cumulative area) 
      Partial area ratio:  248.95
      Required ratio:  400.00 (Side area) 
      Cumulative area ratio:  266.79
      Required ratio:    0.00 (Cumulative side area) 


  Pin:   _10925_/B (gf180mcu_as_sc_mcu7t3v3__mux2_2)
    Layer: Metal1
      Partial area ratio:    0.02
      Required ratio:    0.00 (Gate area) 
      Cumulative area ratio:    0.02
      Required ratio:    0.00 (Cumulative area) 
      Partial area ratio:    0.92
      Required ratio:  400.00 (Side area) 
      Cumulative area ratio:    0.92
      Required ratio:    0.00 (Cumulative side area) 

    Layer: Via1
      Partial area ratio:    0.10
      Required ratio:   20.00 (Gate area) 
      Cumulative area ratio:    0.10
      Required ratio:    0.00 (Cumulative area) 

    Layer: Metal2
      Partial area ratio:    2.22
      Required ratio:    0.00 (Gate area) 
      Cumulative area ratio:    2.24
      Required ratio:    0.00 (Cumulative area) 
      Partial area ratio:    9.02
      Required ratio:  400.00 (Side area) 
      Cumulative area ratio:    9.94
      Required ratio:    0.00 (Cumulative side area) 

    Layer: Via2
      Partial area ratio:    0.20
      Required ratio:   20.00 (Gate area) 
      Cumulative area ratio:    0.30
      Required ratio:    0.00 (Cumulative area) 

    Layer: Metal3
      Partial area ratio:    2.95
      Required ratio:    0.00 (Gate area) 
      Cumulative area ratio:    5.19
      Required ratio:    0.00 (Cumulative area) 
      Partial area ratio:   11.75
      Required ratio:  400.00 (Side area) 
      Cumulative area ratio:   21.69
      Required ratio:    0.00 (Cumulative side area) 

    Layer: Via3
      Partial area ratio:    0.04
      Required ratio:   20.00 (Gate area) 
      Cumulative area ratio:    0.34
      Required ratio:    0.00 (Cumulative area) 

    Layer: Metal4
      Partial area ratio:    0.06
      Required ratio:    0.00 (Gate area) 
      Cumulative area ratio:    5.25
      Required ratio:    0.00 (Cumulative area) 
      Partial area ratio:    0.43
      Required ratio:  400.00 (Side area) 
      Cumulative area ratio:   22.11
      Required ratio:    0.00 (Cumulative side area) 

    Layer: Via4
      Partial area ratio:    0.04
      Required ratio:   20.00 (Gate area) 
      Cumulative area ratio:    0.39
      Required ratio:    0.00 (Cumulative area) 

    Layer: Metal5
      Partial area ratio:   45.97
      Required ratio:    0.00 (Gate area) 
      Cumulative area ratio:   51.23
      Required ratio:    0.00 (Cumulative area) 
      Partial area ratio:  248.95
      Required ratio:  400.00 (Side area) 
      Cumulative area ratio:  271.06
      Required ratio:    0.00 (Cumulative side area) 


  Pin:   _10935_/B (gf180mcu_as_sc_mcu7t3v3__mux2_2)
    Layer: Metal1
      Partial area ratio:    0.02
      Required ratio:    0.00 (Gate area) 
      Cumulative area ratio:    0.02
      Required ratio:    0.00 (Cumulative area) 
      Partial area ratio:    0.92
      Required ratio:  400.00 (Side area) 
      Cumulative area ratio:    0.92
      Required ratio:    0.00 (Cumulative side area) 

    Layer: Via1
      Partial area ratio:    0.10
      Required ratio:   20.00 (Gate area) 
      Cumulative area ratio:    0.10
      Required ratio:    0.00 (Cumulative area) 

    Layer: Metal2
      Partial area ratio:   11.85
      Required ratio:    0.00 (Gate area) 
      Cumulative area ratio:   11.87
      Required ratio:    0.00 (Cumulative area) 
      Partial area ratio:   45.79
      Required ratio:  400.00 (Side area) 
      Cumulative area ratio:   46.71
      Required ratio:    0.00 (Cumulative side area) 

    Layer: Via2
      Partial area ratio:    0.24
      Required ratio:    0.00 (Gate area) 
      Cumulative area ratio:    0.34
      Required ratio:    0.00 (Cumulative area) 

    Layer: Metal3
      Partial area ratio:    0.08
      Required ratio:    0.00 (Gate area) 
      Cumulative area ratio:   11.95
      Required ratio:    0.00 (Cumulative area) 
      Partial area ratio:    0.49
      Required ratio:  400.00 (Side area) 
      Cumulative area ratio:   47.19
      Required ratio:    0.00 (Cumulative side area) 

    Layer: Via3
      Partial area ratio:    0.10
      Required ratio:    0.00 (Gate area) 
      Cumulative area ratio:    0.44
      Required ratio:    0.00 (Cumulative area) 

    Layer: Metal4
      Partial area ratio:    0.03
      Required ratio:    0.00 (Gate area) 
      Cumulative area ratio:   11.98
      Required ratio:    0.00 (Cumulative area) 
      Partial area ratio:    0.23
      Required ratio:  400.00 (Side area) 
      Cumulative area ratio:   47.42
      Required ratio:    0.00 (Cumulative side area) 

    Layer: Via4
      Partial area ratio:    0.10
      Required ratio:    0.00 (Gate area) 
      Cumulative area ratio:    0.54
      Required ratio:    0.00 (Cumulative area) 

    Layer: Metal5
      Partial area ratio:   45.97
      Required ratio:    0.00 (Gate area) 
      Cumulative area ratio:   57.96
      Required ratio:    0.00 (Cumulative area) 
      Partial area ratio:  248.95
      Required ratio:  400.00 (Side area) 
      Cumulative area ratio:  296.37
      Required ratio:    0.00 (Cumulative side area) 


  Pin:   _10944_/A (gf180mcu_as_sc_mcu7t3v3__mux2_2)
    Layer: Metal1
      Partial area ratio:    0.01
      Required ratio:    0.00 (Gate area) 
      Cumulative area ratio:    0.01
      Required ratio:    0.00 (Cumulative area) 
      Partial area ratio:    0.88
      Required ratio:  400.00 (Side area) 
      Cumulative area ratio:    0.88
      Required ratio:    0.00 (Cumulative side area) 

    Layer: Via1
      Partial area ratio:    0.10
      Required ratio:   20.00 (Gate area) 
      Cumulative area ratio:    0.10
      Required ratio:    0.00 (Cumulative area) 

    Layer: Metal2
      Partial area ratio:    3.09
      Required ratio:    0.00 (Gate area) 
      Cumulative area ratio:    3.10
      Required ratio:    0.00 (Cumulative area) 
      Partial area ratio:   12.37
      Required ratio:  400.00 (Side area) 
      Cumulative area ratio:   13.25
      Required ratio:    0.00 (Cumulative side area) 

    Layer: Via2
      Partial area ratio:    0.20
      Required ratio:   20.00 (Gate area) 
      Cumulative area ratio:    0.30
      Required ratio:    0.00 (Cumulative area) 

    Layer: Metal3
      Partial area ratio:    0.32
      Required ratio:    0.00 (Gate area) 
      Cumulative area ratio:    3.42
      Required ratio:    0.00 (Cumulative area) 
      Partial area ratio:    2.14
      Required ratio:  400.00 (Side area) 
      Cumulative area ratio:   15.39
      Required ratio:    0.00 (Cumulative side area) 

    Layer: Via3
      Partial area ratio:    0.10
      Required ratio:   20.00 (Gate area) 
      Cumulative area ratio:    0.41
      Required ratio:    0.00 (Cumulative area) 

    Layer: Metal4
      Partial area ratio:  169.61
      Required ratio:    0.00 (Gate area) 
      Cumulative area ratio:  173.03
      Required ratio:    0.00 (Cumulative area) 
      Partial area ratio:  654.68
      Required ratio:  400.00 (Side area) (VIOLATED)
      Cumulative area ratio:  670.07
      Required ratio:    0.00 (Cumulative side area) 

    Layer: Via4
      Partial area ratio:    0.10
      Required ratio:   20.00 (Gate area) 
      Cumulative area ratio:    0.51
      Required ratio:    0.00 (Cumulative area) 

    Layer: Metal5
      Partial area ratio:   45.97
      Required ratio:    0.00 (Gate area) 
      Cumulative area ratio:  219.01
      Required ratio:    0.00 (Cumulative area) 
      Partial area ratio:  248.95
      Required ratio:  400.00 (Side area) 
      Cumulative area ratio:  919.02
      Required ratio:    0.00 (Cumulative side area) 


  Pin:   _10953_/A (gf180mcu_as_sc_mcu7t3v3__nor2_2)
    Layer: Via1
      Partial area ratio:    0.05
      Required ratio:   20.00 (Gate area) 
      Cumulative area ratio:    0.05
      Required ratio:    0.00 (Cumulative area) 

    Layer: Metal2
      Partial area ratio:    2.03
      Required ratio:    0.00 (Gate area) 
      Cumulative area ratio:    2.03
      Required ratio:    0.00 (Cumulative area) 
      Partial area ratio:    8.07
      Required ratio:  400.00 (Side area) 
      Cumulative area ratio:    8.07
      Required ratio:    0.00 (Cumulative side area) 

    Layer: Via2
      Partial area ratio:    0.10
      Required ratio:   20.00 (Gate area) 
      Cumulative area ratio:    0.15
      Required ratio:    0.00 (Cumulative area) 

    Layer: Metal3
      Partial area ratio:    2.95
      Required ratio:    0.00 (Gate area) 
      Cumulative area ratio:    4.98
      Required ratio:    0.00 (Cumulative area) 
      Partial area ratio:   11.75
      Required ratio:  400.00 (Side area) 
      Cumulative area ratio:   19.82
      Required ratio:    0.00 (Cumulative side area) 

    Layer: Via3
      Partial area ratio:    0.04
      Required ratio:   20.00 (Gate area) 
      Cumulative area ratio:    0.19
      Required ratio:    0.00 (Cumulative area) 

    Layer: Metal4
      Partial area ratio:    0.06
      Required ratio:    0.00 (Gate area) 
      Cumulative area ratio:    5.05
      Required ratio:    0.00 (Cumulative area) 
      Partial area ratio:    0.43
      Required ratio:  400.00 (Side area) 
      Cumulative area ratio:   20.25
      Required ratio:    0.00 (Cumulative side area) 

    Layer: Via4
      Partial area ratio:    0.04
      Required ratio:   20.00 (Gate area) 
      Cumulative area ratio:    0.23
      Required ratio:    0.00 (Cumulative area) 

    Layer: Metal5
      Partial area ratio:   45.97
      Required ratio:    0.00 (Gate area) 
      Cumulative area ratio:   51.02
      Required ratio:    0.00 (Cumulative area) 
      Partial area ratio:  248.95
      Required ratio:  400.00 (Side area) 
      Cumulative area ratio:  269.20
      Required ratio:    0.00 (Cumulative side area) 


  Pin:   _10964_/C (gf180mcu_as_sc_mcu7t3v3__nand3_2)
    Layer: Via1
      Partial area ratio:    0.05
      Required ratio:   20.00 (Gate area) 
      Cumulative area ratio:    0.05
      Required ratio:    0.00 (Cumulative area) 

    Layer: Metal2
      Partial area ratio:    1.47
      Required ratio:    0.00 (Gate area) 
      Cumulative area ratio:    1.47
      Required ratio:    0.00 (Cumulative area) 
      Partial area ratio:    5.88
      Required ratio:  400.00 (Side area) 
      Cumulative area ratio:    5.88
      Required ratio:    0.00 (Cumulative side area) 

    Layer: Via2
      Partial area ratio:    0.10
      Required ratio:   20.00 (Gate area) 
      Cumulative area ratio:    0.15
      Required ratio:    0.00 (Cumulative area) 

    Layer: Metal3
      Partial area ratio:    2.95
      Required ratio:    0.00 (Gate area) 
      Cumulative area ratio:    4.42
      Required ratio:    0.00 (Cumulative area) 
      Partial area ratio:   11.75
      Required ratio:  400.00 (Side area) 
      Cumulative area ratio:   17.63
      Required ratio:    0.00 (Cumulative side area) 

    Layer: Via3
      Partial area ratio:    0.04
      Required ratio:   20.00 (Gate area) 
      Cumulative area ratio:    0.19
      Required ratio:    0.00 (Cumulative area) 

    Layer: Metal4
      Partial area ratio:    0.06
      Required ratio:    0.00 (Gate area) 
      Cumulative area ratio:    4.48
      Required ratio:    0.00 (Cumulative area) 
      Partial area ratio:    0.43
      Required ratio:  400.00 (Side area) 
      Cumulative area ratio:   18.06
      Required ratio:    0.00 (Cumulative side area) 

    Layer: Via4
      Partial area ratio:    0.04
      Required ratio:   20.00 (Gate area) 
      Cumulative area ratio:    0.23
      Required ratio:    0.00 (Cumulative area) 

    Layer: Metal5
      Partial area ratio:   45.97
      Required ratio:    0.00 (Gate area) 
      Cumulative area ratio:   50.46
      Required ratio:    0.00 (Cumulative area) 
      Partial area ratio:  248.95
      Required ratio:  400.00 (Side area) 
      Cumulative area ratio:  267.01
      Required ratio:    0.00 (Cumulative side area) 



Net: net11
  Pin:   _10938_/B (gf180mcu_as_sc_mcu7t3v3__mux2_2)
    Layer: Metal1
      Partial area ratio:    0.02
      Required ratio:    0.00 (Gate area) 
      Cumulative area ratio:    0.02
      Required ratio:    0.00 (Cumulative area) 
      Partial area ratio:    0.92
      Required ratio:  400.00 (Side area) 
      Cumulative area ratio:    0.92
      Required ratio:    0.00 (Cumulative side area) 

    Layer: Via1
      Partial area ratio:    0.10
      Required ratio:   20.00 (Gate area) 
      Cumulative area ratio:    0.10
      Required ratio:    0.00 (Cumulative area) 

    Layer: Metal2
      Partial area ratio:    1.15
      Required ratio:    0.00 (Gate area) 
      Cumulative area ratio:    1.17
      Required ratio:    0.00 (Cumulative area) 
      Partial area ratio:    4.54
      Required ratio:  400.00 (Side area) 
      Cumulative area ratio:    5.45
      Required ratio:    0.00 (Cumulative side area) 

    Layer: Via2
      Partial area ratio:    0.06
      Required ratio:   20.00 (Gate area) 
      Cumulative area ratio:    0.16
      Required ratio:    0.00 (Cumulative area) 

    Layer: Metal3
      Partial area ratio:    4.66
      Required ratio:    0.00 (Gate area) 
      Cumulative area ratio:    5.83
      Required ratio:    0.00 (Cumulative area) 
      Partial area ratio:   18.22
      Required ratio:  400.00 (Side area) 
      Cumulative area ratio:   23.68
      Required ratio:    0.00 (Cumulative side area) 

    Layer: Via3
      Partial area ratio:    0.03
      Required ratio:    0.00 (Gate area) 
      Cumulative area ratio:    0.19
      Required ratio:    0.00 (Cumulative area) 

    Layer: Metal4
      Partial area ratio:   34.58
      Required ratio:    0.00 (Gate area) 
      Cumulative area ratio:   40.41
      Required ratio:    0.00 (Cumulative area) 
      Partial area ratio:  133.51
      Required ratio:  400.00 (Side area) 
      Cumulative area ratio:  157.19
      Required ratio:    0.00 (Cumulative side area) 

    Layer: Via4
      Partial area ratio:    0.02
      Required ratio:    0.00 (Gate area) 
      Cumulative area ratio:    0.20
      Required ratio:    0.00 (Cumulative area) 

    Layer: Metal5
      Partial area ratio:    7.27
      Required ratio:    0.00 (Gate area) 
      Cumulative area ratio:   47.69
      Required ratio:    0.00 (Cumulative area) 
      Partial area ratio:   39.49
      Required ratio:  400.00 (Side area) 
      Cumulative area ratio:  196.68
      Required ratio:    0.00 (Cumulative side area) 


  Pin:   _10947_/A (gf180mcu_as_sc_mcu7t3v3__mux2_2)
    Layer: Metal1
      Partial area ratio:    0.01
      Required ratio:    0.00 (Gate area) 
      Cumulative area ratio:    0.01
      Required ratio:    0.00 (Cumulative area) 
      Partial area ratio:    0.88
      Required ratio:  400.00 (Side area) 
      Cumulative area ratio:    0.88
      Required ratio:    0.00 (Cumulative side area) 

    Layer: Via1
      Partial area ratio:    0.10
      Required ratio:   20.00 (Gate area) 
      Cumulative area ratio:    0.10
      Required ratio:    0.00 (Cumulative area) 

    Layer: Metal2
      Partial area ratio:    3.04
      Required ratio:    0.00 (Gate area) 
      Cumulative area ratio:    3.05
      Required ratio:    0.00 (Cumulative area) 
      Partial area ratio:   12.18
      Required ratio:  400.00 (Side area) 
      Cumulative area ratio:   13.05
      Required ratio:    0.00 (Cumulative side area) 

    Layer: Via2
      Partial area ratio:    0.20
      Required ratio:   20.00 (Gate area) 
      Cumulative area ratio:    0.30
      Required ratio:    0.00 (Cumulative area) 

    Layer: Metal3
      Partial area ratio:    7.38
      Required ratio:    0.00 (Gate area) 
      Cumulative area ratio:   10.43
      Required ratio:    0.00 (Cumulative area) 
      Partial area ratio:   29.37
      Required ratio:  400.00 (Side area) 
      Cumulative area ratio:   42.42
      Required ratio:    0.00 (Cumulative side area) 

    Layer: Via3
      Partial area ratio:    0.20
      Required ratio:   20.00 (Gate area) 
      Cumulative area ratio:    0.51
      Required ratio:    0.00 (Cumulative area) 

    Layer: Metal4
      Partial area ratio:   34.58
      Required ratio:    0.00 (Gate area) 
      Cumulative area ratio:   45.00
      Required ratio:    0.00 (Cumulative area) 
      Partial area ratio:  133.51
      Required ratio:  400.00 (Side area) 
      Cumulative area ratio:  175.93
      Required ratio:    0.00 (Cumulative side area) 

    Layer: Via4
      Partial area ratio:    0.02
      Required ratio:    0.00 (Gate area) 
      Cumulative area ratio:    0.52
      Required ratio:    0.00 (Cumulative area) 

    Layer: Metal5
      Partial area ratio:    7.27
      Required ratio:    0.00 (Gate area) 
      Cumulative area ratio:   52.28
      Required ratio:    0.00 (Cumulative area) 
      Partial area ratio:   39.49
      Required ratio:  400.00 (Side area) 
      Cumulative area ratio:  215.43
      Required ratio:    0.00 (Cumulative side area) 


  Pin:   _10957_/B (gf180mcu_as_sc_mcu7t3v3__mux2_2)
    Layer: Metal1
      Partial area ratio:    0.02
      Required ratio:    0.00 (Gate area) 
      Cumulative area ratio:    0.02
      Required ratio:    0.00 (Cumulative area) 
      Partial area ratio:    0.92
      Required ratio:  400.00 (Side area) 
      Cumulative area ratio:    0.92
      Required ratio:    0.00 (Cumulative side area) 

    Layer: Via1
      Partial area ratio:    0.10
      Required ratio:   20.00 (Gate area) 
      Cumulative area ratio:    0.10
      Required ratio:    0.00 (Cumulative area) 

    Layer: Metal2
      Partial area ratio:    1.95
      Required ratio:    0.00 (Gate area) 
      Cumulative area ratio:    1.96
      Required ratio:    0.00 (Cumulative area) 
      Partial area ratio:    7.96
      Required ratio:  400.00 (Side area) 
      Cumulative area ratio:    8.88
      Required ratio:    0.00 (Cumulative side area) 

    Layer: Via2
      Partial area ratio:    0.20
      Required ratio:   20.00 (Gate area) 
      Cumulative area ratio:    0.30
      Required ratio:    0.00 (Cumulative area) 

    Layer: Metal3
      Partial area ratio:    0.32
      Required ratio:    0.00 (Gate area) 
      Cumulative area ratio:    2.28
      Required ratio:    0.00 (Cumulative area) 
      Partial area ratio:    2.14
      Required ratio:  400.00 (Side area) 
      Cumulative area ratio:   11.02
      Required ratio:    0.00 (Cumulative side area) 

    Layer: Via3
      Partial area ratio:    0.10
      Required ratio:   20.00 (Gate area) 
      Cumulative area ratio:    0.41
      Required ratio:    0.00 (Cumulative area) 

    Layer: Metal4
      Partial area ratio:    0.16
      Required ratio:    0.00 (Gate area) 
      Cumulative area ratio:    2.44
      Required ratio:    0.00 (Cumulative area) 
      Partial area ratio:    1.07
      Required ratio:  400.00 (Side area) 
      Cumulative area ratio:   12.09
      Required ratio:    0.00 (Cumulative side area) 

    Layer: Via4
      Partial area ratio:    0.10
      Required ratio:   20.00 (Gate area) 
      Cumulative area ratio:    0.51
      Required ratio:    0.00 (Cumulative area) 

    Layer: Metal5
      Partial area ratio:    7.27
      Required ratio:    0.00 (Gate area) 
      Cumulative area ratio:    9.72
      Required ratio:    0.00 (Cumulative area) 
      Partial area ratio:   39.49
      Required ratio:  400.00 (Side area) 
      Cumulative area ratio:   51.58
      Required ratio:    0.00 (Cumulative side area) 


  Pin:   _10968_/B (gf180mcu_as_sc_mcu7t3v3__mux2_2)
    Layer: Metal1
      Partial area ratio:    0.02
      Required ratio:    0.00 (Gate area) 
      Cumulative area ratio:    0.02
      Required ratio:    0.00 (Cumulative area) 
      Partial area ratio:    0.92
      Required ratio:  400.00 (Side area) 
      Cumulative area ratio:    0.92
      Required ratio:    0.00 (Cumulative side area) 

    Layer: Via1
      Partial area ratio:    0.10
      Required ratio:   20.00 (Gate area) 
      Cumulative area ratio:    0.10
      Required ratio:    0.00 (Cumulative area) 

    Layer: Metal2
      Partial area ratio:    1.48
      Required ratio:    0.00 (Gate area) 
      Cumulative area ratio:    1.49
      Required ratio:    0.00 (Cumulative area) 
      Partial area ratio:    6.15
      Required ratio:  400.00 (Side area) 
      Cumulative area ratio:    7.06
      Required ratio:    0.00 (Cumulative side area) 

    Layer: Via2
      Partial area ratio:    0.20
      Required ratio:   20.00 (Gate area) 
      Cumulative area ratio:    0.30
      Required ratio:    0.00 (Cumulative area) 

    Layer: Metal3
      Partial area ratio:  127.38
      Required ratio:    0.00 (Gate area) 
      Cumulative area ratio:  128.87
      Required ratio:    0.00 (Cumulative area) 
      Partial area ratio:  492.22
      Required ratio:  400.00 (Side area) (VIOLATED)
      Cumulative area ratio:  499.29
      Required ratio:    0.00 (Cumulative side area) 

    Layer: Via3
      Partial area ratio:    0.20
      Required ratio:   20.00 (Gate area) 
      Cumulative area ratio:    0.51
      Required ratio:    0.00 (Cumulative area) 

    Layer: Metal4
      Partial area ratio:   34.58
      Required ratio:    0.00 (Gate area) 
      Cumulative area ratio:  163.45
      Required ratio:    0.00 (Cumulative area) 
      Partial area ratio:  133.51
      Required ratio:  400.00 (Side area) 
      Cumulative area ratio:  632.80
      Required ratio:    0.00 (Cumulative side area) 

    Layer: Via4
      Partial area ratio:    0.02
      Required ratio:    0.00 (Gate area) 
      Cumulative area ratio:    0.52
      Required ratio:    0.00 (Cumulative area) 

    Layer: Metal5
      Partial area ratio:    7.27
      Required ratio:    0.00 (Gate area) 
      Cumulative area ratio:  170.72
      Required ratio:    0.00 (Cumulative area) 
      Partial area ratio:   39.49
      Required ratio:  400.00 (Side area) 
      Cumulative area ratio:  672.29
      Required ratio:    0.00 (Cumulative side area) 


  Pin:   max_cap902/A (gf180mcu_as_sc_mcu7t3v3__buff_8)
    Layer: Metal1
      Partial area ratio:    0.01
      Required ratio:    0.00 (Gate area) 
      Cumulative area ratio:    0.01
      Required ratio:    0.00 (Cumulative area) 
      Partial area ratio:    0.23
      Required ratio:  400.00 (Side area) 
      Cumulative area ratio:    0.23
      Required ratio:    0.00 (Cumulative side area) 

    Layer: Via1
      Partial area ratio:    0.03
      Required ratio:   20.00 (Gate area) 
      Cumulative area ratio:    0.03
      Required ratio:    0.00 (Cumulative area) 

    Layer: Metal2
      Partial area ratio:    1.15
      Required ratio:    0.00 (Gate area) 
      Cumulative area ratio:    1.16
      Required ratio:    0.00 (Cumulative area) 
      Partial area ratio:    4.54
      Required ratio:  400.00 (Side area) 
      Cumulative area ratio:    4.77
      Required ratio:    0.00 (Cumulative side area) 

    Layer: Via2
      Partial area ratio:    0.06
      Required ratio:   20.00 (Gate area) 
      Cumulative area ratio:    0.09
      Required ratio:    0.00 (Cumulative area) 

    Layer: Metal3
      Partial area ratio:    4.66
      Required ratio:    0.00 (Gate area) 
      Cumulative area ratio:    5.83
      Required ratio:    0.00 (Cumulative area) 
      Partial area ratio:   18.22
      Required ratio:  400.00 (Side area) 
      Cumulative area ratio:   22.99
      Required ratio:    0.00 (Cumulative side area) 

    Layer: Via3
      Partial area ratio:    0.03
      Required ratio:    0.00 (Gate area) 
      Cumulative area ratio:    0.12
      Required ratio:    0.00 (Cumulative area) 

    Layer: Metal4
      Partial area ratio:   34.58
      Required ratio:    0.00 (Gate area) 
      Cumulative area ratio:   40.40
      Required ratio:    0.00 (Cumulative area) 
      Partial area ratio:  133.51
      Required ratio:  400.00 (Side area) 
      Cumulative area ratio:  156.50
      Required ratio:    0.00 (Cumulative side area) 

    Layer: Via4
      Partial area ratio:    0.02
      Required ratio:    0.00 (Gate area) 
      Cumulative area ratio:    0.14
      Required ratio:    0.00 (Cumulative area) 

    Layer: Metal5
      Partial area ratio:    7.27
      Required ratio:    0.00 (Gate area) 
      Cumulative area ratio:   47.68
      Required ratio:    0.00 (Cumulative area) 
      Partial area ratio:   39.49
      Required ratio:  400.00 (Side area) 
      Cumulative area ratio:  196.00
      Required ratio:    0.00 (Cumulative side area) 



Net: net371
  Pin:   _15918_/A (gf180mcu_as_sc_mcu7t3v3__and2_2)
    Layer: Via1
      Partial area ratio:    0.10
      Required ratio:   20.00 (Gate area) 
      Cumulative area ratio:    0.10
      Required ratio:    0.00 (Cumulative area) 

    Layer: Metal2
      Partial area ratio:    0.88
      Required ratio:    0.00 (Gate area) 
      Cumulative area ratio:    0.88
      Required ratio:    0.00 (Cumulative area) 
      Partial area ratio:    3.85
      Required ratio:  400.00 (Side area) 
      Cumulative area ratio:    3.85
      Required ratio:    0.00 (Cumulative side area) 

    Layer: Via2
      Partial area ratio:    0.20
      Required ratio:   20.00 (Gate area) 
      Cumulative area ratio:    0.30
      Required ratio:    0.00 (Cumulative area) 

    Layer: Metal3
      Partial area ratio:    0.64
      Required ratio:    0.00 (Gate area) 
      Cumulative area ratio:    1.52
      Required ratio:    0.00 (Cumulative area) 
      Partial area ratio:    2.82
      Required ratio:  400.00 (Side area) 
      Cumulative area ratio:    6.67
      Required ratio:    0.00 (Cumulative side area) 

    Layer: Via3
      Partial area ratio:    0.07
      Required ratio:    0.00 (Gate area) 
      Cumulative area ratio:    0.37
      Required ratio:    0.00 (Cumulative area) 

    Layer: Metal4
      Partial area ratio:   21.50
      Required ratio:    0.00 (Gate area) 
      Cumulative area ratio:   23.02
      Required ratio:    0.00 (Cumulative area) 
      Partial area ratio:   83.06
      Required ratio:  400.00 (Side area) 
      Cumulative area ratio:   89.74
      Required ratio:    0.00 (Cumulative side area) 


  Pin:   _15920_/B (gf180mcu_as_sc_mcu7t3v3__mux2_2)
    Layer: Metal1
      Partial area ratio:    0.02
      Required ratio:    0.00 (Gate area) 
      Cumulative area ratio:    0.02
      Required ratio:    0.00 (Cumulative area) 
      Partial area ratio:    0.92
      Required ratio:  400.00 (Side area) 
      Cumulative area ratio:    0.92
      Required ratio:    0.00 (Cumulative side area) 

    Layer: Via1
      Partial area ratio:    0.10
      Required ratio:   20.00 (Gate area) 
      Cumulative area ratio:    0.10
      Required ratio:    0.00 (Cumulative area) 

    Layer: Metal2
      Partial area ratio:    1.50
      Required ratio:    0.00 (Gate area) 
      Cumulative area ratio:    1.52
      Required ratio:    0.00 (Cumulative area) 
      Partial area ratio:    5.86
      Required ratio:  400.00 (Side area) 
      Cumulative area ratio:    6.77
      Required ratio:    0.00 (Cumulative side area) 

    Layer: Via2
      Partial area ratio:    0.20
      Required ratio:    0.00 (Gate area) 
      Cumulative area ratio:    0.30
      Required ratio:    0.00 (Cumulative area) 

    Layer: Metal3
      Partial area ratio:    0.64
      Required ratio:    0.00 (Gate area) 
      Cumulative area ratio:    2.16
      Required ratio:    0.00 (Cumulative area) 
      Partial area ratio:    2.82
      Required ratio:  400.00 (Side area) 
      Cumulative area ratio:    9.60
      Required ratio:    0.00 (Cumulative side area) 

    Layer: Via3
      Partial area ratio:    0.07
      Required ratio:    0.00 (Gate area) 
      Cumulative area ratio:    0.37
      Required ratio:    0.00 (Cumulative area) 

    Layer: Metal4
      Partial area ratio:   21.50
      Required ratio:    0.00 (Gate area) 
      Cumulative area ratio:   23.66
      Required ratio:    0.00 (Cumulative area) 
      Partial area ratio:   83.06
      Required ratio:  400.00 (Side area) 
      Cumulative area ratio:   92.66
      Required ratio:    0.00 (Cumulative side area) 


  Pin:   _20717_/A (gf180mcu_as_sc_mcu7t3v3__nand2_2)
    Layer: Via1
      Partial area ratio:    0.05
      Required ratio:   20.00 (Gate area) 
      Cumulative area ratio:    0.05
      Required ratio:    0.00 (Cumulative area) 

    Layer: Metal2
      Partial area ratio:    1.31
      Required ratio:    0.00 (Gate area) 
      Cumulative area ratio:    1.31
      Required ratio:    0.00 (Cumulative area) 
      Partial area ratio:    5.30
      Required ratio:  400.00 (Side area) 
      Cumulative area ratio:    5.30
      Required ratio:    0.00 (Cumulative side area) 

    Layer: Via2
      Partial area ratio:    0.10
      Required ratio:   20.00 (Gate area) 
      Cumulative area ratio:    0.15
      Required ratio:    0.00 (Cumulative area) 

    Layer: Metal3
      Partial area ratio:    0.16
      Required ratio:    0.00 (Gate area) 
      Cumulative area ratio:    1.47
      Required ratio:    0.00 (Cumulative area) 
      Partial area ratio:    1.07
      Required ratio:  400.00 (Side area) 
      Cumulative area ratio:    6.37
      Required ratio:    0.00 (Cumulative side area) 

    Layer: Via3
      Partial area ratio:    0.05
      Required ratio:   20.00 (Gate area) 
      Cumulative area ratio:    0.20
      Required ratio:    0.00 (Cumulative area) 

    Layer: Metal4
      Partial area ratio:   21.50
      Required ratio:    0.00 (Gate area) 
      Cumulative area ratio:   22.97
      Required ratio:    0.00 (Cumulative area) 
      Partial area ratio:   83.06
      Required ratio:  400.00 (Side area) 
      Cumulative area ratio:   89.43
      Required ratio:    0.00 (Cumulative side area) 


  Pin:   fanout369/A (gf180mcu_as_sc_mcu7t3v3__buff_2)
    Layer: Via1
      Partial area ratio:    0.10
      Required ratio:   20.00 (Gate area) 
      Cumulative area ratio:    0.10
      Required ratio:    0.00 (Cumulative area) 

    Layer: Metal2
      Partial area ratio:    2.91
      Required ratio:    0.00 (Gate area) 
      Cumulative area ratio:    2.91
      Required ratio:    0.00 (Cumulative area) 
      Partial area ratio:   11.68
      Required ratio:  400.00 (Side area) 
      Cumulative area ratio:   11.68
      Required ratio:    0.00 (Cumulative side area) 

    Layer: Via2
      Partial area ratio:    0.20
      Required ratio:   20.00 (Gate area) 
      Cumulative area ratio:    0.30
      Required ratio:    0.00 (Cumulative area) 

    Layer: Metal3
      Partial area ratio:  124.01
      Required ratio:    0.00 (Gate area) 
      Cumulative area ratio:  126.92
      Required ratio:    0.00 (Cumulative area) 
      Partial area ratio:  479.68
      Required ratio:  400.00 (Side area) (VIOLATED)
      Cumulative area ratio:  491.36
      Required ratio:    0.00 (Cumulative side area) 

    Layer: Via3
      Partial area ratio:    0.10
      Required ratio:   20.00 (Gate area) 
      Cumulative area ratio:    0.41
      Required ratio:    0.00 (Cumulative area) 

    Layer: Metal4
      Partial area ratio:   21.50
      Required ratio:    0.00 (Gate area) 
      Cumulative area ratio:  148.42
      Required ratio:    0.00 (Cumulative area) 
      Partial area ratio:   83.06
      Required ratio:  400.00 (Side area) 
      Cumulative area ratio:  574.42
      Required ratio:    0.00 (Cumulative side area) 


  Pin:   fanout370/A (gf180mcu_as_sc_mcu7t3v3__buff_2)
    Layer: Via1
      Partial area ratio:    0.10
      Required ratio:   20.00 (Gate area) 
      Cumulative area ratio:    0.10
      Required ratio:    0.00 (Cumulative area) 

    Layer: Metal2
      Partial area ratio:    1.50
      Required ratio:    0.00 (Gate area) 
      Cumulative area ratio:    1.50
      Required ratio:    0.00 (Cumulative area) 
      Partial area ratio:    5.86
      Required ratio:  400.00 (Side area) 
      Cumulative area ratio:    5.86
      Required ratio:    0.00 (Cumulative side area) 

    Layer: Via2
      Partial area ratio:    0.20
      Required ratio:    0.00 (Gate area) 
      Cumulative area ratio:    0.30
      Required ratio:    0.00 (Cumulative area) 

    Layer: Metal3
      Partial area ratio:    0.64
      Required ratio:    0.00 (Gate area) 
      Cumulative area ratio:    2.14
      Required ratio:    0.00 (Cumulative area) 
      Partial area ratio:    2.82
      Required ratio:  400.00 (Side area) 
      Cumulative area ratio:    8.68
      Required ratio:    0.00 (Cumulative side area) 

    Layer: Via3
      Partial area ratio:    0.07
      Required ratio:    0.00 (Gate area) 
      Cumulative area ratio:    0.37
      Required ratio:    0.00 (Cumulative area) 

    Layer: Metal4
      Partial area ratio:   21.50
      Required ratio:    0.00 (Gate area) 
      Cumulative area ratio:   23.64
      Required ratio:    0.00 (Cumulative area) 
      Partial area ratio:   83.06
      Required ratio:  400.00 (Side area) 
      Cumulative area ratio:   91.74
      Required ratio:    0.00 (Cumulative side area) 



Net: net470
  Pin:   _12230_/A (gf180mcu_as_sc_mcu7t3v3__or2_2)
    Layer: Via1
      Partial area ratio:    0.10
      Required ratio:   20.00 (Gate area) 
      Cumulative area ratio:    0.10
      Required ratio:    0.00 (Cumulative area) 

    Layer: Metal2
      Partial area ratio:    2.35
      Required ratio:    0.00 (Gate area) 
      Cumulative area ratio:    2.35
      Required ratio:    0.00 (Cumulative area) 
      Partial area ratio:    9.51
      Required ratio:  400.00 (Side area) 
      Cumulative area ratio:    9.51
      Required ratio:    0.00 (Cumulative side area) 

    Layer: Via2
      Partial area ratio:    0.20
      Required ratio:   20.00 (Gate area) 
      Cumulative area ratio:    0.30
      Required ratio:    0.00 (Cumulative area) 

    Layer: Metal3
      Partial area ratio:    0.32
      Required ratio:    0.00 (Gate area) 
      Cumulative area ratio:    2.67
      Required ratio:    0.00 (Cumulative area) 
      Partial area ratio:    2.14
      Required ratio:  400.00 (Side area) 
      Cumulative area ratio:   11.64
      Required ratio:    0.00 (Cumulative side area) 

    Layer: Via3
      Partial area ratio:    0.10
      Required ratio:   20.00 (Gate area) 
      Cumulative area ratio:    0.41
      Required ratio:    0.00 (Cumulative area) 

    Layer: Metal4
      Partial area ratio:    0.16
      Required ratio:    0.00 (Gate area) 
      Cumulative area ratio:    2.83
      Required ratio:    0.00 (Cumulative area) 
      Partial area ratio:    1.07
      Required ratio:  400.00 (Side area) 
      Cumulative area ratio:   12.71
      Required ratio:    0.00 (Cumulative side area) 

    Layer: Via4
      Partial area ratio:    0.10
      Required ratio:   20.00 (Gate area) 
      Cumulative area ratio:    0.51
      Required ratio:    0.00 (Cumulative area) 

    Layer: Metal5
      Partial area ratio:    6.51
      Required ratio:    0.00 (Gate area) 
      Cumulative area ratio:    9.33
      Required ratio:    0.00 (Cumulative area) 
      Partial area ratio:   35.41
      Required ratio:  400.00 (Side area) 
      Cumulative area ratio:   48.12
      Required ratio:    0.00 (Cumulative side area) 


  Pin:   _19616_/A (gf180mcu_as_sc_mcu7t3v3__and2_2)
    Layer: Via1
      Partial area ratio:    0.10
      Required ratio:   20.00 (Gate area) 
      Cumulative area ratio:    0.10
      Required ratio:    0.00 (Cumulative area) 

    Layer: Metal2
      Partial area ratio:    0.61
      Required ratio:    0.00 (Gate area) 
      Cumulative area ratio:    0.61
      Required ratio:    0.00 (Cumulative area) 
      Partial area ratio:    2.69
      Required ratio:  400.00 (Side area) 
      Cumulative area ratio:    2.69
      Required ratio:    0.00 (Cumulative side area) 

    Layer: Via2
      Partial area ratio:    0.17
      Required ratio:   20.00 (Gate area) 
      Cumulative area ratio:    0.28
      Required ratio:    0.00 (Cumulative area) 

    Layer: Metal3
      Partial area ratio:    0.27
      Required ratio:    0.00 (Gate area) 
      Cumulative area ratio:    0.87
      Required ratio:    0.00 (Cumulative area) 
      Partial area ratio:    1.37
      Required ratio:  400.00 (Side area) 
      Cumulative area ratio:    4.06
      Required ratio:    0.00 (Cumulative side area) 

    Layer: Via3
      Partial area ratio:    0.10
      Required ratio:   20.00 (Gate area) 
      Cumulative area ratio:    0.38
      Required ratio:    0.00 (Cumulative area) 

    Layer: Metal4
      Partial area ratio:   29.55
      Required ratio:    0.00 (Gate area) 
      Cumulative area ratio:   30.42
      Required ratio:    0.00 (Cumulative area) 
      Partial area ratio:  114.27
      Required ratio:  400.00 (Side area) 
      Cumulative area ratio:  118.33
      Required ratio:    0.00 (Cumulative side area) 

    Layer: Via4
      Partial area ratio:    0.03
      Required ratio:   20.00 (Gate area) 
      Cumulative area ratio:    0.41
      Required ratio:    0.00 (Cumulative area) 

    Layer: Metal5
      Partial area ratio:    6.51
      Required ratio:    0.00 (Gate area) 
      Cumulative area ratio:   36.93
      Required ratio:    0.00 (Cumulative area) 
      Partial area ratio:   35.41
      Required ratio:  400.00 (Side area) 
      Cumulative area ratio:  153.74
      Required ratio:    0.00 (Cumulative side area) 


  Pin:   fanout467/A (gf180mcu_as_sc_mcu7t3v3__buff_2)
    Layer: Via1
      Partial area ratio:    0.10
      Required ratio:   20.00 (Gate area) 
      Cumulative area ratio:    0.10
      Required ratio:    0.00 (Cumulative area) 

    Layer: Metal2
      Partial area ratio:    2.20
      Required ratio:    0.00 (Gate area) 
      Cumulative area ratio:    2.20
      Required ratio:    0.00 (Cumulative area) 
      Partial area ratio:    8.96
      Required ratio:  400.00 (Side area) 
      Cumulative area ratio:    8.96
      Required ratio:    0.00 (Cumulative side area) 

    Layer: Via2
      Partial area ratio:    0.20
      Required ratio:   20.00 (Gate area) 
      Cumulative area ratio:    0.30
      Required ratio:    0.00 (Cumulative area) 

    Layer: Metal3
      Partial area ratio:   60.48
      Required ratio:    0.00 (Gate area) 
      Cumulative area ratio:   62.68
      Required ratio:    0.00 (Cumulative area) 
      Partial area ratio:  234.64
      Required ratio:  400.00 (Side area) 
      Cumulative area ratio:  243.60
      Required ratio:    0.00 (Cumulative side area) 

    Layer: Via3
      Partial area ratio:    0.10
      Required ratio:   20.00 (Gate area) 
      Cumulative area ratio:    0.41
      Required ratio:    0.00 (Cumulative area) 

    Layer: Metal4
      Partial area ratio:   29.55
      Required ratio:    0.00 (Gate area) 
      Cumulative area ratio:   92.23
      Required ratio:    0.00 (Cumulative area) 
      Partial area ratio:  114.27
      Required ratio:  400.00 (Side area) 
      Cumulative area ratio:  357.86
      Required ratio:    0.00 (Cumulative side area) 

    Layer: Via4
      Partial area ratio:    0.03
      Required ratio:   20.00 (Gate area) 
      Cumulative area ratio:    0.44
      Required ratio:    0.00 (Cumulative area) 

    Layer: Metal5
      Partial area ratio:    6.51
      Required ratio:    0.00 (Gate area) 
      Cumulative area ratio:   98.74
      Required ratio:    0.00 (Cumulative area) 
      Partial area ratio:   35.41
      Required ratio:  400.00 (Side area) 
      Cumulative area ratio:  393.27
      Required ratio:    0.00 (Cumulative side area) 


  Pin:   fanout469/A (gf180mcu_as_sc_mcu7t3v3__buff_2)
    Layer: Via1
      Partial area ratio:    0.10
      Required ratio:   20.00 (Gate area) 
      Cumulative area ratio:    0.10
      Required ratio:    0.00 (Cumulative area) 

    Layer: Metal2
      Partial area ratio:  117.98
      Required ratio:    0.00 (Gate area) 
      Cumulative area ratio:  117.98
      Required ratio:    0.00 (Cumulative area) 
      Partial area ratio:  455.51
      Required ratio:  400.00 (Side area) (VIOLATED)
      Cumulative area ratio:  455.51
      Required ratio:    0.00 (Cumulative side area) 

    Layer: Via2
      Partial area ratio:    0.30
      Required ratio:   20.00 (Gate area) 
      Cumulative area ratio:    0.41
      Required ratio:    0.00 (Cumulative area) 

    Layer: Metal3
      Partial area ratio:   60.48
      Required ratio:    0.00 (Gate area) 
      Cumulative area ratio:  178.46
      Required ratio:    0.00 (Cumulative area) 
      Partial area ratio:  234.64
      Required ratio:  400.00 (Side area) 
      Cumulative area ratio:  690.15
      Required ratio:    0.00 (Cumulative side area) 

    Layer: Via3
      Partial area ratio:    0.10
      Required ratio:   20.00 (Gate area) 
      Cumulative area ratio:    0.51
      Required ratio:    0.00 (Cumulative area) 

    Layer: Metal4
      Partial area ratio:   29.55
      Required ratio:    0.00 (Gate area) 
      Cumulative area ratio:  208.00
      Required ratio:    0.00 (Cumulative area) 
      Partial area ratio:  114.27
      Required ratio:  400.00 (Side area) 
      Cumulative area ratio:  804.42
      Required ratio:    0.00 (Cumulative side area) 

    Layer: Via4
      Partial area ratio:    0.03
      Required ratio:   20.00 (Gate area) 
      Cumulative area ratio:    0.54
      Required ratio:    0.00 (Cumulative area) 

    Layer: Metal5
      Partial area ratio:    6.51
      Required ratio:    0.00 (Gate area) 
      Cumulative area ratio:  214.51
      Required ratio:    0.00 (Cumulative area) 
      Partial area ratio:   35.41
      Required ratio:  400.00 (Side area) 
      Cumulative area ratio:  839.82
      Required ratio:    0.00 (Cumulative side area) 



Net: net475
  Pin:   _10840_/A (gf180mcu_as_sc_mcu7t3v3__inv_2)
    Layer: Via1
      Partial area ratio:    0.05
      Required ratio:   20.00 (Gate area) 
      Cumulative area ratio:    0.05
      Required ratio:    0.00 (Cumulative area) 

    Layer: Metal2
      Partial area ratio:    1.25
      Required ratio:    0.00 (Gate area) 
      Cumulative area ratio:    1.25
      Required ratio:    0.00 (Cumulative area) 
      Partial area ratio:    4.90
      Required ratio:  400.00 (Side area) 
      Cumulative area ratio:    4.90
      Required ratio:    0.00 (Cumulative side area) 

    Layer: Via2
      Partial area ratio:    0.15
      Required ratio:    0.00 (Gate area) 
      Cumulative area ratio:    0.20
      Required ratio:    0.00 (Cumulative area) 

    Layer: Metal3
      Partial area ratio:    1.32
      Required ratio:    0.00 (Gate area) 
      Cumulative area ratio:    2.57
      Required ratio:    0.00 (Cumulative area) 
      Partial area ratio:    5.33
      Required ratio:  400.00 (Side area) 
      Cumulative area ratio:   10.22
      Required ratio:    0.00 (Cumulative side area) 

    Layer: Via3
      Partial area ratio:    0.05
      Required ratio:    0.00 (Gate area) 
      Cumulative area ratio:    0.25
      Required ratio:    0.00 (Cumulative area) 

    Layer: Metal4
      Partial area ratio:   22.59
      Required ratio:    0.00 (Gate area) 
      Cumulative area ratio:   25.16
      Required ratio:    0.00 (Cumulative area) 
      Partial area ratio:   87.27
      Required ratio:  400.00 (Side area) 
      Cumulative area ratio:   97.49
      Required ratio:    0.00 (Cumulative side area) 


  Pin:   fanout471/A (gf180mcu_as_sc_mcu7t3v3__buff_2)
    Layer: Via1
      Partial area ratio:    0.10
      Required ratio:   20.00 (Gate area) 
      Cumulative area ratio:    0.10
      Required ratio:    0.00 (Cumulative area) 

    Layer: Metal2
      Partial area ratio:    3.11
      Required ratio:    0.00 (Gate area) 
      Cumulative area ratio:    3.11
      Required ratio:    0.00 (Cumulative area) 
      Partial area ratio:   12.46
      Required ratio:  400.00 (Side area) 
      Cumulative area ratio:   12.46
      Required ratio:    0.00 (Cumulative side area) 

    Layer: Via2
      Partial area ratio:    0.20
      Required ratio:   20.00 (Gate area) 
      Cumulative area ratio:    0.30
      Required ratio:    0.00 (Cumulative area) 

    Layer: Metal3
      Partial area ratio:    0.32
      Required ratio:    0.00 (Gate area) 
      Cumulative area ratio:    3.43
      Required ratio:    0.00 (Cumulative area) 
      Partial area ratio:    2.14
      Required ratio:  400.00 (Side area) 
      Cumulative area ratio:   14.60
      Required ratio:    0.00 (Cumulative side area) 

    Layer: Via3
      Partial area ratio:    0.10
      Required ratio:   20.00 (Gate area) 
      Cumulative area ratio:    0.41
      Required ratio:    0.00 (Cumulative area) 

    Layer: Metal4
      Partial area ratio:   22.59
      Required ratio:    0.00 (Gate area) 
      Cumulative area ratio:   26.02
      Required ratio:    0.00 (Cumulative area) 
      Partial area ratio:   87.27
      Required ratio:  400.00 (Side area) 
      Cumulative area ratio:  101.86
      Required ratio:    0.00 (Cumulative side area) 


  Pin:   fanout472/A (gf180mcu_as_sc_mcu7t3v3__buff_2)
    Layer: Via1
      Partial area ratio:    0.10
      Required ratio:   20.00 (Gate area) 
      Cumulative area ratio:    0.10
      Required ratio:    0.00 (Cumulative area) 

    Layer: Metal2
      Partial area ratio:    1.97
      Required ratio:    0.00 (Gate area) 
      Cumulative area ratio:    1.97
      Required ratio:    0.00 (Cumulative area) 
      Partial area ratio:    8.05
      Required ratio:  400.00 (Side area) 
      Cumulative area ratio:    8.05
      Required ratio:    0.00 (Cumulative side area) 

    Layer: Via2
      Partial area ratio:    0.20
      Required ratio:   20.00 (Gate area) 
      Cumulative area ratio:    0.30
      Required ratio:    0.00 (Cumulative area) 

    Layer: Metal3
      Partial area ratio:    3.85
      Required ratio:    0.00 (Gate area) 
      Cumulative area ratio:    5.82
      Required ratio:    0.00 (Cumulative area) 
      Partial area ratio:   15.75
      Required ratio:  400.00 (Side area) 
      Cumulative area ratio:   23.80
      Required ratio:    0.00 (Cumulative side area) 

    Layer: Via3
      Partial area ratio:    0.10
      Required ratio:   20.00 (Gate area) 
      Cumulative area ratio:    0.41
      Required ratio:    0.00 (Cumulative area) 

    Layer: Metal4
      Partial area ratio:   22.59
      Required ratio:    0.00 (Gate area) 
      Cumulative area ratio:   28.41
      Required ratio:    0.00 (Cumulative area) 
      Partial area ratio:   87.27
      Required ratio:  400.00 (Side area) 
      Cumulative area ratio:  111.07
      Required ratio:    0.00 (Cumulative side area) 


  Pin:   fanout473/A (gf180mcu_as_sc_mcu7t3v3__buff_2)
    Layer: Via1
      Partial area ratio:    0.10
      Required ratio:   20.00 (Gate area) 
      Cumulative area ratio:    0.10
      Required ratio:    0.00 (Cumulative area) 

    Layer: Metal2
      Partial area ratio:    3.35
      Required ratio:    0.00 (Gate area) 
      Cumulative area ratio:    3.35
      Required ratio:    0.00 (Cumulative area) 
      Partial area ratio:   13.37
      Required ratio:  400.00 (Side area) 
      Cumulative area ratio:   13.37
      Required ratio:    0.00 (Cumulative side area) 

    Layer: Via2
      Partial area ratio:    0.20
      Required ratio:   20.00 (Gate area) 
      Cumulative area ratio:    0.30
      Required ratio:    0.00 (Cumulative area) 

    Layer: Metal3
      Partial area ratio:  159.30
      Required ratio:    0.00 (Gate area) 
      Cumulative area ratio:  162.65
      Required ratio:    0.00 (Cumulative area) 
      Partial area ratio:  615.81
      Required ratio:  400.00 (Side area) (VIOLATED)
      Cumulative area ratio:  629.18
      Required ratio:    0.00 (Cumulative side area) 

    Layer: Via3
      Partial area ratio:    0.15
      Required ratio:   20.00 (Gate area) 
      Cumulative area ratio:    0.46
      Required ratio:    0.00 (Cumulative area) 

    Layer: Metal4
      Partial area ratio:   22.59
      Required ratio:    0.00 (Gate area) 
      Cumulative area ratio:  185.24
      Required ratio:    0.00 (Cumulative area) 
      Partial area ratio:   87.27
      Required ratio:  400.00 (Side area) 
      Cumulative area ratio:  716.45
      Required ratio:    0.00 (Cumulative side area) 


  Pin:   fanout474/A (gf180mcu_as_sc_mcu7t3v3__buff_2)
    Layer: Via1
      Partial area ratio:    0.10
      Required ratio:   20.00 (Gate area) 
      Cumulative area ratio:    0.10
      Required ratio:    0.00 (Cumulative area) 

    Layer: Metal2
      Partial area ratio:   15.17
      Required ratio:    0.00 (Gate area) 
      Cumulative area ratio:   15.17
      Required ratio:    0.00 (Cumulative area) 
      Partial area ratio:   58.96
      Required ratio:  400.00 (Side area) 
      Cumulative area ratio:   58.96
      Required ratio:    0.00 (Cumulative side area) 

    Layer: Via2
      Partial area ratio:    0.30
      Required ratio:   20.00 (Gate area) 
      Cumulative area ratio:    0.41
      Required ratio:    0.00 (Cumulative area) 

    Layer: Metal3
      Partial area ratio:  159.30
      Required ratio:    0.00 (Gate area) 
      Cumulative area ratio:  174.47
      Required ratio:    0.00 (Cumulative area) 
      Partial area ratio:  615.81
      Required ratio:  400.00 (Side area) (VIOLATED)
      Cumulative area ratio:  674.77
      Required ratio:    0.00 (Cumulative side area) 

    Layer: Via3
      Partial area ratio:    0.15
      Required ratio:   20.00 (Gate area) 
      Cumulative area ratio:    0.56
      Required ratio:    0.00 (Cumulative area) 

    Layer: Metal4
      Partial area ratio:   22.59
      Required ratio:    0.00 (Gate area) 
      Cumulative area ratio:  197.06
      Required ratio:    0.00 (Cumulative area) 
      Partial area ratio:   87.27
      Required ratio:  400.00 (Side area) 
      Cumulative area ratio:  762.04
      Required ratio:    0.00 (Cumulative side area) 



Net: net643
  Pin:   _19587_/C (gf180mcu_as_sc_mcu7t3v3__ao22_2)
    Layer: Via1
      Partial area ratio:    0.10
      Required ratio:   20.00 (Gate area) 
      Cumulative area ratio:    0.10
      Required ratio:    0.00 (Cumulative area) 

    Layer: Metal2
      Partial area ratio:    1.60
      Required ratio:    0.00 (Gate area) 
      Cumulative area ratio:    1.60
      Required ratio:    0.00 (Cumulative area) 
      Partial area ratio:    6.61
      Required ratio:  400.00 (Side area) 
      Cumulative area ratio:    6.61
      Required ratio:    0.00 (Cumulative side area) 

    Layer: Via2
      Partial area ratio:    0.20
      Required ratio:   20.00 (Gate area) 
      Cumulative area ratio:    0.30
      Required ratio:    0.00 (Cumulative area) 

    Layer: Metal3
      Partial area ratio:    0.32
      Required ratio:    0.00 (Gate area) 
      Cumulative area ratio:    1.91
      Required ratio:    0.00 (Cumulative area) 
      Partial area ratio:    2.14
      Required ratio:  400.00 (Side area) 
      Cumulative area ratio:    8.75
      Required ratio:    0.00 (Cumulative side area) 

    Layer: Via3
      Partial area ratio:    0.10
      Required ratio:   20.00 (Gate area) 
      Cumulative area ratio:    0.41
      Required ratio:    0.00 (Cumulative area) 

    Layer: Metal4
      Partial area ratio:    9.34
      Required ratio:    0.00 (Gate area) 
      Cumulative area ratio:   11.25
      Required ratio:    0.00 (Cumulative area) 
      Partial area ratio:   36.17
      Required ratio:  400.00 (Side area) 
      Cumulative area ratio:   44.91
      Required ratio:    0.00 (Cumulative side area) 

    Layer: Via4
      Partial area ratio:    0.05
      Required ratio:    0.00 (Gate area) 
      Cumulative area ratio:    0.46
      Required ratio:    0.00 (Cumulative area) 

    Layer: Metal5
      Partial area ratio:   10.89
      Required ratio:    0.00 (Gate area) 
      Cumulative area ratio:   22.14
      Required ratio:    0.00 (Cumulative area) 
      Partial area ratio:   59.25
      Required ratio:  400.00 (Side area) 
      Cumulative area ratio:  104.16
      Required ratio:    0.00 (Cumulative side area) 


  Pin:   _19665_/A (gf180mcu_as_sc_mcu7t3v3__nand2b_2)
    Layer: Via1
      Partial area ratio:    0.10
      Required ratio:   20.00 (Gate area) 
      Cumulative area ratio:    0.10
      Required ratio:    0.00 (Cumulative area) 

    Layer: Metal2
      Partial area ratio:    2.08
      Required ratio:    0.00 (Gate area) 
      Cumulative area ratio:    2.08
      Required ratio:    0.00 (Cumulative area) 
      Partial area ratio:    8.48
      Required ratio:  400.00 (Side area) 
      Cumulative area ratio:    8.48
      Required ratio:    0.00 (Cumulative side area) 

    Layer: Via2
      Partial area ratio:    0.20
      Required ratio:   20.00 (Gate area) 
      Cumulative area ratio:    0.30
      Required ratio:    0.00 (Cumulative area) 

    Layer: Metal3
      Partial area ratio:    0.32
      Required ratio:    0.00 (Gate area) 
      Cumulative area ratio:    2.40
      Required ratio:    0.00 (Cumulative area) 
      Partial area ratio:    2.14
      Required ratio:  400.00 (Side area) 
      Cumulative area ratio:   10.62
      Required ratio:    0.00 (Cumulative side area) 

    Layer: Via3
      Partial area ratio:    0.10
      Required ratio:   20.00 (Gate area) 
      Cumulative area ratio:    0.41
      Required ratio:    0.00 (Cumulative area) 

    Layer: Metal4
      Partial area ratio:    9.34
      Required ratio:    0.00 (Gate area) 
      Cumulative area ratio:   11.73
      Required ratio:    0.00 (Cumulative area) 
      Partial area ratio:   36.17
      Required ratio:  400.00 (Side area) 
      Cumulative area ratio:   46.78
      Required ratio:    0.00 (Cumulative side area) 

    Layer: Via4
      Partial area ratio:    0.05
      Required ratio:    0.00 (Gate area) 
      Cumulative area ratio:    0.46
      Required ratio:    0.00 (Cumulative area) 

    Layer: Metal5
      Partial area ratio:   10.89
      Required ratio:    0.00 (Gate area) 
      Cumulative area ratio:   22.62
      Required ratio:    0.00 (Cumulative area) 
      Partial area ratio:   59.25
      Required ratio:  400.00 (Side area) 
      Cumulative area ratio:  106.03
      Required ratio:    0.00 (Cumulative side area) 


  Pin:   fanout640/A (gf180mcu_as_sc_mcu7t3v3__buff_2)
    Layer: Via1
      Partial area ratio:    0.10
      Required ratio:   20.00 (Gate area) 
      Cumulative area ratio:    0.10
      Required ratio:    0.00 (Cumulative area) 

    Layer: Metal2
      Partial area ratio:    2.90
      Required ratio:    0.00 (Gate area) 
      Cumulative area ratio:    2.90
      Required ratio:    0.00 (Cumulative area) 
      Partial area ratio:   11.66
      Required ratio:  400.00 (Side area) 
      Cumulative area ratio:   11.66
      Required ratio:    0.00 (Cumulative side area) 

    Layer: Via2
      Partial area ratio:    0.20
      Required ratio:   20.00 (Gate area) 
      Cumulative area ratio:    0.30
      Required ratio:    0.00 (Cumulative area) 

    Layer: Metal3
      Partial area ratio:   10.91
      Required ratio:    0.00 (Gate area) 
      Cumulative area ratio:   13.81
      Required ratio:    0.00 (Cumulative area) 
      Partial area ratio:   42.98
      Required ratio:  400.00 (Side area) 
      Cumulative area ratio:   54.64
      Required ratio:    0.00 (Cumulative side area) 

    Layer: Via3
      Partial area ratio:    0.20
      Required ratio:   20.00 (Gate area) 
      Cumulative area ratio:    0.51
      Required ratio:    0.00 (Cumulative area) 

    Layer: Metal4
      Partial area ratio:    7.24
      Required ratio:    0.00 (Gate area) 
      Cumulative area ratio:   21.05
      Required ratio:    0.00 (Cumulative area) 
      Partial area ratio:   28.38
      Required ratio:  400.00 (Side area) 
      Cumulative area ratio:   83.01
      Required ratio:    0.00 (Cumulative side area) 

    Layer: Via4
      Partial area ratio:    0.05
      Required ratio:   20.00 (Gate area) 
      Cumulative area ratio:    0.56
      Required ratio:    0.00 (Cumulative area) 

    Layer: Metal5
      Partial area ratio:   10.89
      Required ratio:    0.00 (Gate area) 
      Cumulative area ratio:   31.94
      Required ratio:    0.00 (Cumulative area) 
      Partial area ratio:   59.25
      Required ratio:  400.00 (Side area) 
      Cumulative area ratio:  142.26
      Required ratio:    0.00 (Cumulative side area) 


  Pin:   fanout641/A (gf180mcu_as_sc_mcu7t3v3__buff_2)
    Layer: Via1
      Partial area ratio:    0.10
      Required ratio:   20.00 (Gate area) 
      Cumulative area ratio:    0.10
      Required ratio:    0.00 (Cumulative area) 

    Layer: Metal2
      Partial area ratio:    2.67
      Required ratio:    0.00 (Gate area) 
      Cumulative area ratio:    2.67
      Required ratio:    0.00 (Cumulative area) 
      Partial area ratio:   10.75
      Required ratio:  400.00 (Side area) 
      Cumulative area ratio:   10.75
      Required ratio:    0.00 (Cumulative side area) 

    Layer: Via2
      Partial area ratio:    0.20
      Required ratio:   20.00 (Gate area) 
      Cumulative area ratio:    0.30
      Required ratio:    0.00 (Cumulative area) 

    Layer: Metal3
      Partial area ratio:    0.32
      Required ratio:    0.00 (Gate area) 
      Cumulative area ratio:    2.99
      Required ratio:    0.00 (Cumulative area) 
      Partial area ratio:    2.14
      Required ratio:  400.00 (Side area) 
      Cumulative area ratio:   12.89
      Required ratio:    0.00 (Cumulative side area) 

    Layer: Via3
      Partial area ratio:    0.10
      Required ratio:   20.00 (Gate area) 
      Cumulative area ratio:    0.41
      Required ratio:    0.00 (Cumulative area) 

    Layer: Metal4
      Partial area ratio:    7.24
      Required ratio:    0.00 (Gate area) 
      Cumulative area ratio:   10.23
      Required ratio:    0.00 (Cumulative area) 
      Partial area ratio:   28.38
      Required ratio:  400.00 (Side area) 
      Cumulative area ratio:   41.27
      Required ratio:    0.00 (Cumulative side area) 

    Layer: Via4
      Partial area ratio:    0.05
      Required ratio:   20.00 (Gate area) 
      Cumulative area ratio:    0.46
      Required ratio:    0.00 (Cumulative area) 

    Layer: Metal5
      Partial area ratio:   10.89
      Required ratio:    0.00 (Gate area) 
      Cumulative area ratio:   21.11
      Required ratio:    0.00 (Cumulative area) 
      Partial area ratio:   59.25
      Required ratio:  400.00 (Side area) 
      Cumulative area ratio:  100.51
      Required ratio:    0.00 (Cumulative side area) 


  Pin:   fanout642/A (gf180mcu_as_sc_mcu7t3v3__buff_2)
    Layer: Via1
      Partial area ratio:    0.10
      Required ratio:   20.00 (Gate area) 
      Cumulative area ratio:    0.10
      Required ratio:    0.00 (Cumulative area) 

    Layer: Metal2
      Partial area ratio:    3.61
      Required ratio:    0.00 (Gate area) 
      Cumulative area ratio:    3.61
      Required ratio:    0.00 (Cumulative area) 
      Partial area ratio:   14.38
      Required ratio:  400.00 (Side area) 
      Cumulative area ratio:   14.38
      Required ratio:    0.00 (Cumulative side area) 

    Layer: Via2
      Partial area ratio:    0.20
      Required ratio:   20.00 (Gate area) 
      Cumulative area ratio:    0.30
      Required ratio:    0.00 (Cumulative area) 

    Layer: Metal3
      Partial area ratio:    0.32
      Required ratio:    0.00 (Gate area) 
      Cumulative area ratio:    3.93
      Required ratio:    0.00 (Cumulative area) 
      Partial area ratio:    2.14
      Required ratio:  400.00 (Side area) 
      Cumulative area ratio:   16.52
      Required ratio:    0.00 (Cumulative side area) 

    Layer: Via3
      Partial area ratio:    0.10
      Required ratio:   20.00 (Gate area) 
      Cumulative area ratio:    0.41
      Required ratio:    0.00 (Cumulative area) 

    Layer: Metal4
      Partial area ratio:  180.45
      Required ratio:    0.00 (Gate area) 
      Cumulative area ratio:  184.37
      Required ratio:    0.00 (Cumulative area) 
      Partial area ratio:  696.91
      Required ratio:  400.00 (Side area) (VIOLATED)
      Cumulative area ratio:  713.43
      Required ratio:    0.00 (Cumulative side area) 

    Layer: Via4
      Partial area ratio:    0.20
      Required ratio:   20.00 (Gate area) 
      Cumulative area ratio:    0.61
      Required ratio:    0.00 (Cumulative area) 

    Layer: Metal5
      Partial area ratio:   10.89
      Required ratio:    0.00 (Gate area) 
      Cumulative area ratio:  195.26
      Required ratio:    0.00 (Cumulative area) 
      Partial area ratio:   59.25
      Required ratio:  400.00 (Side area) 
      Cumulative area ratio:  772.68
      Required ratio:    0.00 (Cumulative side area) 



Net: net764
  Pin:   _10921_/A (gf180mcu_as_sc_mcu7t3v3__mux2_2)
    Layer: Metal1
      Partial area ratio:    0.01
      Required ratio:    0.00 (Gate area) 
      Cumulative area ratio:    0.01
      Required ratio:    0.00 (Cumulative area) 
      Partial area ratio:    0.88
      Required ratio:  400.00 (Side area) 
      Cumulative area ratio:    0.88
      Required ratio:    0.00 (Cumulative side area) 

    Layer: Via1
      Partial area ratio:    0.10
      Required ratio:   20.00 (Gate area) 
      Cumulative area ratio:    0.10
      Required ratio:    0.00 (Cumulative area) 

    Layer: Metal2
      Partial area ratio:    3.56
      Required ratio:    0.00 (Gate area) 
      Cumulative area ratio:    3.57
      Required ratio:    0.00 (Cumulative area) 
      Partial area ratio:   14.19
      Required ratio:  400.00 (Side area) 
      Cumulative area ratio:   15.06
      Required ratio:    0.00 (Cumulative side area) 

    Layer: Via2
      Partial area ratio:    0.20
      Required ratio:   20.00 (Gate area) 
      Cumulative area ratio:    0.30
      Required ratio:    0.00 (Cumulative area) 

    Layer: Metal3
      Partial area ratio:    3.85
      Required ratio:    0.00 (Gate area) 
      Cumulative area ratio:    7.42
      Required ratio:    0.00 (Cumulative area) 
      Partial area ratio:   15.75
      Required ratio:  400.00 (Side area) 
      Cumulative area ratio:   30.82
      Required ratio:    0.00 (Cumulative side area) 

    Layer: Via3
      Partial area ratio:    0.10
      Required ratio:   20.00 (Gate area) 
      Cumulative area ratio:    0.41
      Required ratio:    0.00 (Cumulative area) 

    Layer: Metal4
      Partial area ratio:   84.79
      Required ratio:    0.00 (Gate area) 
      Cumulative area ratio:   92.21
      Required ratio:    0.00 (Cumulative area) 
      Partial area ratio:  327.15
      Required ratio:  400.00 (Side area) 
      Cumulative area ratio:  357.97
      Required ratio:    0.00 (Cumulative side area) 

    Layer: Via4
      Partial area ratio:    0.03
      Required ratio:   20.00 (Gate area) 
      Cumulative area ratio:    0.43
      Required ratio:    0.00 (Cumulative area) 

    Layer: Metal5
      Partial area ratio:    9.96
      Required ratio:    0.00 (Gate area) 
      Cumulative area ratio:  102.17
      Required ratio:    0.00 (Cumulative area) 
      Partial area ratio:   53.95
      Required ratio:  400.00 (Side area) 
      Cumulative area ratio:  411.92
      Required ratio:    0.00 (Cumulative side area) 


  Pin:   _10963_/A (gf180mcu_as_sc_mcu7t3v3__mux2_2)
    Layer: Metal1
      Partial area ratio:    0.01
      Required ratio:    0.00 (Gate area) 
      Cumulative area ratio:    0.01
      Required ratio:    0.00 (Cumulative area) 
      Partial area ratio:    0.88
      Required ratio:  400.00 (Side area) 
      Cumulative area ratio:    0.88
      Required ratio:    0.00 (Cumulative side area) 

    Layer: Via1
      Partial area ratio:    0.10
      Required ratio:   20.00 (Gate area) 
      Cumulative area ratio:    0.10
      Required ratio:    0.00 (Cumulative area) 

    Layer: Metal2
      Partial area ratio:    5.13
      Required ratio:    0.00 (Gate area) 
      Cumulative area ratio:    5.14
      Required ratio:    0.00 (Cumulative area) 
      Partial area ratio:   20.23
      Required ratio:  400.00 (Side area) 
      Cumulative area ratio:   21.11
      Required ratio:    0.00 (Cumulative side area) 

    Layer: Via2
      Partial area ratio:    0.20
      Required ratio:   20.00 (Gate area) 
      Cumulative area ratio:    0.30
      Required ratio:    0.00 (Cumulative area) 

    Layer: Metal3
      Partial area ratio:  173.26
      Required ratio:    0.00 (Gate area) 
      Cumulative area ratio:  178.40
      Required ratio:    0.00 (Cumulative area) 
      Partial area ratio:  669.20
      Required ratio:  400.00 (Side area) (VIOLATED)
      Cumulative area ratio:  690.31
      Required ratio:    0.00 (Cumulative side area) 

    Layer: Via3
      Partial area ratio:    0.10
      Required ratio:   20.00 (Gate area) 
      Cumulative area ratio:    0.41
      Required ratio:    0.00 (Cumulative area) 

    Layer: Metal4
      Partial area ratio:   84.79
      Required ratio:    0.00 (Gate area) 
      Cumulative area ratio:  263.18
      Required ratio:    0.00 (Cumulative area) 
      Partial area ratio:  327.15
      Required ratio:  400.00 (Side area) 
      Cumulative area ratio: 1017.46
      Required ratio:    0.00 (Cumulative side area) 

    Layer: Via4
      Partial area ratio:    0.03
      Required ratio:   20.00 (Gate area) 
      Cumulative area ratio:    0.43
      Required ratio:    0.00 (Cumulative area) 

    Layer: Metal5
      Partial area ratio:    9.96
      Required ratio:    0.00 (Gate area) 
      Cumulative area ratio:  273.15
      Required ratio:    0.00 (Cumulative area) 
      Partial area ratio:   53.95
      Required ratio:  400.00 (Side area) 
      Cumulative area ratio: 1071.41
      Required ratio:    0.00 (Cumulative side area) 


  Pin:   _10984_/A (gf180mcu_as_sc_mcu7t3v3__mux2_2)
    Layer: Metal1
      Partial area ratio:    0.01
      Required ratio:    0.00 (Gate area) 
      Cumulative area ratio:    0.01
      Required ratio:    0.00 (Cumulative area) 
      Partial area ratio:    0.88
      Required ratio:  400.00 (Side area) 
      Cumulative area ratio:    0.88
      Required ratio:    0.00 (Cumulative side area) 

    Layer: Via1
      Partial area ratio:    0.10
      Required ratio:   20.00 (Gate area) 
      Cumulative area ratio:    0.10
      Required ratio:    0.00 (Cumulative area) 

    Layer: Metal2
      Partial area ratio:    3.28
      Required ratio:    0.00 (Gate area) 
      Cumulative area ratio:    3.28
      Required ratio:    0.00 (Cumulative area) 
      Partial area ratio:   13.09
      Required ratio:  400.00 (Side area) 
      Cumulative area ratio:   13.96
      Required ratio:    0.00 (Cumulative side area) 

    Layer: Via2
      Partial area ratio:    0.20
      Required ratio:   20.00 (Gate area) 
      Cumulative area ratio:    0.30
      Required ratio:    0.00 (Cumulative area) 

    Layer: Metal3
      Partial area ratio:    0.32
      Required ratio:    0.00 (Gate area) 
      Cumulative area ratio:    3.60
      Required ratio:    0.00 (Cumulative area) 
      Partial area ratio:    2.14
      Required ratio:  400.00 (Side area) 
      Cumulative area ratio:   16.10
      Required ratio:    0.00 (Cumulative side area) 

    Layer: Via3
      Partial area ratio:    0.10
      Required ratio:   20.00 (Gate area) 
      Cumulative area ratio:    0.41
      Required ratio:    0.00 (Cumulative area) 

    Layer: Metal4
      Partial area ratio:   84.79
      Required ratio:    0.00 (Gate area) 
      Cumulative area ratio:   88.39
      Required ratio:    0.00 (Cumulative area) 
      Partial area ratio:  327.15
      Required ratio:  400.00 (Side area) 
      Cumulative area ratio:  343.25
      Required ratio:    0.00 (Cumulative side area) 

    Layer: Via4
      Partial area ratio:    0.03
      Required ratio:   20.00 (Gate area) 
      Cumulative area ratio:    0.43
      Required ratio:    0.00 (Cumulative area) 

    Layer: Metal5
      Partial area ratio:    9.96
      Required ratio:    0.00 (Gate area) 
      Cumulative area ratio:   98.35
      Required ratio:    0.00 (Cumulative area) 
      Partial area ratio:   53.95
      Required ratio:  400.00 (Side area) 
      Cumulative area ratio:  397.20
      Required ratio:    0.00 (Cumulative side area) 


  Pin:   _10993_/B (gf180mcu_as_sc_mcu7t3v3__mux2_2)
    Layer: Metal1
      Partial area ratio:    0.02
      Required ratio:    0.00 (Gate area) 
      Cumulative area ratio:    0.02
      Required ratio:    0.00 (Cumulative area) 
      Partial area ratio:    0.92
      Required ratio:  400.00 (Side area) 
      Cumulative area ratio:    0.92
      Required ratio:    0.00 (Cumulative side area) 

    Layer: Via1
      Partial area ratio:    0.10
      Required ratio:   20.00 (Gate area) 
      Cumulative area ratio:    0.10
      Required ratio:    0.00 (Cumulative area) 

    Layer: Metal2
      Partial area ratio:    1.91
      Required ratio:    0.00 (Gate area) 
      Cumulative area ratio:    1.92
      Required ratio:    0.00 (Cumulative area) 
      Partial area ratio:    7.81
      Required ratio:  400.00 (Side area) 
      Cumulative area ratio:    8.72
      Required ratio:    0.00 (Cumulative side area) 

    Layer: Via2
      Partial area ratio:    0.20
      Required ratio:   20.00 (Gate area) 
      Cumulative area ratio:    0.30
      Required ratio:    0.00 (Cumulative area) 

    Layer: Metal3
      Partial area ratio:    0.32
      Required ratio:    0.00 (Gate area) 
      Cumulative area ratio:    2.24
      Required ratio:    0.00 (Cumulative area) 
      Partial area ratio:    2.14
      Required ratio:  400.00 (Side area) 
      Cumulative area ratio:   10.86
      Required ratio:    0.00 (Cumulative side area) 

    Layer: Via3
      Partial area ratio:    0.10
      Required ratio:   20.00 (Gate area) 
      Cumulative area ratio:    0.41
      Required ratio:    0.00 (Cumulative area) 

    Layer: Metal4
      Partial area ratio:   84.79
      Required ratio:    0.00 (Gate area) 
      Cumulative area ratio:   87.03
      Required ratio:    0.00 (Cumulative area) 
      Partial area ratio:  327.15
      Required ratio:  400.00 (Side area) 
      Cumulative area ratio:  338.01
      Required ratio:    0.00 (Cumulative side area) 

    Layer: Via4
      Partial area ratio:    0.03
      Required ratio:   20.00 (Gate area) 
      Cumulative area ratio:    0.43
      Required ratio:    0.00 (Cumulative area) 

    Layer: Metal5
      Partial area ratio:    9.96
      Required ratio:    0.00 (Gate area) 
      Cumulative area ratio:   96.99
      Required ratio:    0.00 (Cumulative area) 
      Partial area ratio:   53.95
      Required ratio:  400.00 (Side area) 
      Cumulative area ratio:  391.96
      Required ratio:    0.00 (Cumulative side area) 



Net: net766
  Pin:   _10893_/A (gf180mcu_as_sc_mcu7t3v3__and2_2)
    Layer: Via1
      Partial area ratio:    0.10
      Required ratio:   20.00 (Gate area) 
      Cumulative area ratio:    0.10
      Required ratio:    0.00 (Cumulative area) 

    Layer: Metal2
      Partial area ratio:    1.34
      Required ratio:    0.00 (Gate area) 
      Cumulative area ratio:    1.34
      Required ratio:    0.00 (Cumulative area) 
      Partial area ratio:    5.40
      Required ratio:  400.00 (Side area) 
      Cumulative area ratio:    5.40
      Required ratio:    0.00 (Cumulative side area) 

    Layer: Via2
      Partial area ratio:    0.15
      Required ratio:   20.00 (Gate area) 
      Cumulative area ratio:    0.25
      Required ratio:    0.00 (Cumulative area) 

    Layer: Metal3
      Partial area ratio:    0.48
      Required ratio:    0.00 (Gate area) 
      Cumulative area ratio:    1.82
      Required ratio:    0.00 (Cumulative area) 
      Partial area ratio:    1.98
      Required ratio:  400.00 (Side area) 
      Cumulative area ratio:    7.38
      Required ratio:    0.00 (Cumulative side area) 

    Layer: Via3
      Partial area ratio:    0.02
      Required ratio:    0.00 (Gate area) 
      Cumulative area ratio:    0.27
      Required ratio:    0.00 (Cumulative area) 

    Layer: Metal4
      Partial area ratio:    0.01
      Required ratio:    0.00 (Gate area) 
      Cumulative area ratio:    1.83
      Required ratio:    0.00 (Cumulative area) 
      Partial area ratio:    0.04
      Required ratio:  400.00 (Side area) 
      Cumulative area ratio:    7.42
      Required ratio:    0.00 (Cumulative side area) 

    Layer: Via4
      Partial area ratio:    0.02
      Required ratio:    0.00 (Gate area) 
      Cumulative area ratio:    0.29
      Required ratio:    0.00 (Cumulative area) 

    Layer: Metal5
      Partial area ratio:    9.92
      Required ratio:    0.00 (Gate area) 
      Cumulative area ratio:   11.75
      Required ratio:    0.00 (Cumulative area) 
      Partial area ratio:   53.73
      Required ratio:  400.00 (Side area) 
      Cumulative area ratio:   61.16
      Required ratio:    0.00 (Cumulative side area) 


  Pin:   _10941_/A (gf180mcu_as_sc_mcu7t3v3__mux2_2)
    Layer: Metal1
      Partial area ratio:    0.01
      Required ratio:    0.00 (Gate area) 
      Cumulative area ratio:    0.01
      Required ratio:    0.00 (Cumulative area) 
      Partial area ratio:    0.88
      Required ratio:  400.00 (Side area) 
      Cumulative area ratio:    0.88
      Required ratio:    0.00 (Cumulative side area) 

    Layer: Via1
      Partial area ratio:    0.10
      Required ratio:   20.00 (Gate area) 
      Cumulative area ratio:    0.10
      Required ratio:    0.00 (Cumulative area) 

    Layer: Metal2
      Partial area ratio:    1.31
      Required ratio:    0.00 (Gate area) 
      Cumulative area ratio:    1.32
      Required ratio:    0.00 (Cumulative area) 
      Partial area ratio:    5.52
      Required ratio:  400.00 (Side area) 
      Cumulative area ratio:    6.39
      Required ratio:    0.00 (Cumulative side area) 

    Layer: Via2
      Partial area ratio:    0.20
      Required ratio:   20.00 (Gate area) 
      Cumulative area ratio:    0.30
      Required ratio:    0.00 (Cumulative area) 

    Layer: Metal3
      Partial area ratio:    3.85
      Required ratio:    0.00 (Gate area) 
      Cumulative area ratio:    5.17
      Required ratio:    0.00 (Cumulative area) 
      Partial area ratio:   15.75
      Required ratio:  400.00 (Side area) 
      Cumulative area ratio:   22.15
      Required ratio:    0.00 (Cumulative side area) 

    Layer: Via3
      Partial area ratio:    0.20
      Required ratio:   20.00 (Gate area) 
      Cumulative area ratio:    0.51
      Required ratio:    0.00 (Cumulative area) 

    Layer: Metal4
      Partial area ratio:  103.78
      Required ratio:    0.00 (Gate area) 
      Cumulative area ratio:  108.95
      Required ratio:    0.00 (Cumulative area) 
      Partial area ratio:  400.92
      Required ratio:  400.00 (Side area) (VIOLATED)
      Cumulative area ratio:  423.06
      Required ratio:    0.00 (Cumulative side area) 

    Layer: Via4
      Partial area ratio:    0.03
      Required ratio:   20.00 (Gate area) 
      Cumulative area ratio:    0.54
      Required ratio:    0.00 (Cumulative area) 

    Layer: Metal5
      Partial area ratio:    9.92
      Required ratio:    0.00 (Gate area) 
      Cumulative area ratio:  118.88
      Required ratio:    0.00 (Cumulative area) 
      Partial area ratio:   53.73
      Required ratio:  400.00 (Side area) 
      Cumulative area ratio:  476.80
      Required ratio:    0.00 (Cumulative side area) 


  Pin:   _10950_/B (gf180mcu_as_sc_mcu7t3v3__mux2_2)
    Layer: Metal1
      Partial area ratio:    0.02
      Required ratio:    0.00 (Gate area) 
      Cumulative area ratio:    0.02
      Required ratio:    0.00 (Cumulative area) 
      Partial area ratio:    0.92
      Required ratio:  400.00 (Side area) 
      Cumulative area ratio:    0.92
      Required ratio:    0.00 (Cumulative side area) 

    Layer: Via1
      Partial area ratio:    0.10
      Required ratio:   20.00 (Gate area) 
      Cumulative area ratio:    0.10
      Required ratio:    0.00 (Cumulative area) 

    Layer: Metal2
      Partial area ratio:    1.79
      Required ratio:    0.00 (Gate area) 
      Cumulative area ratio:    1.81
      Required ratio:    0.00 (Cumulative area) 
      Partial area ratio:    7.36
      Required ratio:  400.00 (Side area) 
      Cumulative area ratio:    8.28
      Required ratio:    0.00 (Cumulative side area) 

    Layer: Via2
      Partial area ratio:    0.20
      Required ratio:   20.00 (Gate area) 
      Cumulative area ratio:    0.30
      Required ratio:    0.00 (Cumulative area) 

    Layer: Metal3
      Partial area ratio:    3.85
      Required ratio:    0.00 (Gate area) 
      Cumulative area ratio:    5.66
      Required ratio:    0.00 (Cumulative area) 
      Partial area ratio:   15.75
      Required ratio:  400.00 (Side area) 
      Cumulative area ratio:   24.03
      Required ratio:    0.00 (Cumulative side area) 

    Layer: Via3
      Partial area ratio:    0.20
      Required ratio:   20.00 (Gate area) 
      Cumulative area ratio:    0.51
      Required ratio:    0.00 (Cumulative area) 

    Layer: Metal4
      Partial area ratio:  103.78
      Required ratio:    0.00 (Gate area) 
      Cumulative area ratio:  109.44
      Required ratio:    0.00 (Cumulative area) 
      Partial area ratio:  400.92
      Required ratio:  400.00 (Side area) (VIOLATED)
      Cumulative area ratio:  424.95
      Required ratio:    0.00 (Cumulative side area) 

    Layer: Via4
      Partial area ratio:    0.03
      Required ratio:   20.00 (Gate area) 
      Cumulative area ratio:    0.54
      Required ratio:    0.00 (Cumulative area) 

    Layer: Metal5
      Partial area ratio:    9.92
      Required ratio:    0.00 (Gate area) 
      Cumulative area ratio:  119.36
      Required ratio:    0.00 (Cumulative area) 
      Partial area ratio:   53.73
      Required ratio:  400.00 (Side area) 
      Cumulative area ratio:  478.68
      Required ratio:    0.00 (Cumulative side area) 


  Pin:   _10973_/A (gf180mcu_as_sc_mcu7t3v3__mux2_2)
    Layer: Metal1
      Partial area ratio:    0.01
      Required ratio:    0.00 (Gate area) 
      Cumulative area ratio:    0.01
      Required ratio:    0.00 (Cumulative area) 
      Partial area ratio:    0.88
      Required ratio:  400.00 (Side area) 
      Cumulative area ratio:    0.88
      Required ratio:    0.00 (Cumulative side area) 

    Layer: Via1
      Partial area ratio:    0.10
      Required ratio:   20.00 (Gate area) 
      Cumulative area ratio:    0.10
      Required ratio:    0.00 (Cumulative area) 

    Layer: Metal2
      Partial area ratio:   23.48
      Required ratio:    0.00 (Gate area) 
      Cumulative area ratio:   23.49
      Required ratio:    0.00 (Cumulative area) 
      Partial area ratio:   91.02
      Required ratio:  400.00 (Side area) 
      Cumulative area ratio:   91.90
      Required ratio:    0.00 (Cumulative side area) 

    Layer: Via2
      Partial area ratio:    0.20
      Required ratio:   20.00 (Gate area) 
      Cumulative area ratio:    0.30
      Required ratio:    0.00 (Cumulative area) 

    Layer: Metal3
      Partial area ratio:    3.85
      Required ratio:    0.00 (Gate area) 
      Cumulative area ratio:   27.34
      Required ratio:    0.00 (Cumulative area) 
      Partial area ratio:   15.75
      Required ratio:  400.00 (Side area) 
      Cumulative area ratio:  107.65
      Required ratio:    0.00 (Cumulative side area) 

    Layer: Via3
      Partial area ratio:    0.10
      Required ratio:   20.00 (Gate area) 
      Cumulative area ratio:    0.41
      Required ratio:    0.00 (Cumulative area) 

    Layer: Metal4
      Partial area ratio:  103.78
      Required ratio:    0.00 (Gate area) 
      Cumulative area ratio:  131.12
      Required ratio:    0.00 (Cumulative area) 
      Partial area ratio:  400.92
      Required ratio:  400.00 (Side area) (VIOLATED)
      Cumulative area ratio:  508.57
      Required ratio:    0.00 (Cumulative side area) 

    Layer: Via4
      Partial area ratio:    0.03
      Required ratio:   20.00 (Gate area) 
      Cumulative area ratio:    0.44
      Required ratio:    0.00 (Cumulative area) 

    Layer: Metal5
      Partial area ratio:    9.92
      Required ratio:    0.00 (Gate area) 
      Cumulative area ratio:  141.05
      Required ratio:    0.00 (Cumulative area) 
      Partial area ratio:   53.73
      Required ratio:  400.00 (Side area) 
      Cumulative area ratio:  562.30
      Required ratio:    0.00 (Cumulative side area) 


  Pin:   _16408_/A (gf180mcu_as_sc_mcu7t3v3__xor2_2)
    Layer: Metal1
      Partial area ratio:    0.00
      Required ratio:    0.00 (Gate area) 
      Cumulative area ratio:    0.00
      Required ratio:    0.00 (Cumulative area) 
      Partial area ratio:    0.43
      Required ratio:  400.00 (Side area) 
      Cumulative area ratio:    0.43
      Required ratio:    0.00 (Cumulative side area) 

    Layer: Via1
      Partial area ratio:    0.05
      Required ratio:   20.00 (Gate area) 
      Cumulative area ratio:    0.05
      Required ratio:    0.00 (Cumulative area) 

    Layer: Metal2
      Partial area ratio:    2.10
      Required ratio:    0.00 (Gate area) 
      Cumulative area ratio:    2.10
      Required ratio:    0.00 (Cumulative area) 
      Partial area ratio:    8.25
      Required ratio:  400.00 (Side area) 
      Cumulative area ratio:    8.67
      Required ratio:    0.00 (Cumulative side area) 

    Layer: Via2
      Partial area ratio:    0.10
      Required ratio:   20.00 (Gate area) 
      Cumulative area ratio:    0.15
      Required ratio:    0.00 (Cumulative area) 

    Layer: Metal3
      Partial area ratio:    0.48
      Required ratio:    0.00 (Gate area) 
      Cumulative area ratio:    2.58
      Required ratio:    0.00 (Cumulative area) 
      Partial area ratio:    1.98
      Required ratio:  400.00 (Side area) 
      Cumulative area ratio:   10.65
      Required ratio:    0.00 (Cumulative side area) 

    Layer: Via3
      Partial area ratio:    0.02
      Required ratio:    0.00 (Gate area) 
      Cumulative area ratio:    0.17
      Required ratio:    0.00 (Cumulative area) 

    Layer: Metal4
      Partial area ratio:    0.01
      Required ratio:    0.00 (Gate area) 
      Cumulative area ratio:    2.59
      Required ratio:    0.00 (Cumulative area) 
      Partial area ratio:    0.04
      Required ratio:  400.00 (Side area) 
      Cumulative area ratio:   10.70
      Required ratio:    0.00 (Cumulative side area) 

    Layer: Via4
      Partial area ratio:    0.02
      Required ratio:    0.00 (Gate area) 
      Cumulative area ratio:    0.19
      Required ratio:    0.00 (Cumulative area) 

    Layer: Metal5
      Partial area ratio:    9.92
      Required ratio:    0.00 (Gate area) 
      Cumulative area ratio:   12.51
      Required ratio:    0.00 (Cumulative area) 
      Partial area ratio:   53.73
      Required ratio:  400.00 (Side area) 
      Cumulative area ratio:   64.43
      Required ratio:    0.00 (Cumulative side area) 


  Pin:   _16409_/A (gf180mcu_as_sc_mcu7t3v3__ao22_2)
    Layer: Via1
      Partial area ratio:    0.10
      Required ratio:   20.00 (Gate area) 
      Cumulative area ratio:    0.10
      Required ratio:    0.00 (Cumulative area) 

    Layer: Metal2
      Partial area ratio:    2.10
      Required ratio:    0.00 (Gate area) 
      Cumulative area ratio:    2.10
      Required ratio:    0.00 (Cumulative area) 
      Partial area ratio:    8.25
      Required ratio:  400.00 (Side area) 
      Cumulative area ratio:    8.25
      Required ratio:    0.00 (Cumulative side area) 

    Layer: Via2
      Partial area ratio:    0.10
      Required ratio:   20.00 (Gate area) 
      Cumulative area ratio:    0.20
      Required ratio:    0.00 (Cumulative area) 

    Layer: Metal3
      Partial area ratio:    0.48
      Required ratio:    0.00 (Gate area) 
      Cumulative area ratio:    2.58
      Required ratio:    0.00 (Cumulative area) 
      Partial area ratio:    1.98
      Required ratio:  400.00 (Side area) 
      Cumulative area ratio:   10.23
      Required ratio:    0.00 (Cumulative side area) 

    Layer: Via3
      Partial area ratio:    0.02
      Required ratio:    0.00 (Gate area) 
      Cumulative area ratio:    0.22
      Required ratio:    0.00 (Cumulative area) 

    Layer: Metal4
      Partial area ratio:    0.01
      Required ratio:    0.00 (Gate area) 
      Cumulative area ratio:    2.59
      Required ratio:    0.00 (Cumulative area) 
      Partial area ratio:    0.04
      Required ratio:  400.00 (Side area) 
      Cumulative area ratio:   10.27
      Required ratio:    0.00 (Cumulative side area) 

    Layer: Via4
      Partial area ratio:    0.02
      Required ratio:    0.00 (Gate area) 
      Cumulative area ratio:    0.24
      Required ratio:    0.00 (Cumulative area) 

    Layer: Metal5
      Partial area ratio:    9.92
      Required ratio:    0.00 (Gate area) 
      Cumulative area ratio:   12.51
      Required ratio:    0.00 (Cumulative area) 
      Partial area ratio:   53.73
      Required ratio:  400.00 (Side area) 
      Cumulative area ratio:   64.01
      Required ratio:    0.00 (Cumulative side area) 


  Pin:   _16410_/A (gf180mcu_as_sc_mcu7t3v3__ao31_2)
    Layer: Via1
      Partial area ratio:    0.10
      Required ratio:   20.00 (Gate area) 
      Cumulative area ratio:    0.10
      Required ratio:    0.00 (Cumulative area) 

    Layer: Metal2
      Partial area ratio:    1.34
      Required ratio:    0.00 (Gate area) 
      Cumulative area ratio:    1.34
      Required ratio:    0.00 (Cumulative area) 
      Partial area ratio:    5.40
      Required ratio:  400.00 (Side area) 
      Cumulative area ratio:    5.40
      Required ratio:    0.00 (Cumulative side area) 

    Layer: Via2
      Partial area ratio:    0.15
      Required ratio:   20.00 (Gate area) 
      Cumulative area ratio:    0.25
      Required ratio:    0.00 (Cumulative area) 

    Layer: Metal3
      Partial area ratio:    0.48
      Required ratio:    0.00 (Gate area) 
      Cumulative area ratio:    1.82
      Required ratio:    0.00 (Cumulative area) 
      Partial area ratio:    1.98
      Required ratio:  400.00 (Side area) 
      Cumulative area ratio:    7.38
      Required ratio:    0.00 (Cumulative side area) 

    Layer: Via3
      Partial area ratio:    0.02
      Required ratio:    0.00 (Gate area) 
      Cumulative area ratio:    0.27
      Required ratio:    0.00 (Cumulative area) 

    Layer: Metal4
      Partial area ratio:    0.01
      Required ratio:    0.00 (Gate area) 
      Cumulative area ratio:    1.83
      Required ratio:    0.00 (Cumulative area) 
      Partial area ratio:    0.04
      Required ratio:  400.00 (Side area) 
      Cumulative area ratio:    7.42
      Required ratio:    0.00 (Cumulative side area) 

    Layer: Via4
      Partial area ratio:    0.02
      Required ratio:    0.00 (Gate area) 
      Cumulative area ratio:    0.29
      Required ratio:    0.00 (Cumulative area) 

    Layer: Metal5
      Partial area ratio:    9.92
      Required ratio:    0.00 (Gate area) 
      Cumulative area ratio:   11.75
      Required ratio:    0.00 (Cumulative area) 
      Partial area ratio:   53.73
      Required ratio:  400.00 (Side area) 
      Cumulative area ratio:   61.16
      Required ratio:    0.00 (Cumulative side area) 



Net: net767
  Pin:   _10892_/A (gf180mcu_as_sc_mcu7t3v3__and2_2)
    Layer: Via1
      Partial area ratio:    0.10
      Required ratio:   20.00 (Gate area) 
      Cumulative area ratio:    0.10
      Required ratio:    0.00 (Cumulative area) 

    Layer: Metal2
      Partial area ratio:    2.29
      Required ratio:    0.00 (Gate area) 
      Cumulative area ratio:    2.29
      Required ratio:    0.00 (Cumulative area) 
      Partial area ratio:    9.29
      Required ratio:  400.00 (Side area) 
      Cumulative area ratio:    9.29
      Required ratio:    0.00 (Cumulative side area) 

    Layer: Via2
      Partial area ratio:    0.20
      Required ratio:   20.00 (Gate area) 
      Cumulative area ratio:    0.30
      Required ratio:    0.00 (Cumulative area) 

    Layer: Metal3
      Partial area ratio:    0.32
      Required ratio:    0.00 (Gate area) 
      Cumulative area ratio:    2.61
      Required ratio:    0.00 (Cumulative area) 
      Partial area ratio:    2.14
      Required ratio:  400.00 (Side area) 
      Cumulative area ratio:   11.43
      Required ratio:    0.00 (Cumulative side area) 

    Layer: Via3
      Partial area ratio:    0.10
      Required ratio:   20.00 (Gate area) 
      Cumulative area ratio:    0.41
      Required ratio:    0.00 (Cumulative area) 

    Layer: Metal4
      Partial area ratio:    0.94
      Required ratio:    0.00 (Gate area) 
      Cumulative area ratio:    3.55
      Required ratio:    0.00 (Cumulative area) 
      Partial area ratio:    3.69
      Required ratio:  400.00 (Side area) 
      Cumulative area ratio:   15.12
      Required ratio:    0.00 (Cumulative side area) 

    Layer: Via4
      Partial area ratio:    0.03
      Required ratio:    0.00 (Gate area) 
      Cumulative area ratio:    0.43
      Required ratio:    0.00 (Cumulative area) 

    Layer: Metal5
      Partial area ratio:   26.43
      Required ratio:    0.00 (Gate area) 
      Cumulative area ratio:   29.98
      Required ratio:    0.00 (Cumulative area) 
      Partial area ratio:  143.09
      Required ratio:  400.00 (Side area) 
      Cumulative area ratio:  158.22
      Required ratio:    0.00 (Cumulative side area) 


  Pin:   _10940_/A (gf180mcu_as_sc_mcu7t3v3__mux2_2)
    Layer: Metal1
      Partial area ratio:    0.01
      Required ratio:    0.00 (Gate area) 
      Cumulative area ratio:    0.01
      Required ratio:    0.00 (Cumulative area) 
      Partial area ratio:    0.88
      Required ratio:  400.00 (Side area) 
      Cumulative area ratio:    0.88
      Required ratio:    0.00 (Cumulative side area) 

    Layer: Via1
      Partial area ratio:    0.10
      Required ratio:   20.00 (Gate area) 
      Cumulative area ratio:    0.10
      Required ratio:    0.00 (Cumulative area) 

    Layer: Metal2
      Partial area ratio:    0.47
      Required ratio:    0.00 (Gate area) 
      Cumulative area ratio:    0.48
      Required ratio:    0.00 (Cumulative area) 
      Partial area ratio:    2.23
      Required ratio:  400.00 (Side area) 
      Cumulative area ratio:    3.10
      Required ratio:    0.00 (Cumulative side area) 

    Layer: Via2
      Partial area ratio:    0.14
      Required ratio:   20.00 (Gate area) 
      Cumulative area ratio:    0.24
      Required ratio:    0.00 (Cumulative area) 

    Layer: Metal3
      Partial area ratio:    0.21
      Required ratio:    0.00 (Gate area) 
      Cumulative area ratio:    0.70
      Required ratio:    0.00 (Cumulative area) 
      Partial area ratio:    1.22
      Required ratio:  400.00 (Side area) 
      Cumulative area ratio:    4.33
      Required ratio:    0.00 (Cumulative side area) 

    Layer: Via3
      Partial area ratio:    0.10
      Required ratio:   20.00 (Gate area) 
      Cumulative area ratio:    0.34
      Required ratio:    0.00 (Cumulative area) 

    Layer: Metal4
      Partial area ratio:  110.67
      Required ratio:    0.00 (Gate area) 
      Cumulative area ratio:  111.37
      Required ratio:    0.00 (Cumulative area) 
      Partial area ratio:  427.02
      Required ratio:  400.00 (Side area) (VIOLATED)
      Cumulative area ratio:  431.35
      Required ratio:    0.00 (Cumulative side area) 

    Layer: Via4
      Partial area ratio:    0.03
      Required ratio:   20.00 (Gate area) 
      Cumulative area ratio:    0.38
      Required ratio:    0.00 (Cumulative area) 

    Layer: Metal5
      Partial area ratio:   26.43
      Required ratio:    0.00 (Gate area) 
      Cumulative area ratio:  137.79
      Required ratio:    0.00 (Cumulative area) 
      Partial area ratio:  143.09
      Required ratio:  400.00 (Side area) 
      Cumulative area ratio:  574.44
      Required ratio:    0.00 (Cumulative side area) 


  Pin:   _10949_/B (gf180mcu_as_sc_mcu7t3v3__mux2_2)
    Layer: Metal1
      Partial area ratio:    0.02
      Required ratio:    0.00 (Gate area) 
      Cumulative area ratio:    0.02
      Required ratio:    0.00 (Cumulative area) 
      Partial area ratio:    0.92
      Required ratio:  400.00 (Side area) 
      Cumulative area ratio:    0.92
      Required ratio:    0.00 (Cumulative side area) 

    Layer: Via1
      Partial area ratio:    0.10
      Required ratio:   20.00 (Gate area) 
      Cumulative area ratio:    0.10
      Required ratio:    0.00 (Cumulative area) 

    Layer: Metal2
      Partial area ratio:    2.03
      Required ratio:    0.00 (Gate area) 
      Cumulative area ratio:    2.04
      Required ratio:    0.00 (Cumulative area) 
      Partial area ratio:    8.27
      Required ratio:  400.00 (Side area) 
      Cumulative area ratio:    9.19
      Required ratio:    0.00 (Cumulative side area) 

    Layer: Via2
      Partial area ratio:    0.20
      Required ratio:   20.00 (Gate area) 
      Cumulative area ratio:    0.30
      Required ratio:    0.00 (Cumulative area) 

    Layer: Metal3
      Partial area ratio:    0.32
      Required ratio:    0.00 (Gate area) 
      Cumulative area ratio:    2.36
      Required ratio:    0.00 (Cumulative area) 
      Partial area ratio:    2.14
      Required ratio:  400.00 (Side area) 
      Cumulative area ratio:   11.32
      Required ratio:    0.00 (Cumulative side area) 

    Layer: Via3
      Partial area ratio:    0.10
      Required ratio:   20.00 (Gate area) 
      Cumulative area ratio:    0.41
      Required ratio:    0.00 (Cumulative area) 

    Layer: Metal4
      Partial area ratio:  110.67
      Required ratio:    0.00 (Gate area) 
      Cumulative area ratio:  113.03
      Required ratio:    0.00 (Cumulative area) 
      Partial area ratio:  427.02
      Required ratio:  400.00 (Side area) (VIOLATED)
      Cumulative area ratio:  438.34
      Required ratio:    0.00 (Cumulative side area) 

    Layer: Via4
      Partial area ratio:    0.03
      Required ratio:   20.00 (Gate area) 
      Cumulative area ratio:    0.44
      Required ratio:    0.00 (Cumulative area) 

    Layer: Metal5
      Partial area ratio:   26.43
      Required ratio:    0.00 (Gate area) 
      Cumulative area ratio:  139.46
      Required ratio:    0.00 (Cumulative area) 
      Partial area ratio:  143.09
      Required ratio:  400.00 (Side area) 
      Cumulative area ratio:  581.44
      Required ratio:    0.00 (Cumulative side area) 


  Pin:   _10972_/A (gf180mcu_as_sc_mcu7t3v3__mux2_2)
    Layer: Metal1
      Partial area ratio:    0.01
      Required ratio:    0.00 (Gate area) 
      Cumulative area ratio:    0.01
      Required ratio:    0.00 (Cumulative area) 
      Partial area ratio:    0.88
      Required ratio:  400.00 (Side area) 
      Cumulative area ratio:    0.88
      Required ratio:    0.00 (Cumulative side area) 

    Layer: Via1
      Partial area ratio:    0.10
      Required ratio:   20.00 (Gate area) 
      Cumulative area ratio:    0.10
      Required ratio:    0.00 (Cumulative area) 

    Layer: Metal2
      Partial area ratio:    1.78
      Required ratio:    0.00 (Gate area) 
      Cumulative area ratio:    1.79
      Required ratio:    0.00 (Cumulative area) 
      Partial area ratio:    7.33
      Required ratio:  400.00 (Side area) 
      Cumulative area ratio:    8.21
      Required ratio:    0.00 (Cumulative side area) 

    Layer: Via2
      Partial area ratio:    0.20
      Required ratio:   20.00 (Gate area) 
      Cumulative area ratio:    0.30
      Required ratio:    0.00 (Cumulative area) 

    Layer: Metal3
      Partial area ratio:    0.32
      Required ratio:    0.00 (Gate area) 
      Cumulative area ratio:    2.11
      Required ratio:    0.00 (Cumulative area) 
      Partial area ratio:    2.14
      Required ratio:  400.00 (Side area) 
      Cumulative area ratio:   10.35
      Required ratio:    0.00 (Cumulative side area) 

    Layer: Via3
      Partial area ratio:    0.10
      Required ratio:   20.00 (Gate area) 
      Cumulative area ratio:    0.41
      Required ratio:    0.00 (Cumulative area) 

    Layer: Metal4
      Partial area ratio:  110.67
      Required ratio:    0.00 (Gate area) 
      Cumulative area ratio:  112.78
      Required ratio:    0.00 (Cumulative area) 
      Partial area ratio:  427.02
      Required ratio:  400.00 (Side area) (VIOLATED)
      Cumulative area ratio:  437.37
      Required ratio:    0.00 (Cumulative side area) 

    Layer: Via4
      Partial area ratio:    0.03
      Required ratio:   20.00 (Gate area) 
      Cumulative area ratio:    0.44
      Required ratio:    0.00 (Cumulative area) 

    Layer: Metal5
      Partial area ratio:   26.43
      Required ratio:    0.00 (Gate area) 
      Cumulative area ratio:  139.21
      Required ratio:    0.00 (Cumulative area) 
      Partial area ratio:  143.09
      Required ratio:  400.00 (Side area) 
      Cumulative area ratio:  580.46
      Required ratio:    0.00 (Cumulative side area) 


  Pin:   max_cap768/A (gf180mcu_as_sc_mcu7t3v3__buff_8)
    Layer: Metal1
      Partial area ratio:    0.01
      Required ratio:    0.00 (Gate area) 
      Cumulative area ratio:    0.01
      Required ratio:    0.00 (Cumulative area) 
      Partial area ratio:    0.23
      Required ratio:  400.00 (Side area) 
      Cumulative area ratio:    0.23
      Required ratio:    0.00 (Cumulative side area) 

    Layer: Via1
      Partial area ratio:    0.03
      Required ratio:   20.00 (Gate area) 
      Cumulative area ratio:    0.03
      Required ratio:    0.00 (Cumulative area) 

    Layer: Metal2
      Partial area ratio:    0.56
      Required ratio:    0.00 (Gate area) 
      Cumulative area ratio:    0.57
      Required ratio:    0.00 (Cumulative area) 
      Partial area ratio:    2.21
      Required ratio:  400.00 (Side area) 
      Cumulative area ratio:    2.44
      Required ratio:    0.00 (Cumulative side area) 

    Layer: Via2
      Partial area ratio:    0.10
      Required ratio:    0.00 (Gate area) 
      Cumulative area ratio:    0.14
      Required ratio:    0.00 (Cumulative area) 

    Layer: Metal3
      Partial area ratio:    0.07
      Required ratio:    0.00 (Gate area) 
      Cumulative area ratio:    0.64
      Required ratio:    0.00 (Cumulative area) 
      Partial area ratio:    0.48
      Required ratio:  400.00 (Side area) 
      Cumulative area ratio:    2.92
      Required ratio:    0.00 (Cumulative side area) 

    Layer: Via3
      Partial area ratio:    0.03
      Required ratio:    0.00 (Gate area) 
      Cumulative area ratio:    0.17
      Required ratio:    0.00 (Cumulative area) 

    Layer: Metal4
      Partial area ratio:    0.94
      Required ratio:    0.00 (Gate area) 
      Cumulative area ratio:    1.58
      Required ratio:    0.00 (Cumulative area) 
      Partial area ratio:    3.69
      Required ratio:  400.00 (Side area) 
      Cumulative area ratio:    6.61
      Required ratio:    0.00 (Cumulative side area) 

    Layer: Via4
      Partial area ratio:    0.03
      Required ratio:    0.00 (Gate area) 
      Cumulative area ratio:    0.19
      Required ratio:    0.00 (Cumulative area) 

    Layer: Metal5
      Partial area ratio:   26.43
      Required ratio:    0.00 (Gate area) 
      Cumulative area ratio:   28.00
      Required ratio:    0.00 (Cumulative area) 
      Partial area ratio:  143.09
      Required ratio:  400.00 (Side area) 
      Cumulative area ratio:  149.70
      Required ratio:    0.00 (Cumulative side area) 



Net: net770
  Pin:   _10918_/A (gf180mcu_as_sc_mcu7t3v3__mux2_2)
    Layer: Metal1
      Partial area ratio:    0.01
      Required ratio:    0.00 (Gate area) 
      Cumulative area ratio:    0.01
      Required ratio:    0.00 (Cumulative area) 
      Partial area ratio:    0.88
      Required ratio:  400.00 (Side area) 
      Cumulative area ratio:    0.88
      Required ratio:    0.00 (Cumulative side area) 

    Layer: Via1
      Partial area ratio:    0.10
      Required ratio:   20.00 (Gate area) 
      Cumulative area ratio:    0.10
      Required ratio:    0.00 (Cumulative area) 

    Layer: Metal2
      Partial area ratio:    2.38
      Required ratio:    0.00 (Gate area) 
      Cumulative area ratio:    2.39
      Required ratio:    0.00 (Cumulative area) 
      Partial area ratio:    9.65
      Required ratio:  400.00 (Side area) 
      Cumulative area ratio:   10.53
      Required ratio:    0.00 (Cumulative side area) 

    Layer: Via2
      Partial area ratio:    0.20
      Required ratio:   20.00 (Gate area) 
      Cumulative area ratio:    0.30
      Required ratio:    0.00 (Cumulative area) 

    Layer: Metal3
      Partial area ratio:    8.74
      Required ratio:    0.00 (Gate area) 
      Cumulative area ratio:   11.13
      Required ratio:    0.00 (Cumulative area) 
      Partial area ratio:   33.81
      Required ratio:  400.00 (Side area) 
      Cumulative area ratio:   44.33
      Required ratio:    0.00 (Cumulative side area) 

    Layer: Via3
      Partial area ratio:    0.10
      Required ratio:    0.00 (Gate area) 
      Cumulative area ratio:    0.41
      Required ratio:    0.00 (Cumulative area) 

    Layer: Metal4
      Partial area ratio:   14.69
      Required ratio:    0.00 (Gate area) 
      Cumulative area ratio:   25.82
      Required ratio:    0.00 (Cumulative area) 
      Partial area ratio:   56.70
      Required ratio:  400.00 (Side area) 
      Cumulative area ratio:  101.04
      Required ratio:    0.00 (Cumulative side area) 


  Pin:   _10960_/A (gf180mcu_as_sc_mcu7t3v3__mux2_2)
    Layer: Metal1
      Partial area ratio:    0.01
      Required ratio:    0.00 (Gate area) 
      Cumulative area ratio:    0.01
      Required ratio:    0.00 (Cumulative area) 
      Partial area ratio:    0.88
      Required ratio:  400.00 (Side area) 
      Cumulative area ratio:    0.88
      Required ratio:    0.00 (Cumulative side area) 

    Layer: Via1
      Partial area ratio:    0.10
      Required ratio:   20.00 (Gate area) 
      Cumulative area ratio:    0.10
      Required ratio:    0.00 (Cumulative area) 

    Layer: Metal2
      Partial area ratio:    3.94
      Required ratio:    0.00 (Gate area) 
      Cumulative area ratio:    3.95
      Required ratio:    0.00 (Cumulative area) 
      Partial area ratio:   15.66
      Required ratio:  400.00 (Side area) 
      Cumulative area ratio:   16.53
      Required ratio:    0.00 (Cumulative side area) 

    Layer: Via2
      Partial area ratio:    0.20
      Required ratio:   20.00 (Gate area) 
      Cumulative area ratio:    0.30
      Required ratio:    0.00 (Cumulative area) 

    Layer: Metal3
      Partial area ratio:  176.79
      Required ratio:    0.00 (Gate area) 
      Cumulative area ratio:  180.74
      Required ratio:    0.00 (Cumulative area) 
      Partial area ratio:  682.81
      Required ratio:  400.00 (Side area) (VIOLATED)
      Cumulative area ratio:  699.34
      Required ratio:    0.00 (Cumulative side area) 

    Layer: Via3
      Partial area ratio:    0.10
      Required ratio:   20.00 (Gate area) 
      Cumulative area ratio:    0.41
      Required ratio:    0.00 (Cumulative area) 

    Layer: Metal4
      Partial area ratio:   14.69
      Required ratio:    0.00 (Gate area) 
      Cumulative area ratio:  195.43
      Required ratio:    0.00 (Cumulative area) 
      Partial area ratio:   56.70
      Required ratio:  400.00 (Side area) 
      Cumulative area ratio:  756.04
      Required ratio:    0.00 (Cumulative side area) 


  Pin:   _10981_/A (gf180mcu_as_sc_mcu7t3v3__mux2_2)
    Layer: Metal1
      Partial area ratio:    0.01
      Required ratio:    0.00 (Gate area) 
      Cumulative area ratio:    0.01
      Required ratio:    0.00 (Cumulative area) 
      Partial area ratio:    0.88
      Required ratio:  400.00 (Side area) 
      Cumulative area ratio:    0.88
      Required ratio:    0.00 (Cumulative side area) 

    Layer: Via1
      Partial area ratio:    0.10
      Required ratio:   20.00 (Gate area) 
      Cumulative area ratio:    0.10
      Required ratio:    0.00 (Cumulative area) 

    Layer: Metal2
      Partial area ratio:    1.91
      Required ratio:    0.00 (Gate area) 
      Cumulative area ratio:    1.92
      Required ratio:    0.00 (Cumulative area) 
      Partial area ratio:    7.84
      Required ratio:  400.00 (Side area) 
      Cumulative area ratio:    8.71
      Required ratio:    0.00 (Cumulative side area) 

    Layer: Via2
      Partial area ratio:    0.20
      Required ratio:   20.00 (Gate area) 
      Cumulative area ratio:    0.30
      Required ratio:    0.00 (Cumulative area) 

    Layer: Metal3
      Partial area ratio:    3.85
      Required ratio:    0.00 (Gate area) 
      Cumulative area ratio:    5.77
      Required ratio:    0.00 (Cumulative area) 
      Partial area ratio:   15.75
      Required ratio:  400.00 (Side area) 
      Cumulative area ratio:   24.46
      Required ratio:    0.00 (Cumulative side area) 

    Layer: Via3
      Partial area ratio:    0.10
      Required ratio:   20.00 (Gate area) 
      Cumulative area ratio:    0.41
      Required ratio:    0.00 (Cumulative area) 

    Layer: Metal4
      Partial area ratio:   14.69
      Required ratio:    0.00 (Gate area) 
      Cumulative area ratio:   20.46
      Required ratio:    0.00 (Cumulative area) 
      Partial area ratio:   56.70
      Required ratio:  400.00 (Side area) 
      Cumulative area ratio:   81.17
      Required ratio:    0.00 (Cumulative side area) 


  Pin:   _10990_/B (gf180mcu_as_sc_mcu7t3v3__mux2_2)
    Layer: Metal1
      Partial area ratio:    0.02
      Required ratio:    0.00 (Gate area) 
      Cumulative area ratio:    0.02
      Required ratio:    0.00 (Cumulative area) 
      Partial area ratio:    0.92
      Required ratio:  400.00 (Side area) 
      Cumulative area ratio:    0.92
      Required ratio:    0.00 (Cumulative side area) 

    Layer: Via1
      Partial area ratio:    0.10
      Required ratio:   20.00 (Gate area) 
      Cumulative area ratio:    0.10
      Required ratio:    0.00 (Cumulative area) 

    Layer: Metal2
      Partial area ratio:    2.42
      Required ratio:    0.00 (Gate area) 
      Cumulative area ratio:    2.43
      Required ratio:    0.00 (Cumulative area) 
      Partial area ratio:    9.78
      Required ratio:  400.00 (Side area) 
      Cumulative area ratio:   10.69
      Required ratio:    0.00 (Cumulative side area) 

    Layer: Via2
      Partial area ratio:    0.20
      Required ratio:   20.00 (Gate area) 
      Cumulative area ratio:    0.30
      Required ratio:    0.00 (Cumulative area) 

    Layer: Metal3
      Partial area ratio:    0.32
      Required ratio:    0.00 (Gate area) 
      Cumulative area ratio:    2.75
      Required ratio:    0.00 (Cumulative area) 
      Partial area ratio:    2.14
      Required ratio:  400.00 (Side area) 
      Cumulative area ratio:   12.83
      Required ratio:    0.00 (Cumulative side area) 

    Layer: Via3
      Partial area ratio:    0.10
      Required ratio:   20.00 (Gate area) 
      Cumulative area ratio:    0.41
      Required ratio:    0.00 (Cumulative area) 

    Layer: Metal4
      Partial area ratio:   14.69
      Required ratio:    0.00 (Gate area) 
      Cumulative area ratio:   17.44
      Required ratio:    0.00 (Cumulative area) 
      Partial area ratio:   56.70
      Required ratio:  400.00 (Side area) 
      Cumulative area ratio:   69.53
      Required ratio:    0.00 (Cumulative side area) 



Net: net773
  Pin:   _10889_/A (gf180mcu_as_sc_mcu7t3v3__and2_2)
    Layer: Via1
      Partial area ratio:    0.10
      Required ratio:   20.00 (Gate area) 
      Cumulative area ratio:    0.10
      Required ratio:    0.00 (Cumulative area) 

    Layer: Metal2
      Partial area ratio:    5.59
      Required ratio:    0.00 (Gate area) 
      Cumulative area ratio:    5.59
      Required ratio:    0.00 (Cumulative area) 
      Partial area ratio:   21.91
      Required ratio:  400.00 (Side area) 
      Cumulative area ratio:   21.91
      Required ratio:    0.00 (Cumulative side area) 

    Layer: Via2
      Partial area ratio:    0.28
      Required ratio:   20.00 (Gate area) 
      Cumulative area ratio:    0.38
      Required ratio:    0.00 (Cumulative area) 

    Layer: Metal3
      Partial area ratio:    5.35
      Required ratio:    0.00 (Gate area) 
      Cumulative area ratio:   10.94
      Required ratio:    0.00 (Cumulative area) 
      Partial area ratio:   20.83
      Required ratio:  400.00 (Side area) 
      Cumulative area ratio:   42.75
      Required ratio:    0.00 (Cumulative side area) 

    Layer: Via3
      Partial area ratio:    0.02
      Required ratio:    0.00 (Gate area) 
      Cumulative area ratio:    0.40
      Required ratio:    0.00 (Cumulative area) 

    Layer: Metal4
      Partial area ratio:    0.02
      Required ratio:    0.00 (Gate area) 
      Cumulative area ratio:   10.96
      Required ratio:    0.00 (Cumulative area) 
      Partial area ratio:    0.12
      Required ratio:  400.00 (Side area) 
      Cumulative area ratio:   42.87
      Required ratio:    0.00 (Cumulative side area) 

    Layer: Via4
      Partial area ratio:    0.02
      Required ratio:    0.00 (Gate area) 
      Cumulative area ratio:    0.42
      Required ratio:    0.00 (Cumulative area) 

    Layer: Metal5
      Partial area ratio:   23.70
      Required ratio:    0.00 (Gate area) 
      Cumulative area ratio:   34.66
      Required ratio:    0.00 (Cumulative area) 
      Partial area ratio:  128.32
      Required ratio:  400.00 (Side area) 
      Cumulative area ratio:  171.19
      Required ratio:    0.00 (Cumulative side area) 


  Pin:   _10927_/A (gf180mcu_as_sc_mcu7t3v3__mux2_2)
    Layer: Metal1
      Partial area ratio:    0.03
      Required ratio:    0.00 (Gate area) 
      Cumulative area ratio:    0.03
      Required ratio:    0.00 (Cumulative area) 
      Partial area ratio:    0.53
      Required ratio:  400.00 (Side area) 
      Cumulative area ratio:    0.53
      Required ratio:    0.00 (Cumulative side area) 

    Layer: Via1
      Partial area ratio:    0.10
      Required ratio:   20.00 (Gate area) 
      Cumulative area ratio:    0.10
      Required ratio:    0.00 (Cumulative area) 

    Layer: Metal2
      Partial area ratio:    0.16
      Required ratio:    0.00 (Gate area) 
      Cumulative area ratio:    0.19
      Required ratio:    0.00 (Cumulative area) 
      Partial area ratio:    1.07
      Required ratio:  400.00 (Side area) 
      Cumulative area ratio:    1.60
      Required ratio:    0.00 (Cumulative side area) 

    Layer: Via2
      Partial area ratio:    0.10
      Required ratio:   20.00 (Gate area) 
      Cumulative area ratio:    0.20
      Required ratio:    0.00 (Cumulative area) 

    Layer: Metal3
      Partial area ratio:    5.35
      Required ratio:    0.00 (Gate area) 
      Cumulative area ratio:    5.54
      Required ratio:    0.00 (Cumulative area) 
      Partial area ratio:   20.83
      Required ratio:  400.00 (Side area) 
      Cumulative area ratio:   22.44
      Required ratio:    0.00 (Cumulative side area) 

    Layer: Via3
      Partial area ratio:    0.02
      Required ratio:    0.00 (Gate area) 
      Cumulative area ratio:    0.22
      Required ratio:    0.00 (Cumulative area) 

    Layer: Metal4
      Partial area ratio:    0.02
      Required ratio:    0.00 (Gate area) 
      Cumulative area ratio:    5.56
      Required ratio:    0.00 (Cumulative area) 
      Partial area ratio:    0.12
      Required ratio:  400.00 (Side area) 
      Cumulative area ratio:   22.56
      Required ratio:    0.00 (Cumulative side area) 

    Layer: Via4
      Partial area ratio:    0.02
      Required ratio:    0.00 (Gate area) 
      Cumulative area ratio:    0.24
      Required ratio:    0.00 (Cumulative area) 

    Layer: Metal5
      Partial area ratio:   23.70
      Required ratio:    0.00 (Gate area) 
      Cumulative area ratio:   29.25
      Required ratio:    0.00 (Cumulative area) 
      Partial area ratio:  128.32
      Required ratio:  400.00 (Side area) 
      Cumulative area ratio:  150.88
      Required ratio:    0.00 (Cumulative side area) 


  Pin:   _10937_/A (gf180mcu_as_sc_mcu7t3v3__mux2_2)
    Layer: Metal1
      Partial area ratio:    0.01
      Required ratio:    0.00 (Gate area) 
      Cumulative area ratio:    0.01
      Required ratio:    0.00 (Cumulative area) 
      Partial area ratio:    0.88
      Required ratio:  400.00 (Side area) 
      Cumulative area ratio:    0.88
      Required ratio:    0.00 (Cumulative side area) 

    Layer: Via1
      Partial area ratio:    0.10
      Required ratio:   20.00 (Gate area) 
      Cumulative area ratio:    0.10
      Required ratio:    0.00 (Cumulative area) 

    Layer: Metal2
      Partial area ratio:    0.94
      Required ratio:    0.00 (Gate area) 
      Cumulative area ratio:    0.95
      Required ratio:    0.00 (Cumulative area) 
      Partial area ratio:    4.04
      Required ratio:  400.00 (Side area) 
      Cumulative area ratio:    4.92
      Required ratio:    0.00 (Cumulative side area) 

    Layer: Via2
      Partial area ratio:    0.14
      Required ratio:   20.00 (Gate area) 
      Cumulative area ratio:    0.24
      Required ratio:    0.00 (Cumulative area) 

    Layer: Metal3
      Partial area ratio:    3.74
      Required ratio:    0.00 (Gate area) 
      Cumulative area ratio:    4.70
      Required ratio:    0.00 (Cumulative area) 
      Partial area ratio:   14.84
      Required ratio:  400.00 (Side area) 
      Cumulative area ratio:   19.76
      Required ratio:    0.00 (Cumulative side area) 

    Layer: Via3
      Partial area ratio:    0.10
      Required ratio:   20.00 (Gate area) 
      Cumulative area ratio:    0.34
      Required ratio:    0.00 (Cumulative area) 

    Layer: Metal4
      Partial area ratio:  110.67
      Required ratio:    0.00 (Gate area) 
      Cumulative area ratio:  115.37
      Required ratio:    0.00 (Cumulative area) 
      Partial area ratio:  427.02
      Required ratio:  400.00 (Side area) (VIOLATED)
      Cumulative area ratio:  446.77
      Required ratio:    0.00 (Cumulative side area) 

    Layer: Via4
      Partial area ratio:    0.03
      Required ratio:   20.00 (Gate area) 
      Cumulative area ratio:    0.38
      Required ratio:    0.00 (Cumulative area) 

    Layer: Metal5
      Partial area ratio:   23.70
      Required ratio:    0.00 (Gate area) 
      Cumulative area ratio:  139.06
      Required ratio:    0.00 (Cumulative area) 
      Partial area ratio:  128.32
      Required ratio:  400.00 (Side area) 
      Cumulative area ratio:  575.09
      Required ratio:    0.00 (Cumulative side area) 


  Pin:   _10946_/B (gf180mcu_as_sc_mcu7t3v3__mux2_2)
    Layer: Metal1
      Partial area ratio:    0.02
      Required ratio:    0.00 (Gate area) 
      Cumulative area ratio:    0.02
      Required ratio:    0.00 (Cumulative area) 
      Partial area ratio:    0.92
      Required ratio:  400.00 (Side area) 
      Cumulative area ratio:    0.92
      Required ratio:    0.00 (Cumulative side area) 

    Layer: Via1
      Partial area ratio:    0.10
      Required ratio:   20.00 (Gate area) 
      Cumulative area ratio:    0.10
      Required ratio:    0.00 (Cumulative area) 

    Layer: Metal2
      Partial area ratio:    2.50
      Required ratio:    0.00 (Gate area) 
      Cumulative area ratio:    2.51
      Required ratio:    0.00 (Cumulative area) 
      Partial area ratio:   10.08
      Required ratio:  400.00 (Side area) 
      Cumulative area ratio:   11.00
      Required ratio:    0.00 (Cumulative side area) 

    Layer: Via2
      Partial area ratio:    0.20
      Required ratio:   20.00 (Gate area) 
      Cumulative area ratio:    0.30
      Required ratio:    0.00 (Cumulative area) 

    Layer: Metal3
      Partial area ratio:    0.32
      Required ratio:    0.00 (Gate area) 
      Cumulative area ratio:    2.83
      Required ratio:    0.00 (Cumulative area) 
      Partial area ratio:    2.14
      Required ratio:  400.00 (Side area) 
      Cumulative area ratio:   13.14
      Required ratio:    0.00 (Cumulative side area) 

    Layer: Via3
      Partial area ratio:    0.10
      Required ratio:   20.00 (Gate area) 
      Cumulative area ratio:    0.41
      Required ratio:    0.00 (Cumulative area) 

    Layer: Metal4
      Partial area ratio:  110.67
      Required ratio:    0.00 (Gate area) 
      Cumulative area ratio:  113.50
      Required ratio:    0.00 (Cumulative area) 
      Partial area ratio:  427.02
      Required ratio:  400.00 (Side area) (VIOLATED)
      Cumulative area ratio:  440.16
      Required ratio:    0.00 (Cumulative side area) 

    Layer: Via4
      Partial area ratio:    0.03
      Required ratio:   20.00 (Gate area) 
      Cumulative area ratio:    0.44
      Required ratio:    0.00 (Cumulative area) 

    Layer: Metal5
      Partial area ratio:   23.70
      Required ratio:    0.00 (Gate area) 
      Cumulative area ratio:  137.20
      Required ratio:    0.00 (Cumulative area) 
      Partial area ratio:  128.32
      Required ratio:  400.00 (Side area) 
      Cumulative area ratio:  568.48
      Required ratio:    0.00 (Cumulative side area) 


  Pin:   _10969_/A (gf180mcu_as_sc_mcu7t3v3__mux2_2)
    Layer: Metal1
      Partial area ratio:    0.01
      Required ratio:    0.00 (Gate area) 
      Cumulative area ratio:    0.01
      Required ratio:    0.00 (Cumulative area) 
      Partial area ratio:    0.88
      Required ratio:  400.00 (Side area) 
      Cumulative area ratio:    0.88
      Required ratio:    0.00 (Cumulative side area) 

    Layer: Via1
      Partial area ratio:    0.10
      Required ratio:   20.00 (Gate area) 
      Cumulative area ratio:    0.10
      Required ratio:    0.00 (Cumulative area) 

    Layer: Metal2
      Partial area ratio:    1.36
      Required ratio:    0.00 (Gate area) 
      Cumulative area ratio:    1.37
      Required ratio:    0.00 (Cumulative area) 
      Partial area ratio:    5.71
      Required ratio:  400.00 (Side area) 
      Cumulative area ratio:    6.59
      Required ratio:    0.00 (Cumulative side area) 

    Layer: Via2
      Partial area ratio:    0.20
      Required ratio:   20.00 (Gate area) 
      Cumulative area ratio:    0.30
      Required ratio:    0.00 (Cumulative area) 

    Layer: Metal3
      Partial area ratio:    0.32
      Required ratio:    0.00 (Gate area) 
      Cumulative area ratio:    1.69
      Required ratio:    0.00 (Cumulative area) 
      Partial area ratio:    2.14
      Required ratio:  400.00 (Side area) 
      Cumulative area ratio:    8.73
      Required ratio:    0.00 (Cumulative side area) 

    Layer: Via3
      Partial area ratio:    0.10
      Required ratio:   20.00 (Gate area) 
      Cumulative area ratio:    0.41
      Required ratio:    0.00 (Cumulative area) 

    Layer: Metal4
      Partial area ratio:  110.67
      Required ratio:    0.00 (Gate area) 
      Cumulative area ratio:  112.36
      Required ratio:    0.00 (Cumulative area) 
      Partial area ratio:  427.02
      Required ratio:  400.00 (Side area) (VIOLATED)
      Cumulative area ratio:  435.75
      Required ratio:    0.00 (Cumulative side area) 

    Layer: Via4
      Partial area ratio:    0.03
      Required ratio:   20.00 (Gate area) 
      Cumulative area ratio:    0.44
      Required ratio:    0.00 (Cumulative area) 

    Layer: Metal5
      Partial area ratio:   23.70
      Required ratio:    0.00 (Gate area) 
      Cumulative area ratio:  136.06
      Required ratio:    0.00 (Cumulative area) 
      Partial area ratio:  128.32
      Required ratio:  400.00 (Side area) 
      Cumulative area ratio:  564.06
      Required ratio:    0.00 (Cumulative side area) 


  Pin:   max_cap774/A (gf180mcu_as_sc_mcu7t3v3__buff_8)
    Layer: Metal1
      Partial area ratio:    0.01
      Required ratio:    0.00 (Gate area) 
      Cumulative area ratio:    0.01
      Required ratio:    0.00 (Cumulative area) 
      Partial area ratio:    0.23
      Required ratio:  400.00 (Side area) 
      Cumulative area ratio:    0.23
      Required ratio:    0.00 (Cumulative side area) 

    Layer: Via1
      Partial area ratio:    0.03
      Required ratio:   20.00 (Gate area) 
      Cumulative area ratio:    0.03
      Required ratio:    0.00 (Cumulative area) 

    Layer: Metal2
      Partial area ratio:    1.40
      Required ratio:    0.00 (Gate area) 
      Cumulative area ratio:    1.41
      Required ratio:    0.00 (Cumulative area) 
      Partial area ratio:    5.48
      Required ratio:  400.00 (Side area) 
      Cumulative area ratio:    5.72
      Required ratio:    0.00 (Cumulative side area) 

    Layer: Via2
      Partial area ratio:    0.10
      Required ratio:    0.00 (Gate area) 
      Cumulative area ratio:    0.14
      Required ratio:    0.00 (Cumulative area) 

    Layer: Metal3
      Partial area ratio:    5.35
      Required ratio:    0.00 (Gate area) 
      Cumulative area ratio:    6.76
      Required ratio:    0.00 (Cumulative area) 
      Partial area ratio:   20.83
      Required ratio:  400.00 (Side area) 
      Cumulative area ratio:   26.55
      Required ratio:    0.00 (Cumulative side area) 

    Layer: Via3
      Partial area ratio:    0.02
      Required ratio:    0.00 (Gate area) 
      Cumulative area ratio:    0.16
      Required ratio:    0.00 (Cumulative area) 

    Layer: Metal4
      Partial area ratio:    0.02
      Required ratio:    0.00 (Gate area) 
      Cumulative area ratio:    6.78
      Required ratio:    0.00 (Cumulative area) 
      Partial area ratio:    0.12
      Required ratio:  400.00 (Side area) 
      Cumulative area ratio:   26.67
      Required ratio:    0.00 (Cumulative side area) 

    Layer: Via4
      Partial area ratio:    0.02
      Required ratio:    0.00 (Gate area) 
      Cumulative area ratio:    0.18
      Required ratio:    0.00 (Cumulative area) 

    Layer: Metal5
      Partial area ratio:   23.70
      Required ratio:    0.00 (Gate area) 
      Cumulative area ratio:   30.48
      Required ratio:    0.00 (Cumulative area) 
      Partial area ratio:  128.32
      Required ratio:  400.00 (Side area) 
      Cumulative area ratio:  154.99
      Required ratio:    0.00 (Cumulative side area) 



Net: net774
  Pin:   _10916_/A (gf180mcu_as_sc_mcu7t3v3__mux2_2)
    Layer: Metal1
      Partial area ratio:    0.01
      Required ratio:    0.00 (Gate area) 
      Cumulative area ratio:    0.01
      Required ratio:    0.00 (Cumulative area) 
      Partial area ratio:    0.88
      Required ratio:  400.00 (Side area) 
      Cumulative area ratio:    0.88
      Required ratio:    0.00 (Cumulative side area) 

    Layer: Via1
      Partial area ratio:    0.10
      Required ratio:   20.00 (Gate area) 
      Cumulative area ratio:    0.10
      Required ratio:    0.00 (Cumulative area) 

    Layer: Metal2
      Partial area ratio:    1.84
      Required ratio:    0.00 (Gate area) 
      Cumulative area ratio:    1.84
      Required ratio:    0.00 (Cumulative area) 
      Partial area ratio:    7.48
      Required ratio:  400.00 (Side area) 
      Cumulative area ratio:    8.35
      Required ratio:    0.00 (Cumulative side area) 

    Layer: Via2
      Partial area ratio:    0.14
      Required ratio:   20.00 (Gate area) 
      Cumulative area ratio:    0.24
      Required ratio:    0.00 (Cumulative area) 

    Layer: Metal3
      Partial area ratio:    3.74
      Required ratio:    0.00 (Gate area) 
      Cumulative area ratio:    5.59
      Required ratio:    0.00 (Cumulative area) 
      Partial area ratio:   14.84
      Required ratio:  400.00 (Side area) 
      Cumulative area ratio:   23.19
      Required ratio:    0.00 (Cumulative side area) 

    Layer: Via3
      Partial area ratio:    0.10
      Required ratio:   20.00 (Gate area) 
      Cumulative area ratio:    0.34
      Required ratio:    0.00 (Cumulative area) 

    Layer: Metal4
      Partial area ratio:  111.91
      Required ratio:    0.00 (Gate area) 
      Cumulative area ratio:  117.50
      Required ratio:    0.00 (Cumulative area) 
      Partial area ratio:  431.97
      Required ratio:  400.00 (Side area) (VIOLATED)
      Cumulative area ratio:  455.16
      Required ratio:    0.00 (Cumulative side area) 

    Layer: Via4
      Partial area ratio:    0.07
      Required ratio:   20.00 (Gate area) 
      Cumulative area ratio:    0.41
      Required ratio:    0.00 (Cumulative area) 

    Layer: Metal5
      Partial area ratio:   20.65
      Required ratio:    0.00 (Gate area) 
      Cumulative area ratio:  138.15
      Required ratio:    0.00 (Cumulative area) 
      Partial area ratio:  111.84
      Required ratio:  400.00 (Side area) 
      Cumulative area ratio:  567.00
      Required ratio:    0.00 (Cumulative side area) 


  Pin:   _10958_/A (gf180mcu_as_sc_mcu7t3v3__mux2_2)
    Layer: Metal1
      Partial area ratio:    0.01
      Required ratio:    0.00 (Gate area) 
      Cumulative area ratio:    0.01
      Required ratio:    0.00 (Cumulative area) 
      Partial area ratio:    0.88
      Required ratio:  400.00 (Side area) 
      Cumulative area ratio:    0.88
      Required ratio:    0.00 (Cumulative side area) 

    Layer: Via1
      Partial area ratio:    0.10
      Required ratio:   20.00 (Gate area) 
      Cumulative area ratio:    0.10
      Required ratio:    0.00 (Cumulative area) 

    Layer: Metal2
      Partial area ratio:    1.13
      Required ratio:    0.00 (Gate area) 
      Cumulative area ratio:    1.14
      Required ratio:    0.00 (Cumulative area) 
      Partial area ratio:    4.81
      Required ratio:  400.00 (Side area) 
      Cumulative area ratio:    5.68
      Required ratio:    0.00 (Cumulative side area) 

    Layer: Via2
      Partial area ratio:    0.20
      Required ratio:   20.00 (Gate area) 
      Cumulative area ratio:    0.30
      Required ratio:    0.00 (Cumulative area) 

    Layer: Metal3
      Partial area ratio:    0.32
      Required ratio:    0.00 (Gate area) 
      Cumulative area ratio:    1.46
      Required ratio:    0.00 (Cumulative area) 
      Partial area ratio:    2.14
      Required ratio:  400.00 (Side area) 
      Cumulative area ratio:    7.82
      Required ratio:    0.00 (Cumulative side area) 

    Layer: Via3
      Partial area ratio:    0.10
      Required ratio:   20.00 (Gate area) 
      Cumulative area ratio:    0.41
      Required ratio:    0.00 (Cumulative area) 

    Layer: Metal4
      Partial area ratio:    0.16
      Required ratio:    0.00 (Gate area) 
      Cumulative area ratio:    1.61
      Required ratio:    0.00 (Cumulative area) 
      Partial area ratio:    1.07
      Required ratio:  400.00 (Side area) 
      Cumulative area ratio:    8.89
      Required ratio:    0.00 (Cumulative side area) 

    Layer: Via4
      Partial area ratio:    0.10
      Required ratio:   20.00 (Gate area) 
      Cumulative area ratio:    0.51
      Required ratio:    0.00 (Cumulative area) 

    Layer: Metal5
      Partial area ratio:   20.65
      Required ratio:    0.00 (Gate area) 
      Cumulative area ratio:   22.27
      Required ratio:    0.00 (Cumulative area) 
      Partial area ratio:  111.84
      Required ratio:  400.00 (Side area) 
      Cumulative area ratio:  120.73
      Required ratio:    0.00 (Cumulative side area) 


  Pin:   _10979_/A (gf180mcu_as_sc_mcu7t3v3__mux2_2)
    Layer: Metal1
      Partial area ratio:    0.01
      Required ratio:    0.00 (Gate area) 
      Cumulative area ratio:    0.01
      Required ratio:    0.00 (Cumulative area) 
      Partial area ratio:    0.88
      Required ratio:  400.00 (Side area) 
      Cumulative area ratio:    0.88
      Required ratio:    0.00 (Cumulative side area) 

    Layer: Via1
      Partial area ratio:    0.10
      Required ratio:   20.00 (Gate area) 
      Cumulative area ratio:    0.10
      Required ratio:    0.00 (Cumulative area) 

    Layer: Metal2
      Partial area ratio:    1.86
      Required ratio:    0.00 (Gate area) 
      Cumulative area ratio:    1.87
      Required ratio:    0.00 (Cumulative area) 
      Partial area ratio:    7.64
      Required ratio:  400.00 (Side area) 
      Cumulative area ratio:    8.52
      Required ratio:    0.00 (Cumulative side area) 

    Layer: Via2
      Partial area ratio:    0.20
      Required ratio:   20.00 (Gate area) 
      Cumulative area ratio:    0.30
      Required ratio:    0.00 (Cumulative area) 

    Layer: Metal3
      Partial area ratio:    3.85
      Required ratio:    0.00 (Gate area) 
      Cumulative area ratio:    5.72
      Required ratio:    0.00 (Cumulative area) 
      Partial area ratio:   15.75
      Required ratio:  400.00 (Side area) 
      Cumulative area ratio:   24.27
      Required ratio:    0.00 (Cumulative side area) 

    Layer: Via3
      Partial area ratio:    0.20
      Required ratio:   20.00 (Gate area) 
      Cumulative area ratio:    0.51
      Required ratio:    0.00 (Cumulative area) 

    Layer: Metal4
      Partial area ratio:  111.91
      Required ratio:    0.00 (Gate area) 
      Cumulative area ratio:  117.63
      Required ratio:    0.00 (Cumulative area) 
      Partial area ratio:  431.97
      Required ratio:  400.00 (Side area) (VIOLATED)
      Cumulative area ratio:  456.24
      Required ratio:    0.00 (Cumulative side area) 

    Layer: Via4
      Partial area ratio:    0.07
      Required ratio:   20.00 (Gate area) 
      Cumulative area ratio:    0.57
      Required ratio:    0.00 (Cumulative area) 

    Layer: Metal5
      Partial area ratio:   20.65
      Required ratio:    0.00 (Gate area) 
      Cumulative area ratio:  138.28
      Required ratio:    0.00 (Cumulative area) 
      Partial area ratio:  111.84
      Required ratio:  400.00 (Side area) 
      Cumulative area ratio:  568.07
      Required ratio:    0.00 (Cumulative side area) 


  Pin:   _10988_/B (gf180mcu_as_sc_mcu7t3v3__mux2_2)
    Layer: Metal1
      Partial area ratio:    0.02
      Required ratio:    0.00 (Gate area) 
      Cumulative area ratio:    0.02
      Required ratio:    0.00 (Cumulative area) 
      Partial area ratio:    0.92
      Required ratio:  400.00 (Side area) 
      Cumulative area ratio:    0.92
      Required ratio:    0.00 (Cumulative side area) 

    Layer: Via1
      Partial area ratio:    0.10
      Required ratio:   20.00 (Gate area) 
      Cumulative area ratio:    0.10
      Required ratio:    0.00 (Cumulative area) 

    Layer: Metal2
      Partial area ratio:    2.42
      Required ratio:    0.00 (Gate area) 
      Cumulative area ratio:    2.43
      Required ratio:    0.00 (Cumulative area) 
      Partial area ratio:    9.78
      Required ratio:  400.00 (Side area) 
      Cumulative area ratio:   10.69
      Required ratio:    0.00 (Cumulative side area) 

    Layer: Via2
      Partial area ratio:    0.20
      Required ratio:   20.00 (Gate area) 
      Cumulative area ratio:    0.30
      Required ratio:    0.00 (Cumulative area) 

    Layer: Metal3
      Partial area ratio:    3.85
      Required ratio:    0.00 (Gate area) 
      Cumulative area ratio:    6.28
      Required ratio:    0.00 (Cumulative area) 
      Partial area ratio:   15.75
      Required ratio:  400.00 (Side area) 
      Cumulative area ratio:   26.44
      Required ratio:    0.00 (Cumulative side area) 

    Layer: Via3
      Partial area ratio:    0.10
      Required ratio:   20.00 (Gate area) 
      Cumulative area ratio:    0.41
      Required ratio:    0.00 (Cumulative area) 

    Layer: Metal4
      Partial area ratio:  111.91
      Required ratio:    0.00 (Gate area) 
      Cumulative area ratio:  118.20
      Required ratio:    0.00 (Cumulative area) 
      Partial area ratio:  431.97
      Required ratio:  400.00 (Side area) (VIOLATED)
      Cumulative area ratio:  458.41
      Required ratio:    0.00 (Cumulative side area) 

    Layer: Via4
      Partial area ratio:    0.07
      Required ratio:   20.00 (Gate area) 
      Cumulative area ratio:    0.47
      Required ratio:    0.00 (Cumulative area) 

    Layer: Metal5
      Partial area ratio:   20.65
      Required ratio:    0.00 (Gate area) 
      Cumulative area ratio:  138.85
      Required ratio:    0.00 (Cumulative area) 
      Partial area ratio:  111.84
      Required ratio:  400.00 (Side area) 
      Cumulative area ratio:  570.25
      Required ratio:    0.00 (Cumulative side area) 



Net: net776
  Pin:   _10915_/A (gf180mcu_as_sc_mcu7t3v3__mux2_2)
    Layer: Metal1
      Partial area ratio:    0.01
      Required ratio:    0.00 (Gate area) 
      Cumulative area ratio:    0.01
      Required ratio:    0.00 (Cumulative area) 
      Partial area ratio:    0.88
      Required ratio:  400.00 (Side area) 
      Cumulative area ratio:    0.88
      Required ratio:    0.00 (Cumulative side area) 

    Layer: Via1
      Partial area ratio:    0.10
      Required ratio:   20.00 (Gate area) 
      Cumulative area ratio:    0.10
      Required ratio:    0.00 (Cumulative area) 

    Layer: Metal2
      Partial area ratio:    2.15
      Required ratio:    0.00 (Gate area) 
      Cumulative area ratio:    2.16
      Required ratio:    0.00 (Cumulative area) 
      Partial area ratio:    8.74
      Required ratio:  400.00 (Side area) 
      Cumulative area ratio:    9.62
      Required ratio:    0.00 (Cumulative side area) 

    Layer: Via2
      Partial area ratio:    0.20
      Required ratio:   20.00 (Gate area) 
      Cumulative area ratio:    0.30
      Required ratio:    0.00 (Cumulative area) 

    Layer: Metal3
      Partial area ratio:   11.07
      Required ratio:    0.00 (Gate area) 
      Cumulative area ratio:   13.22
      Required ratio:    0.00 (Cumulative area) 
      Partial area ratio:   44.05
      Required ratio:  400.00 (Side area) 
      Cumulative area ratio:   53.67
      Required ratio:    0.00 (Cumulative side area) 

    Layer: Via3
      Partial area ratio:    0.10
      Required ratio:   20.00 (Gate area) 
      Cumulative area ratio:    0.41
      Required ratio:    0.00 (Cumulative area) 

    Layer: Metal4
      Partial area ratio:  111.90
      Required ratio:    0.00 (Gate area) 
      Cumulative area ratio:  125.12
      Required ratio:    0.00 (Cumulative area) 
      Partial area ratio:  431.91
      Required ratio:  400.00 (Side area) (VIOLATED)
      Cumulative area ratio:  485.58
      Required ratio:    0.00 (Cumulative side area) 

    Layer: Via4
      Partial area ratio:    0.07
      Required ratio:   20.00 (Gate area) 
      Cumulative area ratio:    0.47
      Required ratio:    0.00 (Cumulative area) 

    Layer: Metal5
      Partial area ratio:   19.92
      Required ratio:    0.00 (Gate area) 
      Cumulative area ratio:  145.05
      Required ratio:    0.00 (Cumulative area) 
      Partial area ratio:  107.90
      Required ratio:  400.00 (Side area) 
      Cumulative area ratio:  593.48
      Required ratio:    0.00 (Cumulative side area) 


  Pin:   _10957_/A (gf180mcu_as_sc_mcu7t3v3__mux2_2)
    Layer: Metal1
      Partial area ratio:    0.01
      Required ratio:    0.00 (Gate area) 
      Cumulative area ratio:    0.01
      Required ratio:    0.00 (Cumulative area) 
      Partial area ratio:    0.88
      Required ratio:  400.00 (Side area) 
      Cumulative area ratio:    0.88
      Required ratio:    0.00 (Cumulative side area) 

    Layer: Via1
      Partial area ratio:    0.10
      Required ratio:   20.00 (Gate area) 
      Cumulative area ratio:    0.10
      Required ratio:    0.00 (Cumulative area) 

    Layer: Metal2
      Partial area ratio:    0.89
      Required ratio:    0.00 (Gate area) 
      Cumulative area ratio:    0.90
      Required ratio:    0.00 (Cumulative area) 
      Partial area ratio:    3.90
      Required ratio:  400.00 (Side area) 
      Cumulative area ratio:    4.77
      Required ratio:    0.00 (Cumulative side area) 

    Layer: Via2
      Partial area ratio:    0.20
      Required ratio:   20.00 (Gate area) 
      Cumulative area ratio:    0.30
      Required ratio:    0.00 (Cumulative area) 

    Layer: Metal3
      Partial area ratio:    0.32
      Required ratio:    0.00 (Gate area) 
      Cumulative area ratio:    1.22
      Required ratio:    0.00 (Cumulative area) 
      Partial area ratio:    2.14
      Required ratio:  400.00 (Side area) 
      Cumulative area ratio:    6.91
      Required ratio:    0.00 (Cumulative side area) 

    Layer: Via3
      Partial area ratio:    0.10
      Required ratio:   20.00 (Gate area) 
      Cumulative area ratio:    0.41
      Required ratio:    0.00 (Cumulative area) 

    Layer: Metal4
      Partial area ratio:    0.16
      Required ratio:    0.00 (Gate area) 
      Cumulative area ratio:    1.38
      Required ratio:    0.00 (Cumulative area) 
      Partial area ratio:    1.07
      Required ratio:  400.00 (Side area) 
      Cumulative area ratio:    7.98
      Required ratio:    0.00 (Cumulative side area) 

    Layer: Via4
      Partial area ratio:    0.10
      Required ratio:   20.00 (Gate area) 
      Cumulative area ratio:    0.51
      Required ratio:    0.00 (Cumulative area) 

    Layer: Metal5
      Partial area ratio:   19.92
      Required ratio:    0.00 (Gate area) 
      Cumulative area ratio:   21.30
      Required ratio:    0.00 (Cumulative area) 
      Partial area ratio:  107.90
      Required ratio:  400.00 (Side area) 
      Cumulative area ratio:  115.88
      Required ratio:    0.00 (Cumulative side area) 


  Pin:   _10978_/A (gf180mcu_as_sc_mcu7t3v3__mux2_2)
    Layer: Metal1
      Partial area ratio:    0.01
      Required ratio:    0.00 (Gate area) 
      Cumulative area ratio:    0.01
      Required ratio:    0.00 (Cumulative area) 
      Partial area ratio:    0.88
      Required ratio:  400.00 (Side area) 
      Cumulative area ratio:    0.88
      Required ratio:    0.00 (Cumulative side area) 

    Layer: Via1
      Partial area ratio:    0.10
      Required ratio:   20.00 (Gate area) 
      Cumulative area ratio:    0.10
      Required ratio:    0.00 (Cumulative area) 

    Layer: Metal2
      Partial area ratio:    1.68
      Required ratio:    0.00 (Gate area) 
      Cumulative area ratio:    1.69
      Required ratio:    0.00 (Cumulative area) 
      Partial area ratio:    6.93
      Required ratio:  400.00 (Side area) 
      Cumulative area ratio:    7.80
      Required ratio:    0.00 (Cumulative side area) 

    Layer: Via2
      Partial area ratio:    0.20
      Required ratio:   20.00 (Gate area) 
      Cumulative area ratio:    0.30
      Required ratio:    0.00 (Cumulative area) 

    Layer: Metal3
      Partial area ratio:   10.91
      Required ratio:    0.00 (Gate area) 
      Cumulative area ratio:   12.59
      Required ratio:    0.00 (Cumulative area) 
      Partial area ratio:   42.98
      Required ratio:  400.00 (Side area) 
      Cumulative area ratio:   50.78
      Required ratio:    0.00 (Cumulative side area) 

    Layer: Via3
      Partial area ratio:    0.20
      Required ratio:   20.00 (Gate area) 
      Cumulative area ratio:    0.51
      Required ratio:    0.00 (Cumulative area) 

    Layer: Metal4
      Partial area ratio:  111.90
      Required ratio:    0.00 (Gate area) 
      Cumulative area ratio:  124.49
      Required ratio:    0.00 (Cumulative area) 
      Partial area ratio:  431.91
      Required ratio:  400.00 (Side area) (VIOLATED)
      Cumulative area ratio:  482.70
      Required ratio:    0.00 (Cumulative side area) 

    Layer: Via4
      Partial area ratio:    0.07
      Required ratio:   20.00 (Gate area) 
      Cumulative area ratio:    0.57
      Required ratio:    0.00 (Cumulative area) 

    Layer: Metal5
      Partial area ratio:   19.92
      Required ratio:    0.00 (Gate area) 
      Cumulative area ratio:  144.42
      Required ratio:    0.00 (Cumulative area) 
      Partial area ratio:  107.90
      Required ratio:  400.00 (Side area) 
      Cumulative area ratio:  590.60
      Required ratio:    0.00 (Cumulative side area) 


  Pin:   _10987_/B (gf180mcu_as_sc_mcu7t3v3__mux2_2)
    Layer: Metal1
      Partial area ratio:    0.02
      Required ratio:    0.00 (Gate area) 
      Cumulative area ratio:    0.02
      Required ratio:    0.00 (Cumulative area) 
      Partial area ratio:    0.92
      Required ratio:  400.00 (Side area) 
      Cumulative area ratio:    0.92
      Required ratio:    0.00 (Cumulative side area) 

    Layer: Via1
      Partial area ratio:    0.10
      Required ratio:   20.00 (Gate area) 
      Cumulative area ratio:    0.10
      Required ratio:    0.00 (Cumulative area) 

    Layer: Metal2
      Partial area ratio:    2.65
      Required ratio:    0.00 (Gate area) 
      Cumulative area ratio:    2.67
      Required ratio:    0.00 (Cumulative area) 
      Partial area ratio:   10.68
      Required ratio:  400.00 (Side area) 
      Cumulative area ratio:   11.60
      Required ratio:    0.00 (Cumulative side area) 

    Layer: Via2
      Partial area ratio:    0.20
      Required ratio:   20.00 (Gate area) 
      Cumulative area ratio:    0.30
      Required ratio:    0.00 (Cumulative area) 

    Layer: Metal3
      Partial area ratio:   10.91
      Required ratio:    0.00 (Gate area) 
      Cumulative area ratio:   13.58
      Required ratio:    0.00 (Cumulative area) 
      Partial area ratio:   42.98
      Required ratio:  400.00 (Side area) 
      Cumulative area ratio:   54.58
      Required ratio:    0.00 (Cumulative side area) 

    Layer: Via3
      Partial area ratio:    0.10
      Required ratio:   20.00 (Gate area) 
      Cumulative area ratio:    0.41
      Required ratio:    0.00 (Cumulative area) 

    Layer: Metal4
      Partial area ratio:  111.90
      Required ratio:    0.00 (Gate area) 
      Cumulative area ratio:  125.48
      Required ratio:    0.00 (Cumulative area) 
      Partial area ratio:  431.91
      Required ratio:  400.00 (Side area) (VIOLATED)
      Cumulative area ratio:  486.49
      Required ratio:    0.00 (Cumulative side area) 

    Layer: Via4
      Partial area ratio:    0.07
      Required ratio:   20.00 (Gate area) 
      Cumulative area ratio:    0.47
      Required ratio:    0.00 (Cumulative area) 

    Layer: Metal5
      Partial area ratio:   19.92
      Required ratio:    0.00 (Gate area) 
      Cumulative area ratio:  145.40
      Required ratio:    0.00 (Cumulative area) 
      Partial area ratio:  107.90
      Required ratio:  400.00 (Side area) 
      Cumulative area ratio:  594.39
      Required ratio:    0.00 (Cumulative side area) 



Net: net777
  Pin:   _10888_/A (gf180mcu_as_sc_mcu7t3v3__and2_2)
    Layer: Via1
      Partial area ratio:    0.10
      Required ratio:   20.00 (Gate area) 
      Cumulative area ratio:    0.10
      Required ratio:    0.00 (Cumulative area) 

    Layer: Metal2
      Partial area ratio:    3.05
      Required ratio:    0.00 (Gate area) 
      Cumulative area ratio:    3.05
      Required ratio:    0.00 (Cumulative area) 
      Partial area ratio:   12.23
      Required ratio:  400.00 (Side area) 
      Cumulative area ratio:   12.23
      Required ratio:    0.00 (Cumulative side area) 

    Layer: Via2
      Partial area ratio:    0.20
      Required ratio:   20.00 (Gate area) 
      Cumulative area ratio:    0.30
      Required ratio:    0.00 (Cumulative area) 

    Layer: Metal3
      Partial area ratio:    5.76
      Required ratio:    0.00 (Gate area) 
      Cumulative area ratio:    8.81
      Required ratio:    0.00 (Cumulative area) 
      Partial area ratio:   22.48
      Required ratio:  400.00 (Side area) 
      Cumulative area ratio:   34.71
      Required ratio:    0.00 (Cumulative side area) 

    Layer: Via3
      Partial area ratio:    0.02
      Required ratio:    0.00 (Gate area) 
      Cumulative area ratio:    0.32
      Required ratio:    0.00 (Cumulative area) 

    Layer: Metal4
      Partial area ratio:    0.43
      Required ratio:    0.00 (Gate area) 
      Cumulative area ratio:    9.24
      Required ratio:    0.00 (Cumulative area) 
      Partial area ratio:    1.70
      Required ratio:  400.00 (Side area) 
      Cumulative area ratio:   36.42
      Required ratio:    0.00 (Cumulative side area) 

    Layer: Via4
      Partial area ratio:    0.02
      Required ratio:    0.00 (Gate area) 
      Cumulative area ratio:    0.34
      Required ratio:    0.00 (Cumulative area) 

    Layer: Metal5
      Partial area ratio:   22.75
      Required ratio:    0.00 (Gate area) 
      Cumulative area ratio:   31.99
      Required ratio:    0.00 (Cumulative area) 
      Partial area ratio:  123.20
      Required ratio:  400.00 (Side area) 
      Cumulative area ratio:  159.61
      Required ratio:    0.00 (Cumulative side area) 


  Pin:   _10925_/A (gf180mcu_as_sc_mcu7t3v3__mux2_2)
    Layer: Metal1
      Partial area ratio:    0.01
      Required ratio:    0.00 (Gate area) 
      Cumulative area ratio:    0.01
      Required ratio:    0.00 (Cumulative area) 
      Partial area ratio:    0.88
      Required ratio:  400.00 (Side area) 
      Cumulative area ratio:    0.88
      Required ratio:    0.00 (Cumulative side area) 

    Layer: Via1
      Partial area ratio:    0.10
      Required ratio:   20.00 (Gate area) 
      Cumulative area ratio:    0.10
      Required ratio:    0.00 (Cumulative area) 

    Layer: Metal2
      Partial area ratio:    3.28
      Required ratio:    0.00 (Gate area) 
      Cumulative area ratio:    3.28
      Required ratio:    0.00 (Cumulative area) 
      Partial area ratio:   13.09
      Required ratio:  400.00 (Side area) 
      Cumulative area ratio:   13.96
      Required ratio:    0.00 (Cumulative side area) 

    Layer: Via2
      Partial area ratio:    0.20
      Required ratio:   20.00 (Gate area) 
      Cumulative area ratio:    0.30
      Required ratio:    0.00 (Cumulative area) 

    Layer: Metal3
      Partial area ratio:    5.76
      Required ratio:    0.00 (Gate area) 
      Cumulative area ratio:    9.04
      Required ratio:    0.00 (Cumulative area) 
      Partial area ratio:   22.48
      Required ratio:  400.00 (Side area) 
      Cumulative area ratio:   36.45
      Required ratio:    0.00 (Cumulative side area) 

    Layer: Via3
      Partial area ratio:    0.02
      Required ratio:    0.00 (Gate area) 
      Cumulative area ratio:    0.32
      Required ratio:    0.00 (Cumulative area) 

    Layer: Metal4
      Partial area ratio:    0.43
      Required ratio:    0.00 (Gate area) 
      Cumulative area ratio:    9.47
      Required ratio:    0.00 (Cumulative area) 
      Partial area ratio:    1.70
      Required ratio:  400.00 (Side area) 
      Cumulative area ratio:   38.15
      Required ratio:    0.00 (Cumulative side area) 

    Layer: Via4
      Partial area ratio:    0.02
      Required ratio:    0.00 (Gate area) 
      Cumulative area ratio:    0.34
      Required ratio:    0.00 (Cumulative area) 

    Layer: Metal5
      Partial area ratio:   22.75
      Required ratio:    0.00 (Gate area) 
      Cumulative area ratio:   32.22
      Required ratio:    0.00 (Cumulative area) 
      Partial area ratio:  123.20
      Required ratio:  400.00 (Side area) 
      Cumulative area ratio:  161.35
      Required ratio:    0.00 (Cumulative side area) 


  Pin:   _10935_/A (gf180mcu_as_sc_mcu7t3v3__mux2_2)
    Layer: Metal1
      Partial area ratio:    0.01
      Required ratio:    0.00 (Gate area) 
      Cumulative area ratio:    0.01
      Required ratio:    0.00 (Cumulative area) 
      Partial area ratio:    0.88
      Required ratio:  400.00 (Side area) 
      Cumulative area ratio:    0.88
      Required ratio:    0.00 (Cumulative side area) 

    Layer: Via1
      Partial area ratio:    0.10
      Required ratio:   20.00 (Gate area) 
      Cumulative area ratio:    0.10
      Required ratio:    0.00 (Cumulative area) 

    Layer: Metal2
      Partial area ratio:    0.89
      Required ratio:    0.00 (Gate area) 
      Cumulative area ratio:    0.90
      Required ratio:    0.00 (Cumulative area) 
      Partial area ratio:    3.85
      Required ratio:  400.00 (Side area) 
      Cumulative area ratio:    4.72
      Required ratio:    0.00 (Cumulative side area) 

    Layer: Via2
      Partial area ratio:    0.14
      Required ratio:   20.00 (Gate area) 
      Cumulative area ratio:    0.24
      Required ratio:    0.00 (Cumulative area) 

    Layer: Metal3
      Partial area ratio:    7.27
      Required ratio:    0.00 (Gate area) 
      Cumulative area ratio:    8.17
      Required ratio:    0.00 (Cumulative area) 
      Partial area ratio:   28.45
      Required ratio:  400.00 (Side area) 
      Cumulative area ratio:   33.17
      Required ratio:    0.00 (Cumulative side area) 

    Layer: Via3
      Partial area ratio:    0.20
      Required ratio:   20.00 (Gate area) 
      Cumulative area ratio:    0.44
      Required ratio:    0.00 (Cumulative area) 

    Layer: Metal4
      Partial area ratio:  111.97
      Required ratio:    0.00 (Gate area) 
      Cumulative area ratio:  120.14
      Required ratio:    0.00 (Cumulative area) 
      Partial area ratio:  432.32
      Required ratio:  400.00 (Side area) (VIOLATED)
      Cumulative area ratio:  465.50
      Required ratio:    0.00 (Cumulative side area) 

    Layer: Via4
      Partial area ratio:    0.03
      Required ratio:   20.00 (Gate area) 
      Cumulative area ratio:    0.48
      Required ratio:    0.00 (Cumulative area) 

    Layer: Metal5
      Partial area ratio:   22.75
      Required ratio:    0.00 (Gate area) 
      Cumulative area ratio:  142.89
      Required ratio:    0.00 (Cumulative area) 
      Partial area ratio:  123.20
      Required ratio:  400.00 (Side area) 
      Cumulative area ratio:  588.69
      Required ratio:    0.00 (Cumulative side area) 


  Pin:   _10944_/B (gf180mcu_as_sc_mcu7t3v3__mux2_2)
    Layer: Metal1
      Partial area ratio:    0.02
      Required ratio:    0.00 (Gate area) 
      Cumulative area ratio:    0.02
      Required ratio:    0.00 (Cumulative area) 
      Partial area ratio:    0.92
      Required ratio:  400.00 (Side area) 
      Cumulative area ratio:    0.92
      Required ratio:    0.00 (Cumulative side area) 

    Layer: Via1
      Partial area ratio:    0.10
      Required ratio:   20.00 (Gate area) 
      Cumulative area ratio:    0.10
      Required ratio:    0.00 (Cumulative area) 

    Layer: Metal2
      Partial area ratio:    2.69
      Required ratio:    0.00 (Gate area) 
      Cumulative area ratio:    2.71
      Required ratio:    0.00 (Cumulative area) 
      Partial area ratio:   10.84
      Required ratio:  400.00 (Side area) 
      Cumulative area ratio:   11.75
      Required ratio:    0.00 (Cumulative side area) 

    Layer: Via2
      Partial area ratio:    0.20
      Required ratio:   20.00 (Gate area) 
      Cumulative area ratio:    0.30
      Required ratio:    0.00 (Cumulative area) 

    Layer: Metal3
      Partial area ratio:    3.85
      Required ratio:    0.00 (Gate area) 
      Cumulative area ratio:    6.56
      Required ratio:    0.00 (Cumulative area) 
      Partial area ratio:   15.75
      Required ratio:  400.00 (Side area) 
      Cumulative area ratio:   27.51
      Required ratio:    0.00 (Cumulative side area) 

    Layer: Via3
      Partial area ratio:    0.20
      Required ratio:   20.00 (Gate area) 
      Cumulative area ratio:    0.51
      Required ratio:    0.00 (Cumulative area) 

    Layer: Metal4
      Partial area ratio:  111.97
      Required ratio:    0.00 (Gate area) 
      Cumulative area ratio:  118.52
      Required ratio:    0.00 (Cumulative area) 
      Partial area ratio:  432.32
      Required ratio:  400.00 (Side area) (VIOLATED)
      Cumulative area ratio:  459.83
      Required ratio:    0.00 (Cumulative side area) 

    Layer: Via4
      Partial area ratio:    0.03
      Required ratio:   20.00 (Gate area) 
      Cumulative area ratio:    0.54
      Required ratio:    0.00 (Cumulative area) 

    Layer: Metal5
      Partial area ratio:   22.75
      Required ratio:    0.00 (Gate area) 
      Cumulative area ratio:  141.28
      Required ratio:    0.00 (Cumulative area) 
      Partial area ratio:  123.20
      Required ratio:  400.00 (Side area) 
      Cumulative area ratio:  583.03
      Required ratio:    0.00 (Cumulative side area) 


  Pin:   _10967_/A (gf180mcu_as_sc_mcu7t3v3__mux2_2)
    Layer: Metal1
      Partial area ratio:    0.01
      Required ratio:    0.00 (Gate area) 
      Cumulative area ratio:    0.01
      Required ratio:    0.00 (Cumulative area) 
      Partial area ratio:    0.88
      Required ratio:  400.00 (Side area) 
      Cumulative area ratio:    0.88
      Required ratio:    0.00 (Cumulative side area) 

    Layer: Via1
      Partial area ratio:    0.10
      Required ratio:   20.00 (Gate area) 
      Cumulative area ratio:    0.10
      Required ratio:    0.00 (Cumulative area) 

    Layer: Metal2
      Partial area ratio:    1.78
      Required ratio:    0.00 (Gate area) 
      Cumulative area ratio:    1.79
      Required ratio:    0.00 (Cumulative area) 
      Partial area ratio:    7.33
      Required ratio:  400.00 (Side area) 
      Cumulative area ratio:    8.21
      Required ratio:    0.00 (Cumulative side area) 

    Layer: Via2
      Partial area ratio:    0.20
      Required ratio:   20.00 (Gate area) 
      Cumulative area ratio:    0.30
      Required ratio:    0.00 (Cumulative area) 

    Layer: Metal3
      Partial area ratio:    0.32
      Required ratio:    0.00 (Gate area) 
      Cumulative area ratio:    2.11
      Required ratio:    0.00 (Cumulative area) 
      Partial area ratio:    2.14
      Required ratio:  400.00 (Side area) 
      Cumulative area ratio:   10.35
      Required ratio:    0.00 (Cumulative side area) 

    Layer: Via3
      Partial area ratio:    0.10
      Required ratio:   20.00 (Gate area) 
      Cumulative area ratio:    0.41
      Required ratio:    0.00 (Cumulative area) 

    Layer: Metal4
      Partial area ratio:  111.97
      Required ratio:    0.00 (Gate area) 
      Cumulative area ratio:  114.08
      Required ratio:    0.00 (Cumulative area) 
      Partial area ratio:  432.32
      Required ratio:  400.00 (Side area) (VIOLATED)
      Cumulative area ratio:  442.67
      Required ratio:    0.00 (Cumulative side area) 

    Layer: Via4
      Partial area ratio:    0.03
      Required ratio:   20.00 (Gate area) 
      Cumulative area ratio:    0.44
      Required ratio:    0.00 (Cumulative area) 

    Layer: Metal5
      Partial area ratio:   22.75
      Required ratio:    0.00 (Gate area) 
      Cumulative area ratio:  136.83
      Required ratio:    0.00 (Cumulative area) 
      Partial area ratio:  123.20
      Required ratio:  400.00 (Side area) 
      Cumulative area ratio:  565.87
      Required ratio:    0.00 (Cumulative side area) 


  Pin:   max_cap778/A (gf180mcu_as_sc_mcu7t3v3__buff_8)
    Layer: Metal1
      Partial area ratio:    0.01
      Required ratio:    0.00 (Gate area) 
      Cumulative area ratio:    0.01
      Required ratio:    0.00 (Cumulative area) 
      Partial area ratio:    0.23
      Required ratio:  400.00 (Side area) 
      Cumulative area ratio:    0.23
      Required ratio:    0.00 (Cumulative side area) 

    Layer: Via1
      Partial area ratio:    0.03
      Required ratio:   20.00 (Gate area) 
      Cumulative area ratio:    0.03
      Required ratio:    0.00 (Cumulative area) 

    Layer: Metal2
      Partial area ratio:    0.92
      Required ratio:    0.00 (Gate area) 
      Cumulative area ratio:    0.93
      Required ratio:    0.00 (Cumulative area) 
      Partial area ratio:    3.70
      Required ratio:  400.00 (Side area) 
      Cumulative area ratio:    3.94
      Required ratio:    0.00 (Cumulative side area) 

    Layer: Via2
      Partial area ratio:    0.07
      Required ratio:   20.00 (Gate area) 
      Cumulative area ratio:    0.10
      Required ratio:    0.00 (Cumulative area) 

    Layer: Metal3
      Partial area ratio:    5.76
      Required ratio:    0.00 (Gate area) 
      Cumulative area ratio:    6.69
      Required ratio:    0.00 (Cumulative area) 
      Partial area ratio:   22.48
      Required ratio:  400.00 (Side area) 
      Cumulative area ratio:   26.42
      Required ratio:    0.00 (Cumulative side area) 

    Layer: Via3
      Partial area ratio:    0.02
      Required ratio:    0.00 (Gate area) 
      Cumulative area ratio:    0.12
      Required ratio:    0.00 (Cumulative area) 

    Layer: Metal4
      Partial area ratio:    0.43
      Required ratio:    0.00 (Gate area) 
      Cumulative area ratio:    7.12
      Required ratio:    0.00 (Cumulative area) 
      Partial area ratio:    1.70
      Required ratio:  400.00 (Side area) 
      Cumulative area ratio:   28.13
      Required ratio:    0.00 (Cumulative side area) 

    Layer: Via4
      Partial area ratio:    0.02
      Required ratio:    0.00 (Gate area) 
      Cumulative area ratio:    0.14
      Required ratio:    0.00 (Cumulative area) 

    Layer: Metal5
      Partial area ratio:   22.75
      Required ratio:    0.00 (Gate area) 
      Cumulative area ratio:   29.87
      Required ratio:    0.00 (Cumulative area) 
      Partial area ratio:  123.20
      Required ratio:  400.00 (Side area) 
      Cumulative area ratio:  151.32
      Required ratio:    0.00 (Cumulative side area) 



Net: net837
  Pin:   fanout786/A (gf180mcu_as_sc_mcu7t3v3__buff_2)
    Layer: Via1
      Partial area ratio:    0.10
      Required ratio:   20.00 (Gate area) 
      Cumulative area ratio:    0.10
      Required ratio:    0.00 (Cumulative area) 

    Layer: Metal2
      Partial area ratio:    2.43
      Required ratio:    0.00 (Gate area) 
      Cumulative area ratio:    2.43
      Required ratio:    0.00 (Cumulative area) 
      Partial area ratio:    9.84
      Required ratio:  400.00 (Side area) 
      Cumulative area ratio:    9.84
      Required ratio:    0.00 (Cumulative side area) 

    Layer: Via2
      Partial area ratio:    0.20
      Required ratio:   20.00 (Gate area) 
      Cumulative area ratio:    0.30
      Required ratio:    0.00 (Cumulative area) 

    Layer: Metal3
      Partial area ratio:    7.38
      Required ratio:    0.00 (Gate area) 
      Cumulative area ratio:    9.81
      Required ratio:    0.00 (Cumulative area) 
      Partial area ratio:   29.37
      Required ratio:  400.00 (Side area) 
      Cumulative area ratio:   39.21
      Required ratio:    0.00 (Cumulative side area) 

    Layer: Via3
      Partial area ratio:    0.10
      Required ratio:   20.00 (Gate area) 
      Cumulative area ratio:    0.41
      Required ratio:    0.00 (Cumulative area) 

    Layer: Metal4
      Partial area ratio:   31.67
      Required ratio:    0.00 (Gate area) 
      Cumulative area ratio:   41.48
      Required ratio:    0.00 (Cumulative area) 
      Partial area ratio:  122.29
      Required ratio:  400.00 (Side area) 
      Cumulative area ratio:  161.50
      Required ratio:    0.00 (Cumulative side area) 


  Pin:   fanout793/A (gf180mcu_as_sc_mcu7t3v3__buff_2)
    Layer: Via1
      Partial area ratio:    0.10
      Required ratio:   20.00 (Gate area) 
      Cumulative area ratio:    0.10
      Required ratio:    0.00 (Cumulative area) 

    Layer: Metal2
      Partial area ratio:    1.26
      Required ratio:    0.00 (Gate area) 
      Cumulative area ratio:    1.26
      Required ratio:    0.00 (Cumulative area) 
      Partial area ratio:    5.33
      Required ratio:  400.00 (Side area) 
      Cumulative area ratio:    5.33
      Required ratio:    0.00 (Cumulative side area) 

    Layer: Via2
      Partial area ratio:    0.20
      Required ratio:   20.00 (Gate area) 
      Cumulative area ratio:    0.30
      Required ratio:    0.00 (Cumulative area) 

    Layer: Metal3
      Partial area ratio:    0.32
      Required ratio:    0.00 (Gate area) 
      Cumulative area ratio:    1.58
      Required ratio:    0.00 (Cumulative area) 
      Partial area ratio:    2.14
      Required ratio:  400.00 (Side area) 
      Cumulative area ratio:    7.47
      Required ratio:    0.00 (Cumulative side area) 

    Layer: Via3
      Partial area ratio:    0.10
      Required ratio:   20.00 (Gate area) 
      Cumulative area ratio:    0.41
      Required ratio:    0.00 (Cumulative area) 

    Layer: Metal4
      Partial area ratio:   31.67
      Required ratio:    0.00 (Gate area) 
      Cumulative area ratio:   33.25
      Required ratio:    0.00 (Cumulative area) 
      Partial area ratio:  122.29
      Required ratio:  400.00 (Side area) 
      Cumulative area ratio:  129.76
      Required ratio:    0.00 (Cumulative side area) 


  Pin:   fanout809/A (gf180mcu_as_sc_mcu7t3v3__buff_2)
    Layer: Via1
      Partial area ratio:    0.10
      Required ratio:   20.00 (Gate area) 
      Cumulative area ratio:    0.10
      Required ratio:    0.00 (Cumulative area) 

    Layer: Metal2
      Partial area ratio:    0.92
      Required ratio:    0.00 (Gate area) 
      Cumulative area ratio:    0.92
      Required ratio:    0.00 (Cumulative area) 
      Partial area ratio:    3.66
      Required ratio:  400.00 (Side area) 
      Cumulative area ratio:    3.66
      Required ratio:    0.00 (Cumulative side area) 

    Layer: Via2
      Partial area ratio:    0.22
      Required ratio:    0.00 (Gate area) 
      Cumulative area ratio:    0.32
      Required ratio:    0.00 (Cumulative area) 

    Layer: Metal3
      Partial area ratio:    0.07
      Required ratio:    0.00 (Gate area) 
      Cumulative area ratio:    1.00
      Required ratio:    0.00 (Cumulative area) 
      Partial area ratio:    0.46
      Required ratio:  400.00 (Side area) 
      Cumulative area ratio:    4.12
      Required ratio:    0.00 (Cumulative side area) 

    Layer: Via3
      Partial area ratio:    0.10
      Required ratio:    0.00 (Gate area) 
      Cumulative area ratio:    0.42
      Required ratio:    0.00 (Cumulative area) 

    Layer: Metal4
      Partial area ratio:   31.67
      Required ratio:    0.00 (Gate area) 
      Cumulative area ratio:   32.66
      Required ratio:    0.00 (Cumulative area) 
      Partial area ratio:  122.29
      Required ratio:  400.00 (Side area) 
      Cumulative area ratio:  126.42
      Required ratio:    0.00 (Cumulative side area) 


  Pin:   fanout826/A (gf180mcu_as_sc_mcu7t3v3__buff_2)
    Layer: Via1
      Partial area ratio:    0.10
      Required ratio:   20.00 (Gate area) 
      Cumulative area ratio:    0.10
      Required ratio:    0.00 (Cumulative area) 

    Layer: Metal2
      Partial area ratio:    2.17
      Required ratio:    0.00 (Gate area) 
      Cumulative area ratio:    2.17
      Required ratio:    0.00 (Cumulative area) 
      Partial area ratio:    8.83
      Required ratio:  400.00 (Side area) 
      Cumulative area ratio:    8.83
      Required ratio:    0.00 (Cumulative side area) 

    Layer: Via2
      Partial area ratio:    0.20
      Required ratio:   20.00 (Gate area) 
      Cumulative area ratio:    0.30
      Required ratio:    0.00 (Cumulative area) 

    Layer: Metal3
      Partial area ratio:  145.03
      Required ratio:    0.00 (Gate area) 
      Cumulative area ratio:  147.20
      Required ratio:    0.00 (Cumulative area) 
      Partial area ratio:  560.29
      Required ratio:  400.00 (Side area) (VIOLATED)
      Cumulative area ratio:  569.12
      Required ratio:    0.00 (Cumulative side area) 

    Layer: Via3
      Partial area ratio:    0.30
      Required ratio:   20.00 (Gate area) 
      Cumulative area ratio:    0.61
      Required ratio:    0.00 (Cumulative area) 

    Layer: Metal4
      Partial area ratio:   31.67
      Required ratio:    0.00 (Gate area) 
      Cumulative area ratio:  178.86
      Required ratio:    0.00 (Cumulative area) 
      Partial area ratio:  122.29
      Required ratio:  400.00 (Side area) 
      Cumulative area ratio:  691.41
      Required ratio:    0.00 (Cumulative side area) 


  Pin:   fanout836/A (gf180mcu_as_sc_mcu7t3v3__buff_2)
    Layer: Via1
      Partial area ratio:    0.10
      Required ratio:   20.00 (Gate area) 
      Cumulative area ratio:    0.10
      Required ratio:    0.00 (Cumulative area) 

    Layer: Metal2
      Partial area ratio:    2.20
      Required ratio:    0.00 (Gate area) 
      Cumulative area ratio:    2.20
      Required ratio:    0.00 (Cumulative area) 
      Partial area ratio:    8.96
      Required ratio:  400.00 (Side area) 
      Cumulative area ratio:    8.96
      Required ratio:    0.00 (Cumulative side area) 

    Layer: Via2
      Partial area ratio:    0.20
      Required ratio:   20.00 (Gate area) 
      Cumulative area ratio:    0.30
      Required ratio:    0.00 (Cumulative area) 

    Layer: Metal3
      Partial area ratio:    0.32
      Required ratio:    0.00 (Gate area) 
      Cumulative area ratio:    2.52
      Required ratio:    0.00 (Cumulative area) 
      Partial area ratio:    2.14
      Required ratio:  400.00 (Side area) 
      Cumulative area ratio:   11.10
      Required ratio:    0.00 (Cumulative side area) 

    Layer: Via3
      Partial area ratio:    0.10
      Required ratio:   20.00 (Gate area) 
      Cumulative area ratio:    0.41
      Required ratio:    0.00 (Cumulative area) 

    Layer: Metal4
      Partial area ratio:   31.67
      Required ratio:    0.00 (Gate area) 
      Cumulative area ratio:   34.19
      Required ratio:    0.00 (Cumulative area) 
      Partial area ratio:  122.29
      Required ratio:  400.00 (Side area) 
      Cumulative area ratio:  133.39
      Required ratio:    0.00 (Cumulative side area) 



Net: net898
  Pin:   _10921_/B (gf180mcu_as_sc_mcu7t3v3__mux2_2)
    Layer: Metal1
      Partial area ratio:    0.02
      Required ratio:    0.00 (Gate area) 
      Cumulative area ratio:    0.02
      Required ratio:    0.00 (Cumulative area) 
      Partial area ratio:    0.92
      Required ratio:  400.00 (Side area) 
      Cumulative area ratio:    0.92
      Required ratio:    0.00 (Cumulative side area) 

    Layer: Via1
      Partial area ratio:    0.10
      Required ratio:   20.00 (Gate area) 
      Cumulative area ratio:    0.10
      Required ratio:    0.00 (Cumulative area) 

    Layer: Metal2
      Partial area ratio:    4.58
      Required ratio:    0.00 (Gate area) 
      Cumulative area ratio:    4.59
      Required ratio:    0.00 (Cumulative area) 
      Partial area ratio:   18.11
      Required ratio:  400.00 (Side area) 
      Cumulative area ratio:   19.02
      Required ratio:    0.00 (Cumulative side area) 

    Layer: Via2
      Partial area ratio:    0.30
      Required ratio:   20.00 (Gate area) 
      Cumulative area ratio:    0.41
      Required ratio:    0.00 (Cumulative area) 

    Layer: Metal3
      Partial area ratio:   25.18
      Required ratio:    0.00 (Gate area) 
      Cumulative area ratio:   29.78
      Required ratio:    0.00 (Cumulative area) 
      Partial area ratio:   98.50
      Required ratio:  400.00 (Side area) 
      Cumulative area ratio:  117.53
      Required ratio:    0.00 (Cumulative side area) 

    Layer: Via3
      Partial area ratio:    0.20
      Required ratio:   20.00 (Gate area) 
      Cumulative area ratio:    0.61
      Required ratio:    0.00 (Cumulative area) 

    Layer: Metal4
      Partial area ratio:  169.82
      Required ratio:    0.00 (Gate area) 
      Cumulative area ratio:  199.59
      Required ratio:    0.00 (Cumulative area) 
      Partial area ratio:  655.91
      Required ratio:  400.00 (Side area) (VIOLATED)
      Cumulative area ratio:  773.43
      Required ratio:    0.00 (Cumulative side area) 

    Layer: Via4
      Partial area ratio:    0.20
      Required ratio:   20.00 (Gate area) 
      Cumulative area ratio:    0.81
      Required ratio:    0.00 (Cumulative area) 

    Layer: Metal5
      Partial area ratio:   25.26
      Required ratio:    0.00 (Gate area) 
      Cumulative area ratio:  224.85
      Required ratio:    0.00 (Cumulative area) 
      Partial area ratio:  136.78
      Required ratio:  400.00 (Side area) 
      Cumulative area ratio:  910.21
      Required ratio:    0.00 (Cumulative side area) 


  Pin:   _10932_/B (gf180mcu_as_sc_mcu7t3v3__mux2_2)
    Layer: Metal1
      Partial area ratio:    0.02
      Required ratio:    0.00 (Gate area) 
      Cumulative area ratio:    0.02
      Required ratio:    0.00 (Cumulative area) 
      Partial area ratio:    0.92
      Required ratio:  400.00 (Side area) 
      Cumulative area ratio:    0.92
      Required ratio:    0.00 (Cumulative side area) 

    Layer: Via1
      Partial area ratio:    0.10
      Required ratio:   20.00 (Gate area) 
      Cumulative area ratio:    0.10
      Required ratio:    0.00 (Cumulative area) 

    Layer: Metal2
      Partial area ratio:    2.61
      Required ratio:    0.00 (Gate area) 
      Cumulative area ratio:    2.63
      Required ratio:    0.00 (Cumulative area) 
      Partial area ratio:   10.53
      Required ratio:  400.00 (Side area) 
      Cumulative area ratio:   11.45
      Required ratio:    0.00 (Cumulative side area) 

    Layer: Via2
      Partial area ratio:    0.20
      Required ratio:   20.00 (Gate area) 
      Cumulative area ratio:    0.30
      Required ratio:    0.00 (Cumulative area) 

    Layer: Metal3
      Partial area ratio:    0.32
      Required ratio:    0.00 (Gate area) 
      Cumulative area ratio:    2.95
      Required ratio:    0.00 (Cumulative area) 
      Partial area ratio:    2.14
      Required ratio:  400.00 (Side area) 
      Cumulative area ratio:   13.59
      Required ratio:    0.00 (Cumulative side area) 

    Layer: Via3
      Partial area ratio:    0.10
      Required ratio:   20.00 (Gate area) 
      Cumulative area ratio:    0.41
      Required ratio:    0.00 (Cumulative area) 

    Layer: Metal4
      Partial area ratio:    7.26
      Required ratio:    0.00 (Gate area) 
      Cumulative area ratio:   10.21
      Required ratio:    0.00 (Cumulative area) 
      Partial area ratio:   28.46
      Required ratio:  400.00 (Side area) 
      Cumulative area ratio:   42.04
      Required ratio:    0.00 (Cumulative side area) 

    Layer: Via4
      Partial area ratio:    0.10
      Required ratio:   20.00 (Gate area) 
      Cumulative area ratio:    0.51
      Required ratio:    0.00 (Cumulative area) 

    Layer: Metal5
      Partial area ratio:   25.26
      Required ratio:    0.00 (Gate area) 
      Cumulative area ratio:   35.47
      Required ratio:    0.00 (Cumulative area) 
      Partial area ratio:  136.78
      Required ratio:  400.00 (Side area) 
      Cumulative area ratio:  178.82
      Required ratio:    0.00 (Cumulative side area) 


  Pin:   _10982_/B (gf180mcu_as_sc_mcu7t3v3__mux2_2)
    Layer: Metal1
      Partial area ratio:    0.02
      Required ratio:    0.00 (Gate area) 
      Cumulative area ratio:    0.02
      Required ratio:    0.00 (Cumulative area) 
      Partial area ratio:    0.92
      Required ratio:  400.00 (Side area) 
      Cumulative area ratio:    0.92
      Required ratio:    0.00 (Cumulative side area) 

    Layer: Via1
      Partial area ratio:    0.10
      Required ratio:   20.00 (Gate area) 
      Cumulative area ratio:    0.10
      Required ratio:    0.00 (Cumulative area) 

    Layer: Metal2
      Partial area ratio:    1.56
      Required ratio:    0.00 (Gate area) 
      Cumulative area ratio:    1.57
      Required ratio:    0.00 (Cumulative area) 
      Partial area ratio:    6.45
      Required ratio:  400.00 (Side area) 
      Cumulative area ratio:    7.37
      Required ratio:    0.00 (Cumulative side area) 

    Layer: Via2
      Partial area ratio:    0.20
      Required ratio:   20.00 (Gate area) 
      Cumulative area ratio:    0.30
      Required ratio:    0.00 (Cumulative area) 

    Layer: Metal3
      Partial area ratio:    0.32
      Required ratio:    0.00 (Gate area) 
      Cumulative area ratio:    1.89
      Required ratio:    0.00 (Cumulative area) 
      Partial area ratio:    2.14
      Required ratio:  400.00 (Side area) 
      Cumulative area ratio:    9.51
      Required ratio:    0.00 (Cumulative side area) 

    Layer: Via3
      Partial area ratio:    0.10
      Required ratio:   20.00 (Gate area) 
      Cumulative area ratio:    0.41
      Required ratio:    0.00 (Cumulative area) 

    Layer: Metal4
      Partial area ratio:    0.16
      Required ratio:    0.00 (Gate area) 
      Cumulative area ratio:    2.05
      Required ratio:    0.00 (Cumulative area) 
      Partial area ratio:    1.07
      Required ratio:  400.00 (Side area) 
      Cumulative area ratio:   10.58
      Required ratio:    0.00 (Cumulative side area) 

    Layer: Via4
      Partial area ratio:    0.10
      Required ratio:   20.00 (Gate area) 
      Cumulative area ratio:    0.51
      Required ratio:    0.00 (Cumulative area) 

    Layer: Metal5
      Partial area ratio:   25.26
      Required ratio:    0.00 (Gate area) 
      Cumulative area ratio:   27.31
      Required ratio:    0.00 (Cumulative area) 
      Partial area ratio:  136.78
      Required ratio:  400.00 (Side area) 
      Cumulative area ratio:  147.35
      Required ratio:    0.00 (Cumulative side area) 


  Pin:   _10991_/A (gf180mcu_as_sc_mcu7t3v3__mux2_2)
    Layer: Metal1
      Partial area ratio:    0.01
      Required ratio:    0.00 (Gate area) 
      Cumulative area ratio:    0.01
      Required ratio:    0.00 (Cumulative area) 
      Partial area ratio:    0.88
      Required ratio:  400.00 (Side area) 
      Cumulative area ratio:    0.88
      Required ratio:    0.00 (Cumulative side area) 

    Layer: Via1
      Partial area ratio:    0.10
      Required ratio:   20.00 (Gate area) 
      Cumulative area ratio:    0.10
      Required ratio:    0.00 (Cumulative area) 

    Layer: Metal2
      Partial area ratio:    1.31
      Required ratio:    0.00 (Gate area) 
      Cumulative area ratio:    1.32
      Required ratio:    0.00 (Cumulative area) 
      Partial area ratio:    5.52
      Required ratio:  400.00 (Side area) 
      Cumulative area ratio:    6.39
      Required ratio:    0.00 (Cumulative side area) 

    Layer: Via2
      Partial area ratio:    0.20
      Required ratio:   20.00 (Gate area) 
      Cumulative area ratio:    0.30
      Required ratio:    0.00 (Cumulative area) 

    Layer: Metal3
      Partial area ratio:    7.38
      Required ratio:    0.00 (Gate area) 
      Cumulative area ratio:    8.70
      Required ratio:    0.00 (Cumulative area) 
      Partial area ratio:   29.37
      Required ratio:  400.00 (Side area) 
      Cumulative area ratio:   35.76
      Required ratio:    0.00 (Cumulative side area) 

    Layer: Via3
      Partial area ratio:    0.10
      Required ratio:   20.00 (Gate area) 
      Cumulative area ratio:    0.41
      Required ratio:    0.00 (Cumulative area) 

    Layer: Metal4
      Partial area ratio:  166.08
      Required ratio:    0.00 (Gate area) 
      Cumulative area ratio:  174.78
      Required ratio:    0.00 (Cumulative area) 
      Partial area ratio:  641.06
      Required ratio:  400.00 (Side area) (VIOLATED)
      Cumulative area ratio:  676.82
      Required ratio:    0.00 (Cumulative side area) 

    Layer: Via4
      Partial area ratio:    0.10
      Required ratio:   20.00 (Gate area) 
      Cumulative area ratio:    0.51
      Required ratio:    0.00 (Cumulative area) 

    Layer: Metal5
      Partial area ratio:   25.26
      Required ratio:    0.00 (Gate area) 
      Cumulative area ratio:  200.04
      Required ratio:    0.00 (Cumulative area) 
      Partial area ratio:  136.78
      Required ratio:  400.00 (Side area) 
      Cumulative area ratio:  813.60
      Required ratio:    0.00 (Cumulative side area) 



Net: net899
  Pin:   _10920_/B (gf180mcu_as_sc_mcu7t3v3__mux2_2)
    Layer: Metal1
      Partial area ratio:    0.02
      Required ratio:    0.00 (Gate area) 
      Cumulative area ratio:    0.02
      Required ratio:    0.00 (Cumulative area) 
      Partial area ratio:    0.92
      Required ratio:  400.00 (Side area) 
      Cumulative area ratio:    0.92
      Required ratio:    0.00 (Cumulative side area) 

    Layer: Via1
      Partial area ratio:    0.10
      Required ratio:   20.00 (Gate area) 
      Cumulative area ratio:    0.10
      Required ratio:    0.00 (Cumulative area) 

    Layer: Metal2
      Partial area ratio:    2.97
      Required ratio:    0.00 (Gate area) 
      Cumulative area ratio:    2.98
      Required ratio:    0.00 (Cumulative area) 
      Partial area ratio:   11.90
      Required ratio:  400.00 (Side area) 
      Cumulative area ratio:   12.82
      Required ratio:    0.00 (Cumulative side area) 

    Layer: Via2
      Partial area ratio:    0.20
      Required ratio:   20.00 (Gate area) 
      Cumulative area ratio:    0.30
      Required ratio:    0.00 (Cumulative area) 

    Layer: Metal3
      Partial area ratio:    3.85
      Required ratio:    0.00 (Gate area) 
      Cumulative area ratio:    6.83
      Required ratio:    0.00 (Cumulative area) 
      Partial area ratio:   15.75
      Required ratio:  400.00 (Side area) 
      Cumulative area ratio:   28.57
      Required ratio:    0.00 (Cumulative side area) 

    Layer: Via3
      Partial area ratio:    0.20
      Required ratio:   20.00 (Gate area) 
      Cumulative area ratio:    0.51
      Required ratio:    0.00 (Cumulative area) 

    Layer: Metal4
      Partial area ratio:  111.91
      Required ratio:    0.00 (Gate area) 
      Cumulative area ratio:  118.75
      Required ratio:    0.00 (Cumulative area) 
      Partial area ratio:  431.97
      Required ratio:  400.00 (Side area) (VIOLATED)
      Cumulative area ratio:  460.54
      Required ratio:    0.00 (Cumulative side area) 

    Layer: Via4
      Partial area ratio:    0.03
      Required ratio:   20.00 (Gate area) 
      Cumulative area ratio:    0.54
      Required ratio:    0.00 (Cumulative area) 

    Layer: Metal5
      Partial area ratio:   12.40
      Required ratio:    0.00 (Gate area) 
      Cumulative area ratio:  131.15
      Required ratio:    0.00 (Cumulative area) 
      Partial area ratio:   67.21
      Required ratio:  400.00 (Side area) 
      Cumulative area ratio:  527.75
      Required ratio:    0.00 (Cumulative side area) 


  Pin:   _10931_/B (gf180mcu_as_sc_mcu7t3v3__mux2_2)
    Layer: Metal1
      Partial area ratio:    0.02
      Required ratio:    0.00 (Gate area) 
      Cumulative area ratio:    0.02
      Required ratio:    0.00 (Cumulative area) 
      Partial area ratio:    0.92
      Required ratio:  400.00 (Side area) 
      Cumulative area ratio:    0.92
      Required ratio:    0.00 (Cumulative side area) 

    Layer: Via1
      Partial area ratio:    0.10
      Required ratio:   20.00 (Gate area) 
      Cumulative area ratio:    0.10
      Required ratio:    0.00 (Cumulative area) 

    Layer: Metal2
      Partial area ratio:    2.73
      Required ratio:    0.00 (Gate area) 
      Cumulative area ratio:    2.75
      Required ratio:    0.00 (Cumulative area) 
      Partial area ratio:   10.99
      Required ratio:  400.00 (Side area) 
      Cumulative area ratio:   11.91
      Required ratio:    0.00 (Cumulative side area) 

    Layer: Via2
      Partial area ratio:    0.20
      Required ratio:   20.00 (Gate area) 
      Cumulative area ratio:    0.30
      Required ratio:    0.00 (Cumulative area) 

    Layer: Metal3
      Partial area ratio:    8.92
      Required ratio:    0.00 (Gate area) 
      Cumulative area ratio:   11.67
      Required ratio:    0.00 (Cumulative area) 
      Partial area ratio:   34.49
      Required ratio:  400.00 (Side area) 
      Cumulative area ratio:   46.40
      Required ratio:    0.00 (Cumulative side area) 

    Layer: Via3
      Partial area ratio:    0.10
      Required ratio:    0.00 (Gate area) 
      Cumulative area ratio:    0.41
      Required ratio:    0.00 (Cumulative area) 

    Layer: Metal4
      Partial area ratio:    0.01
      Required ratio:    0.00 (Gate area) 
      Cumulative area ratio:   11.68
      Required ratio:    0.00 (Cumulative area) 
      Partial area ratio:    0.05
      Required ratio:  400.00 (Side area) 
      Cumulative area ratio:   46.46
      Required ratio:    0.00 (Cumulative side area) 

    Layer: Via4
      Partial area ratio:    0.10
      Required ratio:    0.00 (Gate area) 
      Cumulative area ratio:    0.51
      Required ratio:    0.00 (Cumulative area) 

    Layer: Metal5
      Partial area ratio:   12.40
      Required ratio:    0.00 (Gate area) 
      Cumulative area ratio:   24.08
      Required ratio:    0.00 (Cumulative area) 
      Partial area ratio:   67.21
      Required ratio:  400.00 (Side area) 
      Cumulative area ratio:  113.67
      Required ratio:    0.00 (Cumulative side area) 


  Pin:   _10981_/B (gf180mcu_as_sc_mcu7t3v3__mux2_2)
    Layer: Metal1
      Partial area ratio:    0.02
      Required ratio:    0.00 (Gate area) 
      Cumulative area ratio:    0.02
      Required ratio:    0.00 (Cumulative area) 
      Partial area ratio:    0.92
      Required ratio:  400.00 (Side area) 
      Cumulative area ratio:    0.92
      Required ratio:    0.00 (Cumulative side area) 

    Layer: Via1
      Partial area ratio:    0.10
      Required ratio:   20.00 (Gate area) 
      Cumulative area ratio:    0.10
      Required ratio:    0.00 (Cumulative area) 

    Layer: Metal2
      Partial area ratio:    2.97
      Required ratio:    0.00 (Gate area) 
      Cumulative area ratio:    2.98
      Required ratio:    0.00 (Cumulative area) 
      Partial area ratio:   11.90
      Required ratio:  400.00 (Side area) 
      Cumulative area ratio:   12.82
      Required ratio:    0.00 (Cumulative side area) 

    Layer: Via2
      Partial area ratio:    0.20
      Required ratio:   20.00 (Gate area) 
      Cumulative area ratio:    0.30
      Required ratio:    0.00 (Cumulative area) 

    Layer: Metal3
      Partial area ratio:    0.32
      Required ratio:    0.00 (Gate area) 
      Cumulative area ratio:    3.30
      Required ratio:    0.00 (Cumulative area) 
      Partial area ratio:    2.14
      Required ratio:  400.00 (Side area) 
      Cumulative area ratio:   14.95
      Required ratio:    0.00 (Cumulative side area) 

    Layer: Via3
      Partial area ratio:    0.10
      Required ratio:   20.00 (Gate area) 
      Cumulative area ratio:    0.41
      Required ratio:    0.00 (Cumulative area) 

    Layer: Metal4
      Partial area ratio:  111.91
      Required ratio:    0.00 (Gate area) 
      Cumulative area ratio:  115.22
      Required ratio:    0.00 (Cumulative area) 
      Partial area ratio:  431.97
      Required ratio:  400.00 (Side area) (VIOLATED)
      Cumulative area ratio:  446.92
      Required ratio:    0.00 (Cumulative side area) 

    Layer: Via4
      Partial area ratio:    0.03
      Required ratio:   20.00 (Gate area) 
      Cumulative area ratio:    0.44
      Required ratio:    0.00 (Cumulative area) 

    Layer: Metal5
      Partial area ratio:   12.40
      Required ratio:    0.00 (Gate area) 
      Cumulative area ratio:  127.62
      Required ratio:    0.00 (Cumulative area) 
      Partial area ratio:   67.21
      Required ratio:  400.00 (Side area) 
      Cumulative area ratio:  514.13
      Required ratio:    0.00 (Cumulative side area) 


  Pin:   _10990_/A (gf180mcu_as_sc_mcu7t3v3__mux2_2)
    Layer: Metal1
      Partial area ratio:    0.01
      Required ratio:    0.00 (Gate area) 
      Cumulative area ratio:    0.01
      Required ratio:    0.00 (Cumulative area) 
      Partial area ratio:    0.88
      Required ratio:  400.00 (Side area) 
      Cumulative area ratio:    0.88
      Required ratio:    0.00 (Cumulative side area) 

    Layer: Via1
      Partial area ratio:    0.10
      Required ratio:   20.00 (Gate area) 
      Cumulative area ratio:    0.10
      Required ratio:    0.00 (Cumulative area) 

    Layer: Metal2
      Partial area ratio:    1.36
      Required ratio:    0.00 (Gate area) 
      Cumulative area ratio:    1.37
      Required ratio:    0.00 (Cumulative area) 
      Partial area ratio:    5.71
      Required ratio:  400.00 (Side area) 
      Cumulative area ratio:    6.59
      Required ratio:    0.00 (Cumulative side area) 

    Layer: Via2
      Partial area ratio:    0.20
      Required ratio:   20.00 (Gate area) 
      Cumulative area ratio:    0.30
      Required ratio:    0.00 (Cumulative area) 

    Layer: Metal3
      Partial area ratio:    0.32
      Required ratio:    0.00 (Gate area) 
      Cumulative area ratio:    1.69
      Required ratio:    0.00 (Cumulative area) 
      Partial area ratio:    2.14
      Required ratio:  400.00 (Side area) 
      Cumulative area ratio:    8.73
      Required ratio:    0.00 (Cumulative side area) 

    Layer: Via3
      Partial area ratio:    0.10
      Required ratio:   20.00 (Gate area) 
      Cumulative area ratio:    0.41
      Required ratio:    0.00 (Cumulative area) 

    Layer: Metal4
      Partial area ratio:  111.91
      Required ratio:    0.00 (Gate area) 
      Cumulative area ratio:  113.60
      Required ratio:    0.00 (Cumulative area) 
      Partial area ratio:  431.97
      Required ratio:  400.00 (Side area) (VIOLATED)
      Cumulative area ratio:  440.69
      Required ratio:    0.00 (Cumulative side area) 

    Layer: Via4
      Partial area ratio:    0.03
      Required ratio:   20.00 (Gate area) 
      Cumulative area ratio:    0.44
      Required ratio:    0.00 (Cumulative area) 

    Layer: Metal5
      Partial area ratio:   12.40
      Required ratio:    0.00 (Gate area) 
      Cumulative area ratio:  126.00
      Required ratio:    0.00 (Cumulative area) 
      Partial area ratio:   67.21
      Required ratio:  400.00 (Side area) 
      Cumulative area ratio:  507.91
      Required ratio:    0.00 (Cumulative side area) 



Net: net900
  Pin:   _10919_/B (gf180mcu_as_sc_mcu7t3v3__mux2_2)
    Layer: Metal1
      Partial area ratio:    0.02
      Required ratio:    0.00 (Gate area) 
      Cumulative area ratio:    0.02
      Required ratio:    0.00 (Cumulative area) 
      Partial area ratio:    0.92
      Required ratio:  400.00 (Side area) 
      Cumulative area ratio:    0.92
      Required ratio:    0.00 (Cumulative side area) 

    Layer: Via1
      Partial area ratio:    0.10
      Required ratio:   20.00 (Gate area) 
      Cumulative area ratio:    0.10
      Required ratio:    0.00 (Cumulative area) 

    Layer: Metal2
      Partial area ratio:    3.20
      Required ratio:    0.00 (Gate area) 
      Cumulative area ratio:    3.22
      Required ratio:    0.00 (Cumulative area) 
      Partial area ratio:   12.81
      Required ratio:  400.00 (Side area) 
      Cumulative area ratio:   13.72
      Required ratio:    0.00 (Cumulative side area) 

    Layer: Via2
      Partial area ratio:    0.20
      Required ratio:   20.00 (Gate area) 
      Cumulative area ratio:    0.30
      Required ratio:    0.00 (Cumulative area) 

    Layer: Metal3
      Partial area ratio:    0.32
      Required ratio:    0.00 (Gate area) 
      Cumulative area ratio:    3.54
      Required ratio:    0.00 (Cumulative area) 
      Partial area ratio:    2.14
      Required ratio:  400.00 (Side area) 
      Cumulative area ratio:   15.86
      Required ratio:    0.00 (Cumulative side area) 

    Layer: Via3
      Partial area ratio:    0.10
      Required ratio:   20.00 (Gate area) 
      Cumulative area ratio:    0.41
      Required ratio:    0.00 (Cumulative area) 

    Layer: Metal4
      Partial area ratio:  111.86
      Required ratio:    0.00 (Gate area) 
      Cumulative area ratio:  115.40
      Required ratio:    0.00 (Cumulative area) 
      Partial area ratio:  431.61
      Required ratio:  400.00 (Side area) (VIOLATED)
      Cumulative area ratio:  447.47
      Required ratio:    0.00 (Cumulative side area) 

    Layer: Via4
      Partial area ratio:    0.03
      Required ratio:   20.00 (Gate area) 
      Cumulative area ratio:    0.44
      Required ratio:    0.00 (Cumulative area) 

    Layer: Metal5
      Partial area ratio:   11.66
      Required ratio:    0.00 (Gate area) 
      Cumulative area ratio:  127.06
      Required ratio:    0.00 (Cumulative area) 
      Partial area ratio:   63.14
      Required ratio:  400.00 (Side area) 
      Cumulative area ratio:  510.61
      Required ratio:    0.00 (Cumulative side area) 


  Pin:   _10930_/B (gf180mcu_as_sc_mcu7t3v3__mux2_2)
    Layer: Metal1
      Partial area ratio:    0.02
      Required ratio:    0.00 (Gate area) 
      Cumulative area ratio:    0.02
      Required ratio:    0.00 (Cumulative area) 
      Partial area ratio:    0.92
      Required ratio:  400.00 (Side area) 
      Cumulative area ratio:    0.92
      Required ratio:    0.00 (Cumulative side area) 

    Layer: Via1
      Partial area ratio:    0.10
      Required ratio:   20.00 (Gate area) 
      Cumulative area ratio:    0.10
      Required ratio:    0.00 (Cumulative area) 

    Layer: Metal2
      Partial area ratio:    1.95
      Required ratio:    0.00 (Gate area) 
      Cumulative area ratio:    1.96
      Required ratio:    0.00 (Cumulative area) 
      Partial area ratio:    7.96
      Required ratio:  400.00 (Side area) 
      Cumulative area ratio:    8.88
      Required ratio:    0.00 (Cumulative side area) 

    Layer: Via2
      Partial area ratio:    0.20
      Required ratio:   20.00 (Gate area) 
      Cumulative area ratio:    0.30
      Required ratio:    0.00 (Cumulative area) 

    Layer: Metal3
      Partial area ratio:    9.45
      Required ratio:    0.00 (Gate area) 
      Cumulative area ratio:   11.42
      Required ratio:    0.00 (Cumulative area) 
      Partial area ratio:   36.55
      Required ratio:  400.00 (Side area) 
      Cumulative area ratio:   45.43
      Required ratio:    0.00 (Cumulative side area) 

    Layer: Via3
      Partial area ratio:    0.10
      Required ratio:    0.00 (Gate area) 
      Cumulative area ratio:    0.41
      Required ratio:    0.00 (Cumulative area) 

    Layer: Metal4
      Partial area ratio:    0.37
      Required ratio:    0.00 (Gate area) 
      Cumulative area ratio:   11.78
      Required ratio:    0.00 (Cumulative area) 
      Partial area ratio:    1.43
      Required ratio:  400.00 (Side area) 
      Cumulative area ratio:   46.86
      Required ratio:    0.00 (Cumulative side area) 

    Layer: Via4
      Partial area ratio:    0.10
      Required ratio:    0.00 (Gate area) 
      Cumulative area ratio:    0.51
      Required ratio:    0.00 (Cumulative area) 

    Layer: Metal5
      Partial area ratio:   11.66
      Required ratio:    0.00 (Gate area) 
      Cumulative area ratio:   23.44
      Required ratio:    0.00 (Cumulative area) 
      Partial area ratio:   63.14
      Required ratio:  400.00 (Side area) 
      Cumulative area ratio:  110.00
      Required ratio:    0.00 (Cumulative side area) 


  Pin:   _10980_/B (gf180mcu_as_sc_mcu7t3v3__mux2_2)
    Layer: Metal1
      Partial area ratio:    0.02
      Required ratio:    0.00 (Gate area) 
      Cumulative area ratio:    0.02
      Required ratio:    0.00 (Cumulative area) 
      Partial area ratio:    0.92
      Required ratio:  400.00 (Side area) 
      Cumulative area ratio:    0.92
      Required ratio:    0.00 (Cumulative side area) 

    Layer: Via1
      Partial area ratio:    0.10
      Required ratio:   20.00 (Gate area) 
      Cumulative area ratio:    0.10
      Required ratio:    0.00 (Cumulative area) 

    Layer: Metal2
      Partial area ratio:    2.22
      Required ratio:    0.00 (Gate area) 
      Cumulative area ratio:    2.24
      Required ratio:    0.00 (Cumulative area) 
      Partial area ratio:    9.02
      Required ratio:  400.00 (Side area) 
      Cumulative area ratio:    9.94
      Required ratio:    0.00 (Cumulative side area) 

    Layer: Via2
      Partial area ratio:    0.20
      Required ratio:   20.00 (Gate area) 
      Cumulative area ratio:    0.30
      Required ratio:    0.00 (Cumulative area) 

    Layer: Metal3
      Partial area ratio:    3.85
      Required ratio:    0.00 (Gate area) 
      Cumulative area ratio:    6.09
      Required ratio:    0.00 (Cumulative area) 
      Partial area ratio:   15.75
      Required ratio:  400.00 (Side area) 
      Cumulative area ratio:   25.69
      Required ratio:    0.00 (Cumulative side area) 

    Layer: Via3
      Partial area ratio:    0.10
      Required ratio:   20.00 (Gate area) 
      Cumulative area ratio:    0.41
      Required ratio:    0.00 (Cumulative area) 

    Layer: Metal4
      Partial area ratio:  111.86
      Required ratio:    0.00 (Gate area) 
      Cumulative area ratio:  117.95
      Required ratio:    0.00 (Cumulative area) 
      Partial area ratio:  431.61
      Required ratio:  400.00 (Side area) (VIOLATED)
      Cumulative area ratio:  457.30
      Required ratio:    0.00 (Cumulative side area) 

    Layer: Via4
      Partial area ratio:    0.03
      Required ratio:   20.00 (Gate area) 
      Cumulative area ratio:    0.44
      Required ratio:    0.00 (Cumulative area) 

    Layer: Metal5
      Partial area ratio:   11.66
      Required ratio:    0.00 (Gate area) 
      Cumulative area ratio:  129.61
      Required ratio:    0.00 (Cumulative area) 
      Partial area ratio:   63.14
      Required ratio:  400.00 (Side area) 
      Cumulative area ratio:  520.44
      Required ratio:    0.00 (Cumulative side area) 


  Pin:   _10989_/A (gf180mcu_as_sc_mcu7t3v3__mux2_2)
    Layer: Metal1
      Partial area ratio:    0.01
      Required ratio:    0.00 (Gate area) 
      Cumulative area ratio:    0.01
      Required ratio:    0.00 (Cumulative area) 
      Partial area ratio:    0.88
      Required ratio:  400.00 (Side area) 
      Cumulative area ratio:    0.88
      Required ratio:    0.00 (Cumulative side area) 

    Layer: Via1
      Partial area ratio:    0.10
      Required ratio:   20.00 (Gate area) 
      Cumulative area ratio:    0.10
      Required ratio:    0.00 (Cumulative area) 

    Layer: Metal2
      Partial area ratio:    2.30
      Required ratio:    0.00 (Gate area) 
      Cumulative area ratio:    2.31
      Required ratio:    0.00 (Cumulative area) 
      Partial area ratio:    9.34
      Required ratio:  400.00 (Side area) 
      Cumulative area ratio:   10.22
      Required ratio:    0.00 (Cumulative side area) 

    Layer: Via2
      Partial area ratio:    0.20
      Required ratio:   20.00 (Gate area) 
      Cumulative area ratio:    0.30
      Required ratio:    0.00 (Cumulative area) 

    Layer: Metal3
      Partial area ratio:    0.32
      Required ratio:    0.00 (Gate area) 
      Cumulative area ratio:    2.63
      Required ratio:    0.00 (Cumulative area) 
      Partial area ratio:    2.14
      Required ratio:  400.00 (Side area) 
      Cumulative area ratio:   12.36
      Required ratio:    0.00 (Cumulative side area) 

    Layer: Via3
      Partial area ratio:    0.10
      Required ratio:   20.00 (Gate area) 
      Cumulative area ratio:    0.41
      Required ratio:    0.00 (Cumulative area) 

    Layer: Metal4
      Partial area ratio:  111.86
      Required ratio:    0.00 (Gate area) 
      Cumulative area ratio:  114.49
      Required ratio:    0.00 (Cumulative area) 
      Partial area ratio:  431.61
      Required ratio:  400.00 (Side area) (VIOLATED)
      Cumulative area ratio:  443.97
      Required ratio:    0.00 (Cumulative side area) 

    Layer: Via4
      Partial area ratio:    0.03
      Required ratio:   20.00 (Gate area) 
      Cumulative area ratio:    0.44
      Required ratio:    0.00 (Cumulative area) 

    Layer: Metal5
      Partial area ratio:   11.66
      Required ratio:    0.00 (Gate area) 
      Cumulative area ratio:  126.15
      Required ratio:    0.00 (Cumulative area) 
      Partial area ratio:   63.14
      Required ratio:  400.00 (Side area) 
      Cumulative area ratio:  507.11
      Required ratio:    0.00 (Cumulative side area) 



Net: net901
  Pin:   _10918_/B (gf180mcu_as_sc_mcu7t3v3__mux2_2)
    Layer: Metal1
      Partial area ratio:    0.02
      Required ratio:    0.00 (Gate area) 
      Cumulative area ratio:    0.02
      Required ratio:    0.00 (Cumulative area) 
      Partial area ratio:    0.92
      Required ratio:  400.00 (Side area) 
      Cumulative area ratio:    0.92
      Required ratio:    0.00 (Cumulative side area) 

    Layer: Via1
      Partial area ratio:    0.10
      Required ratio:   20.00 (Gate area) 
      Cumulative area ratio:    0.10
      Required ratio:    0.00 (Cumulative area) 

    Layer: Metal2
      Partial area ratio:    3.44
      Required ratio:    0.00 (Gate area) 
      Cumulative area ratio:    3.46
      Required ratio:    0.00 (Cumulative area) 
      Partial area ratio:   13.71
      Required ratio:  400.00 (Side area) 
      Cumulative area ratio:   14.63
      Required ratio:    0.00 (Cumulative side area) 

    Layer: Via2
      Partial area ratio:    0.20
      Required ratio:   20.00 (Gate area) 
      Cumulative area ratio:    0.30
      Required ratio:    0.00 (Cumulative area) 

    Layer: Metal3
      Partial area ratio:   39.14
      Required ratio:    0.00 (Gate area) 
      Cumulative area ratio:   42.60
      Required ratio:    0.00 (Cumulative area) 
      Partial area ratio:  151.89
      Required ratio:  400.00 (Side area) 
      Cumulative area ratio:  166.52
      Required ratio:    0.00 (Cumulative side area) 

    Layer: Via3
      Partial area ratio:    0.10
      Required ratio:   20.00 (Gate area) 
      Cumulative area ratio:    0.41
      Required ratio:    0.00 (Cumulative area) 

    Layer: Metal4
      Partial area ratio:  110.72
      Required ratio:    0.00 (Gate area) 
      Cumulative area ratio:  153.32
      Required ratio:    0.00 (Cumulative area) 
      Partial area ratio:  427.38
      Required ratio:  400.00 (Side area) (VIOLATED)
      Cumulative area ratio:  593.89
      Required ratio:    0.00 (Cumulative side area) 

    Layer: Via4
      Partial area ratio:    0.03
      Required ratio:   20.00 (Gate area) 
      Cumulative area ratio:    0.44
      Required ratio:    0.00 (Cumulative area) 

    Layer: Metal5
      Partial area ratio:   20.65
      Required ratio:    0.00 (Gate area) 
      Cumulative area ratio:  173.97
      Required ratio:    0.00 (Cumulative area) 
      Partial area ratio:  111.84
      Required ratio:  400.00 (Side area) 
      Cumulative area ratio:  705.73
      Required ratio:    0.00 (Cumulative side area) 


  Pin:   _10929_/B (gf180mcu_as_sc_mcu7t3v3__mux2_2)
    Layer: Metal1
      Partial area ratio:    0.02
      Required ratio:    0.00 (Gate area) 
      Cumulative area ratio:    0.02
      Required ratio:    0.00 (Cumulative area) 
      Partial area ratio:    0.92
      Required ratio:  400.00 (Side area) 
      Cumulative area ratio:    0.92
      Required ratio:    0.00 (Cumulative side area) 

    Layer: Via1
      Partial area ratio:    0.10
      Required ratio:   20.00 (Gate area) 
      Cumulative area ratio:    0.10
      Required ratio:    0.00 (Cumulative area) 

    Layer: Metal2
      Partial area ratio:    0.35
      Required ratio:    0.00 (Gate area) 
      Cumulative area ratio:    0.37
      Required ratio:    0.00 (Cumulative area) 
      Partial area ratio:    1.75
      Required ratio:  400.00 (Side area) 
      Cumulative area ratio:    2.67
      Required ratio:    0.00 (Cumulative side area) 

    Layer: Via2
      Partial area ratio:    0.14
      Required ratio:   20.00 (Gate area) 
      Cumulative area ratio:    0.24
      Required ratio:    0.00 (Cumulative area) 

    Layer: Metal3
      Partial area ratio:    0.21
      Required ratio:    0.00 (Gate area) 
      Cumulative area ratio:    0.58
      Required ratio:    0.00 (Cumulative area) 
      Partial area ratio:    1.22
      Required ratio:  400.00 (Side area) 
      Cumulative area ratio:    3.89
      Required ratio:    0.00 (Cumulative side area) 

    Layer: Via3
      Partial area ratio:    0.10
      Required ratio:   20.00 (Gate area) 
      Cumulative area ratio:    0.34
      Required ratio:    0.00 (Cumulative area) 

    Layer: Metal4
      Partial area ratio:    3.73
      Required ratio:    0.00 (Gate area) 
      Cumulative area ratio:    4.31
      Required ratio:    0.00 (Cumulative area) 
      Partial area ratio:   14.85
      Required ratio:  400.00 (Side area) 
      Cumulative area ratio:   18.74
      Required ratio:    0.00 (Cumulative side area) 

    Layer: Via4
      Partial area ratio:    0.20
      Required ratio:   20.00 (Gate area) 
      Cumulative area ratio:    0.54
      Required ratio:    0.00 (Cumulative area) 

    Layer: Metal5
      Partial area ratio:   20.65
      Required ratio:    0.00 (Gate area) 
      Cumulative area ratio:   24.96
      Required ratio:    0.00 (Cumulative area) 
      Partial area ratio:  111.84
      Required ratio:  400.00 (Side area) 
      Cumulative area ratio:  130.58
      Required ratio:    0.00 (Cumulative side area) 


  Pin:   _10979_/B (gf180mcu_as_sc_mcu7t3v3__mux2_2)
    Layer: Metal1
      Partial area ratio:    0.02
      Required ratio:    0.00 (Gate area) 
      Cumulative area ratio:    0.02
      Required ratio:    0.00 (Cumulative area) 
      Partial area ratio:    0.92
      Required ratio:  400.00 (Side area) 
      Cumulative area ratio:    0.92
      Required ratio:    0.00 (Cumulative side area) 

    Layer: Via1
      Partial area ratio:    0.10
      Required ratio:   20.00 (Gate area) 
      Cumulative area ratio:    0.10
      Required ratio:    0.00 (Cumulative area) 

    Layer: Metal2
      Partial area ratio:    0.81
      Required ratio:    0.00 (Gate area) 
      Cumulative area ratio:    0.83
      Required ratio:    0.00 (Cumulative area) 
      Partial area ratio:    3.58
      Required ratio:  400.00 (Side area) 
      Cumulative area ratio:    4.49
      Required ratio:    0.00 (Cumulative side area) 

    Layer: Via2
      Partial area ratio:    0.20
      Required ratio:   20.00 (Gate area) 
      Cumulative area ratio:    0.30
      Required ratio:    0.00 (Cumulative area) 

    Layer: Metal3
      Partial area ratio:    7.38
      Required ratio:    0.00 (Gate area) 
      Cumulative area ratio:    8.21
      Required ratio:    0.00 (Cumulative area) 
      Partial area ratio:   29.37
      Required ratio:  400.00 (Side area) 
      Cumulative area ratio:   33.86
      Required ratio:    0.00 (Cumulative side area) 

    Layer: Via3
      Partial area ratio:    0.20
      Required ratio:   20.00 (Gate area) 
      Cumulative area ratio:    0.51
      Required ratio:    0.00 (Cumulative area) 

    Layer: Metal4
      Partial area ratio:  110.72
      Required ratio:    0.00 (Gate area) 
      Cumulative area ratio:  118.93
      Required ratio:    0.00 (Cumulative area) 
      Partial area ratio:  427.38
      Required ratio:  400.00 (Side area) (VIOLATED)
      Cumulative area ratio:  461.24
      Required ratio:    0.00 (Cumulative side area) 

    Layer: Via4
      Partial area ratio:    0.03
      Required ratio:   20.00 (Gate area) 
      Cumulative area ratio:    0.54
      Required ratio:    0.00 (Cumulative area) 

    Layer: Metal5
      Partial area ratio:   20.65
      Required ratio:    0.00 (Gate area) 
      Cumulative area ratio:  139.58
      Required ratio:    0.00 (Cumulative area) 
      Partial area ratio:  111.84
      Required ratio:  400.00 (Side area) 
      Cumulative area ratio:  573.07
      Required ratio:    0.00 (Cumulative side area) 


  Pin:   _10988_/A (gf180mcu_as_sc_mcu7t3v3__mux2_2)
    Layer: Metal1
      Partial area ratio:    0.01
      Required ratio:    0.00 (Gate area) 
      Cumulative area ratio:    0.01
      Required ratio:    0.00 (Cumulative area) 
      Partial area ratio:    0.88
      Required ratio:  400.00 (Side area) 
      Cumulative area ratio:    0.88
      Required ratio:    0.00 (Cumulative side area) 

    Layer: Via1
      Partial area ratio:    0.10
      Required ratio:   20.00 (Gate area) 
      Cumulative area ratio:    0.10
      Required ratio:    0.00 (Cumulative area) 

    Layer: Metal2
      Partial area ratio:    1.36
      Required ratio:    0.00 (Gate area) 
      Cumulative area ratio:    1.37
      Required ratio:    0.00 (Cumulative area) 
      Partial area ratio:    5.71
      Required ratio:  400.00 (Side area) 
      Cumulative area ratio:    6.59
      Required ratio:    0.00 (Cumulative side area) 

    Layer: Via2
      Partial area ratio:    0.20
      Required ratio:   20.00 (Gate area) 
      Cumulative area ratio:    0.30
      Required ratio:    0.00 (Cumulative area) 

    Layer: Metal3
      Partial area ratio:    3.85
      Required ratio:    0.00 (Gate area) 
      Cumulative area ratio:    5.22
      Required ratio:    0.00 (Cumulative area) 
      Partial area ratio:   15.75
      Required ratio:  400.00 (Side area) 
      Cumulative area ratio:   22.34
      Required ratio:    0.00 (Cumulative side area) 

    Layer: Via3
      Partial area ratio:    0.10
      Required ratio:   20.00 (Gate area) 
      Cumulative area ratio:    0.41
      Required ratio:    0.00 (Cumulative area) 

    Layer: Metal4
      Partial area ratio:  110.72
      Required ratio:    0.00 (Gate area) 
      Cumulative area ratio:  115.94
      Required ratio:    0.00 (Cumulative area) 
      Partial area ratio:  427.38
      Required ratio:  400.00 (Side area) (VIOLATED)
      Cumulative area ratio:  449.72
      Required ratio:    0.00 (Cumulative side area) 

    Layer: Via4
      Partial area ratio:    0.03
      Required ratio:   20.00 (Gate area) 
      Cumulative area ratio:    0.44
      Required ratio:    0.00 (Cumulative area) 

    Layer: Metal5
      Partial area ratio:   20.65
      Required ratio:    0.00 (Gate area) 
      Cumulative area ratio:  136.59
      Required ratio:    0.00 (Cumulative area) 
      Partial area ratio:  111.84
      Required ratio:  400.00 (Side area) 
      Cumulative area ratio:  561.55
      Required ratio:    0.00 (Cumulative side area) 



Net: net902
  Pin:   _10917_/B (gf180mcu_as_sc_mcu7t3v3__mux2_2)
    Layer: Metal1
      Partial area ratio:    0.02
      Required ratio:    0.00 (Gate area) 
      Cumulative area ratio:    0.02
      Required ratio:    0.00 (Cumulative area) 
      Partial area ratio:    0.92
      Required ratio:  400.00 (Side area) 
      Cumulative area ratio:    0.92
      Required ratio:    0.00 (Cumulative side area) 

    Layer: Via1
      Partial area ratio:    0.10
      Required ratio:   20.00 (Gate area) 
      Cumulative area ratio:    0.10
      Required ratio:    0.00 (Cumulative area) 

    Layer: Metal2
      Partial area ratio:    0.82
      Required ratio:    0.00 (Gate area) 
      Cumulative area ratio:    0.84
      Required ratio:    0.00 (Cumulative area) 
      Partial area ratio:    3.57
      Required ratio:  400.00 (Side area) 
      Cumulative area ratio:    4.49
      Required ratio:    0.00 (Cumulative side area) 

    Layer: Via2
      Partial area ratio:    0.14
      Required ratio:   20.00 (Gate area) 
      Cumulative area ratio:    0.24
      Required ratio:    0.00 (Cumulative area) 

    Layer: Metal3
      Partial area ratio:   31.98
      Required ratio:    0.00 (Gate area) 
      Cumulative area ratio:   32.82
      Required ratio:    0.00 (Cumulative area) 
      Partial area ratio:  123.74
      Required ratio:  400.00 (Side area) 
      Cumulative area ratio:  128.23
      Required ratio:    0.00 (Cumulative side area) 

    Layer: Via3
      Partial area ratio:    0.10
      Required ratio:   20.00 (Gate area) 
      Cumulative area ratio:    0.34
      Required ratio:    0.00 (Cumulative area) 

    Layer: Metal4
      Partial area ratio:  110.72
      Required ratio:    0.00 (Gate area) 
      Cumulative area ratio:  143.54
      Required ratio:    0.00 (Cumulative area) 
      Partial area ratio:  427.38
      Required ratio:  400.00 (Side area) (VIOLATED)
      Cumulative area ratio:  555.61
      Required ratio:    0.00 (Cumulative side area) 

    Layer: Via4
      Partial area ratio:    0.03
      Required ratio:   20.00 (Gate area) 
      Cumulative area ratio:    0.38
      Required ratio:    0.00 (Cumulative area) 

    Layer: Metal5
      Partial area ratio:   21.85
      Required ratio:    0.00 (Gate area) 
      Cumulative area ratio:  165.39
      Required ratio:    0.00 (Cumulative area) 
      Partial area ratio:  118.26
      Required ratio:  400.00 (Side area) 
      Cumulative area ratio:  673.87
      Required ratio:    0.00 (Cumulative side area) 


  Pin:   _10928_/B (gf180mcu_as_sc_mcu7t3v3__mux2_2)
    Layer: Metal1
      Partial area ratio:    0.02
      Required ratio:    0.00 (Gate area) 
      Cumulative area ratio:    0.02
      Required ratio:    0.00 (Cumulative area) 
      Partial area ratio:    0.92
      Required ratio:  400.00 (Side area) 
      Cumulative area ratio:    0.92
      Required ratio:    0.00 (Cumulative side area) 

    Layer: Via1
      Partial area ratio:    0.10
      Required ratio:   20.00 (Gate area) 
      Cumulative area ratio:    0.10
      Required ratio:    0.00 (Cumulative area) 

    Layer: Metal2
      Partial area ratio:    6.14
      Required ratio:    0.00 (Gate area) 
      Cumulative area ratio:    6.16
      Required ratio:    0.00 (Cumulative area) 
      Partial area ratio:   24.14
      Required ratio:  400.00 (Side area) 
      Cumulative area ratio:   25.06
      Required ratio:    0.00 (Cumulative side area) 

    Layer: Via2
      Partial area ratio:    0.20
      Required ratio:   20.00 (Gate area) 
      Cumulative area ratio:    0.30
      Required ratio:    0.00 (Cumulative area) 

    Layer: Metal3
      Partial area ratio:    0.32
      Required ratio:    0.00 (Gate area) 
      Cumulative area ratio:    6.48
      Required ratio:    0.00 (Cumulative area) 
      Partial area ratio:    2.14
      Required ratio:  400.00 (Side area) 
      Cumulative area ratio:   27.20
      Required ratio:    0.00 (Cumulative side area) 

    Layer: Via3
      Partial area ratio:    0.10
      Required ratio:   20.00 (Gate area) 
      Cumulative area ratio:    0.41
      Required ratio:    0.00 (Cumulative area) 

    Layer: Metal4
      Partial area ratio:    0.16
      Required ratio:    0.00 (Gate area) 
      Cumulative area ratio:    6.64
      Required ratio:    0.00 (Cumulative area) 
      Partial area ratio:    1.07
      Required ratio:  400.00 (Side area) 
      Cumulative area ratio:   28.27
      Required ratio:    0.00 (Cumulative side area) 

    Layer: Via4
      Partial area ratio:    0.10
      Required ratio:   20.00 (Gate area) 
      Cumulative area ratio:    0.51
      Required ratio:    0.00 (Cumulative area) 

    Layer: Metal5
      Partial area ratio:   21.85
      Required ratio:    0.00 (Gate area) 
      Cumulative area ratio:   28.49
      Required ratio:    0.00 (Cumulative area) 
      Partial area ratio:  118.26
      Required ratio:  400.00 (Side area) 
      Cumulative area ratio:  146.53
      Required ratio:    0.00 (Cumulative side area) 


  Pin:   _10978_/B (gf180mcu_as_sc_mcu7t3v3__mux2_2)
    Layer: Metal1
      Partial area ratio:    0.02
      Required ratio:    0.00 (Gate area) 
      Cumulative area ratio:    0.02
      Required ratio:    0.00 (Cumulative area) 
      Partial area ratio:    0.92
      Required ratio:  400.00 (Side area) 
      Cumulative area ratio:    0.92
      Required ratio:    0.00 (Cumulative side area) 

    Layer: Via1
      Partial area ratio:    0.10
      Required ratio:   20.00 (Gate area) 
      Cumulative area ratio:    0.10
      Required ratio:    0.00 (Cumulative area) 

    Layer: Metal2
      Partial area ratio:    2.73
      Required ratio:    0.00 (Gate area) 
      Cumulative area ratio:    2.75
      Required ratio:    0.00 (Cumulative area) 
      Partial area ratio:   10.99
      Required ratio:  400.00 (Side area) 
      Cumulative area ratio:   11.91
      Required ratio:    0.00 (Cumulative side area) 

    Layer: Via2
      Partial area ratio:    0.20
      Required ratio:   20.00 (Gate area) 
      Cumulative area ratio:    0.30
      Required ratio:    0.00 (Cumulative area) 

    Layer: Metal3
      Partial area ratio:    3.85
      Required ratio:    0.00 (Gate area) 
      Cumulative area ratio:    6.60
      Required ratio:    0.00 (Cumulative area) 
      Partial area ratio:   15.75
      Required ratio:  400.00 (Side area) 
      Cumulative area ratio:   27.66
      Required ratio:    0.00 (Cumulative side area) 

    Layer: Via3
      Partial area ratio:    0.20
      Required ratio:   20.00 (Gate area) 
      Cumulative area ratio:    0.51
      Required ratio:    0.00 (Cumulative area) 

    Layer: Metal4
      Partial area ratio:  110.72
      Required ratio:    0.00 (Gate area) 
      Cumulative area ratio:  117.32
      Required ratio:    0.00 (Cumulative area) 
      Partial area ratio:  427.38
      Required ratio:  400.00 (Side area) (VIOLATED)
      Cumulative area ratio:  455.04
      Required ratio:    0.00 (Cumulative side area) 

    Layer: Via4
      Partial area ratio:    0.03
      Required ratio:   20.00 (Gate area) 
      Cumulative area ratio:    0.54
      Required ratio:    0.00 (Cumulative area) 

    Layer: Metal5
      Partial area ratio:   21.85
      Required ratio:    0.00 (Gate area) 
      Cumulative area ratio:  139.17
      Required ratio:    0.00 (Cumulative area) 
      Partial area ratio:  118.26
      Required ratio:  400.00 (Side area) 
      Cumulative area ratio:  573.30
      Required ratio:    0.00 (Cumulative side area) 


  Pin:   _10987_/A (gf180mcu_as_sc_mcu7t3v3__mux2_2)
    Layer: Metal1
      Partial area ratio:    0.01
      Required ratio:    0.00 (Gate area) 
      Cumulative area ratio:    0.01
      Required ratio:    0.00 (Cumulative area) 
      Partial area ratio:    0.88
      Required ratio:  400.00 (Side area) 
      Cumulative area ratio:    0.88
      Required ratio:    0.00 (Cumulative side area) 

    Layer: Via1
      Partial area ratio:    0.10
      Required ratio:   20.00 (Gate area) 
      Cumulative area ratio:    0.10
      Required ratio:    0.00 (Cumulative area) 

    Layer: Metal2
      Partial area ratio:    1.60
      Required ratio:    0.00 (Gate area) 
      Cumulative area ratio:    1.61
      Required ratio:    0.00 (Cumulative area) 
      Partial area ratio:    6.62
      Required ratio:  400.00 (Side area) 
      Cumulative area ratio:    7.50
      Required ratio:    0.00 (Cumulative side area) 

    Layer: Via2
      Partial area ratio:    0.20
      Required ratio:   20.00 (Gate area) 
      Cumulative area ratio:    0.30
      Required ratio:    0.00 (Cumulative area) 

    Layer: Metal3
      Partial area ratio:    0.32
      Required ratio:    0.00 (Gate area) 
      Cumulative area ratio:    1.93
      Required ratio:    0.00 (Cumulative area) 
      Partial area ratio:    2.14
      Required ratio:  400.00 (Side area) 
      Cumulative area ratio:    9.63
      Required ratio:    0.00 (Cumulative side area) 

    Layer: Via3
      Partial area ratio:    0.10
      Required ratio:   20.00 (Gate area) 
      Cumulative area ratio:    0.41
      Required ratio:    0.00 (Cumulative area) 

    Layer: Metal4
      Partial area ratio:  110.72
      Required ratio:    0.00 (Gate area) 
      Cumulative area ratio:  112.65
      Required ratio:    0.00 (Cumulative area) 
      Partial area ratio:  427.38
      Required ratio:  400.00 (Side area) (VIOLATED)
      Cumulative area ratio:  437.01
      Required ratio:    0.00 (Cumulative side area) 

    Layer: Via4
      Partial area ratio:    0.03
      Required ratio:   20.00 (Gate area) 
      Cumulative area ratio:    0.44
      Required ratio:    0.00 (Cumulative area) 

    Layer: Metal5
      Partial area ratio:   21.85
      Required ratio:    0.00 (Gate area) 
      Cumulative area ratio:  134.50
      Required ratio:    0.00 (Cumulative area) 
      Partial area ratio:  118.26
      Required ratio:  400.00 (Side area) 
      Cumulative area ratio:  555.27
      Required ratio:    0.00 (Cumulative side area) 



Net: net1340
  Pin:   _10962_/A (gf180mcu_as_sc_mcu7t3v3__mux2_2)
    Layer: Metal1
      Partial area ratio:    0.01
      Required ratio:    0.00 (Gate area) 
      Cumulative area ratio:    0.01
      Required ratio:    0.00 (Cumulative area) 
      Partial area ratio:    0.88
      Required ratio:  400.00 (Side area) 
      Cumulative area ratio:    0.88
      Required ratio:    0.00 (Cumulative side area) 

    Layer: Via1
      Partial area ratio:    0.10
      Required ratio:   20.00 (Gate area) 
      Cumulative area ratio:    0.10
      Required ratio:    0.00 (Cumulative area) 

    Layer: Metal2
      Partial area ratio:    1.31
      Required ratio:    0.00 (Gate area) 
      Cumulative area ratio:    1.32
      Required ratio:    0.00 (Cumulative area) 
      Partial area ratio:    5.52
      Required ratio:  400.00 (Side area) 
      Cumulative area ratio:    6.39
      Required ratio:    0.00 (Cumulative side area) 

    Layer: Via2
      Partial area ratio:    0.20
      Required ratio:   20.00 (Gate area) 
      Cumulative area ratio:    0.30
      Required ratio:    0.00 (Cumulative area) 

    Layer: Metal3
      Partial area ratio:    0.32
      Required ratio:    0.00 (Gate area) 
      Cumulative area ratio:    1.64
      Required ratio:    0.00 (Cumulative area) 
      Partial area ratio:    2.14
      Required ratio:  400.00 (Side area) 
      Cumulative area ratio:    8.53
      Required ratio:    0.00 (Cumulative side area) 

    Layer: Via3
      Partial area ratio:    0.10
      Required ratio:   20.00 (Gate area) 
      Cumulative area ratio:    0.41
      Required ratio:    0.00 (Cumulative area) 

    Layer: Metal4
      Partial area ratio:  162.55
      Required ratio:    0.00 (Gate area) 
      Cumulative area ratio:  164.19
      Required ratio:    0.00 (Cumulative area) 
      Partial area ratio:  627.45
      Required ratio:  400.00 (Side area) (VIOLATED)
      Cumulative area ratio:  635.98
      Required ratio:    0.00 (Cumulative side area) 

    Layer: Via4
      Partial area ratio:    0.10
      Required ratio:   20.00 (Gate area) 
      Cumulative area ratio:    0.51
      Required ratio:    0.00 (Cumulative area) 

    Layer: Metal5
      Partial area ratio:   35.99
      Required ratio:    0.00 (Gate area) 
      Cumulative area ratio:  200.18
      Required ratio:    0.00 (Cumulative area) 
      Partial area ratio:  194.85
      Required ratio:  400.00 (Side area) 
      Cumulative area ratio:  830.83
      Required ratio:    0.00 (Cumulative side area) 


  Pin:   _10983_/A (gf180mcu_as_sc_mcu7t3v3__mux2_2)
    Layer: Metal1
      Partial area ratio:    0.01
      Required ratio:    0.00 (Gate area) 
      Cumulative area ratio:    0.01
      Required ratio:    0.00 (Cumulative area) 
      Partial area ratio:    0.88
      Required ratio:  400.00 (Side area) 
      Cumulative area ratio:    0.88
      Required ratio:    0.00 (Cumulative side area) 

    Layer: Via1
      Partial area ratio:    0.10
      Required ratio:   20.00 (Gate area) 
      Cumulative area ratio:    0.10
      Required ratio:    0.00 (Cumulative area) 

    Layer: Metal2
      Partial area ratio:    1.68
      Required ratio:    0.00 (Gate area) 
      Cumulative area ratio:    1.69
      Required ratio:    0.00 (Cumulative area) 
      Partial area ratio:    6.93
      Required ratio:  400.00 (Side area) 
      Cumulative area ratio:    7.80
      Required ratio:    0.00 (Cumulative side area) 

    Layer: Via2
      Partial area ratio:    0.20
      Required ratio:   20.00 (Gate area) 
      Cumulative area ratio:    0.30
      Required ratio:    0.00 (Cumulative area) 

    Layer: Metal3
      Partial area ratio:   10.91
      Required ratio:    0.00 (Gate area) 
      Cumulative area ratio:   12.59
      Required ratio:    0.00 (Cumulative area) 
      Partial area ratio:   42.98
      Required ratio:  400.00 (Side area) 
      Cumulative area ratio:   50.78
      Required ratio:    0.00 (Cumulative side area) 

    Layer: Via3
      Partial area ratio:    0.20
      Required ratio:   20.00 (Gate area) 
      Cumulative area ratio:    0.51
      Required ratio:    0.00 (Cumulative area) 

    Layer: Metal4
      Partial area ratio:   81.36
      Required ratio:    0.00 (Gate area) 
      Cumulative area ratio:   93.95
      Required ratio:    0.00 (Cumulative area) 
      Partial area ratio:  314.26
      Required ratio:  400.00 (Side area) 
      Cumulative area ratio:  365.04
      Required ratio:    0.00 (Cumulative side area) 

    Layer: Via4
      Partial area ratio:    0.05
      Required ratio:   20.00 (Gate area) 
      Cumulative area ratio:    0.56
      Required ratio:    0.00 (Cumulative area) 

    Layer: Metal5
      Partial area ratio:   35.99
      Required ratio:    0.00 (Gate area) 
      Cumulative area ratio:  129.94
      Required ratio:    0.00 (Cumulative area) 
      Partial area ratio:  194.85
      Required ratio:  400.00 (Side area) 
      Cumulative area ratio:  559.89
      Required ratio:    0.00 (Cumulative side area) 


  Pin:   _10992_/B (gf180mcu_as_sc_mcu7t3v3__mux2_2)
    Layer: Metal1
      Partial area ratio:    0.02
      Required ratio:    0.00 (Gate area) 
      Cumulative area ratio:    0.02
      Required ratio:    0.00 (Cumulative area) 
      Partial area ratio:    0.92
      Required ratio:  400.00 (Side area) 
      Cumulative area ratio:    0.92
      Required ratio:    0.00 (Cumulative side area) 

    Layer: Via1
      Partial area ratio:    0.10
      Required ratio:   20.00 (Gate area) 
      Cumulative area ratio:    0.10
      Required ratio:    0.00 (Cumulative area) 

    Layer: Metal2
      Partial area ratio:    2.18
      Required ratio:    0.00 (Gate area) 
      Cumulative area ratio:    2.20
      Required ratio:    0.00 (Cumulative area) 
      Partial area ratio:    8.87
      Required ratio:  400.00 (Side area) 
      Cumulative area ratio:    9.78
      Required ratio:    0.00 (Cumulative side area) 

    Layer: Via2
      Partial area ratio:    0.20
      Required ratio:   20.00 (Gate area) 
      Cumulative area ratio:    0.30
      Required ratio:    0.00 (Cumulative area) 

    Layer: Metal3
      Partial area ratio:   10.91
      Required ratio:    0.00 (Gate area) 
      Cumulative area ratio:   13.11
      Required ratio:    0.00 (Cumulative area) 
      Partial area ratio:   42.98
      Required ratio:  400.00 (Side area) 
      Cumulative area ratio:   52.76
      Required ratio:    0.00 (Cumulative side area) 

    Layer: Via3
      Partial area ratio:    0.10
      Required ratio:   20.00 (Gate area) 
      Cumulative area ratio:    0.41
      Required ratio:    0.00 (Cumulative area) 

    Layer: Metal4
      Partial area ratio:   81.36
      Required ratio:    0.00 (Gate area) 
      Cumulative area ratio:   94.46
      Required ratio:    0.00 (Cumulative area) 
      Partial area ratio:  314.26
      Required ratio:  400.00 (Side area) 
      Cumulative area ratio:  367.02
      Required ratio:    0.00 (Cumulative side area) 

    Layer: Via4
      Partial area ratio:    0.05
      Required ratio:   20.00 (Gate area) 
      Cumulative area ratio:    0.46
      Required ratio:    0.00 (Cumulative area) 

    Layer: Metal5
      Partial area ratio:   35.99
      Required ratio:    0.00 (Gate area) 
      Cumulative area ratio:  130.45
      Required ratio:    0.00 (Cumulative area) 
      Partial area ratio:  194.85
      Required ratio:  400.00 (Side area) 
      Cumulative area ratio:  561.88
      Required ratio:    0.00 (Cumulative side area) 


  Pin:   fanout765/A (gf180mcu_as_sc_mcu7t3v3__buff_2)
    Layer: Via1
      Partial area ratio:    0.10
      Required ratio:   20.00 (Gate area) 
      Cumulative area ratio:    0.10
      Required ratio:    0.00 (Cumulative area) 

    Layer: Metal2
      Partial area ratio:    3.87
      Required ratio:    0.00 (Gate area) 
      Cumulative area ratio:    3.87
      Required ratio:    0.00 (Cumulative area) 
      Partial area ratio:   15.36
      Required ratio:  400.00 (Side area) 
      Cumulative area ratio:   15.36
      Required ratio:    0.00 (Cumulative side area) 

    Layer: Via2
      Partial area ratio:    0.20
      Required ratio:   20.00 (Gate area) 
      Cumulative area ratio:    0.30
      Required ratio:    0.00 (Cumulative area) 

    Layer: Metal3
      Partial area ratio:    7.38
      Required ratio:    0.00 (Gate area) 
      Cumulative area ratio:   11.24
      Required ratio:    0.00 (Cumulative area) 
      Partial area ratio:   29.37
      Required ratio:  400.00 (Side area) 
      Cumulative area ratio:   44.73
      Required ratio:    0.00 (Cumulative side area) 

    Layer: Via3
      Partial area ratio:    0.10
      Required ratio:   20.00 (Gate area) 
      Cumulative area ratio:    0.41
      Required ratio:    0.00 (Cumulative area) 

    Layer: Metal4
      Partial area ratio:   36.74
      Required ratio:    0.00 (Gate area) 
      Cumulative area ratio:   47.98
      Required ratio:    0.00 (Cumulative area) 
      Partial area ratio:  141.79
      Required ratio:  400.00 (Side area) 
      Cumulative area ratio:  186.52
      Required ratio:    0.00 (Cumulative side area) 

    Layer: Via4
      Partial area ratio:    0.10
      Required ratio:    0.00 (Gate area) 
      Cumulative area ratio:    0.51
      Required ratio:    0.00 (Cumulative area) 

    Layer: Metal5
      Partial area ratio:   35.99
      Required ratio:    0.00 (Gate area) 
      Cumulative area ratio:   83.97
      Required ratio:    0.00 (Cumulative area) 
      Partial area ratio:  194.85
      Required ratio:  400.00 (Side area) 
      Cumulative area ratio:  381.37
      Required ratio:    0.00 (Cumulative side area) 



[INFO ANT-0002] Found 26 net violations.
[INFO ANT-0001] Found 48 pin violations.
