Net: _01012_
  Pin:   _13468_/B (gf180mcu_as_sc_mcu7t3v3__mux2_2)
    Layer: Metal1
      Partial area ratio:    0.02
      Required ratio:    0.00 (Gate area) 
      Cumulative area ratio:    0.02
      Required ratio:    0.00 (Cumulative area) 
      Partial area ratio:    0.92
      Required ratio:  400.00 (Side area) 
      Cumulative area ratio:    0.92
      Required ratio:    0.00 (Cumulative side area) 

    Layer: Via1
      Partial area ratio:    0.10
      Required ratio:   20.00 (Gate area) 
      Cumulative area ratio:    0.10
      Required ratio:    0.00 (Cumulative area) 

    Layer: Metal2
      Partial area ratio:    2.42
      Required ratio:    0.00 (Gate area) 
      Cumulative area ratio:    2.43
      Required ratio:    0.00 (Cumulative area) 
      Partial area ratio:    9.78
      Required ratio:  400.00 (Side area) 
      Cumulative area ratio:   10.69
      Required ratio:    0.00 (Cumulative side area) 

    Layer: Via2
      Partial area ratio:    0.20
      Required ratio:   20.00 (Gate area) 
      Cumulative area ratio:    0.30
      Required ratio:    0.00 (Cumulative area) 

    Layer: Metal3
      Partial area ratio:   10.91
      Required ratio:    0.00 (Gate area) 
      Cumulative area ratio:   13.34
      Required ratio:    0.00 (Cumulative area) 
      Partial area ratio:   42.98
      Required ratio:  400.00 (Side area) 
      Cumulative area ratio:   53.67
      Required ratio:    0.00 (Cumulative side area) 

    Layer: Via3
      Partial area ratio:    0.10
      Required ratio:   20.00 (Gate area) 
      Cumulative area ratio:    0.41
      Required ratio:    0.00 (Cumulative area) 

    Layer: Metal4
      Partial area ratio:    3.73
      Required ratio:    0.00 (Gate area) 
      Cumulative area ratio:   17.07
      Required ratio:    0.00 (Cumulative area) 
      Partial area ratio:   14.85
      Required ratio:  400.00 (Side area) 
      Cumulative area ratio:   68.52
      Required ratio:    0.00 (Cumulative side area) 

    Layer: Via4
      Partial area ratio:    0.10
      Required ratio:   20.00 (Gate area) 
      Cumulative area ratio:    0.51
      Required ratio:    0.00 (Cumulative area) 

    Layer: Metal5
      Partial area ratio:   24.48
      Required ratio:    0.00 (Gate area) 
      Cumulative area ratio:   41.56
      Required ratio:    0.00 (Cumulative area) 
      Partial area ratio:  132.63
      Required ratio:  400.00 (Side area) 
      Cumulative area ratio:  201.15
      Required ratio:    0.00 (Cumulative side area) 


  Pin:   _15919_/A (gf180mcu_as_sc_mcu7t3v3__mux2_2)
    Layer: Metal1
      Partial area ratio:    0.01
      Required ratio:    0.00 (Gate area) 
      Cumulative area ratio:    0.01
      Required ratio:    0.00 (Cumulative area) 
      Partial area ratio:    0.88
      Required ratio:  400.00 (Side area) 
      Cumulative area ratio:    0.88
      Required ratio:    0.00 (Cumulative side area) 

    Layer: Via1
      Partial area ratio:    0.10
      Required ratio:   20.00 (Gate area) 
      Cumulative area ratio:    0.10
      Required ratio:    0.00 (Cumulative area) 

    Layer: Metal2
      Partial area ratio:    1.55
      Required ratio:    0.00 (Gate area) 
      Cumulative area ratio:    1.56
      Required ratio:    0.00 (Cumulative area) 
      Partial area ratio:    6.43
      Required ratio:  400.00 (Side area) 
      Cumulative area ratio:    7.30
      Required ratio:    0.00 (Cumulative side area) 

    Layer: Via2
      Partial area ratio:    0.20
      Required ratio:   20.00 (Gate area) 
      Cumulative area ratio:    0.30
      Required ratio:    0.00 (Cumulative area) 

    Layer: Metal3
      Partial area ratio:  148.55
      Required ratio:    0.00 (Gate area) 
      Cumulative area ratio:  150.11
      Required ratio:    0.00 (Cumulative area) 
      Partial area ratio:  573.90
      Required ratio:  400.00 (Side area) (VIOLATED)
      Cumulative area ratio:  581.20
      Required ratio:    0.00 (Cumulative side area) 

    Layer: Via3
      Partial area ratio:    0.30
      Required ratio:   20.00 (Gate area) 
      Cumulative area ratio:    0.61
      Required ratio:    0.00 (Cumulative area) 

    Layer: Metal4
      Partial area ratio:   29.75
      Required ratio:    0.00 (Gate area) 
      Cumulative area ratio:  179.86
      Required ratio:    0.00 (Cumulative area) 
      Partial area ratio:  114.97
      Required ratio:  400.00 (Side area) 
      Cumulative area ratio:  696.18
      Required ratio:    0.00 (Cumulative side area) 

    Layer: Via4
      Partial area ratio:    0.05
      Required ratio:    0.00 (Gate area) 
      Cumulative area ratio:    0.66
      Required ratio:    0.00 (Cumulative area) 

    Layer: Metal5
      Partial area ratio:   24.48
      Required ratio:    0.00 (Gate area) 
      Cumulative area ratio:  204.34
      Required ratio:    0.00 (Cumulative area) 
      Partial area ratio:  132.63
      Required ratio:  400.00 (Side area) 
      Cumulative area ratio:  828.81
      Required ratio:    0.00 (Cumulative side area) 


  Pin:   _18430_/B (gf180mcu_as_sc_mcu7t3v3__mux2_2)
    Layer: Metal1
      Partial area ratio:    0.02
      Required ratio:    0.00 (Gate area) 
      Cumulative area ratio:    0.02
      Required ratio:    0.00 (Cumulative area) 
      Partial area ratio:    0.92
      Required ratio:  400.00 (Side area) 
      Cumulative area ratio:    0.92
      Required ratio:    0.00 (Cumulative side area) 

    Layer: Via1
      Partial area ratio:    0.10
      Required ratio:   20.00 (Gate area) 
      Cumulative area ratio:    0.10
      Required ratio:    0.00 (Cumulative area) 

    Layer: Metal2
      Partial area ratio:    2.85
      Required ratio:    0.00 (Gate area) 
      Cumulative area ratio:    2.87
      Required ratio:    0.00 (Cumulative area) 
      Partial area ratio:   11.44
      Required ratio:  400.00 (Side area) 
      Cumulative area ratio:   12.35
      Required ratio:    0.00 (Cumulative side area) 

    Layer: Via2
      Partial area ratio:    0.20
      Required ratio:   20.00 (Gate area) 
      Cumulative area ratio:    0.30
      Required ratio:    0.00 (Cumulative area) 

    Layer: Metal3
      Partial area ratio:    3.85
      Required ratio:    0.00 (Gate area) 
      Cumulative area ratio:    6.71
      Required ratio:    0.00 (Cumulative area) 
      Partial area ratio:   15.75
      Required ratio:  400.00 (Side area) 
      Cumulative area ratio:   28.11
      Required ratio:    0.00 (Cumulative side area) 

    Layer: Via3
      Partial area ratio:    0.10
      Required ratio:   20.00 (Gate area) 
      Cumulative area ratio:    0.41
      Required ratio:    0.00 (Cumulative area) 

    Layer: Metal4
      Partial area ratio:   29.75
      Required ratio:    0.00 (Gate area) 
      Cumulative area ratio:   36.46
      Required ratio:    0.00 (Cumulative area) 
      Partial area ratio:  114.97
      Required ratio:  400.00 (Side area) 
      Cumulative area ratio:  143.08
      Required ratio:    0.00 (Cumulative side area) 

    Layer: Via4
      Partial area ratio:    0.05
      Required ratio:    0.00 (Gate area) 
      Cumulative area ratio:    0.46
      Required ratio:    0.00 (Cumulative area) 

    Layer: Metal5
      Partial area ratio:   24.48
      Required ratio:    0.00 (Gate area) 
      Cumulative area ratio:   60.94
      Required ratio:    0.00 (Cumulative area) 
      Partial area ratio:  132.63
      Required ratio:  400.00 (Side area) 
      Cumulative area ratio:  275.71
      Required ratio:    0.00 (Cumulative side area) 


  Pin:   _20877_/A (gf180mcu_as_sc_mcu7t3v3__mux2_2)
    Layer: Metal1
      Partial area ratio:    0.01
      Required ratio:    0.00 (Gate area) 
      Cumulative area ratio:    0.01
      Required ratio:    0.00 (Cumulative area) 
      Partial area ratio:    0.88
      Required ratio:  400.00 (Side area) 
      Cumulative area ratio:    0.88
      Required ratio:    0.00 (Cumulative side area) 

    Layer: Via1
      Partial area ratio:    0.10
      Required ratio:   20.00 (Gate area) 
      Cumulative area ratio:    0.10
      Required ratio:    0.00 (Cumulative area) 

    Layer: Metal2
      Partial area ratio:    0.84
      Required ratio:    0.00 (Gate area) 
      Cumulative area ratio:    0.85
      Required ratio:    0.00 (Cumulative area) 
      Partial area ratio:    3.70
      Required ratio:  400.00 (Side area) 
      Cumulative area ratio:    4.58
      Required ratio:    0.00 (Cumulative side area) 

    Layer: Via2
      Partial area ratio:    0.20
      Required ratio:   20.00 (Gate area) 
      Cumulative area ratio:    0.30
      Required ratio:    0.00 (Cumulative area) 

    Layer: Metal3
      Partial area ratio:    0.32
      Required ratio:    0.00 (Gate area) 
      Cumulative area ratio:    1.17
      Required ratio:    0.00 (Cumulative area) 
      Partial area ratio:    2.14
      Required ratio:  400.00 (Side area) 
      Cumulative area ratio:    6.72
      Required ratio:    0.00 (Cumulative side area) 

    Layer: Via3
      Partial area ratio:    0.10
      Required ratio:   20.00 (Gate area) 
      Cumulative area ratio:    0.41
      Required ratio:    0.00 (Cumulative area) 

    Layer: Metal4
      Partial area ratio:   99.03
      Required ratio:    0.00 (Gate area) 
      Cumulative area ratio:  100.19
      Required ratio:    0.00 (Cumulative area) 
      Partial area ratio:  382.41
      Required ratio:  400.00 (Side area) 
      Cumulative area ratio:  389.13
      Required ratio:    0.00 (Cumulative side area) 

    Layer: Via4
      Partial area ratio:    0.10
      Required ratio:   20.00 (Gate area) 
      Cumulative area ratio:    0.51
      Required ratio:    0.00 (Cumulative area) 

    Layer: Metal5
      Partial area ratio:   24.48
      Required ratio:    0.00 (Gate area) 
      Cumulative area ratio:  124.68
      Required ratio:    0.00 (Cumulative area) 
      Partial area ratio:  132.63
      Required ratio:  400.00 (Side area) 
      Cumulative area ratio:  521.76
      Required ratio:    0.00 (Cumulative side area) 



Net: _02084_
  Pin:   _11091_/B (gf180mcu_as_sc_mcu7t3v3__or2_2)
    Layer: Via1
      Partial area ratio:    0.10
      Required ratio:   20.00 (Gate area) 
      Cumulative area ratio:    0.10
      Required ratio:    0.00 (Cumulative area) 

    Layer: Metal2
      Partial area ratio:    2.33
      Required ratio:    0.00 (Gate area) 
      Cumulative area ratio:    2.33
      Required ratio:    0.00 (Cumulative area) 
      Partial area ratio:    9.45
      Required ratio:  400.00 (Side area) 
      Cumulative area ratio:    9.45
      Required ratio:    0.00 (Cumulative side area) 

    Layer: Via2
      Partial area ratio:    0.20
      Required ratio:   20.00 (Gate area) 
      Cumulative area ratio:    0.30
      Required ratio:    0.00 (Cumulative area) 

    Layer: Metal3
      Partial area ratio:    0.32
      Required ratio:    0.00 (Gate area) 
      Cumulative area ratio:    2.65
      Required ratio:    0.00 (Cumulative area) 
      Partial area ratio:    2.14
      Required ratio:  400.00 (Side area) 
      Cumulative area ratio:   11.59
      Required ratio:    0.00 (Cumulative side area) 

    Layer: Via3
      Partial area ratio:    0.10
      Required ratio:   20.00 (Gate area) 
      Cumulative area ratio:    0.41
      Required ratio:    0.00 (Cumulative area) 

    Layer: Metal4
      Partial area ratio:    0.16
      Required ratio:    0.00 (Gate area) 
      Cumulative area ratio:    2.81
      Required ratio:    0.00 (Cumulative area) 
      Partial area ratio:    1.07
      Required ratio:  400.00 (Side area) 
      Cumulative area ratio:   12.66
      Required ratio:    0.00 (Cumulative side area) 

    Layer: Via4
      Partial area ratio:    0.10
      Required ratio:   20.00 (Gate area) 
      Cumulative area ratio:    0.51
      Required ratio:    0.00 (Cumulative area) 

    Layer: Metal5
      Partial area ratio:   86.84
      Required ratio:    0.00 (Gate area) 
      Cumulative area ratio:   89.65
      Required ratio:    0.00 (Cumulative area) 
      Partial area ratio:  470.06
      Required ratio:  400.00 (Side area) (VIOLATED)
      Cumulative area ratio:  482.72
      Required ratio:    0.00 (Cumulative side area) 



Net: _02102_
  Pin:   _11110_/B (gf180mcu_as_sc_mcu7t3v3__mux2_2)
    Layer: Metal1
      Partial area ratio:    0.02
      Required ratio:    0.00 (Gate area) 
      Cumulative area ratio:    0.02
      Required ratio:    0.00 (Cumulative area) 
      Partial area ratio:    0.92
      Required ratio:  400.00 (Side area) 
      Cumulative area ratio:    0.92
      Required ratio:    0.00 (Cumulative side area) 

    Layer: Via1
      Partial area ratio:    0.10
      Required ratio:   20.00 (Gate area) 
      Cumulative area ratio:    0.10
      Required ratio:    0.00 (Cumulative area) 

    Layer: Metal2
      Partial area ratio:  133.52
      Required ratio:    0.00 (Gate area) 
      Cumulative area ratio:  133.53
      Required ratio:    0.00 (Cumulative area) 
      Partial area ratio:  515.44
      Required ratio:  400.00 (Side area) (VIOLATED)
      Cumulative area ratio:  516.36
      Required ratio:    0.00 (Cumulative side area) 

    Layer: Via2
      Partial area ratio:    0.20
      Required ratio:   20.00 (Gate area) 
      Cumulative area ratio:    0.30
      Required ratio:    0.00 (Cumulative area) 

    Layer: Metal3
      Partial area ratio:    0.83
      Required ratio:    0.00 (Gate area) 
      Cumulative area ratio:  134.36
      Required ratio:    0.00 (Cumulative area) 
      Partial area ratio:    3.46
      Required ratio:  400.00 (Side area) 
      Cumulative area ratio:  519.82
      Required ratio:    0.00 (Cumulative side area) 



Net: _02137_
  Pin:   _11145_/B (gf180mcu_as_sc_mcu7t3v3__or2_2)
    Layer: Via1
      Partial area ratio:    0.10
      Required ratio:   20.00 (Gate area) 
      Cumulative area ratio:    0.10
      Required ratio:    0.00 (Cumulative area) 

    Layer: Metal2
      Partial area ratio:    3.32
      Required ratio:    0.00 (Gate area) 
      Cumulative area ratio:    3.32
      Required ratio:    0.00 (Cumulative area) 
      Partial area ratio:   13.27
      Required ratio:  400.00 (Side area) 
      Cumulative area ratio:   13.27
      Required ratio:    0.00 (Cumulative side area) 

    Layer: Via2
      Partial area ratio:    0.20
      Required ratio:   20.00 (Gate area) 
      Cumulative area ratio:    0.30
      Required ratio:    0.00 (Cumulative area) 

    Layer: Metal3
      Partial area ratio:    0.32
      Required ratio:    0.00 (Gate area) 
      Cumulative area ratio:    3.64
      Required ratio:    0.00 (Cumulative area) 
      Partial area ratio:    2.14
      Required ratio:  400.00 (Side area) 
      Cumulative area ratio:   15.40
      Required ratio:    0.00 (Cumulative side area) 

    Layer: Via3
      Partial area ratio:    0.10
      Required ratio:   20.00 (Gate area) 
      Cumulative area ratio:    0.41
      Required ratio:    0.00 (Cumulative area) 

    Layer: Metal4
      Partial area ratio:    3.73
      Required ratio:    0.00 (Gate area) 
      Cumulative area ratio:    7.37
      Required ratio:    0.00 (Cumulative area) 
      Partial area ratio:   14.85
      Required ratio:  400.00 (Side area) 
      Cumulative area ratio:   30.25
      Required ratio:    0.00 (Cumulative side area) 

    Layer: Via4
      Partial area ratio:    0.10
      Required ratio:   20.00 (Gate area) 
      Cumulative area ratio:    0.51
      Required ratio:    0.00 (Cumulative area) 

    Layer: Metal5
      Partial area ratio:   82.27
      Required ratio:    0.00 (Gate area) 
      Cumulative area ratio:   89.65
      Required ratio:    0.00 (Cumulative area) 
      Partial area ratio:  445.35
      Required ratio:  400.00 (Side area) (VIOLATED)
      Cumulative area ratio:  475.60
      Required ratio:    0.00 (Cumulative side area) 



Net: _02155_
  Pin:   _11164_/B (gf180mcu_as_sc_mcu7t3v3__or2_2)
    Layer: Via1
      Partial area ratio:    0.10
      Required ratio:   20.00 (Gate area) 
      Cumulative area ratio:    0.10
      Required ratio:    0.00 (Cumulative area) 

    Layer: Metal2
      Partial area ratio:    4.73
      Required ratio:    0.00 (Gate area) 
      Cumulative area ratio:    4.73
      Required ratio:    0.00 (Cumulative area) 
      Partial area ratio:   18.71
      Required ratio:  400.00 (Side area) 
      Cumulative area ratio:   18.71
      Required ratio:    0.00 (Cumulative side area) 

    Layer: Via2
      Partial area ratio:    0.20
      Required ratio:   20.00 (Gate area) 
      Cumulative area ratio:    0.30
      Required ratio:    0.00 (Cumulative area) 

    Layer: Metal3
      Partial area ratio:  155.61
      Required ratio:    0.00 (Gate area) 
      Cumulative area ratio:  160.35
      Required ratio:    0.00 (Cumulative area) 
      Partial area ratio:  601.13
      Required ratio:  400.00 (Side area) (VIOLATED)
      Cumulative area ratio:  619.84
      Required ratio:    0.00 (Cumulative side area) 

    Layer: Via3
      Partial area ratio:    0.10
      Required ratio:   20.00 (Gate area) 
      Cumulative area ratio:    0.41
      Required ratio:    0.00 (Cumulative area) 

    Layer: Metal4
      Partial area ratio:    3.73
      Required ratio:    0.00 (Gate area) 
      Cumulative area ratio:  164.08
      Required ratio:    0.00 (Cumulative area) 
      Partial area ratio:   14.85
      Required ratio:  400.00 (Side area) 
      Cumulative area ratio:  634.69
      Required ratio:    0.00 (Cumulative side area) 

    Layer: Via4
      Partial area ratio:    0.10
      Required ratio:   20.00 (Gate area) 
      Cumulative area ratio:    0.51
      Required ratio:    0.00 (Cumulative area) 

    Layer: Metal5
      Partial area ratio:   17.19
      Required ratio:    0.00 (Gate area) 
      Cumulative area ratio:  181.27
      Required ratio:    0.00 (Cumulative area) 
      Partial area ratio:   93.29
      Required ratio:  400.00 (Side area) 
      Cumulative area ratio:  727.98
      Required ratio:    0.00 (Cumulative side area) 



Net: _02354_
  Pin:   _11369_/A (gf180mcu_as_sc_mcu7t3v3__mux2_2)
    Layer: Metal1
      Partial area ratio:    0.01
      Required ratio:    0.00 (Gate area) 
      Cumulative area ratio:    0.01
      Required ratio:    0.00 (Cumulative area) 
      Partial area ratio:    0.88
      Required ratio:  400.00 (Side area) 
      Cumulative area ratio:    0.88
      Required ratio:    0.00 (Cumulative side area) 

    Layer: Via1
      Partial area ratio:    0.10
      Required ratio:   20.00 (Gate area) 
      Cumulative area ratio:    0.10
      Required ratio:    0.00 (Cumulative area) 

    Layer: Metal2
      Partial area ratio:    1.31
      Required ratio:    0.00 (Gate area) 
      Cumulative area ratio:    1.32
      Required ratio:    0.00 (Cumulative area) 
      Partial area ratio:    5.52
      Required ratio:  400.00 (Side area) 
      Cumulative area ratio:    6.39
      Required ratio:    0.00 (Cumulative side area) 

    Layer: Via2
      Partial area ratio:    0.20
      Required ratio:   20.00 (Gate area) 
      Cumulative area ratio:    0.30
      Required ratio:    0.00 (Cumulative area) 

    Layer: Metal3
      Partial area ratio:  159.14
      Required ratio:    0.00 (Gate area) 
      Cumulative area ratio:  160.46
      Required ratio:    0.00 (Cumulative area) 
      Partial area ratio:  614.74
      Required ratio:  400.00 (Side area) (VIOLATED)
      Cumulative area ratio:  621.14
      Required ratio:    0.00 (Cumulative side area) 

    Layer: Via3
      Partial area ratio:    0.10
      Required ratio:   20.00 (Gate area) 
      Cumulative area ratio:    0.41
      Required ratio:    0.00 (Cumulative area) 

    Layer: Metal4
      Partial area ratio:    7.26
      Required ratio:    0.00 (Gate area) 
      Cumulative area ratio:  167.72
      Required ratio:    0.00 (Cumulative area) 
      Partial area ratio:   28.46
      Required ratio:  400.00 (Side area) 
      Cumulative area ratio:  649.60
      Required ratio:    0.00 (Cumulative side area) 

    Layer: Via4
      Partial area ratio:    0.10
      Required ratio:   20.00 (Gate area) 
      Cumulative area ratio:    0.51
      Required ratio:    0.00 (Cumulative area) 

    Layer: Metal5
      Partial area ratio:    4.63
      Required ratio:    0.00 (Gate area) 
      Cumulative area ratio:  172.35
      Required ratio:    0.00 (Cumulative area) 
      Partial area ratio:   25.35
      Required ratio:  400.00 (Side area) 
      Cumulative area ratio:  674.95
      Required ratio:    0.00 (Cumulative side area) 



Net: _02399_
  Pin:   _11412_/B (gf180mcu_as_sc_mcu7t3v3__or2_2)
    Layer: Via1
      Partial area ratio:    0.10
      Required ratio:   20.00 (Gate area) 
      Cumulative area ratio:    0.10
      Required ratio:    0.00 (Cumulative area) 

    Layer: Metal2
      Partial area ratio:    2.14
      Required ratio:    0.00 (Gate area) 
      Cumulative area ratio:    2.14
      Required ratio:    0.00 (Cumulative area) 
      Partial area ratio:    8.73
      Required ratio:  400.00 (Side area) 
      Cumulative area ratio:    8.73
      Required ratio:    0.00 (Cumulative side area) 

    Layer: Via2
      Partial area ratio:    0.20
      Required ratio:   20.00 (Gate area) 
      Cumulative area ratio:    0.30
      Required ratio:    0.00 (Cumulative area) 

    Layer: Metal3
      Partial area ratio:    0.32
      Required ratio:    0.00 (Gate area) 
      Cumulative area ratio:    2.46
      Required ratio:    0.00 (Cumulative area) 
      Partial area ratio:    2.14
      Required ratio:  400.00 (Side area) 
      Cumulative area ratio:   10.87
      Required ratio:    0.00 (Cumulative side area) 

    Layer: Via3
      Partial area ratio:    0.10
      Required ratio:   20.00 (Gate area) 
      Cumulative area ratio:    0.41
      Required ratio:    0.00 (Cumulative area) 

    Layer: Metal4
      Partial area ratio:    0.16
      Required ratio:    0.00 (Gate area) 
      Cumulative area ratio:    2.62
      Required ratio:    0.00 (Cumulative area) 
      Partial area ratio:    1.07
      Required ratio:  400.00 (Side area) 
      Cumulative area ratio:   11.94
      Required ratio:    0.00 (Cumulative side area) 

    Layer: Via4
      Partial area ratio:    0.10
      Required ratio:   20.00 (Gate area) 
      Cumulative area ratio:    0.51
      Required ratio:    0.00 (Cumulative area) 

    Layer: Metal5
      Partial area ratio:   85.70
      Required ratio:    0.00 (Gate area) 
      Cumulative area ratio:   88.32
      Required ratio:    0.00 (Cumulative area) 
      Partial area ratio:  463.88
      Required ratio:  400.00 (Side area) (VIOLATED)
      Cumulative area ratio:  475.82
      Required ratio:    0.00 (Cumulative side area) 



Net: k_idx\[3\]
  Pin:   hold1340/A (gf180mcu_as_sc_mcu7t3v3__dlybuff_2)
    Layer: Via1
      Partial area ratio:    0.25
      Required ratio:   20.00 (Gate area) 
      Cumulative area ratio:    0.25
      Required ratio:    0.00 (Cumulative area) 

    Layer: Metal2
      Partial area ratio:    4.85
      Required ratio:    0.00 (Gate area) 
      Cumulative area ratio:    4.85
      Required ratio:    0.00 (Cumulative area) 
      Partial area ratio:   19.83
      Required ratio:  400.00 (Side area) 
      Cumulative area ratio:   19.83
      Required ratio:    0.00 (Cumulative side area) 

    Layer: Via2
      Partial area ratio:    0.51
      Required ratio:   20.00 (Gate area) 
      Cumulative area ratio:    0.76
      Required ratio:    0.00 (Cumulative area) 

    Layer: Metal3
      Partial area ratio:    0.80
      Required ratio:    0.00 (Gate area) 
      Cumulative area ratio:    5.65
      Required ratio:    0.00 (Cumulative area) 
      Partial area ratio:    5.36
      Required ratio:  400.00 (Side area) 
      Cumulative area ratio:   25.19
      Required ratio:    0.00 (Cumulative side area) 

    Layer: Via3
      Partial area ratio:    0.25
      Required ratio:   20.00 (Gate area) 
      Cumulative area ratio:    1.02
      Required ratio:    0.00 (Cumulative area) 

    Layer: Metal4
      Partial area ratio:  398.40
      Required ratio:    0.00 (Gate area) 
      Cumulative area ratio:  404.05
      Required ratio:    0.00 (Cumulative area) 
      Partial area ratio: 1537.82
      Required ratio:  400.00 (Side area) (VIOLATED)
      Cumulative area ratio: 1563.02
      Required ratio:    0.00 (Cumulative side area) 

    Layer: Via4
      Partial area ratio:    0.25
      Required ratio:   20.00 (Gate area) 
      Cumulative area ratio:    1.27
      Required ratio:    0.00 (Cumulative area) 

    Layer: Metal5
      Partial area ratio:   27.04
      Required ratio:    0.00 (Gate area) 
      Cumulative area ratio:  431.08
      Required ratio:    0.00 (Cumulative area) 
      Partial area ratio:  146.63
      Required ratio:  400.00 (Side area) 
      Cumulative area ratio: 1709.64
      Required ratio:    0.00 (Cumulative side area) 



Net: u_a_buffer.GEN_SRAM.GEN_A_ROWS\[0\].sram_q_raw\[3\]
  Pin:   _17830_/B (gf180mcu_as_sc_mcu7t3v3__nand2_2)
    Layer: Via1
      Partial area ratio:    0.05
      Required ratio:   20.00 (Gate area) 
      Cumulative area ratio:    0.05
      Required ratio:    0.00 (Cumulative area) 

    Layer: Metal2
      Partial area ratio:    1.31
      Required ratio:    0.00 (Gate area) 
      Cumulative area ratio:    1.31
      Required ratio:    0.00 (Cumulative area) 
      Partial area ratio:    5.28
      Required ratio:  400.00 (Side area) 
      Cumulative area ratio:    5.28
      Required ratio:    0.00 (Cumulative side area) 

    Layer: Via2
      Partial area ratio:    0.10
      Required ratio:   20.00 (Gate area) 
      Cumulative area ratio:    0.15
      Required ratio:    0.00 (Cumulative area) 

    Layer: Metal3
      Partial area ratio:    0.16
      Required ratio:    0.00 (Gate area) 
      Cumulative area ratio:    1.47
      Required ratio:    0.00 (Cumulative area) 
      Partial area ratio:    1.07
      Required ratio:  400.00 (Side area) 
      Cumulative area ratio:    6.35
      Required ratio:    0.00 (Cumulative side area) 

    Layer: Via3
      Partial area ratio:    0.05
      Required ratio:   20.00 (Gate area) 
      Cumulative area ratio:    0.20
      Required ratio:    0.00 (Cumulative area) 

    Layer: Metal4
      Partial area ratio:    7.10
      Required ratio:    0.00 (Gate area) 
      Cumulative area ratio:    8.57
      Required ratio:    0.00 (Cumulative area) 
      Partial area ratio:   27.41
      Required ratio:  400.00 (Side area) 
      Cumulative area ratio:   33.77
      Required ratio:    0.00 (Cumulative side area) 


  Pin:   fanout675/A (gf180mcu_as_sc_mcu7t3v3__buff_2)
    Layer: Via1
      Partial area ratio:    0.10
      Required ratio:   20.00 (Gate area) 
      Cumulative area ratio:    0.10
      Required ratio:    0.00 (Cumulative area) 

    Layer: Metal2
      Partial area ratio:   16.59
      Required ratio:    0.00 (Gate area) 
      Cumulative area ratio:   16.59
      Required ratio:    0.00 (Cumulative area) 
      Partial area ratio:   64.42
      Required ratio:  400.00 (Side area) 
      Cumulative area ratio:   64.42
      Required ratio:    0.00 (Cumulative side area) 

    Layer: Via2
      Partial area ratio:    0.20
      Required ratio:   20.00 (Gate area) 
      Cumulative area ratio:    0.30
      Required ratio:    0.00 (Cumulative area) 

    Layer: Metal3
      Partial area ratio:    1.89
      Required ratio:    0.00 (Gate area) 
      Cumulative area ratio:   18.48
      Required ratio:    0.00 (Cumulative area) 
      Partial area ratio:    7.35
      Required ratio:  400.00 (Side area) 
      Cumulative area ratio:   71.78
      Required ratio:    0.00 (Cumulative side area) 

    Layer: Via3
      Partial area ratio:    0.10
      Required ratio:    0.00 (Gate area) 
      Cumulative area ratio:    0.41
      Required ratio:    0.00 (Cumulative area) 

    Layer: Metal4
      Partial area ratio:    7.10
      Required ratio:    0.00 (Gate area) 
      Cumulative area ratio:   25.57
      Required ratio:    0.00 (Cumulative area) 
      Partial area ratio:   27.41
      Required ratio:  400.00 (Side area) 
      Cumulative area ratio:   99.19
      Required ratio:    0.00 (Cumulative side area) 


  Pin:   fanout677/A (gf180mcu_as_sc_mcu7t3v3__buff_2)
    Layer: Via1
      Partial area ratio:    0.10
      Required ratio:   20.00 (Gate area) 
      Cumulative area ratio:    0.10
      Required ratio:    0.00 (Cumulative area) 

    Layer: Metal2
      Partial area ratio:    1.02
      Required ratio:    0.00 (Gate area) 
      Cumulative area ratio:    1.02
      Required ratio:    0.00 (Cumulative area) 
      Partial area ratio:    4.40
      Required ratio:  400.00 (Side area) 
      Cumulative area ratio:    4.40
      Required ratio:    0.00 (Cumulative side area) 

    Layer: Via2
      Partial area ratio:    0.20
      Required ratio:   20.00 (Gate area) 
      Cumulative area ratio:    0.30
      Required ratio:    0.00 (Cumulative area) 

    Layer: Metal3
      Partial area ratio:  106.36
      Required ratio:    0.00 (Gate area) 
      Cumulative area ratio:  107.38
      Required ratio:    0.00 (Cumulative area) 
      Partial area ratio:  411.61
      Required ratio:  400.00 (Side area) (VIOLATED)
      Cumulative area ratio:  416.01
      Required ratio:    0.00 (Cumulative side area) 

    Layer: Via3
      Partial area ratio:    0.20
      Required ratio:   20.00 (Gate area) 
      Cumulative area ratio:    0.51
      Required ratio:    0.00 (Cumulative area) 

    Layer: Metal4
      Partial area ratio:    7.10
      Required ratio:    0.00 (Gate area) 
      Cumulative area ratio:  114.48
      Required ratio:    0.00 (Cumulative area) 
      Partial area ratio:   27.41
      Required ratio:  400.00 (Side area) 
      Cumulative area ratio:  443.42
      Required ratio:    0.00 (Cumulative side area) 



Net: u_b_buffer.GEN_SRAM.GEN_B_COLS\[1\].sram_q_raw\[2\]
  Pin:   fanout463/A (gf180mcu_as_sc_mcu7t3v3__buff_2)
    Layer: Via1
      Partial area ratio:    0.10
      Required ratio:   20.00 (Gate area) 
      Cumulative area ratio:    0.10
      Required ratio:    0.00 (Cumulative area) 

    Layer: Metal2
      Partial area ratio:    2.00
      Required ratio:    0.00 (Gate area) 
      Cumulative area ratio:    2.00
      Required ratio:    0.00 (Cumulative area) 
      Partial area ratio:    8.16
      Required ratio:  400.00 (Side area) 
      Cumulative area ratio:    8.16
      Required ratio:    0.00 (Cumulative side area) 

    Layer: Via2
      Partial area ratio:    0.20
      Required ratio:   20.00 (Gate area) 
      Cumulative area ratio:    0.30
      Required ratio:    0.00 (Cumulative area) 

    Layer: Metal3
      Partial area ratio:    0.32
      Required ratio:    0.00 (Gate area) 
      Cumulative area ratio:    2.32
      Required ratio:    0.00 (Cumulative area) 
      Partial area ratio:    2.14
      Required ratio:  400.00 (Side area) 
      Cumulative area ratio:   10.30
      Required ratio:    0.00 (Cumulative side area) 

    Layer: Via3
      Partial area ratio:    0.10
      Required ratio:   20.00 (Gate area) 
      Cumulative area ratio:    0.41
      Required ratio:    0.00 (Cumulative area) 

    Layer: Metal4
      Partial area ratio:   10.45
      Required ratio:    0.00 (Gate area) 
      Cumulative area ratio:   12.77
      Required ratio:    0.00 (Cumulative area) 
      Partial area ratio:   40.35
      Required ratio:  400.00 (Side area) 
      Cumulative area ratio:   50.65
      Required ratio:    0.00 (Cumulative side area) 


  Pin:   fanout464/A (gf180mcu_as_sc_mcu7t3v3__buff_2)
    Layer: Via1
      Partial area ratio:    0.10
      Required ratio:   20.00 (Gate area) 
      Cumulative area ratio:    0.10
      Required ratio:    0.00 (Cumulative area) 

    Layer: Metal2
      Partial area ratio:    0.31
      Required ratio:    0.00 (Gate area) 
      Cumulative area ratio:    0.31
      Required ratio:    0.00 (Cumulative area) 
      Partial area ratio:    1.64
      Required ratio:  400.00 (Side area) 
      Cumulative area ratio:    1.64
      Required ratio:    0.00 (Cumulative side area) 

    Layer: Via2
      Partial area ratio:    0.11
      Required ratio:   20.00 (Gate area) 
      Cumulative area ratio:    0.22
      Required ratio:    0.00 (Cumulative area) 

    Layer: Metal3
      Partial area ratio:    6.89
      Required ratio:    0.00 (Gate area) 
      Cumulative area ratio:    7.20
      Required ratio:    0.00 (Cumulative area) 
      Partial area ratio:   26.63
      Required ratio:  400.00 (Side area) 
      Cumulative area ratio:   28.27
      Required ratio:    0.00 (Cumulative side area) 

    Layer: Via3
      Partial area ratio:    0.10
      Required ratio:    0.00 (Gate area) 
      Cumulative area ratio:    0.32
      Required ratio:    0.00 (Cumulative area) 

    Layer: Metal4
      Partial area ratio:   10.45
      Required ratio:    0.00 (Gate area) 
      Cumulative area ratio:   17.65
      Required ratio:    0.00 (Cumulative area) 
      Partial area ratio:   40.35
      Required ratio:  400.00 (Side area) 
      Cumulative area ratio:   68.62
      Required ratio:    0.00 (Cumulative side area) 


  Pin:   fanout467/A (gf180mcu_as_sc_mcu7t3v3__buff_2)
    Layer: Via1
      Partial area ratio:    0.10
      Required ratio:   20.00 (Gate area) 
      Cumulative area ratio:    0.10
      Required ratio:    0.00 (Cumulative area) 

    Layer: Metal2
      Partial area ratio:    2.88
      Required ratio:    0.00 (Gate area) 
      Cumulative area ratio:    2.88
      Required ratio:    0.00 (Cumulative area) 
      Partial area ratio:   11.55
      Required ratio:  400.00 (Side area) 
      Cumulative area ratio:   11.55
      Required ratio:    0.00 (Cumulative side area) 

    Layer: Via2
      Partial area ratio:    0.20
      Required ratio:   20.00 (Gate area) 
      Cumulative area ratio:    0.30
      Required ratio:    0.00 (Cumulative area) 

    Layer: Metal3
      Partial area ratio:  138.13
      Required ratio:    0.00 (Gate area) 
      Cumulative area ratio:  141.00
      Required ratio:    0.00 (Cumulative area) 
      Partial area ratio:  534.13
      Required ratio:  400.00 (Side area) (VIOLATED)
      Cumulative area ratio:  545.68
      Required ratio:    0.00 (Cumulative side area) 

    Layer: Via3
      Partial area ratio:    0.20
      Required ratio:   20.00 (Gate area) 
      Cumulative area ratio:    0.51
      Required ratio:    0.00 (Cumulative area) 

    Layer: Metal4
      Partial area ratio:   10.45
      Required ratio:    0.00 (Gate area) 
      Cumulative area ratio:  151.45
      Required ratio:    0.00 (Cumulative area) 
      Partial area ratio:   40.35
      Required ratio:  400.00 (Side area) 
      Cumulative area ratio:  586.04
      Required ratio:    0.00 (Cumulative side area) 



Net: u_b_buffer.GEN_SRAM.GEN_B_COLS\[1\].sram_q_raw\[5\]
  Pin:   fanout448/A (gf180mcu_as_sc_mcu7t3v3__buff_2)
    Layer: Via1
      Partial area ratio:    0.10
      Required ratio:   20.00 (Gate area) 
      Cumulative area ratio:    0.10
      Required ratio:    0.00 (Cumulative area) 

    Layer: Metal2
      Partial area ratio:    1.76
      Required ratio:    0.00 (Gate area) 
      Cumulative area ratio:    1.76
      Required ratio:    0.00 (Cumulative area) 
      Partial area ratio:    7.25
      Required ratio:  400.00 (Side area) 
      Cumulative area ratio:    7.25
      Required ratio:    0.00 (Cumulative side area) 

    Layer: Via2
      Partial area ratio:    0.20
      Required ratio:   20.00 (Gate area) 
      Cumulative area ratio:    0.30
      Required ratio:    0.00 (Cumulative area) 

    Layer: Metal3
      Partial area ratio:    0.23
      Required ratio:    0.00 (Gate area) 
      Cumulative area ratio:    1.99
      Required ratio:    0.00 (Cumulative area) 
      Partial area ratio:    0.93
      Required ratio:  400.00 (Side area) 
      Cumulative area ratio:    8.18
      Required ratio:    0.00 (Cumulative side area) 

    Layer: Via3
      Partial area ratio:    0.10
      Required ratio:    0.00 (Gate area) 
      Cumulative area ratio:    0.41
      Required ratio:    0.00 (Cumulative area) 

    Layer: Metal4
      Partial area ratio:   12.79
      Required ratio:    0.00 (Gate area) 
      Cumulative area ratio:   14.78
      Required ratio:    0.00 (Cumulative area) 
      Partial area ratio:   49.36
      Required ratio:  400.00 (Side area) 
      Cumulative area ratio:   57.54
      Required ratio:    0.00 (Cumulative side area) 


  Pin:   fanout451/A (gf180mcu_as_sc_mcu7t3v3__buff_2)
    Layer: Via1
      Partial area ratio:    0.10
      Required ratio:   20.00 (Gate area) 
      Cumulative area ratio:    0.10
      Required ratio:    0.00 (Cumulative area) 

    Layer: Metal2
      Partial area ratio:    2.20
      Required ratio:    0.00 (Gate area) 
      Cumulative area ratio:    2.20
      Required ratio:    0.00 (Cumulative area) 
      Partial area ratio:    8.93
      Required ratio:  400.00 (Side area) 
      Cumulative area ratio:    8.93
      Required ratio:    0.00 (Cumulative side area) 

    Layer: Via2
      Partial area ratio:    0.20
      Required ratio:   20.00 (Gate area) 
      Cumulative area ratio:    0.30
      Required ratio:    0.00 (Cumulative area) 

    Layer: Metal3
      Partial area ratio:  219.30
      Required ratio:    0.00 (Gate area) 
      Cumulative area ratio:  221.50
      Required ratio:    0.00 (Cumulative area) 
      Partial area ratio:  847.24
      Required ratio:  400.00 (Side area) (VIOLATED)
      Cumulative area ratio:  856.18
      Required ratio:    0.00 (Cumulative side area) 

    Layer: Via3
      Partial area ratio:    0.10
      Required ratio:   20.00 (Gate area) 
      Cumulative area ratio:    0.41
      Required ratio:    0.00 (Cumulative area) 

    Layer: Metal4
      Partial area ratio:   12.79
      Required ratio:    0.00 (Gate area) 
      Cumulative area ratio:  234.29
      Required ratio:    0.00 (Cumulative area) 
      Partial area ratio:   49.36
      Required ratio:  400.00 (Side area) 
      Cumulative area ratio:  905.53
      Required ratio:    0.00 (Cumulative side area) 



Net: u_b_buffer.GEN_SRAM.GEN_B_COLS\[3\].sram_q_raw\[5\]
  Pin:   fanout354/A (gf180mcu_as_sc_mcu7t3v3__buff_2)
    Layer: Via1
      Partial area ratio:    0.10
      Required ratio:   20.00 (Gate area) 
      Cumulative area ratio:    0.10
      Required ratio:    0.00 (Cumulative area) 

    Layer: Metal2
      Partial area ratio:   19.62
      Required ratio:    0.00 (Gate area) 
      Cumulative area ratio:   19.62
      Required ratio:    0.00 (Cumulative area) 
      Partial area ratio:   76.12
      Required ratio:  400.00 (Side area) 
      Cumulative area ratio:   76.12
      Required ratio:    0.00 (Cumulative side area) 

    Layer: Via2
      Partial area ratio:    0.20
      Required ratio:   20.00 (Gate area) 
      Cumulative area ratio:    0.30
      Required ratio:    0.00 (Cumulative area) 

    Layer: Metal3
      Partial area ratio:  201.50
      Required ratio:    0.00 (Gate area) 
      Cumulative area ratio:  221.11
      Required ratio:    0.00 (Cumulative area) 
      Partial area ratio:  778.11
      Required ratio:  400.00 (Side area) (VIOLATED)
      Cumulative area ratio:  854.22
      Required ratio:    0.00 (Cumulative side area) 

    Layer: Via3
      Partial area ratio:    0.10
      Required ratio:   20.00 (Gate area) 
      Cumulative area ratio:    0.41
      Required ratio:    0.00 (Cumulative area) 

    Layer: Metal4
      Partial area ratio:    3.95
      Required ratio:    0.00 (Gate area) 
      Cumulative area ratio:  225.07
      Required ratio:    0.00 (Cumulative area) 
      Partial area ratio:   15.30
      Required ratio:  400.00 (Side area) 
      Cumulative area ratio:  869.53
      Required ratio:    0.00 (Cumulative side area) 


  Pin:   fanout357/A (gf180mcu_as_sc_mcu7t3v3__buff_2)
    Layer: Via1
      Partial area ratio:    0.10
      Required ratio:   20.00 (Gate area) 
      Cumulative area ratio:    0.10
      Required ratio:    0.00 (Cumulative area) 

    Layer: Metal2
      Partial area ratio:    1.96
      Required ratio:    0.00 (Gate area) 
      Cumulative area ratio:    1.96
      Required ratio:    0.00 (Cumulative area) 
      Partial area ratio:    8.03
      Required ratio:  400.00 (Side area) 
      Cumulative area ratio:    8.03
      Required ratio:    0.00 (Cumulative side area) 

    Layer: Via2
      Partial area ratio:    0.20
      Required ratio:   20.00 (Gate area) 
      Cumulative area ratio:    0.30
      Required ratio:    0.00 (Cumulative area) 

    Layer: Metal3
      Partial area ratio:    7.38
      Required ratio:    0.00 (Gate area) 
      Cumulative area ratio:    9.34
      Required ratio:    0.00 (Cumulative area) 
      Partial area ratio:   29.37
      Required ratio:  400.00 (Side area) 
      Cumulative area ratio:   37.39
      Required ratio:    0.00 (Cumulative side area) 

    Layer: Via3
      Partial area ratio:    0.20
      Required ratio:   20.00 (Gate area) 
      Cumulative area ratio:    0.51
      Required ratio:    0.00 (Cumulative area) 

    Layer: Metal4
      Partial area ratio:    3.95
      Required ratio:    0.00 (Gate area) 
      Cumulative area ratio:   13.30
      Required ratio:    0.00 (Cumulative area) 
      Partial area ratio:   15.30
      Required ratio:  400.00 (Side area) 
      Cumulative area ratio:   52.70
      Required ratio:    0.00 (Cumulative side area) 



Net: net15
  Pin:   _10942_/B (gf180mcu_as_sc_mcu7t3v3__mux2_2)
    Layer: Metal1
      Partial area ratio:    0.02
      Required ratio:    0.00 (Gate area) 
      Cumulative area ratio:    0.02
      Required ratio:    0.00 (Cumulative area) 
      Partial area ratio:    0.92
      Required ratio:  400.00 (Side area) 
      Cumulative area ratio:    0.92
      Required ratio:    0.00 (Cumulative side area) 

    Layer: Via1
      Partial area ratio:    0.10
      Required ratio:   20.00 (Gate area) 
      Cumulative area ratio:    0.10
      Required ratio:    0.00 (Cumulative area) 

    Layer: Metal2
      Partial area ratio:    1.02
      Required ratio:    0.00 (Gate area) 
      Cumulative area ratio:    1.03
      Required ratio:    0.00 (Cumulative area) 
      Partial area ratio:    4.32
      Required ratio:  400.00 (Side area) 
      Cumulative area ratio:    5.24
      Required ratio:    0.00 (Cumulative side area) 

    Layer: Via2
      Partial area ratio:    0.14
      Required ratio:   20.00 (Gate area) 
      Cumulative area ratio:    0.24
      Required ratio:    0.00 (Cumulative area) 

    Layer: Metal3
      Partial area ratio:    0.98
      Required ratio:    0.00 (Gate area) 
      Cumulative area ratio:    2.01
      Required ratio:    0.00 (Cumulative area) 
      Partial area ratio:    3.98
      Required ratio:  400.00 (Side area) 
      Cumulative area ratio:    9.22
      Required ratio:    0.00 (Cumulative side area) 

    Layer: Via3
      Partial area ratio:    0.05
      Required ratio:   20.00 (Gate area) 
      Cumulative area ratio:    0.29
      Required ratio:    0.00 (Cumulative area) 

    Layer: Metal4
      Partial area ratio:   31.67
      Required ratio:    0.00 (Gate area) 
      Cumulative area ratio:   33.68
      Required ratio:    0.00 (Cumulative area) 
      Partial area ratio:  122.22
      Required ratio:  400.00 (Side area) 
      Cumulative area ratio:  131.44
      Required ratio:    0.00 (Cumulative side area) 


  Pin:   _10951_/A (gf180mcu_as_sc_mcu7t3v3__mux2_2)
    Layer: Metal1
      Partial area ratio:    0.01
      Required ratio:    0.00 (Gate area) 
      Cumulative area ratio:    0.01
      Required ratio:    0.00 (Cumulative area) 
      Partial area ratio:    0.88
      Required ratio:  400.00 (Side area) 
      Cumulative area ratio:    0.88
      Required ratio:    0.00 (Cumulative side area) 

    Layer: Via1
      Partial area ratio:    0.10
      Required ratio:   20.00 (Gate area) 
      Cumulative area ratio:    0.10
      Required ratio:    0.00 (Cumulative area) 

    Layer: Metal2
      Partial area ratio:    2.38
      Required ratio:    0.00 (Gate area) 
      Cumulative area ratio:    2.39
      Required ratio:    0.00 (Cumulative area) 
      Partial area ratio:    9.65
      Required ratio:  400.00 (Side area) 
      Cumulative area ratio:   10.53
      Required ratio:    0.00 (Cumulative side area) 

    Layer: Via2
      Partial area ratio:    0.20
      Required ratio:   20.00 (Gate area) 
      Cumulative area ratio:    0.30
      Required ratio:    0.00 (Cumulative area) 

    Layer: Metal3
      Partial area ratio:    0.32
      Required ratio:    0.00 (Gate area) 
      Cumulative area ratio:    2.71
      Required ratio:    0.00 (Cumulative area) 
      Partial area ratio:    2.14
      Required ratio:  400.00 (Side area) 
      Cumulative area ratio:   12.67
      Required ratio:    0.00 (Cumulative side area) 

    Layer: Via3
      Partial area ratio:    0.10
      Required ratio:   20.00 (Gate area) 
      Cumulative area ratio:    0.41
      Required ratio:    0.00 (Cumulative area) 

    Layer: Metal4
      Partial area ratio:   31.67
      Required ratio:    0.00 (Gate area) 
      Cumulative area ratio:   34.38
      Required ratio:    0.00 (Cumulative area) 
      Partial area ratio:  122.22
      Required ratio:  400.00 (Side area) 
      Cumulative area ratio:  134.89
      Required ratio:    0.00 (Cumulative side area) 


  Pin:   _10961_/B (gf180mcu_as_sc_mcu7t3v3__mux2_2)
    Layer: Metal1
      Partial area ratio:    0.02
      Required ratio:    0.00 (Gate area) 
      Cumulative area ratio:    0.02
      Required ratio:    0.00 (Cumulative area) 
      Partial area ratio:    0.92
      Required ratio:  400.00 (Side area) 
      Cumulative area ratio:    0.92
      Required ratio:    0.00 (Cumulative side area) 

    Layer: Via1
      Partial area ratio:    0.10
      Required ratio:   20.00 (Gate area) 
      Cumulative area ratio:    0.10
      Required ratio:    0.00 (Cumulative area) 

    Layer: Metal2
      Partial area ratio:    4.49
      Required ratio:    0.00 (Gate area) 
      Cumulative area ratio:    4.51
      Required ratio:    0.00 (Cumulative area) 
      Partial area ratio:   17.79
      Required ratio:  400.00 (Side area) 
      Cumulative area ratio:   18.71
      Required ratio:    0.00 (Cumulative side area) 

    Layer: Via2
      Partial area ratio:    0.20
      Required ratio:   20.00 (Gate area) 
      Cumulative area ratio:    0.30
      Required ratio:    0.00 (Cumulative area) 

    Layer: Metal3
      Partial area ratio:  108.05
      Required ratio:    0.00 (Gate area) 
      Cumulative area ratio:  112.56
      Required ratio:    0.00 (Cumulative area) 
      Partial area ratio:  417.88
      Required ratio:  400.00 (Side area) (VIOLATED)
      Cumulative area ratio:  436.59
      Required ratio:    0.00 (Cumulative side area) 

    Layer: Via3
      Partial area ratio:    0.05
      Required ratio:   20.00 (Gate area) 
      Cumulative area ratio:    0.36
      Required ratio:    0.00 (Cumulative area) 

    Layer: Metal4
      Partial area ratio:   31.67
      Required ratio:    0.00 (Gate area) 
      Cumulative area ratio:  144.22
      Required ratio:    0.00 (Cumulative area) 
      Partial area ratio:  122.22
      Required ratio:  400.00 (Side area) 
      Cumulative area ratio:  558.81
      Required ratio:    0.00 (Cumulative side area) 


  Pin:   _10972_/B (gf180mcu_as_sc_mcu7t3v3__mux2_2)
    Layer: Metal1
      Partial area ratio:    0.02
      Required ratio:    0.00 (Gate area) 
      Cumulative area ratio:    0.02
      Required ratio:    0.00 (Cumulative area) 
      Partial area ratio:    0.92
      Required ratio:  400.00 (Side area) 
      Cumulative area ratio:    0.92
      Required ratio:    0.00 (Cumulative side area) 

    Layer: Via1
      Partial area ratio:    0.10
      Required ratio:   20.00 (Gate area) 
      Cumulative area ratio:    0.10
      Required ratio:    0.00 (Cumulative area) 

    Layer: Metal2
      Partial area ratio:    4.15
      Required ratio:    0.00 (Gate area) 
      Cumulative area ratio:    4.16
      Required ratio:    0.00 (Cumulative area) 
      Partial area ratio:   16.45
      Required ratio:  400.00 (Side area) 
      Cumulative area ratio:   17.36
      Required ratio:    0.00 (Cumulative side area) 

    Layer: Via2
      Partial area ratio:    0.30
      Required ratio:   20.00 (Gate area) 
      Cumulative area ratio:    0.41
      Required ratio:    0.00 (Cumulative area) 

    Layer: Metal3
      Partial area ratio:  108.05
      Required ratio:    0.00 (Gate area) 
      Cumulative area ratio:  112.21
      Required ratio:    0.00 (Cumulative area) 
      Partial area ratio:  417.88
      Required ratio:  400.00 (Side area) (VIOLATED)
      Cumulative area ratio:  435.25
      Required ratio:    0.00 (Cumulative side area) 

    Layer: Via3
      Partial area ratio:    0.05
      Required ratio:   20.00 (Gate area) 
      Cumulative area ratio:    0.46
      Required ratio:    0.00 (Cumulative area) 

    Layer: Metal4
      Partial area ratio:   31.67
      Required ratio:    0.00 (Gate area) 
      Cumulative area ratio:  143.87
      Required ratio:    0.00 (Cumulative area) 
      Partial area ratio:  122.22
      Required ratio:  400.00 (Side area) 
      Cumulative area ratio:  557.47
      Required ratio:    0.00 (Cumulative side area) 


  Pin:   max_cap900/A (gf180mcu_as_sc_mcu7t3v3__buff_8)
    Layer: Metal1
      Partial area ratio:    0.01
      Required ratio:    0.00 (Gate area) 
      Cumulative area ratio:    0.01
      Required ratio:    0.00 (Cumulative area) 
      Partial area ratio:    0.23
      Required ratio:  400.00 (Side area) 
      Cumulative area ratio:    0.23
      Required ratio:    0.00 (Cumulative side area) 

    Layer: Via1
      Partial area ratio:    0.03
      Required ratio:   20.00 (Gate area) 
      Cumulative area ratio:    0.03
      Required ratio:    0.00 (Cumulative area) 

    Layer: Metal2
      Partial area ratio:    1.12
      Required ratio:    0.00 (Gate area) 
      Cumulative area ratio:    1.13
      Required ratio:    0.00 (Cumulative area) 
      Partial area ratio:    4.47
      Required ratio:  400.00 (Side area) 
      Cumulative area ratio:    4.70
      Required ratio:    0.00 (Cumulative side area) 

    Layer: Via2
      Partial area ratio:    0.07
      Required ratio:   20.00 (Gate area) 
      Cumulative area ratio:    0.10
      Required ratio:    0.00 (Cumulative area) 

    Layer: Metal3
      Partial area ratio:    0.98
      Required ratio:    0.00 (Gate area) 
      Cumulative area ratio:    2.11
      Required ratio:    0.00 (Cumulative area) 
      Partial area ratio:    3.98
      Required ratio:  400.00 (Side area) 
      Cumulative area ratio:    8.68
      Required ratio:    0.00 (Cumulative side area) 

    Layer: Via3
      Partial area ratio:    0.05
      Required ratio:   20.00 (Gate area) 
      Cumulative area ratio:    0.15
      Required ratio:    0.00 (Cumulative area) 

    Layer: Metal4
      Partial area ratio:   31.67
      Required ratio:    0.00 (Gate area) 
      Cumulative area ratio:   33.77
      Required ratio:    0.00 (Cumulative area) 
      Partial area ratio:  122.22
      Required ratio:  400.00 (Side area) 
      Cumulative area ratio:  130.90
      Required ratio:    0.00 (Cumulative side area) 



Net: net351
  Pin:   fanout347/A (gf180mcu_as_sc_mcu7t3v3__buff_2)
    Layer: Via1
      Partial area ratio:    0.10
      Required ratio:   20.00 (Gate area) 
      Cumulative area ratio:    0.10
      Required ratio:    0.00 (Cumulative area) 

    Layer: Metal2
      Partial area ratio:    2.20
      Required ratio:    0.00 (Gate area) 
      Cumulative area ratio:    2.20
      Required ratio:    0.00 (Cumulative area) 
      Partial area ratio:    8.93
      Required ratio:  400.00 (Side area) 
      Cumulative area ratio:    8.93
      Required ratio:    0.00 (Cumulative side area) 

    Layer: Via2
      Partial area ratio:    0.20
      Required ratio:   20.00 (Gate area) 
      Cumulative area ratio:    0.30
      Required ratio:    0.00 (Cumulative area) 

    Layer: Metal3
      Partial area ratio:    0.32
      Required ratio:    0.00 (Gate area) 
      Cumulative area ratio:    2.52
      Required ratio:    0.00 (Cumulative area) 
      Partial area ratio:    2.14
      Required ratio:  400.00 (Side area) 
      Cumulative area ratio:   11.07
      Required ratio:    0.00 (Cumulative side area) 

    Layer: Via3
      Partial area ratio:    0.10
      Required ratio:   20.00 (Gate area) 
      Cumulative area ratio:    0.41
      Required ratio:    0.00 (Cumulative area) 

    Layer: Metal4
      Partial area ratio:    0.16
      Required ratio:    0.00 (Gate area) 
      Cumulative area ratio:    2.68
      Required ratio:    0.00 (Cumulative area) 
      Partial area ratio:    1.07
      Required ratio:  400.00 (Side area) 
      Cumulative area ratio:   12.14
      Required ratio:    0.00 (Cumulative side area) 

    Layer: Via4
      Partial area ratio:    0.10
      Required ratio:   20.00 (Gate area) 
      Cumulative area ratio:    0.51
      Required ratio:    0.00 (Cumulative area) 

    Layer: Metal5
      Partial area ratio:    9.38
      Required ratio:    0.00 (Gate area) 
      Cumulative area ratio:   12.06
      Required ratio:    0.00 (Cumulative area) 
      Partial area ratio:   50.96
      Required ratio:  400.00 (Side area) 
      Cumulative area ratio:   63.11
      Required ratio:    0.00 (Cumulative side area) 


  Pin:   fanout348/A (gf180mcu_as_sc_mcu7t3v3__buff_2)
    Layer: Via1
      Partial area ratio:    0.10
      Required ratio:   20.00 (Gate area) 
      Cumulative area ratio:    0.10
      Required ratio:    0.00 (Cumulative area) 

    Layer: Metal2
      Partial area ratio:   14.46
      Required ratio:    0.00 (Gate area) 
      Cumulative area ratio:   14.46
      Required ratio:    0.00 (Cumulative area) 
      Partial area ratio:   56.24
      Required ratio:  400.00 (Side area) 
      Cumulative area ratio:   56.24
      Required ratio:    0.00 (Cumulative side area) 

    Layer: Via2
      Partial area ratio:    0.30
      Required ratio:   20.00 (Gate area) 
      Cumulative area ratio:    0.41
      Required ratio:    0.00 (Cumulative area) 

    Layer: Metal3
      Partial area ratio:   60.32
      Required ratio:    0.00 (Gate area) 
      Cumulative area ratio:   74.78
      Required ratio:    0.00 (Cumulative area) 
      Partial area ratio:  233.57
      Required ratio:  400.00 (Side area) 
      Cumulative area ratio:  289.80
      Required ratio:    0.00 (Cumulative side area) 

    Layer: Via3
      Partial area ratio:    0.10
      Required ratio:   20.00 (Gate area) 
      Cumulative area ratio:    0.51
      Required ratio:    0.00 (Cumulative area) 

    Layer: Metal4
      Partial area ratio:    6.92
      Required ratio:    0.00 (Gate area) 
      Cumulative area ratio:   81.71
      Required ratio:    0.00 (Cumulative area) 
      Partial area ratio:   26.91
      Required ratio:  400.00 (Side area) 
      Cumulative area ratio:  316.71
      Required ratio:    0.00 (Cumulative side area) 

    Layer: Via4
      Partial area ratio:    0.03
      Required ratio:    0.00 (Gate area) 
      Cumulative area ratio:    0.54
      Required ratio:    0.00 (Cumulative area) 

    Layer: Metal5
      Partial area ratio:    9.38
      Required ratio:    0.00 (Gate area) 
      Cumulative area ratio:   91.09
      Required ratio:    0.00 (Cumulative area) 
      Partial area ratio:   50.96
      Required ratio:  400.00 (Side area) 
      Cumulative area ratio:  367.68
      Required ratio:    0.00 (Cumulative side area) 


  Pin:   fanout349/A (gf180mcu_as_sc_mcu7t3v3__buff_2)
    Layer: Via1
      Partial area ratio:    0.10
      Required ratio:   20.00 (Gate area) 
      Cumulative area ratio:    0.10
      Required ratio:    0.00 (Cumulative area) 

    Layer: Metal2
      Partial area ratio:   23.15
      Required ratio:    0.00 (Gate area) 
      Cumulative area ratio:   23.15
      Required ratio:    0.00 (Cumulative area) 
      Partial area ratio:   89.73
      Required ratio:  400.00 (Side area) 
      Cumulative area ratio:   89.73
      Required ratio:    0.00 (Cumulative side area) 

    Layer: Via2
      Partial area ratio:    0.20
      Required ratio:   20.00 (Gate area) 
      Cumulative area ratio:    0.30
      Required ratio:    0.00 (Cumulative area) 

    Layer: Metal3
      Partial area ratio:   60.32
      Required ratio:    0.00 (Gate area) 
      Cumulative area ratio:   83.47
      Required ratio:    0.00 (Cumulative area) 
      Partial area ratio:  233.57
      Required ratio:  400.00 (Side area) 
      Cumulative area ratio:  323.30
      Required ratio:    0.00 (Cumulative side area) 

    Layer: Via3
      Partial area ratio:    0.10
      Required ratio:   20.00 (Gate area) 
      Cumulative area ratio:    0.41
      Required ratio:    0.00 (Cumulative area) 

    Layer: Metal4
      Partial area ratio:    6.92
      Required ratio:    0.00 (Gate area) 
      Cumulative area ratio:   90.39
      Required ratio:    0.00 (Cumulative area) 
      Partial area ratio:   26.91
      Required ratio:  400.00 (Side area) 
      Cumulative area ratio:  350.21
      Required ratio:    0.00 (Cumulative side area) 

    Layer: Via4
      Partial area ratio:    0.03
      Required ratio:    0.00 (Gate area) 
      Cumulative area ratio:    0.44
      Required ratio:    0.00 (Cumulative area) 

    Layer: Metal5
      Partial area ratio:    9.38
      Required ratio:    0.00 (Gate area) 
      Cumulative area ratio:   99.77
      Required ratio:    0.00 (Cumulative area) 
      Partial area ratio:   50.96
      Required ratio:  400.00 (Side area) 
      Cumulative area ratio:  401.17
      Required ratio:    0.00 (Cumulative side area) 


  Pin:   fanout350/A (gf180mcu_as_sc_mcu7t3v3__buff_2)
    Layer: Via1
      Partial area ratio:    0.10
      Required ratio:   20.00 (Gate area) 
      Cumulative area ratio:    0.10
      Required ratio:    0.00 (Cumulative area) 

    Layer: Metal2
      Partial area ratio:    1.02
      Required ratio:    0.00 (Gate area) 
      Cumulative area ratio:    1.02
      Required ratio:    0.00 (Cumulative area) 
      Partial area ratio:    4.40
      Required ratio:  400.00 (Side area) 
      Cumulative area ratio:    4.40
      Required ratio:    0.00 (Cumulative side area) 

    Layer: Via2
      Partial area ratio:    0.20
      Required ratio:   20.00 (Gate area) 
      Cumulative area ratio:    0.30
      Required ratio:    0.00 (Cumulative area) 

    Layer: Metal3
      Partial area ratio:  116.95
      Required ratio:    0.00 (Gate area) 
      Cumulative area ratio:  117.97
      Required ratio:    0.00 (Cumulative area) 
      Partial area ratio:  452.45
      Required ratio:  400.00 (Side area) (VIOLATED)
      Cumulative area ratio:  456.85
      Required ratio:    0.00 (Cumulative side area) 

    Layer: Via3
      Partial area ratio:    0.20
      Required ratio:   20.00 (Gate area) 
      Cumulative area ratio:    0.51
      Required ratio:    0.00 (Cumulative area) 

    Layer: Metal4
      Partial area ratio:    6.92
      Required ratio:    0.00 (Gate area) 
      Cumulative area ratio:  124.90
      Required ratio:    0.00 (Cumulative area) 
      Partial area ratio:   26.91
      Required ratio:  400.00 (Side area) 
      Cumulative area ratio:  483.76
      Required ratio:    0.00 (Cumulative side area) 

    Layer: Via4
      Partial area ratio:    0.03
      Required ratio:    0.00 (Gate area) 
      Cumulative area ratio:    0.54
      Required ratio:    0.00 (Cumulative area) 

    Layer: Metal5
      Partial area ratio:    9.38
      Required ratio:    0.00 (Gate area) 
      Cumulative area ratio:  134.28
      Required ratio:    0.00 (Cumulative area) 
      Partial area ratio:   50.96
      Required ratio:  400.00 (Side area) 
      Cumulative area ratio:  534.72
      Required ratio:    0.00 (Cumulative side area) 



Net: net368
  Pin:   _13558_/A (gf180mcu_as_sc_mcu7t3v3__nand3_2)
    Layer: Via1
      Partial area ratio:    0.05
      Required ratio:   20.00 (Gate area) 
      Cumulative area ratio:    0.05
      Required ratio:    0.00 (Cumulative area) 

    Layer: Metal2
      Partial area ratio:    0.99
      Required ratio:    0.00 (Gate area) 
      Cumulative area ratio:    0.99
      Required ratio:    0.00 (Cumulative area) 
      Partial area ratio:    4.05
      Required ratio:  400.00 (Side area) 
      Cumulative area ratio:    4.05
      Required ratio:    0.00 (Cumulative side area) 

    Layer: Via2
      Partial area ratio:    0.10
      Required ratio:   20.00 (Gate area) 
      Cumulative area ratio:    0.15
      Required ratio:    0.00 (Cumulative area) 

    Layer: Metal3
      Partial area ratio:   11.85
      Required ratio:    0.00 (Gate area) 
      Cumulative area ratio:   12.84
      Required ratio:    0.00 (Cumulative area) 
      Partial area ratio:   46.01
      Required ratio:  400.00 (Side area) 
      Cumulative area ratio:   50.06
      Required ratio:    0.00 (Cumulative side area) 

    Layer: Via3
      Partial area ratio:    0.05
      Required ratio:    0.00 (Gate area) 
      Cumulative area ratio:    0.20
      Required ratio:    0.00 (Cumulative area) 

    Layer: Metal4
      Partial area ratio:   16.80
      Required ratio:    0.00 (Gate area) 
      Cumulative area ratio:   29.64
      Required ratio:    0.00 (Cumulative area) 
      Partial area ratio:   64.99
      Required ratio:  400.00 (Side area) 
      Cumulative area ratio:  115.05
      Required ratio:    0.00 (Cumulative side area) 


  Pin:   _20741_/A (gf180mcu_as_sc_mcu7t3v3__ao22_2)
    Layer: Via1
      Partial area ratio:    0.10
      Required ratio:   20.00 (Gate area) 
      Cumulative area ratio:    0.10
      Required ratio:    0.00 (Cumulative area) 

    Layer: Metal2
      Partial area ratio:    2.11
      Required ratio:    0.00 (Gate area) 
      Cumulative area ratio:    2.11
      Required ratio:    0.00 (Cumulative area) 
      Partial area ratio:    8.60
      Required ratio:  400.00 (Side area) 
      Cumulative area ratio:    8.60
      Required ratio:    0.00 (Cumulative side area) 

    Layer: Via2
      Partial area ratio:    0.20
      Required ratio:   20.00 (Gate area) 
      Cumulative area ratio:    0.30
      Required ratio:    0.00 (Cumulative area) 

    Layer: Metal3
      Partial area ratio:    0.32
      Required ratio:    0.00 (Gate area) 
      Cumulative area ratio:    2.43
      Required ratio:    0.00 (Cumulative area) 
      Partial area ratio:    2.14
      Required ratio:  400.00 (Side area) 
      Cumulative area ratio:   10.74
      Required ratio:    0.00 (Cumulative side area) 

    Layer: Via3
      Partial area ratio:    0.10
      Required ratio:   20.00 (Gate area) 
      Cumulative area ratio:    0.41
      Required ratio:    0.00 (Cumulative area) 

    Layer: Metal4
      Partial area ratio:   16.80
      Required ratio:    0.00 (Gate area) 
      Cumulative area ratio:   19.23
      Required ratio:    0.00 (Cumulative area) 
      Partial area ratio:   64.99
      Required ratio:  400.00 (Side area) 
      Cumulative area ratio:   75.73
      Required ratio:    0.00 (Cumulative side area) 


  Pin:   fanout365/A (gf180mcu_as_sc_mcu7t3v3__buff_2)
    Layer: Via1
      Partial area ratio:    0.10
      Required ratio:   20.00 (Gate area) 
      Cumulative area ratio:    0.10
      Required ratio:    0.00 (Cumulative area) 

    Layer: Metal2
      Partial area ratio:    2.20
      Required ratio:    0.00 (Gate area) 
      Cumulative area ratio:    2.20
      Required ratio:    0.00 (Cumulative area) 
      Partial area ratio:    8.96
      Required ratio:  400.00 (Side area) 
      Cumulative area ratio:    8.96
      Required ratio:    0.00 (Cumulative side area) 

    Layer: Via2
      Partial area ratio:    0.20
      Required ratio:   20.00 (Gate area) 
      Cumulative area ratio:    0.30
      Required ratio:    0.00 (Cumulative area) 

    Layer: Metal3
      Partial area ratio:  113.26
      Required ratio:    0.00 (Gate area) 
      Cumulative area ratio:  115.47
      Required ratio:    0.00 (Cumulative area) 
      Partial area ratio:  437.77
      Required ratio:  400.00 (Side area) (VIOLATED)
      Cumulative area ratio:  446.73
      Required ratio:    0.00 (Cumulative side area) 

    Layer: Via3
      Partial area ratio:    0.10
      Required ratio:   20.00 (Gate area) 
      Cumulative area ratio:    0.41
      Required ratio:    0.00 (Cumulative area) 

    Layer: Metal4
      Partial area ratio:   16.80
      Required ratio:    0.00 (Gate area) 
      Cumulative area ratio:  132.27
      Required ratio:    0.00 (Cumulative area) 
      Partial area ratio:   64.99
      Required ratio:  400.00 (Side area) 
      Cumulative area ratio:  511.72
      Required ratio:    0.00 (Cumulative side area) 


  Pin:   fanout366/A (gf180mcu_as_sc_mcu7t3v3__buff_2)
    Layer: Via1
      Partial area ratio:    0.10
      Required ratio:   20.00 (Gate area) 
      Cumulative area ratio:    0.10
      Required ratio:    0.00 (Cumulative area) 

    Layer: Metal2
      Partial area ratio:    1.53
      Required ratio:    0.00 (Gate area) 
      Cumulative area ratio:    1.53
      Required ratio:    0.00 (Cumulative area) 
      Partial area ratio:    6.34
      Required ratio:  400.00 (Side area) 
      Cumulative area ratio:    6.34
      Required ratio:    0.00 (Cumulative side area) 

    Layer: Via2
      Partial area ratio:    0.20
      Required ratio:   20.00 (Gate area) 
      Cumulative area ratio:    0.30
      Required ratio:    0.00 (Cumulative area) 

    Layer: Metal3
      Partial area ratio:   39.30
      Required ratio:    0.00 (Gate area) 
      Cumulative area ratio:   40.83
      Required ratio:    0.00 (Cumulative area) 
      Partial area ratio:  152.96
      Required ratio:  400.00 (Side area) 
      Cumulative area ratio:  159.30
      Required ratio:    0.00 (Cumulative side area) 

    Layer: Via3
      Partial area ratio:    0.20
      Required ratio:   20.00 (Gate area) 
      Cumulative area ratio:    0.51
      Required ratio:    0.00 (Cumulative area) 

    Layer: Metal4
      Partial area ratio:   16.80
      Required ratio:    0.00 (Gate area) 
      Cumulative area ratio:   57.63
      Required ratio:    0.00 (Cumulative area) 
      Partial area ratio:   64.99
      Required ratio:  400.00 (Side area) 
      Cumulative area ratio:  224.29
      Required ratio:    0.00 (Cumulative side area) 


  Pin:   fanout367/A (gf180mcu_as_sc_mcu7t3v3__buff_2)
    Layer: Via1
      Partial area ratio:    0.10
      Required ratio:   20.00 (Gate area) 
      Cumulative area ratio:    0.10
      Required ratio:    0.00 (Cumulative area) 

    Layer: Metal2
      Partial area ratio:    2.64
      Required ratio:    0.00 (Gate area) 
      Cumulative area ratio:    2.64
      Required ratio:    0.00 (Cumulative area) 
      Partial area ratio:   10.64
      Required ratio:  400.00 (Side area) 
      Cumulative area ratio:   10.64
      Required ratio:    0.00 (Cumulative side area) 

    Layer: Via2
      Partial area ratio:    0.20
      Required ratio:   20.00 (Gate area) 
      Cumulative area ratio:    0.30
      Required ratio:    0.00 (Cumulative area) 

    Layer: Metal3
      Partial area ratio:   25.03
      Required ratio:    0.00 (Gate area) 
      Cumulative area ratio:   27.67
      Required ratio:    0.00 (Cumulative area) 
      Partial area ratio:   97.43
      Required ratio:  400.00 (Side area) 
      Cumulative area ratio:  108.08
      Required ratio:    0.00 (Cumulative side area) 

    Layer: Via3
      Partial area ratio:    0.20
      Required ratio:   20.00 (Gate area) 
      Cumulative area ratio:    0.51
      Required ratio:    0.00 (Cumulative area) 

    Layer: Metal4
      Partial area ratio:   16.80
      Required ratio:    0.00 (Gate area) 
      Cumulative area ratio:   44.47
      Required ratio:    0.00 (Cumulative area) 
      Partial area ratio:   64.99
      Required ratio:  400.00 (Side area) 
      Cumulative area ratio:  173.06
      Required ratio:    0.00 (Cumulative side area) 



Net: net385
  Pin:   _13291_/A (gf180mcu_as_sc_mcu7t3v3__aoi21_2)
    Layer: Via1
      Partial area ratio:    0.05
      Required ratio:   20.00 (Gate area) 
      Cumulative area ratio:    0.05
      Required ratio:    0.00 (Cumulative area) 

    Layer: Metal2
      Partial area ratio:    1.95
      Required ratio:    0.00 (Gate area) 
      Cumulative area ratio:    1.95
      Required ratio:    0.00 (Cumulative area) 
      Partial area ratio:    7.67
      Required ratio:  400.00 (Side area) 
      Cumulative area ratio:    7.67
      Required ratio:    0.00 (Cumulative side area) 

    Layer: Via2
      Partial area ratio:    0.14
      Required ratio:   20.00 (Gate area) 
      Cumulative area ratio:    0.19
      Required ratio:    0.00 (Cumulative area) 

    Layer: Metal3
      Partial area ratio:    6.38
      Required ratio:    0.00 (Gate area) 
      Cumulative area ratio:    8.33
      Required ratio:    0.00 (Cumulative area) 
      Partial area ratio:   25.16
      Required ratio:  400.00 (Side area) 
      Cumulative area ratio:   32.83
      Required ratio:    0.00 (Cumulative side area) 

    Layer: Via3
      Partial area ratio:    0.05
      Required ratio:   20.00 (Gate area) 
      Cumulative area ratio:    0.24
      Required ratio:    0.00 (Cumulative area) 

    Layer: Metal4
      Partial area ratio:    1.50
      Required ratio:    0.00 (Gate area) 
      Cumulative area ratio:    9.83
      Required ratio:    0.00 (Cumulative area) 
      Partial area ratio:    5.85
      Required ratio:  400.00 (Side area) 
      Cumulative area ratio:   38.68
      Required ratio:    0.00 (Cumulative side area) 


  Pin:   _13292_/A (gf180mcu_as_sc_mcu7t3v3__nand3_2)
    Layer: Metal1
      Partial area ratio:    0.03
      Required ratio:    0.00 (Gate area) 
      Cumulative area ratio:    0.03
      Required ratio:    0.00 (Cumulative area) 
      Partial area ratio:    0.41
      Required ratio:  400.00 (Side area) 
      Cumulative area ratio:    0.41
      Required ratio:    0.00 (Cumulative side area) 

    Layer: Via1
      Partial area ratio:    0.05
      Required ratio:   20.00 (Gate area) 
      Cumulative area ratio:    0.05
      Required ratio:    0.00 (Cumulative area) 

    Layer: Metal2
      Partial area ratio:    1.87
      Required ratio:    0.00 (Gate area) 
      Cumulative area ratio:    1.90
      Required ratio:    0.00 (Cumulative area) 
      Partial area ratio:    7.42
      Required ratio:  400.00 (Side area) 
      Cumulative area ratio:    7.83
      Required ratio:    0.00 (Cumulative side area) 

    Layer: Via2
      Partial area ratio:    0.10
      Required ratio:   20.00 (Gate area) 
      Cumulative area ratio:    0.15
      Required ratio:    0.00 (Cumulative area) 

    Layer: Metal3
      Partial area ratio:    1.95
      Required ratio:    0.00 (Gate area) 
      Cumulative area ratio:    3.85
      Required ratio:    0.00 (Cumulative area) 
      Partial area ratio:    7.89
      Required ratio:  400.00 (Side area) 
      Cumulative area ratio:   15.72
      Required ratio:    0.00 (Cumulative side area) 

    Layer: Via3
      Partial area ratio:    0.03
      Required ratio:    0.00 (Gate area) 
      Cumulative area ratio:    0.18
      Required ratio:    0.00 (Cumulative area) 

    Layer: Metal4
      Partial area ratio:    1.50
      Required ratio:    0.00 (Gate area) 
      Cumulative area ratio:    5.36
      Required ratio:    0.00 (Cumulative area) 
      Partial area ratio:    5.85
      Required ratio:  400.00 (Side area) 
      Cumulative area ratio:   21.57
      Required ratio:    0.00 (Cumulative side area) 


  Pin:   _13293_/A (gf180mcu_as_sc_mcu7t3v3__ao31_2)
    Layer: Via1
      Partial area ratio:    0.10
      Required ratio:   20.00 (Gate area) 
      Cumulative area ratio:    0.10
      Required ratio:    0.00 (Cumulative area) 

    Layer: Metal2
      Partial area ratio:    1.95
      Required ratio:    0.00 (Gate area) 
      Cumulative area ratio:    1.95
      Required ratio:    0.00 (Cumulative area) 
      Partial area ratio:    7.67
      Required ratio:  400.00 (Side area) 
      Cumulative area ratio:    7.67
      Required ratio:    0.00 (Cumulative side area) 

    Layer: Via2
      Partial area ratio:    0.14
      Required ratio:   20.00 (Gate area) 
      Cumulative area ratio:    0.24
      Required ratio:    0.00 (Cumulative area) 

    Layer: Metal3
      Partial area ratio:    6.38
      Required ratio:    0.00 (Gate area) 
      Cumulative area ratio:    8.33
      Required ratio:    0.00 (Cumulative area) 
      Partial area ratio:   25.16
      Required ratio:  400.00 (Side area) 
      Cumulative area ratio:   32.83
      Required ratio:    0.00 (Cumulative side area) 

    Layer: Via3
      Partial area ratio:    0.05
      Required ratio:   20.00 (Gate area) 
      Cumulative area ratio:    0.29
      Required ratio:    0.00 (Cumulative area) 

    Layer: Metal4
      Partial area ratio:    1.50
      Required ratio:    0.00 (Gate area) 
      Cumulative area ratio:    9.83
      Required ratio:    0.00 (Cumulative area) 
      Partial area ratio:    5.85
      Required ratio:  400.00 (Side area) 
      Cumulative area ratio:   38.68
      Required ratio:    0.00 (Cumulative side area) 


  Pin:   _13296_/A (gf180mcu_as_sc_mcu7t3v3__and2_2)
    Layer: Via1
      Partial area ratio:    0.10
      Required ratio:   20.00 (Gate area) 
      Cumulative area ratio:    0.10
      Required ratio:    0.00 (Cumulative area) 

    Layer: Metal2
      Partial area ratio:  118.00
      Required ratio:    0.00 (Gate area) 
      Cumulative area ratio:  118.00
      Required ratio:    0.00 (Cumulative area) 
      Partial area ratio:  455.58
      Required ratio:  400.00 (Side area) (VIOLATED)
      Cumulative area ratio:  455.58
      Required ratio:    0.00 (Cumulative side area) 

    Layer: Via2
      Partial area ratio:    0.30
      Required ratio:   20.00 (Gate area) 
      Cumulative area ratio:    0.41
      Required ratio:    0.00 (Cumulative area) 

    Layer: Metal3
      Partial area ratio:    1.95
      Required ratio:    0.00 (Gate area) 
      Cumulative area ratio:  119.95
      Required ratio:    0.00 (Cumulative area) 
      Partial area ratio:    7.89
      Required ratio:  400.00 (Side area) 
      Cumulative area ratio:  463.48
      Required ratio:    0.00 (Cumulative side area) 

    Layer: Via3
      Partial area ratio:    0.03
      Required ratio:    0.00 (Gate area) 
      Cumulative area ratio:    0.43
      Required ratio:    0.00 (Cumulative area) 

    Layer: Metal4
      Partial area ratio:    1.50
      Required ratio:    0.00 (Gate area) 
      Cumulative area ratio:  121.45
      Required ratio:    0.00 (Cumulative area) 
      Partial area ratio:    5.85
      Required ratio:  400.00 (Side area) 
      Cumulative area ratio:  469.32
      Required ratio:    0.00 (Cumulative side area) 


  Pin:   _13304_/A (gf180mcu_as_sc_mcu7t3v3__and2_2)
    Layer: Via1
      Partial area ratio:    0.10
      Required ratio:   20.00 (Gate area) 
      Cumulative area ratio:    0.10
      Required ratio:    0.00 (Cumulative area) 

    Layer: Metal2
      Partial area ratio:    1.23
      Required ratio:    0.00 (Gate area) 
      Cumulative area ratio:    1.23
      Required ratio:    0.00 (Cumulative area) 
      Partial area ratio:    4.84
      Required ratio:  400.00 (Side area) 
      Cumulative area ratio:    4.84
      Required ratio:    0.00 (Cumulative side area) 

    Layer: Via2
      Partial area ratio:    0.30
      Required ratio:    0.00 (Gate area) 
      Cumulative area ratio:    0.41
      Required ratio:    0.00 (Cumulative area) 

    Layer: Metal3
      Partial area ratio:    1.95
      Required ratio:    0.00 (Gate area) 
      Cumulative area ratio:    3.19
      Required ratio:    0.00 (Cumulative area) 
      Partial area ratio:    7.89
      Required ratio:  400.00 (Side area) 
      Cumulative area ratio:   12.73
      Required ratio:    0.00 (Cumulative side area) 

    Layer: Via3
      Partial area ratio:    0.03
      Required ratio:    0.00 (Gate area) 
      Cumulative area ratio:    0.43
      Required ratio:    0.00 (Cumulative area) 

    Layer: Metal4
      Partial area ratio:    1.50
      Required ratio:    0.00 (Gate area) 
      Cumulative area ratio:    4.69
      Required ratio:    0.00 (Cumulative area) 
      Partial area ratio:    5.85
      Required ratio:  400.00 (Side area) 
      Cumulative area ratio:   18.58
      Required ratio:    0.00 (Cumulative side area) 


  Pin:   _20761_/A (gf180mcu_as_sc_mcu7t3v3__nand2_2)
    Layer: Via1
      Partial area ratio:    0.05
      Required ratio:   20.00 (Gate area) 
      Cumulative area ratio:    0.05
      Required ratio:    0.00 (Cumulative area) 

    Layer: Metal2
      Partial area ratio:    0.78
      Required ratio:    0.00 (Gate area) 
      Cumulative area ratio:    0.78
      Required ratio:    0.00 (Cumulative area) 
      Partial area ratio:    3.18
      Required ratio:  400.00 (Side area) 
      Cumulative area ratio:    3.18
      Required ratio:    0.00 (Cumulative side area) 

    Layer: Via2
      Partial area ratio:    0.08
      Required ratio:   20.00 (Gate area) 
      Cumulative area ratio:    0.13
      Required ratio:    0.00 (Cumulative area) 

    Layer: Metal3
      Partial area ratio:   11.47
      Required ratio:    0.00 (Gate area) 
      Cumulative area ratio:   12.25
      Required ratio:    0.00 (Cumulative area) 
      Partial area ratio:   44.68
      Required ratio:  400.00 (Side area) 
      Cumulative area ratio:   47.86
      Required ratio:    0.00 (Cumulative side area) 

    Layer: Via3
      Partial area ratio:    0.02
      Required ratio:   20.00 (Gate area) 
      Cumulative area ratio:    0.15
      Required ratio:    0.00 (Cumulative area) 

    Layer: Metal4
      Partial area ratio:    1.50
      Required ratio:    0.00 (Gate area) 
      Cumulative area ratio:   13.75
      Required ratio:    0.00 (Cumulative area) 
      Partial area ratio:    5.85
      Required ratio:  400.00 (Side area) 
      Cumulative area ratio:   53.71
      Required ratio:    0.00 (Cumulative side area) 


  Pin:   _20788_/A (gf180mcu_as_sc_mcu7t3v3__and2_2)
    Layer: Via1
      Partial area ratio:    0.10
      Required ratio:   20.00 (Gate area) 
      Cumulative area ratio:    0.10
      Required ratio:    0.00 (Cumulative area) 

    Layer: Metal2
      Partial area ratio:    3.00
      Required ratio:    0.00 (Gate area) 
      Cumulative area ratio:    3.00
      Required ratio:    0.00 (Cumulative area) 
      Partial area ratio:   12.02
      Required ratio:  400.00 (Side area) 
      Cumulative area ratio:   12.02
      Required ratio:    0.00 (Cumulative side area) 

    Layer: Via2
      Partial area ratio:    0.20
      Required ratio:   20.00 (Gate area) 
      Cumulative area ratio:    0.30
      Required ratio:    0.00 (Cumulative area) 

    Layer: Metal3
      Partial area ratio:   11.47
      Required ratio:    0.00 (Gate area) 
      Cumulative area ratio:   14.47
      Required ratio:    0.00 (Cumulative area) 
      Partial area ratio:   44.68
      Required ratio:  400.00 (Side area) 
      Cumulative area ratio:   56.70
      Required ratio:    0.00 (Cumulative side area) 

    Layer: Via3
      Partial area ratio:    0.02
      Required ratio:   20.00 (Gate area) 
      Cumulative area ratio:    0.32
      Required ratio:    0.00 (Cumulative area) 

    Layer: Metal4
      Partial area ratio:    1.50
      Required ratio:    0.00 (Gate area) 
      Cumulative area ratio:   15.97
      Required ratio:    0.00 (Cumulative area) 
      Partial area ratio:    5.85
      Required ratio:  400.00 (Side area) 
      Cumulative area ratio:   62.54
      Required ratio:    0.00 (Cumulative side area) 


  Pin:   _20805_/D (gf180mcu_as_sc_mcu7t3v3__aoi22_2)
    Layer: Via1
      Partial area ratio:    0.05
      Required ratio:   20.00 (Gate area) 
      Cumulative area ratio:    0.05
      Required ratio:    0.00 (Cumulative area) 

    Layer: Metal2
      Partial area ratio:    2.56
      Required ratio:    0.00 (Gate area) 
      Cumulative area ratio:    2.56
      Required ratio:    0.00 (Cumulative area) 
      Partial area ratio:   10.10
      Required ratio:  400.00 (Side area) 
      Cumulative area ratio:   10.10
      Required ratio:    0.00 (Cumulative side area) 

    Layer: Via2
      Partial area ratio:    0.15
      Required ratio:   20.00 (Gate area) 
      Cumulative area ratio:    0.20
      Required ratio:    0.00 (Cumulative area) 

    Layer: Metal3
      Partial area ratio:   11.47
      Required ratio:    0.00 (Gate area) 
      Cumulative area ratio:   14.03
      Required ratio:    0.00 (Cumulative area) 
      Partial area ratio:   44.68
      Required ratio:  400.00 (Side area) 
      Cumulative area ratio:   54.78
      Required ratio:    0.00 (Cumulative side area) 

    Layer: Via3
      Partial area ratio:    0.02
      Required ratio:   20.00 (Gate area) 
      Cumulative area ratio:    0.22
      Required ratio:    0.00 (Cumulative area) 

    Layer: Metal4
      Partial area ratio:    1.50
      Required ratio:    0.00 (Gate area) 
      Cumulative area ratio:   15.53
      Required ratio:    0.00 (Cumulative area) 
      Partial area ratio:    5.85
      Required ratio:  400.00 (Side area) 
      Cumulative area ratio:   60.63
      Required ratio:    0.00 (Cumulative side area) 


  Pin:   _20840_/A (gf180mcu_as_sc_mcu7t3v3__and2_2)
    Layer: Via1
      Partial area ratio:    0.10
      Required ratio:   20.00 (Gate area) 
      Cumulative area ratio:    0.10
      Required ratio:    0.00 (Cumulative area) 

    Layer: Metal2
      Partial area ratio:    1.90
      Required ratio:    0.00 (Gate area) 
      Cumulative area ratio:    1.90
      Required ratio:    0.00 (Cumulative area) 
      Partial area ratio:    7.78
      Required ratio:  400.00 (Side area) 
      Cumulative area ratio:    7.78
      Required ratio:    0.00 (Cumulative side area) 

    Layer: Via2
      Partial area ratio:    0.20
      Required ratio:   20.00 (Gate area) 
      Cumulative area ratio:    0.30
      Required ratio:    0.00 (Cumulative area) 

    Layer: Metal3
      Partial area ratio:    6.38
      Required ratio:    0.00 (Gate area) 
      Cumulative area ratio:    8.28
      Required ratio:    0.00 (Cumulative area) 
      Partial area ratio:   25.16
      Required ratio:  400.00 (Side area) 
      Cumulative area ratio:   32.94
      Required ratio:    0.00 (Cumulative side area) 

    Layer: Via3
      Partial area ratio:    0.05
      Required ratio:   20.00 (Gate area) 
      Cumulative area ratio:    0.36
      Required ratio:    0.00 (Cumulative area) 

    Layer: Metal4
      Partial area ratio:    1.50
      Required ratio:    0.00 (Gate area) 
      Cumulative area ratio:    9.78
      Required ratio:    0.00 (Cumulative area) 
      Partial area ratio:    5.85
      Required ratio:  400.00 (Side area) 
      Cumulative area ratio:   38.79
      Required ratio:    0.00 (Cumulative side area) 



Net: net498
  Pin:   _11734_/B (gf180mcu_as_sc_mcu7t3v3__or2_2)
    Layer: Via1
      Partial area ratio:    0.10
      Required ratio:   20.00 (Gate area) 
      Cumulative area ratio:    0.10
      Required ratio:    0.00 (Cumulative area) 

    Layer: Metal2
      Partial area ratio:    1.04
      Required ratio:    0.00 (Gate area) 
      Cumulative area ratio:    1.04
      Required ratio:    0.00 (Cumulative area) 
      Partial area ratio:    4.11
      Required ratio:  400.00 (Side area) 
      Cumulative area ratio:    4.11
      Required ratio:    0.00 (Cumulative side area) 

    Layer: Via2
      Partial area ratio:    0.30
      Required ratio:    0.00 (Gate area) 
      Cumulative area ratio:    0.41
      Required ratio:    0.00 (Cumulative area) 

    Layer: Metal3
      Partial area ratio:    0.10
      Required ratio:    0.00 (Gate area) 
      Cumulative area ratio:    1.14
      Required ratio:    0.00 (Cumulative area) 
      Partial area ratio:    0.68
      Required ratio:  400.00 (Side area) 
      Cumulative area ratio:    4.79
      Required ratio:    0.00 (Cumulative side area) 

    Layer: Via3
      Partial area ratio:    0.10
      Required ratio:    0.00 (Gate area) 
      Cumulative area ratio:    0.51
      Required ratio:    0.00 (Cumulative area) 

    Layer: Metal4
      Partial area ratio:   17.06
      Required ratio:    0.00 (Gate area) 
      Cumulative area ratio:   18.20
      Required ratio:    0.00 (Cumulative area) 
      Partial area ratio:   65.91
      Required ratio:  400.00 (Side area) 
      Cumulative area ratio:   70.71
      Required ratio:    0.00 (Cumulative side area) 


  Pin:   fanout494/A (gf180mcu_as_sc_mcu7t3v3__buff_2)
    Layer: Via1
      Partial area ratio:    0.10
      Required ratio:   20.00 (Gate area) 
      Cumulative area ratio:    0.10
      Required ratio:    0.00 (Cumulative area) 

    Layer: Metal2
      Partial area ratio:    2.20
      Required ratio:    0.00 (Gate area) 
      Cumulative area ratio:    2.20
      Required ratio:    0.00 (Cumulative area) 
      Partial area ratio:    8.96
      Required ratio:  400.00 (Side area) 
      Cumulative area ratio:    8.96
      Required ratio:    0.00 (Cumulative side area) 

    Layer: Via2
      Partial area ratio:    0.20
      Required ratio:   20.00 (Gate area) 
      Cumulative area ratio:    0.30
      Required ratio:    0.00 (Cumulative area) 

    Layer: Metal3
      Partial area ratio:    0.32
      Required ratio:    0.00 (Gate area) 
      Cumulative area ratio:    2.52
      Required ratio:    0.00 (Cumulative area) 
      Partial area ratio:    2.14
      Required ratio:  400.00 (Side area) 
      Cumulative area ratio:   11.10
      Required ratio:    0.00 (Cumulative side area) 

    Layer: Via3
      Partial area ratio:    0.10
      Required ratio:   20.00 (Gate area) 
      Cumulative area ratio:    0.41
      Required ratio:    0.00 (Cumulative area) 

    Layer: Metal4
      Partial area ratio:   17.06
      Required ratio:    0.00 (Gate area) 
      Cumulative area ratio:   19.59
      Required ratio:    0.00 (Cumulative area) 
      Partial area ratio:   65.91
      Required ratio:  400.00 (Side area) 
      Cumulative area ratio:   77.01
      Required ratio:    0.00 (Cumulative side area) 


  Pin:   fanout495/A (gf180mcu_as_sc_mcu7t3v3__buff_2)
    Layer: Via1
      Partial area ratio:    0.10
      Required ratio:   20.00 (Gate area) 
      Cumulative area ratio:    0.10
      Required ratio:    0.00 (Cumulative area) 

    Layer: Metal2
      Partial area ratio:    1.53
      Required ratio:    0.00 (Gate area) 
      Cumulative area ratio:    1.53
      Required ratio:    0.00 (Cumulative area) 
      Partial area ratio:    6.34
      Required ratio:  400.00 (Side area) 
      Cumulative area ratio:    6.34
      Required ratio:    0.00 (Cumulative side area) 

    Layer: Via2
      Partial area ratio:    0.20
      Required ratio:   20.00 (Gate area) 
      Cumulative area ratio:    0.30
      Required ratio:    0.00 (Cumulative area) 

    Layer: Metal3
      Partial area ratio:    3.85
      Required ratio:    0.00 (Gate area) 
      Cumulative area ratio:    5.38
      Required ratio:    0.00 (Cumulative area) 
      Partial area ratio:   15.75
      Required ratio:  400.00 (Side area) 
      Cumulative area ratio:   22.09
      Required ratio:    0.00 (Cumulative side area) 

    Layer: Via3
      Partial area ratio:    0.10
      Required ratio:   20.00 (Gate area) 
      Cumulative area ratio:    0.41
      Required ratio:    0.00 (Cumulative area) 

    Layer: Metal4
      Partial area ratio:   17.06
      Required ratio:    0.00 (Gate area) 
      Cumulative area ratio:   22.44
      Required ratio:    0.00 (Cumulative area) 
      Partial area ratio:   65.91
      Required ratio:  400.00 (Side area) 
      Cumulative area ratio:   88.01
      Required ratio:    0.00 (Cumulative side area) 


  Pin:   fanout496/A (gf180mcu_as_sc_mcu7t3v3__buff_2)
    Layer: Via1
      Partial area ratio:    0.10
      Required ratio:   20.00 (Gate area) 
      Cumulative area ratio:    0.10
      Required ratio:    0.00 (Cumulative area) 

    Layer: Metal2
      Partial area ratio:    1.50
      Required ratio:    0.00 (Gate area) 
      Cumulative area ratio:    1.50
      Required ratio:    0.00 (Cumulative area) 
      Partial area ratio:    6.24
      Required ratio:  400.00 (Side area) 
      Cumulative area ratio:    6.24
      Required ratio:    0.00 (Cumulative side area) 

    Layer: Via2
      Partial area ratio:    0.20
      Required ratio:   20.00 (Gate area) 
      Cumulative area ratio:    0.30
      Required ratio:    0.00 (Cumulative area) 

    Layer: Metal3
      Partial area ratio:  130.99
      Required ratio:    0.00 (Gate area) 
      Cumulative area ratio:  132.49
      Required ratio:    0.00 (Cumulative area) 
      Partial area ratio:  506.37
      Required ratio:  400.00 (Side area) (VIOLATED)
      Cumulative area ratio:  512.61
      Required ratio:    0.00 (Cumulative side area) 

    Layer: Via3
      Partial area ratio:    0.10
      Required ratio:   20.00 (Gate area) 
      Cumulative area ratio:    0.41
      Required ratio:    0.00 (Cumulative area) 

    Layer: Metal4
      Partial area ratio:   17.06
      Required ratio:    0.00 (Gate area) 
      Cumulative area ratio:  149.55
      Required ratio:    0.00 (Cumulative area) 
      Partial area ratio:   65.91
      Required ratio:  400.00 (Side area) 
      Cumulative area ratio:  578.52
      Required ratio:    0.00 (Cumulative side area) 


  Pin:   fanout497/A (gf180mcu_as_sc_mcu7t3v3__buff_2)
    Layer: Via1
      Partial area ratio:    0.10
      Required ratio:   20.00 (Gate area) 
      Cumulative area ratio:    0.10
      Required ratio:    0.00 (Cumulative area) 

    Layer: Metal2
      Partial area ratio:    0.99
      Required ratio:    0.00 (Gate area) 
      Cumulative area ratio:    0.99
      Required ratio:    0.00 (Cumulative area) 
      Partial area ratio:    4.29
      Required ratio:  400.00 (Side area) 
      Cumulative area ratio:    4.29
      Required ratio:    0.00 (Cumulative side area) 

    Layer: Via2
      Partial area ratio:    0.20
      Required ratio:   20.00 (Gate area) 
      Cumulative area ratio:    0.30
      Required ratio:    0.00 (Cumulative area) 

    Layer: Metal3
      Partial area ratio:  130.99
      Required ratio:    0.00 (Gate area) 
      Cumulative area ratio:  131.98
      Required ratio:    0.00 (Cumulative area) 
      Partial area ratio:  506.37
      Required ratio:  400.00 (Side area) (VIOLATED)
      Cumulative area ratio:  510.66
      Required ratio:    0.00 (Cumulative side area) 

    Layer: Via3
      Partial area ratio:    0.10
      Required ratio:   20.00 (Gate area) 
      Cumulative area ratio:    0.41
      Required ratio:    0.00 (Cumulative area) 

    Layer: Metal4
      Partial area ratio:   17.06
      Required ratio:    0.00 (Gate area) 
      Cumulative area ratio:  149.04
      Required ratio:    0.00 (Cumulative area) 
      Partial area ratio:   65.91
      Required ratio:  400.00 (Side area) 
      Cumulative area ratio:  576.58
      Required ratio:    0.00 (Cumulative side area) 



Net: net761
  Pin:   _10894_/A (gf180mcu_as_sc_mcu7t3v3__and2_2)
    Layer: Via1
      Partial area ratio:    0.10
      Required ratio:   20.00 (Gate area) 
      Cumulative area ratio:    0.10
      Required ratio:    0.00 (Cumulative area) 

    Layer: Metal2
      Partial area ratio:    2.74
      Required ratio:    0.00 (Gate area) 
      Cumulative area ratio:    2.74
      Required ratio:    0.00 (Cumulative area) 
      Partial area ratio:   11.02
      Required ratio:  400.00 (Side area) 
      Cumulative area ratio:   11.02
      Required ratio:    0.00 (Cumulative side area) 

    Layer: Via2
      Partial area ratio:    0.20
      Required ratio:   20.00 (Gate area) 
      Cumulative area ratio:    0.30
      Required ratio:    0.00 (Cumulative area) 

    Layer: Metal3
      Partial area ratio:    0.32
      Required ratio:    0.00 (Gate area) 
      Cumulative area ratio:    3.06
      Required ratio:    0.00 (Cumulative area) 
      Partial area ratio:    2.14
      Required ratio:  400.00 (Side area) 
      Cumulative area ratio:   13.16
      Required ratio:    0.00 (Cumulative side area) 

    Layer: Via3
      Partial area ratio:    0.10
      Required ratio:   20.00 (Gate area) 
      Cumulative area ratio:    0.41
      Required ratio:    0.00 (Cumulative area) 

    Layer: Metal4
      Partial area ratio:    1.28
      Required ratio:    0.00 (Gate area) 
      Cumulative area ratio:    4.34
      Required ratio:    0.00 (Cumulative area) 
      Partial area ratio:    5.09
      Required ratio:  400.00 (Side area) 
      Cumulative area ratio:   18.25
      Required ratio:    0.00 (Cumulative side area) 

    Layer: Via4
      Partial area ratio:    0.02
      Required ratio:    0.00 (Gate area) 
      Cumulative area ratio:    0.43
      Required ratio:    0.00 (Cumulative area) 

    Layer: Metal5
      Partial area ratio:   23.70
      Required ratio:    0.00 (Gate area) 
      Cumulative area ratio:   28.04
      Required ratio:    0.00 (Cumulative area) 
      Partial area ratio:  128.32
      Required ratio:  400.00 (Side area) 
      Cumulative area ratio:  146.57
      Required ratio:    0.00 (Cumulative side area) 


  Pin:   _10932_/A (gf180mcu_as_sc_mcu7t3v3__mux2_2)
    Layer: Metal1
      Partial area ratio:    0.01
      Required ratio:    0.00 (Gate area) 
      Cumulative area ratio:    0.01
      Required ratio:    0.00 (Cumulative area) 
      Partial area ratio:    0.88
      Required ratio:  400.00 (Side area) 
      Cumulative area ratio:    0.88
      Required ratio:    0.00 (Cumulative side area) 

    Layer: Via1
      Partial area ratio:    0.10
      Required ratio:   20.00 (Gate area) 
      Cumulative area ratio:    0.10
      Required ratio:    0.00 (Cumulative area) 

    Layer: Metal2
      Partial area ratio:    2.78
      Required ratio:    0.00 (Gate area) 
      Cumulative area ratio:    2.78
      Required ratio:    0.00 (Cumulative area) 
      Partial area ratio:   11.16
      Required ratio:  400.00 (Side area) 
      Cumulative area ratio:   12.03
      Required ratio:    0.00 (Cumulative side area) 

    Layer: Via2
      Partial area ratio:    0.20
      Required ratio:   20.00 (Gate area) 
      Cumulative area ratio:    0.30
      Required ratio:    0.00 (Cumulative area) 

    Layer: Metal3
      Partial area ratio:    6.30
      Required ratio:    0.00 (Gate area) 
      Cumulative area ratio:    9.08
      Required ratio:    0.00 (Cumulative area) 
      Partial area ratio:   24.63
      Required ratio:  400.00 (Side area) 
      Cumulative area ratio:   36.66
      Required ratio:    0.00 (Cumulative side area) 

    Layer: Via3
      Partial area ratio:    0.05
      Required ratio:   20.00 (Gate area) 
      Cumulative area ratio:    0.36
      Required ratio:    0.00 (Cumulative area) 

    Layer: Metal4
      Partial area ratio:    1.28
      Required ratio:    0.00 (Gate area) 
      Cumulative area ratio:   10.36
      Required ratio:    0.00 (Cumulative area) 
      Partial area ratio:    5.09
      Required ratio:  400.00 (Side area) 
      Cumulative area ratio:   41.75
      Required ratio:    0.00 (Cumulative side area) 

    Layer: Via4
      Partial area ratio:    0.02
      Required ratio:    0.00 (Gate area) 
      Cumulative area ratio:    0.38
      Required ratio:    0.00 (Cumulative area) 

    Layer: Metal5
      Partial area ratio:   23.70
      Required ratio:    0.00 (Gate area) 
      Cumulative area ratio:   34.06
      Required ratio:    0.00 (Cumulative area) 
      Partial area ratio:  128.32
      Required ratio:  400.00 (Side area) 
      Cumulative area ratio:  170.07
      Required ratio:    0.00 (Cumulative side area) 


  Pin:   _10942_/A (gf180mcu_as_sc_mcu7t3v3__mux2_2)
    Layer: Metal1
      Partial area ratio:    0.01
      Required ratio:    0.00 (Gate area) 
      Cumulative area ratio:    0.01
      Required ratio:    0.00 (Cumulative area) 
      Partial area ratio:    0.88
      Required ratio:  400.00 (Side area) 
      Cumulative area ratio:    0.88
      Required ratio:    0.00 (Cumulative side area) 

    Layer: Via1
      Partial area ratio:    0.10
      Required ratio:   20.00 (Gate area) 
      Cumulative area ratio:    0.10
      Required ratio:    0.00 (Cumulative area) 

    Layer: Metal2
      Partial area ratio:    1.89
      Required ratio:    0.00 (Gate area) 
      Cumulative area ratio:    1.89
      Required ratio:    0.00 (Cumulative area) 
      Partial area ratio:    7.67
      Required ratio:  400.00 (Side area) 
      Cumulative area ratio:    8.55
      Required ratio:    0.00 (Cumulative side area) 

    Layer: Via2
      Partial area ratio:    0.14
      Required ratio:   20.00 (Gate area) 
      Cumulative area ratio:    0.24
      Required ratio:    0.00 (Cumulative area) 

    Layer: Metal3
      Partial area ratio:    7.27
      Required ratio:    0.00 (Gate area) 
      Cumulative area ratio:    9.17
      Required ratio:    0.00 (Cumulative area) 
      Partial area ratio:   28.45
      Required ratio:  400.00 (Side area) 
      Cumulative area ratio:   37.00
      Required ratio:    0.00 (Cumulative side area) 

    Layer: Via3
      Partial area ratio:    0.10
      Required ratio:   20.00 (Gate area) 
      Cumulative area ratio:    0.34
      Required ratio:    0.00 (Cumulative area) 

    Layer: Metal4
      Partial area ratio:  110.72
      Required ratio:    0.00 (Gate area) 
      Cumulative area ratio:  119.89
      Required ratio:    0.00 (Cumulative area) 
      Partial area ratio:  427.38
      Required ratio:  400.00 (Side area) (VIOLATED)
      Cumulative area ratio:  464.38
      Required ratio:    0.00 (Cumulative side area) 

    Layer: Via4
      Partial area ratio:    0.03
      Required ratio:   20.00 (Gate area) 
      Cumulative area ratio:    0.38
      Required ratio:    0.00 (Cumulative area) 

    Layer: Metal5
      Partial area ratio:   23.70
      Required ratio:    0.00 (Gate area) 
      Cumulative area ratio:  143.59
      Required ratio:    0.00 (Cumulative area) 
      Partial area ratio:  128.32
      Required ratio:  400.00 (Side area) 
      Cumulative area ratio:  592.69
      Required ratio:    0.00 (Cumulative side area) 


  Pin:   _10951_/B (gf180mcu_as_sc_mcu7t3v3__mux2_2)
    Layer: Metal1
      Partial area ratio:    0.02
      Required ratio:    0.00 (Gate area) 
      Cumulative area ratio:    0.02
      Required ratio:    0.00 (Cumulative area) 
      Partial area ratio:    0.92
      Required ratio:  400.00 (Side area) 
      Cumulative area ratio:    0.92
      Required ratio:    0.00 (Cumulative side area) 

    Layer: Via1
      Partial area ratio:    0.10
      Required ratio:   20.00 (Gate area) 
      Cumulative area ratio:    0.10
      Required ratio:    0.00 (Cumulative area) 

    Layer: Metal2
      Partial area ratio:    1.52
      Required ratio:    0.00 (Gate area) 
      Cumulative area ratio:    1.53
      Required ratio:    0.00 (Cumulative area) 
      Partial area ratio:    6.30
      Required ratio:  400.00 (Side area) 
      Cumulative area ratio:    7.22
      Required ratio:    0.00 (Cumulative side area) 

    Layer: Via2
      Partial area ratio:    0.20
      Required ratio:   20.00 (Gate area) 
      Cumulative area ratio:    0.30
      Required ratio:    0.00 (Cumulative area) 

    Layer: Metal3
      Partial area ratio:    3.85
      Required ratio:    0.00 (Gate area) 
      Cumulative area ratio:    5.38
      Required ratio:    0.00 (Cumulative area) 
      Partial area ratio:   15.75
      Required ratio:  400.00 (Side area) 
      Cumulative area ratio:   22.97
      Required ratio:    0.00 (Cumulative side area) 

    Layer: Via3
      Partial area ratio:    0.20
      Required ratio:   20.00 (Gate area) 
      Cumulative area ratio:    0.51
      Required ratio:    0.00 (Cumulative area) 

    Layer: Metal4
      Partial area ratio:  110.72
      Required ratio:    0.00 (Gate area) 
      Cumulative area ratio:  116.10
      Required ratio:    0.00 (Cumulative area) 
      Partial area ratio:  427.38
      Required ratio:  400.00 (Side area) (VIOLATED)
      Cumulative area ratio:  450.34
      Required ratio:    0.00 (Cumulative side area) 

    Layer: Via4
      Partial area ratio:    0.03
      Required ratio:   20.00 (Gate area) 
      Cumulative area ratio:    0.54
      Required ratio:    0.00 (Cumulative area) 

    Layer: Metal5
      Partial area ratio:   23.70
      Required ratio:    0.00 (Gate area) 
      Cumulative area ratio:  139.80
      Required ratio:    0.00 (Cumulative area) 
      Partial area ratio:  128.32
      Required ratio:  400.00 (Side area) 
      Cumulative area ratio:  578.66
      Required ratio:    0.00 (Cumulative side area) 


  Pin:   _10974_/A (gf180mcu_as_sc_mcu7t3v3__mux2_2)
    Layer: Metal1
      Partial area ratio:    0.01
      Required ratio:    0.00 (Gate area) 
      Cumulative area ratio:    0.01
      Required ratio:    0.00 (Cumulative area) 
      Partial area ratio:    0.88
      Required ratio:  400.00 (Side area) 
      Cumulative area ratio:    0.88
      Required ratio:    0.00 (Cumulative side area) 

    Layer: Via1
      Partial area ratio:    0.10
      Required ratio:   20.00 (Gate area) 
      Cumulative area ratio:    0.10
      Required ratio:    0.00 (Cumulative area) 

    Layer: Metal2
      Partial area ratio:    2.54
      Required ratio:    0.00 (Gate area) 
      Cumulative area ratio:    2.55
      Required ratio:    0.00 (Cumulative area) 
      Partial area ratio:   10.25
      Required ratio:  400.00 (Side area) 
      Cumulative area ratio:   11.13
      Required ratio:    0.00 (Cumulative side area) 

    Layer: Via2
      Partial area ratio:    0.20
      Required ratio:   20.00 (Gate area) 
      Cumulative area ratio:    0.30
      Required ratio:    0.00 (Cumulative area) 

    Layer: Metal3
      Partial area ratio:    0.32
      Required ratio:    0.00 (Gate area) 
      Cumulative area ratio:    2.87
      Required ratio:    0.00 (Cumulative area) 
      Partial area ratio:    2.14
      Required ratio:  400.00 (Side area) 
      Cumulative area ratio:   13.27
      Required ratio:    0.00 (Cumulative side area) 

    Layer: Via3
      Partial area ratio:    0.10
      Required ratio:   20.00 (Gate area) 
      Cumulative area ratio:    0.41
      Required ratio:    0.00 (Cumulative area) 

    Layer: Metal4
      Partial area ratio:  110.72
      Required ratio:    0.00 (Gate area) 
      Cumulative area ratio:  113.59
      Required ratio:    0.00 (Cumulative area) 
      Partial area ratio:  427.38
      Required ratio:  400.00 (Side area) (VIOLATED)
      Cumulative area ratio:  440.64
      Required ratio:    0.00 (Cumulative side area) 

    Layer: Via4
      Partial area ratio:    0.03
      Required ratio:   20.00 (Gate area) 
      Cumulative area ratio:    0.44
      Required ratio:    0.00 (Cumulative area) 

    Layer: Metal5
      Partial area ratio:   23.70
      Required ratio:    0.00 (Gate area) 
      Cumulative area ratio:  137.29
      Required ratio:    0.00 (Cumulative area) 
      Partial area ratio:  128.32
      Required ratio:  400.00 (Side area) 
      Cumulative area ratio:  568.96
      Required ratio:    0.00 (Cumulative side area) 


  Pin:   max_cap762/A (gf180mcu_as_sc_mcu7t3v3__buff_8)
    Layer: Metal1
      Partial area ratio:    0.01
      Required ratio:    0.00 (Gate area) 
      Cumulative area ratio:    0.01
      Required ratio:    0.00 (Cumulative area) 
      Partial area ratio:    0.23
      Required ratio:  400.00 (Side area) 
      Cumulative area ratio:    0.23
      Required ratio:    0.00 (Cumulative side area) 

    Layer: Via1
      Partial area ratio:    0.03
      Required ratio:   20.00 (Gate area) 
      Cumulative area ratio:    0.03
      Required ratio:    0.00 (Cumulative area) 

    Layer: Metal2
      Partial area ratio:    0.61
      Required ratio:    0.00 (Gate area) 
      Cumulative area ratio:    0.62
      Required ratio:    0.00 (Cumulative area) 
      Partial area ratio:    2.49
      Required ratio:  400.00 (Side area) 
      Cumulative area ratio:    2.73
      Required ratio:    0.00 (Cumulative side area) 

    Layer: Via2
      Partial area ratio:    0.07
      Required ratio:   20.00 (Gate area) 
      Cumulative area ratio:    0.10
      Required ratio:    0.00 (Cumulative area) 

    Layer: Metal3
      Partial area ratio:    6.30
      Required ratio:    0.00 (Gate area) 
      Cumulative area ratio:    6.91
      Required ratio:    0.00 (Cumulative area) 
      Partial area ratio:   24.63
      Required ratio:  400.00 (Side area) 
      Cumulative area ratio:   27.35
      Required ratio:    0.00 (Cumulative side area) 

    Layer: Via3
      Partial area ratio:    0.05
      Required ratio:   20.00 (Gate area) 
      Cumulative area ratio:    0.15
      Required ratio:    0.00 (Cumulative area) 

    Layer: Metal4
      Partial area ratio:    1.28
      Required ratio:    0.00 (Gate area) 
      Cumulative area ratio:    8.19
      Required ratio:    0.00 (Cumulative area) 
      Partial area ratio:    5.09
      Required ratio:  400.00 (Side area) 
      Cumulative area ratio:   32.45
      Required ratio:    0.00 (Cumulative side area) 

    Layer: Via4
      Partial area ratio:    0.02
      Required ratio:    0.00 (Gate area) 
      Cumulative area ratio:    0.17
      Required ratio:    0.00 (Cumulative area) 

    Layer: Metal5
      Partial area ratio:   23.70
      Required ratio:    0.00 (Gate area) 
      Cumulative area ratio:   31.89
      Required ratio:    0.00 (Cumulative area) 
      Partial area ratio:  128.32
      Required ratio:  400.00 (Side area) 
      Cumulative area ratio:  160.76
      Required ratio:    0.00 (Cumulative side area) 



Net: net762
  Pin:   _10921_/A (gf180mcu_as_sc_mcu7t3v3__mux2_2)
    Layer: Metal1
      Partial area ratio:    0.01
      Required ratio:    0.00 (Gate area) 
      Cumulative area ratio:    0.01
      Required ratio:    0.00 (Cumulative area) 
      Partial area ratio:    0.88
      Required ratio:  400.00 (Side area) 
      Cumulative area ratio:    0.88
      Required ratio:    0.00 (Cumulative side area) 

    Layer: Via1
      Partial area ratio:    0.10
      Required ratio:   20.00 (Gate area) 
      Cumulative area ratio:    0.10
      Required ratio:    0.00 (Cumulative area) 

    Layer: Metal2
      Partial area ratio:    2.33
      Required ratio:    0.00 (Gate area) 
      Cumulative area ratio:    2.34
      Required ratio:    0.00 (Cumulative area) 
      Partial area ratio:    9.46
      Required ratio:  400.00 (Side area) 
      Cumulative area ratio:   10.33
      Required ratio:    0.00 (Cumulative side area) 

    Layer: Via2
      Partial area ratio:    0.20
      Required ratio:   20.00 (Gate area) 
      Cumulative area ratio:    0.30
      Required ratio:    0.00 (Cumulative area) 

    Layer: Metal3
      Partial area ratio:    0.32
      Required ratio:    0.00 (Gate area) 
      Cumulative area ratio:    2.66
      Required ratio:    0.00 (Cumulative area) 
      Partial area ratio:    2.14
      Required ratio:  400.00 (Side area) 
      Cumulative area ratio:   12.47
      Required ratio:    0.00 (Cumulative side area) 

    Layer: Via3
      Partial area ratio:    0.10
      Required ratio:   20.00 (Gate area) 
      Cumulative area ratio:    0.41
      Required ratio:    0.00 (Cumulative area) 

    Layer: Metal4
      Partial area ratio:   14.84
      Required ratio:    0.00 (Gate area) 
      Cumulative area ratio:   17.50
      Required ratio:    0.00 (Cumulative area) 
      Partial area ratio:   57.25
      Required ratio:  400.00 (Side area) 
      Cumulative area ratio:   69.72
      Required ratio:    0.00 (Cumulative side area) 


  Pin:   _10963_/A (gf180mcu_as_sc_mcu7t3v3__mux2_2)
    Layer: Metal1
      Partial area ratio:    0.01
      Required ratio:    0.00 (Gate area) 
      Cumulative area ratio:    0.01
      Required ratio:    0.00 (Cumulative area) 
      Partial area ratio:    0.88
      Required ratio:  400.00 (Side area) 
      Cumulative area ratio:    0.88
      Required ratio:    0.00 (Cumulative side area) 

    Layer: Via1
      Partial area ratio:    0.10
      Required ratio:   20.00 (Gate area) 
      Cumulative area ratio:    0.10
      Required ratio:    0.00 (Cumulative area) 

    Layer: Metal2
      Partial area ratio:    4.66
      Required ratio:    0.00 (Gate area) 
      Cumulative area ratio:    4.67
      Required ratio:    0.00 (Cumulative area) 
      Partial area ratio:   18.42
      Required ratio:  400.00 (Side area) 
      Cumulative area ratio:   19.29
      Required ratio:    0.00 (Cumulative side area) 

    Layer: Via2
      Partial area ratio:    0.20
      Required ratio:   20.00 (Gate area) 
      Cumulative area ratio:    0.30
      Required ratio:    0.00 (Cumulative area) 

    Layer: Metal3
      Partial area ratio:  173.26
      Required ratio:    0.00 (Gate area) 
      Cumulative area ratio:  177.93
      Required ratio:    0.00 (Cumulative area) 
      Partial area ratio:  669.20
      Required ratio:  400.00 (Side area) (VIOLATED)
      Cumulative area ratio:  688.49
      Required ratio:    0.00 (Cumulative side area) 

    Layer: Via3
      Partial area ratio:    0.10
      Required ratio:   20.00 (Gate area) 
      Cumulative area ratio:    0.41
      Required ratio:    0.00 (Cumulative area) 

    Layer: Metal4
      Partial area ratio:   14.84
      Required ratio:    0.00 (Gate area) 
      Cumulative area ratio:  192.76
      Required ratio:    0.00 (Cumulative area) 
      Partial area ratio:   57.25
      Required ratio:  400.00 (Side area) 
      Cumulative area ratio:  745.74
      Required ratio:    0.00 (Cumulative side area) 


  Pin:   _10984_/A (gf180mcu_as_sc_mcu7t3v3__mux2_2)
    Layer: Metal1
      Partial area ratio:    0.01
      Required ratio:    0.00 (Gate area) 
      Cumulative area ratio:    0.01
      Required ratio:    0.00 (Cumulative area) 
      Partial area ratio:    0.88
      Required ratio:  400.00 (Side area) 
      Cumulative area ratio:    0.88
      Required ratio:    0.00 (Cumulative side area) 

    Layer: Via1
      Partial area ratio:    0.10
      Required ratio:   20.00 (Gate area) 
      Cumulative area ratio:    0.10
      Required ratio:    0.00 (Cumulative area) 

    Layer: Metal2
      Partial area ratio:    1.91
      Required ratio:    0.00 (Gate area) 
      Cumulative area ratio:    1.92
      Required ratio:    0.00 (Cumulative area) 
      Partial area ratio:    7.84
      Required ratio:  400.00 (Side area) 
      Cumulative area ratio:    8.71
      Required ratio:    0.00 (Cumulative side area) 

    Layer: Via2
      Partial area ratio:    0.20
      Required ratio:   20.00 (Gate area) 
      Cumulative area ratio:    0.30
      Required ratio:    0.00 (Cumulative area) 

    Layer: Metal3
      Partial area ratio:    0.32
      Required ratio:    0.00 (Gate area) 
      Cumulative area ratio:    2.24
      Required ratio:    0.00 (Cumulative area) 
      Partial area ratio:    2.14
      Required ratio:  400.00 (Side area) 
      Cumulative area ratio:   10.85
      Required ratio:    0.00 (Cumulative side area) 

    Layer: Via3
      Partial area ratio:    0.10
      Required ratio:   20.00 (Gate area) 
      Cumulative area ratio:    0.41
      Required ratio:    0.00 (Cumulative area) 

    Layer: Metal4
      Partial area ratio:   14.84
      Required ratio:    0.00 (Gate area) 
      Cumulative area ratio:   17.08
      Required ratio:    0.00 (Cumulative area) 
      Partial area ratio:   57.25
      Required ratio:  400.00 (Side area) 
      Cumulative area ratio:   68.10
      Required ratio:    0.00 (Cumulative side area) 


  Pin:   _10993_/B (gf180mcu_as_sc_mcu7t3v3__mux2_2)
    Layer: Metal1
      Partial area ratio:    0.02
      Required ratio:    0.00 (Gate area) 
      Cumulative area ratio:    0.02
      Required ratio:    0.00 (Cumulative area) 
      Partial area ratio:    0.92
      Required ratio:  400.00 (Side area) 
      Cumulative area ratio:    0.92
      Required ratio:    0.00 (Cumulative side area) 

    Layer: Via1
      Partial area ratio:    0.10
      Required ratio:   20.00 (Gate area) 
      Cumulative area ratio:    0.10
      Required ratio:    0.00 (Cumulative area) 

    Layer: Metal2
      Partial area ratio:    2.18
      Required ratio:    0.00 (Gate area) 
      Cumulative area ratio:    2.20
      Required ratio:    0.00 (Cumulative area) 
      Partial area ratio:    8.87
      Required ratio:  400.00 (Side area) 
      Cumulative area ratio:    9.78
      Required ratio:    0.00 (Cumulative side area) 

    Layer: Via2
      Partial area ratio:    0.20
      Required ratio:   20.00 (Gate area) 
      Cumulative area ratio:    0.30
      Required ratio:    0.00 (Cumulative area) 

    Layer: Metal3
      Partial area ratio:    0.32
      Required ratio:    0.00 (Gate area) 
      Cumulative area ratio:    2.52
      Required ratio:    0.00 (Cumulative area) 
      Partial area ratio:    2.14
      Required ratio:  400.00 (Side area) 
      Cumulative area ratio:   11.92
      Required ratio:    0.00 (Cumulative side area) 

    Layer: Via3
      Partial area ratio:    0.10
      Required ratio:   20.00 (Gate area) 
      Cumulative area ratio:    0.41
      Required ratio:    0.00 (Cumulative area) 

    Layer: Metal4
      Partial area ratio:   14.84
      Required ratio:    0.00 (Gate area) 
      Cumulative area ratio:   17.36
      Required ratio:    0.00 (Cumulative area) 
      Partial area ratio:   57.25
      Required ratio:  400.00 (Side area) 
      Cumulative area ratio:   69.18
      Required ratio:    0.00 (Cumulative side area) 



Net: net764
  Pin:   _10920_/A (gf180mcu_as_sc_mcu7t3v3__mux2_2)
    Layer: Metal1
      Partial area ratio:    0.01
      Required ratio:    0.00 (Gate area) 
      Cumulative area ratio:    0.01
      Required ratio:    0.00 (Cumulative area) 
      Partial area ratio:    0.88
      Required ratio:  400.00 (Side area) 
      Cumulative area ratio:    0.88
      Required ratio:    0.00 (Cumulative side area) 

    Layer: Via1
      Partial area ratio:    0.10
      Required ratio:   20.00 (Gate area) 
      Cumulative area ratio:    0.10
      Required ratio:    0.00 (Cumulative area) 

    Layer: Metal2
      Partial area ratio:    1.84
      Required ratio:    0.00 (Gate area) 
      Cumulative area ratio:    1.84
      Required ratio:    0.00 (Cumulative area) 
      Partial area ratio:    7.48
      Required ratio:  400.00 (Side area) 
      Cumulative area ratio:    8.35
      Required ratio:    0.00 (Cumulative side area) 

    Layer: Via2
      Partial area ratio:    0.14
      Required ratio:   20.00 (Gate area) 
      Cumulative area ratio:    0.24
      Required ratio:    0.00 (Cumulative area) 

    Layer: Metal3
      Partial area ratio:    0.21
      Required ratio:    0.00 (Gate area) 
      Cumulative area ratio:    2.06
      Required ratio:    0.00 (Cumulative area) 
      Partial area ratio:    1.22
      Required ratio:  400.00 (Side area) 
      Cumulative area ratio:    9.58
      Required ratio:    0.00 (Cumulative side area) 

    Layer: Via3
      Partial area ratio:    0.10
      Required ratio:   20.00 (Gate area) 
      Cumulative area ratio:    0.34
      Required ratio:    0.00 (Cumulative area) 

    Layer: Metal4
      Partial area ratio:    0.16
      Required ratio:    0.00 (Gate area) 
      Cumulative area ratio:    2.22
      Required ratio:    0.00 (Cumulative area) 
      Partial area ratio:    1.07
      Required ratio:  400.00 (Side area) 
      Cumulative area ratio:   10.65
      Required ratio:    0.00 (Cumulative side area) 

    Layer: Via4
      Partial area ratio:    0.10
      Required ratio:   20.00 (Gate area) 
      Cumulative area ratio:    0.44
      Required ratio:    0.00 (Cumulative area) 

    Layer: Metal5
      Partial area ratio:   23.04
      Required ratio:    0.00 (Gate area) 
      Cumulative area ratio:   25.26
      Required ratio:    0.00 (Cumulative area) 
      Partial area ratio:  124.75
      Required ratio:  400.00 (Side area) 
      Cumulative area ratio:  135.40
      Required ratio:    0.00 (Cumulative side area) 


  Pin:   _10931_/A (gf180mcu_as_sc_mcu7t3v3__mux2_2)
    Layer: Metal1
      Partial area ratio:    0.01
      Required ratio:    0.00 (Gate area) 
      Cumulative area ratio:    0.01
      Required ratio:    0.00 (Cumulative area) 
      Partial area ratio:    0.88
      Required ratio:  400.00 (Side area) 
      Cumulative area ratio:    0.88
      Required ratio:    0.00 (Cumulative side area) 

    Layer: Via1
      Partial area ratio:    0.10
      Required ratio:   20.00 (Gate area) 
      Cumulative area ratio:    0.10
      Required ratio:    0.00 (Cumulative area) 

    Layer: Metal2
      Partial area ratio:    1.84
      Required ratio:    0.00 (Gate area) 
      Cumulative area ratio:    1.84
      Required ratio:    0.00 (Cumulative area) 
      Partial area ratio:    7.48
      Required ratio:  400.00 (Side area) 
      Cumulative area ratio:    8.35
      Required ratio:    0.00 (Cumulative side area) 

    Layer: Via2
      Partial area ratio:    0.14
      Required ratio:   20.00 (Gate area) 
      Cumulative area ratio:    0.24
      Required ratio:    0.00 (Cumulative area) 

    Layer: Metal3
      Partial area ratio:    3.74
      Required ratio:    0.00 (Gate area) 
      Cumulative area ratio:    5.59
      Required ratio:    0.00 (Cumulative area) 
      Partial area ratio:   14.84
      Required ratio:  400.00 (Side area) 
      Cumulative area ratio:   23.19
      Required ratio:    0.00 (Cumulative side area) 

    Layer: Via3
      Partial area ratio:    0.20
      Required ratio:   20.00 (Gate area) 
      Cumulative area ratio:    0.44
      Required ratio:    0.00 (Cumulative area) 

    Layer: Metal4
      Partial area ratio:    0.55
      Required ratio:    0.00 (Gate area) 
      Cumulative area ratio:    6.14
      Required ratio:    0.00 (Cumulative area) 
      Partial area ratio:    2.17
      Required ratio:  400.00 (Side area) 
      Cumulative area ratio:   25.36
      Required ratio:    0.00 (Cumulative side area) 

    Layer: Via4
      Partial area ratio:    0.20
      Required ratio:    0.00 (Gate area) 
      Cumulative area ratio:    0.65
      Required ratio:    0.00 (Cumulative area) 

    Layer: Metal5
      Partial area ratio:   23.04
      Required ratio:    0.00 (Gate area) 
      Cumulative area ratio:   29.18
      Required ratio:    0.00 (Cumulative area) 
      Partial area ratio:  124.75
      Required ratio:  400.00 (Side area) 
      Cumulative area ratio:  150.12
      Required ratio:    0.00 (Cumulative side area) 


  Pin:   _10941_/A (gf180mcu_as_sc_mcu7t3v3__mux2_2)
    Layer: Metal1
      Partial area ratio:    0.03
      Required ratio:    0.00 (Gate area) 
      Cumulative area ratio:    0.03
      Required ratio:    0.00 (Cumulative area) 
      Partial area ratio:    0.53
      Required ratio:  400.00 (Side area) 
      Cumulative area ratio:    0.53
      Required ratio:    0.00 (Cumulative side area) 

    Layer: Via1
      Partial area ratio:    0.10
      Required ratio:   20.00 (Gate area) 
      Cumulative area ratio:    0.10
      Required ratio:    0.00 (Cumulative area) 

    Layer: Metal2
      Partial area ratio:    0.16
      Required ratio:    0.00 (Gate area) 
      Cumulative area ratio:    0.19
      Required ratio:    0.00 (Cumulative area) 
      Partial area ratio:    1.07
      Required ratio:  400.00 (Side area) 
      Cumulative area ratio:    1.60
      Required ratio:    0.00 (Cumulative side area) 

    Layer: Via2
      Partial area ratio:    0.10
      Required ratio:   20.00 (Gate area) 
      Cumulative area ratio:    0.20
      Required ratio:    0.00 (Cumulative area) 

    Layer: Metal3
      Partial area ratio:    3.69
      Required ratio:    0.00 (Gate area) 
      Cumulative area ratio:    3.88
      Required ratio:    0.00 (Cumulative area) 
      Partial area ratio:   14.68
      Required ratio:  400.00 (Side area) 
      Cumulative area ratio:   16.29
      Required ratio:    0.00 (Cumulative side area) 

    Layer: Via3
      Partial area ratio:    0.10
      Required ratio:   20.00 (Gate area) 
      Cumulative area ratio:    0.30
      Required ratio:    0.00 (Cumulative area) 

    Layer: Metal4
      Partial area ratio:  109.49
      Required ratio:    0.00 (Gate area) 
      Cumulative area ratio:  113.37
      Required ratio:    0.00 (Cumulative area) 
      Partial area ratio:  422.48
      Required ratio:  400.00 (Side area) (VIOLATED)
      Cumulative area ratio:  438.77
      Required ratio:    0.00 (Cumulative side area) 

    Layer: Via4
      Partial area ratio:    0.03
      Required ratio:   20.00 (Gate area) 
      Cumulative area ratio:    0.34
      Required ratio:    0.00 (Cumulative area) 

    Layer: Metal5
      Partial area ratio:   23.04
      Required ratio:    0.00 (Gate area) 
      Cumulative area ratio:  136.41
      Required ratio:    0.00 (Cumulative area) 
      Partial area ratio:  124.75
      Required ratio:  400.00 (Side area) 
      Cumulative area ratio:  563.52
      Required ratio:    0.00 (Cumulative side area) 


  Pin:   _10950_/B (gf180mcu_as_sc_mcu7t3v3__mux2_2)
    Layer: Metal1
      Partial area ratio:    0.02
      Required ratio:    0.00 (Gate area) 
      Cumulative area ratio:    0.02
      Required ratio:    0.00 (Cumulative area) 
      Partial area ratio:    0.92
      Required ratio:  400.00 (Side area) 
      Cumulative area ratio:    0.92
      Required ratio:    0.00 (Cumulative side area) 

    Layer: Via1
      Partial area ratio:    0.10
      Required ratio:   20.00 (Gate area) 
      Cumulative area ratio:    0.10
      Required ratio:    0.00 (Cumulative area) 

    Layer: Metal2
      Partial area ratio:    1.79
      Required ratio:    0.00 (Gate area) 
      Cumulative area ratio:    1.81
      Required ratio:    0.00 (Cumulative area) 
      Partial area ratio:    7.36
      Required ratio:  400.00 (Side area) 
      Cumulative area ratio:    8.28
      Required ratio:    0.00 (Cumulative side area) 

    Layer: Via2
      Partial area ratio:    0.20
      Required ratio:   20.00 (Gate area) 
      Cumulative area ratio:    0.30
      Required ratio:    0.00 (Cumulative area) 

    Layer: Metal3
      Partial area ratio:    0.32
      Required ratio:    0.00 (Gate area) 
      Cumulative area ratio:    2.13
      Required ratio:    0.00 (Cumulative area) 
      Partial area ratio:    2.14
      Required ratio:  400.00 (Side area) 
      Cumulative area ratio:   10.42
      Required ratio:    0.00 (Cumulative side area) 

    Layer: Via3
      Partial area ratio:    0.10
      Required ratio:   20.00 (Gate area) 
      Cumulative area ratio:    0.41
      Required ratio:    0.00 (Cumulative area) 

    Layer: Metal4
      Partial area ratio:  109.49
      Required ratio:    0.00 (Gate area) 
      Cumulative area ratio:  111.62
      Required ratio:    0.00 (Cumulative area) 
      Partial area ratio:  422.48
      Required ratio:  400.00 (Side area) (VIOLATED)
      Cumulative area ratio:  432.90
      Required ratio:    0.00 (Cumulative side area) 

    Layer: Via4
      Partial area ratio:    0.03
      Required ratio:   20.00 (Gate area) 
      Cumulative area ratio:    0.44
      Required ratio:    0.00 (Cumulative area) 

    Layer: Metal5
      Partial area ratio:   23.04
      Required ratio:    0.00 (Gate area) 
      Cumulative area ratio:  134.66
      Required ratio:    0.00 (Cumulative area) 
      Partial area ratio:  124.75
      Required ratio:  400.00 (Side area) 
      Cumulative area ratio:  557.65
      Required ratio:    0.00 (Cumulative side area) 


  Pin:   _10973_/A (gf180mcu_as_sc_mcu7t3v3__mux2_2)
    Layer: Metal1
      Partial area ratio:    0.01
      Required ratio:    0.00 (Gate area) 
      Cumulative area ratio:    0.01
      Required ratio:    0.00 (Cumulative area) 
      Partial area ratio:    0.88
      Required ratio:  400.00 (Side area) 
      Cumulative area ratio:    0.88
      Required ratio:    0.00 (Cumulative side area) 

    Layer: Via1
      Partial area ratio:    0.10
      Required ratio:   20.00 (Gate area) 
      Cumulative area ratio:    0.10
      Required ratio:    0.00 (Cumulative area) 

    Layer: Metal2
      Partial area ratio:    2.78
      Required ratio:    0.00 (Gate area) 
      Cumulative area ratio:    2.78
      Required ratio:    0.00 (Cumulative area) 
      Partial area ratio:   11.16
      Required ratio:  400.00 (Side area) 
      Cumulative area ratio:   12.03
      Required ratio:    0.00 (Cumulative side area) 

    Layer: Via2
      Partial area ratio:    0.20
      Required ratio:   20.00 (Gate area) 
      Cumulative area ratio:    0.30
      Required ratio:    0.00 (Cumulative area) 

    Layer: Metal3
      Partial area ratio:    0.32
      Required ratio:    0.00 (Gate area) 
      Cumulative area ratio:    3.10
      Required ratio:    0.00 (Cumulative area) 
      Partial area ratio:    2.14
      Required ratio:  400.00 (Side area) 
      Cumulative area ratio:   14.17
      Required ratio:    0.00 (Cumulative side area) 

    Layer: Via3
      Partial area ratio:    0.10
      Required ratio:   20.00 (Gate area) 
      Cumulative area ratio:    0.41
      Required ratio:    0.00 (Cumulative area) 

    Layer: Metal4
      Partial area ratio:  109.49
      Required ratio:    0.00 (Gate area) 
      Cumulative area ratio:  112.60
      Required ratio:    0.00 (Cumulative area) 
      Partial area ratio:  422.48
      Required ratio:  400.00 (Side area) (VIOLATED)
      Cumulative area ratio:  436.65
      Required ratio:    0.00 (Cumulative side area) 

    Layer: Via4
      Partial area ratio:    0.03
      Required ratio:   20.00 (Gate area) 
      Cumulative area ratio:    0.44
      Required ratio:    0.00 (Cumulative area) 

    Layer: Metal5
      Partial area ratio:   23.04
      Required ratio:    0.00 (Gate area) 
      Cumulative area ratio:  135.63
      Required ratio:    0.00 (Cumulative area) 
      Partial area ratio:  124.75
      Required ratio:  400.00 (Side area) 
      Cumulative area ratio:  561.41
      Required ratio:    0.00 (Cumulative side area) 



Net: net765
  Pin:   _10892_/A (gf180mcu_as_sc_mcu7t3v3__and2_2)
    Layer: Via1
      Partial area ratio:    0.10
      Required ratio:   20.00 (Gate area) 
      Cumulative area ratio:    0.10
      Required ratio:    0.00 (Cumulative area) 

    Layer: Metal2
      Partial area ratio:    3.84
      Required ratio:    0.00 (Gate area) 
      Cumulative area ratio:    3.84
      Required ratio:    0.00 (Cumulative area) 
      Partial area ratio:   15.25
      Required ratio:  400.00 (Side area) 
      Cumulative area ratio:   15.25
      Required ratio:    0.00 (Cumulative side area) 

    Layer: Via2
      Partial area ratio:    0.20
      Required ratio:   20.00 (Gate area) 
      Cumulative area ratio:    0.30
      Required ratio:    0.00 (Cumulative area) 

    Layer: Metal3
      Partial area ratio:    1.48
      Required ratio:    0.00 (Gate area) 
      Cumulative area ratio:    5.31
      Required ratio:    0.00 (Cumulative area) 
      Partial area ratio:    5.99
      Required ratio:  400.00 (Side area) 
      Cumulative area ratio:   21.24
      Required ratio:    0.00 (Cumulative side area) 

    Layer: Via3
      Partial area ratio:    0.03
      Required ratio:    0.00 (Gate area) 
      Cumulative area ratio:    0.33
      Required ratio:    0.00 (Cumulative area) 

    Layer: Metal4
      Partial area ratio:    0.02
      Required ratio:    0.00 (Gate area) 
      Cumulative area ratio:    5.33
      Required ratio:    0.00 (Cumulative area) 
      Partial area ratio:    0.14
      Required ratio:  400.00 (Side area) 
      Cumulative area ratio:   21.38
      Required ratio:    0.00 (Cumulative side area) 

    Layer: Via4
      Partial area ratio:    0.03
      Required ratio:    0.00 (Gate area) 
      Cumulative area ratio:    0.36
      Required ratio:    0.00 (Cumulative area) 

    Layer: Metal5
      Partial area ratio:   25.39
      Required ratio:    0.00 (Gate area) 
      Cumulative area ratio:   30.73
      Required ratio:    0.00 (Cumulative area) 
      Partial area ratio:  137.49
      Required ratio:  400.00 (Side area) 
      Cumulative area ratio:  158.87
      Required ratio:    0.00 (Cumulative side area) 


  Pin:   _10940_/A (gf180mcu_as_sc_mcu7t3v3__mux2_2)
    Layer: Metal1
      Partial area ratio:    0.01
      Required ratio:    0.00 (Gate area) 
      Cumulative area ratio:    0.01
      Required ratio:    0.00 (Cumulative area) 
      Partial area ratio:    0.88
      Required ratio:  400.00 (Side area) 
      Cumulative area ratio:    0.88
      Required ratio:    0.00 (Cumulative side area) 

    Layer: Via1
      Partial area ratio:    0.10
      Required ratio:   20.00 (Gate area) 
      Cumulative area ratio:    0.10
      Required ratio:    0.00 (Cumulative area) 

    Layer: Metal2
      Partial area ratio:    6.77
      Required ratio:    0.00 (Gate area) 
      Cumulative area ratio:    6.77
      Required ratio:    0.00 (Cumulative area) 
      Partial area ratio:   26.55
      Required ratio:  400.00 (Side area) 
      Cumulative area ratio:   27.43
      Required ratio:    0.00 (Cumulative side area) 

    Layer: Via2
      Partial area ratio:    0.30
      Required ratio:   20.00 (Gate area) 
      Cumulative area ratio:    0.41
      Required ratio:    0.00 (Cumulative area) 

    Layer: Metal3
      Partial area ratio:    4.01
      Required ratio:    0.00 (Gate area) 
      Cumulative area ratio:   10.78
      Required ratio:    0.00 (Cumulative area) 
      Partial area ratio:   16.82
      Required ratio:  400.00 (Side area) 
      Cumulative area ratio:   44.25
      Required ratio:    0.00 (Cumulative side area) 

    Layer: Via3
      Partial area ratio:    0.20
      Required ratio:   20.00 (Gate area) 
      Cumulative area ratio:    0.61
      Required ratio:    0.00 (Cumulative area) 

    Layer: Metal4
      Partial area ratio:  108.42
      Required ratio:    0.00 (Gate area) 
      Cumulative area ratio:  119.21
      Required ratio:    0.00 (Cumulative area) 
      Partial area ratio:  418.66
      Required ratio:  400.00 (Side area) (VIOLATED)
      Cumulative area ratio:  462.91
      Required ratio:    0.00 (Cumulative side area) 

    Layer: Via4
      Partial area ratio:    0.03
      Required ratio:   20.00 (Gate area) 
      Cumulative area ratio:    0.64
      Required ratio:    0.00 (Cumulative area) 

    Layer: Metal5
      Partial area ratio:   25.39
      Required ratio:    0.00 (Gate area) 
      Cumulative area ratio:  144.60
      Required ratio:    0.00 (Cumulative area) 
      Partial area ratio:  137.49
      Required ratio:  400.00 (Side area) 
      Cumulative area ratio:  600.40
      Required ratio:    0.00 (Cumulative side area) 


  Pin:   _10949_/B (gf180mcu_as_sc_mcu7t3v3__mux2_2)
    Layer: Metal1
      Partial area ratio:    0.02
      Required ratio:    0.00 (Gate area) 
      Cumulative area ratio:    0.02
      Required ratio:    0.00 (Cumulative area) 
      Partial area ratio:    0.92
      Required ratio:  400.00 (Side area) 
      Cumulative area ratio:    0.92
      Required ratio:    0.00 (Cumulative side area) 

    Layer: Via1
      Partial area ratio:    0.10
      Required ratio:   20.00 (Gate area) 
      Cumulative area ratio:    0.10
      Required ratio:    0.00 (Cumulative area) 

    Layer: Metal2
      Partial area ratio:    2.03
      Required ratio:    0.00 (Gate area) 
      Cumulative area ratio:    2.04
      Required ratio:    0.00 (Cumulative area) 
      Partial area ratio:    8.27
      Required ratio:  400.00 (Side area) 
      Cumulative area ratio:    9.19
      Required ratio:    0.00 (Cumulative side area) 

    Layer: Via2
      Partial area ratio:    0.20
      Required ratio:   20.00 (Gate area) 
      Cumulative area ratio:    0.30
      Required ratio:    0.00 (Cumulative area) 

    Layer: Metal3
      Partial area ratio:    7.38
      Required ratio:    0.00 (Gate area) 
      Cumulative area ratio:    9.42
      Required ratio:    0.00 (Cumulative area) 
      Partial area ratio:   29.37
      Required ratio:  400.00 (Side area) 
      Cumulative area ratio:   38.55
      Required ratio:    0.00 (Cumulative side area) 

    Layer: Via3
      Partial area ratio:    0.20
      Required ratio:   20.00 (Gate area) 
      Cumulative area ratio:    0.51
      Required ratio:    0.00 (Cumulative area) 

    Layer: Metal4
      Partial area ratio:  108.42
      Required ratio:    0.00 (Gate area) 
      Cumulative area ratio:  117.84
      Required ratio:    0.00 (Cumulative area) 
      Partial area ratio:  418.66
      Required ratio:  400.00 (Side area) (VIOLATED)
      Cumulative area ratio:  457.21
      Required ratio:    0.00 (Cumulative side area) 

    Layer: Via4
      Partial area ratio:    0.03
      Required ratio:   20.00 (Gate area) 
      Cumulative area ratio:    0.54
      Required ratio:    0.00 (Cumulative area) 

    Layer: Metal5
      Partial area ratio:   25.39
      Required ratio:    0.00 (Gate area) 
      Cumulative area ratio:  143.24
      Required ratio:    0.00 (Cumulative area) 
      Partial area ratio:  137.49
      Required ratio:  400.00 (Side area) 
      Cumulative area ratio:  594.70
      Required ratio:    0.00 (Cumulative side area) 


  Pin:   _10972_/A (gf180mcu_as_sc_mcu7t3v3__mux2_2)
    Layer: Metal1
      Partial area ratio:    0.01
      Required ratio:    0.00 (Gate area) 
      Cumulative area ratio:    0.01
      Required ratio:    0.00 (Cumulative area) 
      Partial area ratio:    0.88
      Required ratio:  400.00 (Side area) 
      Cumulative area ratio:    0.88
      Required ratio:    0.00 (Cumulative side area) 

    Layer: Via1
      Partial area ratio:    0.10
      Required ratio:   20.00 (Gate area) 
      Cumulative area ratio:    0.10
      Required ratio:    0.00 (Cumulative area) 

    Layer: Metal2
      Partial area ratio:    5.31
      Required ratio:    0.00 (Gate area) 
      Cumulative area ratio:    5.32
      Required ratio:    0.00 (Cumulative area) 
      Partial area ratio:   20.95
      Required ratio:  400.00 (Side area) 
      Cumulative area ratio:   21.82
      Required ratio:    0.00 (Cumulative side area) 

    Layer: Via2
      Partial area ratio:    0.20
      Required ratio:   20.00 (Gate area) 
      Cumulative area ratio:    0.30
      Required ratio:    0.00 (Cumulative area) 

    Layer: Metal3
      Partial area ratio:    7.38
      Required ratio:    0.00 (Gate area) 
      Cumulative area ratio:   12.70
      Required ratio:    0.00 (Cumulative area) 
      Partial area ratio:   29.37
      Required ratio:  400.00 (Side area) 
      Cumulative area ratio:   51.19
      Required ratio:    0.00 (Cumulative side area) 

    Layer: Via3
      Partial area ratio:    0.10
      Required ratio:   20.00 (Gate area) 
      Cumulative area ratio:    0.41
      Required ratio:    0.00 (Cumulative area) 

    Layer: Metal4
      Partial area ratio:  108.42
      Required ratio:    0.00 (Gate area) 
      Cumulative area ratio:  121.12
      Required ratio:    0.00 (Cumulative area) 
      Partial area ratio:  418.66
      Required ratio:  400.00 (Side area) (VIOLATED)
      Cumulative area ratio:  469.84
      Required ratio:    0.00 (Cumulative side area) 

    Layer: Via4
      Partial area ratio:    0.03
      Required ratio:   20.00 (Gate area) 
      Cumulative area ratio:    0.44
      Required ratio:    0.00 (Cumulative area) 

    Layer: Metal5
      Partial area ratio:   25.39
      Required ratio:    0.00 (Gate area) 
      Cumulative area ratio:  146.51
      Required ratio:    0.00 (Cumulative area) 
      Partial area ratio:  137.49
      Required ratio:  400.00 (Side area) 
      Cumulative area ratio:  607.34
      Required ratio:    0.00 (Cumulative side area) 


  Pin:   max_cap766/A (gf180mcu_as_sc_mcu7t3v3__buff_8)
    Layer: Metal1
      Partial area ratio:    0.01
      Required ratio:    0.00 (Gate area) 
      Cumulative area ratio:    0.01
      Required ratio:    0.00 (Cumulative area) 
      Partial area ratio:    0.23
      Required ratio:  400.00 (Side area) 
      Cumulative area ratio:    0.23
      Required ratio:    0.00 (Cumulative side area) 

    Layer: Via1
      Partial area ratio:    0.03
      Required ratio:   20.00 (Gate area) 
      Cumulative area ratio:    0.03
      Required ratio:    0.00 (Cumulative area) 

    Layer: Metal2
      Partial area ratio:    0.92
      Required ratio:    0.00 (Gate area) 
      Cumulative area ratio:    0.93
      Required ratio:    0.00 (Cumulative area) 
      Partial area ratio:    3.70
      Required ratio:  400.00 (Side area) 
      Cumulative area ratio:    3.94
      Required ratio:    0.00 (Cumulative side area) 

    Layer: Via2
      Partial area ratio:    0.07
      Required ratio:   20.00 (Gate area) 
      Cumulative area ratio:    0.10
      Required ratio:    0.00 (Cumulative area) 

    Layer: Metal3
      Partial area ratio:    1.48
      Required ratio:    0.00 (Gate area) 
      Cumulative area ratio:    2.41
      Required ratio:    0.00 (Cumulative area) 
      Partial area ratio:    5.99
      Required ratio:  400.00 (Side area) 
      Cumulative area ratio:    9.93
      Required ratio:    0.00 (Cumulative side area) 

    Layer: Via3
      Partial area ratio:    0.03
      Required ratio:    0.00 (Gate area) 
      Cumulative area ratio:    0.13
      Required ratio:    0.00 (Cumulative area) 

    Layer: Metal4
      Partial area ratio:    0.02
      Required ratio:    0.00 (Gate area) 
      Cumulative area ratio:    2.43
      Required ratio:    0.00 (Cumulative area) 
      Partial area ratio:    0.14
      Required ratio:  400.00 (Side area) 
      Cumulative area ratio:   10.06
      Required ratio:    0.00 (Cumulative side area) 

    Layer: Via4
      Partial area ratio:    0.03
      Required ratio:    0.00 (Gate area) 
      Cumulative area ratio:    0.15
      Required ratio:    0.00 (Cumulative area) 

    Layer: Metal5
      Partial area ratio:   25.39
      Required ratio:    0.00 (Gate area) 
      Cumulative area ratio:   27.82
      Required ratio:    0.00 (Cumulative area) 
      Partial area ratio:  137.49
      Required ratio:  400.00 (Side area) 
      Cumulative area ratio:  147.56
      Required ratio:    0.00 (Cumulative side area) 



Net: net766
  Pin:   _10919_/A (gf180mcu_as_sc_mcu7t3v3__mux2_2)
    Layer: Metal1
      Partial area ratio:    0.01
      Required ratio:    0.00 (Gate area) 
      Cumulative area ratio:    0.01
      Required ratio:    0.00 (Cumulative area) 
      Partial area ratio:    0.88
      Required ratio:  400.00 (Side area) 
      Cumulative area ratio:    0.88
      Required ratio:    0.00 (Cumulative side area) 

    Layer: Via1
      Partial area ratio:    0.10
      Required ratio:   20.00 (Gate area) 
      Cumulative area ratio:    0.10
      Required ratio:    0.00 (Cumulative area) 

    Layer: Metal2
      Partial area ratio:    2.07
      Required ratio:    0.00 (Gate area) 
      Cumulative area ratio:    2.08
      Required ratio:    0.00 (Cumulative area) 
      Partial area ratio:    8.44
      Required ratio:  400.00 (Side area) 
      Cumulative area ratio:    9.31
      Required ratio:    0.00 (Cumulative side area) 

    Layer: Via2
      Partial area ratio:    0.20
      Required ratio:   20.00 (Gate area) 
      Cumulative area ratio:    0.30
      Required ratio:    0.00 (Cumulative area) 

    Layer: Metal3
      Partial area ratio:   10.91
      Required ratio:    0.00 (Gate area) 
      Cumulative area ratio:   12.98
      Required ratio:    0.00 (Cumulative area) 
      Partial area ratio:   42.98
      Required ratio:  400.00 (Side area) 
      Cumulative area ratio:   52.29
      Required ratio:    0.00 (Cumulative side area) 

    Layer: Via3
      Partial area ratio:    0.20
      Required ratio:   20.00 (Gate area) 
      Cumulative area ratio:    0.51
      Required ratio:    0.00 (Cumulative area) 

    Layer: Metal4
      Partial area ratio:  112.03
      Required ratio:    0.00 (Gate area) 
      Cumulative area ratio:  125.02
      Required ratio:    0.00 (Cumulative area) 
      Partial area ratio:  432.73
      Required ratio:  400.00 (Side area) (VIOLATED)
      Cumulative area ratio:  485.02
      Required ratio:    0.00 (Cumulative side area) 

    Layer: Via4
      Partial area ratio:    0.14
      Required ratio:   20.00 (Gate area) 
      Cumulative area ratio:    0.64
      Required ratio:    0.00 (Cumulative area) 

    Layer: Metal5
      Partial area ratio:   22.35
      Required ratio:    0.00 (Gate area) 
      Cumulative area ratio:  147.37
      Required ratio:    0.00 (Cumulative area) 
      Partial area ratio:  121.11
      Required ratio:  400.00 (Side area) 
      Cumulative area ratio:  606.14
      Required ratio:    0.00 (Cumulative side area) 


  Pin:   _10930_/A (gf180mcu_as_sc_mcu7t3v3__mux2_2)
    Layer: Metal1
      Partial area ratio:    0.01
      Required ratio:    0.00 (Gate area) 
      Cumulative area ratio:    0.01
      Required ratio:    0.00 (Cumulative area) 
      Partial area ratio:    0.88
      Required ratio:  400.00 (Side area) 
      Cumulative area ratio:    0.88
      Required ratio:    0.00 (Cumulative side area) 

    Layer: Via1
      Partial area ratio:    0.10
      Required ratio:   20.00 (Gate area) 
      Cumulative area ratio:    0.10
      Required ratio:    0.00 (Cumulative area) 

    Layer: Metal2
      Partial area ratio:    0.25
      Required ratio:    0.00 (Gate area) 
      Cumulative area ratio:    0.25
      Required ratio:    0.00 (Cumulative area) 
      Partial area ratio:    0.97
      Required ratio:  400.00 (Side area) 
      Cumulative area ratio:    1.85
      Required ratio:    0.00 (Cumulative side area) 

    Layer: Via2
      Partial area ratio:    0.30
      Required ratio:    0.00 (Gate area) 
      Cumulative area ratio:    0.41
      Required ratio:    0.00 (Cumulative area) 

    Layer: Metal3
      Partial area ratio:    0.02
      Required ratio:    0.00 (Gate area) 
      Cumulative area ratio:    0.28
      Required ratio:    0.00 (Cumulative area) 
      Partial area ratio:    0.16
      Required ratio:  400.00 (Side area) 
      Cumulative area ratio:    2.01
      Required ratio:    0.00 (Cumulative side area) 

    Layer: Via3
      Partial area ratio:    0.10
      Required ratio:    0.00 (Gate area) 
      Cumulative area ratio:    0.51
      Required ratio:    0.00 (Cumulative area) 

    Layer: Metal4
      Partial area ratio:    0.19
      Required ratio:    0.00 (Gate area) 
      Cumulative area ratio:    0.47
      Required ratio:    0.00 (Cumulative area) 
      Partial area ratio:    0.75
      Required ratio:  400.00 (Side area) 
      Cumulative area ratio:    2.76
      Required ratio:    0.00 (Cumulative side area) 

    Layer: Via4
      Partial area ratio:    0.10
      Required ratio:    0.00 (Gate area) 
      Cumulative area ratio:    0.61
      Required ratio:    0.00 (Cumulative area) 

    Layer: Metal5
      Partial area ratio:   22.35
      Required ratio:    0.00 (Gate area) 
      Cumulative area ratio:   22.82
      Required ratio:    0.00 (Cumulative area) 
      Partial area ratio:  121.11
      Required ratio:  400.00 (Side area) 
      Cumulative area ratio:  123.87
      Required ratio:    0.00 (Cumulative side area) 


  Pin:   _10961_/A (gf180mcu_as_sc_mcu7t3v3__mux2_2)
    Layer: Metal1
      Partial area ratio:    0.01
      Required ratio:    0.00 (Gate area) 
      Cumulative area ratio:    0.01
      Required ratio:    0.00 (Cumulative area) 
      Partial area ratio:    0.88
      Required ratio:  400.00 (Side area) 
      Cumulative area ratio:    0.88
      Required ratio:    0.00 (Cumulative side area) 

    Layer: Via1
      Partial area ratio:    0.10
      Required ratio:   20.00 (Gate area) 
      Cumulative area ratio:    0.10
      Required ratio:    0.00 (Cumulative area) 

    Layer: Metal2
      Partial area ratio:    2.02
      Required ratio:    0.00 (Gate area) 
      Cumulative area ratio:    2.03
      Required ratio:    0.00 (Cumulative area) 
      Partial area ratio:    8.24
      Required ratio:  400.00 (Side area) 
      Cumulative area ratio:    9.12
      Required ratio:    0.00 (Cumulative side area) 

    Layer: Via2
      Partial area ratio:    0.20
      Required ratio:   20.00 (Gate area) 
      Cumulative area ratio:    0.30
      Required ratio:    0.00 (Cumulative area) 

    Layer: Metal3
      Partial area ratio:    0.32
      Required ratio:    0.00 (Gate area) 
      Cumulative area ratio:    2.35
      Required ratio:    0.00 (Cumulative area) 
      Partial area ratio:    2.14
      Required ratio:  400.00 (Side area) 
      Cumulative area ratio:   11.26
      Required ratio:    0.00 (Cumulative side area) 

    Layer: Via3
      Partial area ratio:    0.10
      Required ratio:   20.00 (Gate area) 
      Cumulative area ratio:    0.41
      Required ratio:    0.00 (Cumulative area) 

    Layer: Metal4
      Partial area ratio:    0.16
      Required ratio:    0.00 (Gate area) 
      Cumulative area ratio:    2.51
      Required ratio:    0.00 (Cumulative area) 
      Partial area ratio:    1.07
      Required ratio:  400.00 (Side area) 
      Cumulative area ratio:   12.33
      Required ratio:    0.00 (Cumulative side area) 

    Layer: Via4
      Partial area ratio:    0.10
      Required ratio:   20.00 (Gate area) 
      Cumulative area ratio:    0.51
      Required ratio:    0.00 (Cumulative area) 

    Layer: Metal5
      Partial area ratio:   22.35
      Required ratio:    0.00 (Gate area) 
      Cumulative area ratio:   24.86
      Required ratio:    0.00 (Cumulative area) 
      Partial area ratio:  121.11
      Required ratio:  400.00 (Side area) 
      Cumulative area ratio:  133.44
      Required ratio:    0.00 (Cumulative side area) 


  Pin:   _10982_/A (gf180mcu_as_sc_mcu7t3v3__mux2_2)
    Layer: Metal1
      Partial area ratio:    0.01
      Required ratio:    0.00 (Gate area) 
      Cumulative area ratio:    0.01
      Required ratio:    0.00 (Cumulative area) 
      Partial area ratio:    0.88
      Required ratio:  400.00 (Side area) 
      Cumulative area ratio:    0.88
      Required ratio:    0.00 (Cumulative side area) 

    Layer: Via1
      Partial area ratio:    0.10
      Required ratio:   20.00 (Gate area) 
      Cumulative area ratio:    0.10
      Required ratio:    0.00 (Cumulative area) 

    Layer: Metal2
      Partial area ratio:    1.21
      Required ratio:    0.00 (Gate area) 
      Cumulative area ratio:    1.22
      Required ratio:    0.00 (Cumulative area) 
      Partial area ratio:    5.11
      Required ratio:  400.00 (Side area) 
      Cumulative area ratio:    5.99
      Required ratio:    0.00 (Cumulative side area) 

    Layer: Via2
      Partial area ratio:    0.20
      Required ratio:   20.00 (Gate area) 
      Cumulative area ratio:    0.30
      Required ratio:    0.00 (Cumulative area) 

    Layer: Metal3
      Partial area ratio:    3.85
      Required ratio:    0.00 (Gate area) 
      Cumulative area ratio:    5.06
      Required ratio:    0.00 (Cumulative area) 
      Partial area ratio:   15.75
      Required ratio:  400.00 (Side area) 
      Cumulative area ratio:   21.74
      Required ratio:    0.00 (Cumulative side area) 

    Layer: Via3
      Partial area ratio:    0.20
      Required ratio:   20.00 (Gate area) 
      Cumulative area ratio:    0.51
      Required ratio:    0.00 (Cumulative area) 

    Layer: Metal4
      Partial area ratio:  112.03
      Required ratio:    0.00 (Gate area) 
      Cumulative area ratio:  117.10
      Required ratio:    0.00 (Cumulative area) 
      Partial area ratio:  432.73
      Required ratio:  400.00 (Side area) (VIOLATED)
      Cumulative area ratio:  454.48
      Required ratio:    0.00 (Cumulative side area) 

    Layer: Via4
      Partial area ratio:    0.14
      Required ratio:   20.00 (Gate area) 
      Cumulative area ratio:    0.64
      Required ratio:    0.00 (Cumulative area) 

    Layer: Metal5
      Partial area ratio:   22.35
      Required ratio:    0.00 (Gate area) 
      Cumulative area ratio:  139.45
      Required ratio:    0.00 (Cumulative area) 
      Partial area ratio:  121.11
      Required ratio:  400.00 (Side area) 
      Cumulative area ratio:  575.59
      Required ratio:    0.00 (Cumulative side area) 


  Pin:   _10991_/B (gf180mcu_as_sc_mcu7t3v3__mux2_2)
    Layer: Metal1
      Partial area ratio:    0.02
      Required ratio:    0.00 (Gate area) 
      Cumulative area ratio:    0.02
      Required ratio:    0.00 (Cumulative area) 
      Partial area ratio:    0.92
      Required ratio:  400.00 (Side area) 
      Cumulative area ratio:    0.92
      Required ratio:    0.00 (Cumulative side area) 

    Layer: Via1
      Partial area ratio:    0.10
      Required ratio:   20.00 (Gate area) 
      Cumulative area ratio:    0.10
      Required ratio:    0.00 (Cumulative area) 

    Layer: Metal2
      Partial area ratio:    2.85
      Required ratio:    0.00 (Gate area) 
      Cumulative area ratio:    2.87
      Required ratio:    0.00 (Cumulative area) 
      Partial area ratio:   11.44
      Required ratio:  400.00 (Side area) 
      Cumulative area ratio:   12.35
      Required ratio:    0.00 (Cumulative side area) 

    Layer: Via2
      Partial area ratio:    0.20
      Required ratio:   20.00 (Gate area) 
      Cumulative area ratio:    0.30
      Required ratio:    0.00 (Cumulative area) 

    Layer: Metal3
      Partial area ratio:   14.44
      Required ratio:    0.00 (Gate area) 
      Cumulative area ratio:   17.30
      Required ratio:    0.00 (Cumulative area) 
      Partial area ratio:   56.59
      Required ratio:  400.00 (Side area) 
      Cumulative area ratio:   68.95
      Required ratio:    0.00 (Cumulative side area) 

    Layer: Via3
      Partial area ratio:    0.20
      Required ratio:   20.00 (Gate area) 
      Cumulative area ratio:    0.51
      Required ratio:    0.00 (Cumulative area) 

    Layer: Metal4
      Partial area ratio:  112.03
      Required ratio:    0.00 (Gate area) 
      Cumulative area ratio:  129.34
      Required ratio:    0.00 (Cumulative area) 
      Partial area ratio:  432.73
      Required ratio:  400.00 (Side area) (VIOLATED)
      Cumulative area ratio:  501.68
      Required ratio:    0.00 (Cumulative side area) 

    Layer: Via4
      Partial area ratio:    0.14
      Required ratio:   20.00 (Gate area) 
      Cumulative area ratio:    0.64
      Required ratio:    0.00 (Cumulative area) 

    Layer: Metal5
      Partial area ratio:   22.35
      Required ratio:    0.00 (Gate area) 
      Cumulative area ratio:  151.69
      Required ratio:    0.00 (Cumulative area) 
      Partial area ratio:  121.11
      Required ratio:  400.00 (Side area) 
      Cumulative area ratio:  622.79
      Required ratio:    0.00 (Cumulative side area) 



Net: net767
  Pin:   _10891_/A (gf180mcu_as_sc_mcu7t3v3__and2_2)
    Layer: Via1
      Partial area ratio:    0.10
      Required ratio:   20.00 (Gate area) 
      Cumulative area ratio:    0.10
      Required ratio:    0.00 (Cumulative area) 

    Layer: Metal2
      Partial area ratio:    2.06
      Required ratio:    0.00 (Gate area) 
      Cumulative area ratio:    2.06
      Required ratio:    0.00 (Cumulative area) 
      Partial area ratio:    8.39
      Required ratio:  400.00 (Side area) 
      Cumulative area ratio:    8.39
      Required ratio:    0.00 (Cumulative side area) 

    Layer: Via2
      Partial area ratio:    0.20
      Required ratio:   20.00 (Gate area) 
      Cumulative area ratio:    0.30
      Required ratio:    0.00 (Cumulative area) 

    Layer: Metal3
      Partial area ratio:    3.85
      Required ratio:    0.00 (Gate area) 
      Cumulative area ratio:    5.91
      Required ratio:    0.00 (Cumulative area) 
      Partial area ratio:   15.75
      Required ratio:  400.00 (Side area) 
      Cumulative area ratio:   24.14
      Required ratio:    0.00 (Cumulative side area) 

    Layer: Via3
      Partial area ratio:    0.10
      Required ratio:   20.00 (Gate area) 
      Cumulative area ratio:    0.41
      Required ratio:    0.00 (Cumulative area) 

    Layer: Metal4
      Partial area ratio:    1.42
      Required ratio:    0.00 (Gate area) 
      Cumulative area ratio:    7.32
      Required ratio:    0.00 (Cumulative area) 
      Partial area ratio:    5.59
      Required ratio:  400.00 (Side area) 
      Cumulative area ratio:   29.73
      Required ratio:    0.00 (Cumulative side area) 

    Layer: Via4
      Partial area ratio:    0.03
      Required ratio:    0.00 (Gate area) 
      Cumulative area ratio:    0.43
      Required ratio:    0.00 (Cumulative area) 

    Layer: Metal5
      Partial area ratio:   26.43
      Required ratio:    0.00 (Gate area) 
      Cumulative area ratio:   33.75
      Required ratio:    0.00 (Cumulative area) 
      Partial area ratio:  143.09
      Required ratio:  400.00 (Side area) 
      Cumulative area ratio:  172.83
      Required ratio:    0.00 (Cumulative side area) 


  Pin:   _10939_/A (gf180mcu_as_sc_mcu7t3v3__mux2_2)
    Layer: Metal1
      Partial area ratio:    0.01
      Required ratio:    0.00 (Gate area) 
      Cumulative area ratio:    0.01
      Required ratio:    0.00 (Cumulative area) 
      Partial area ratio:    0.88
      Required ratio:  400.00 (Side area) 
      Cumulative area ratio:    0.88
      Required ratio:    0.00 (Cumulative side area) 

    Layer: Via1
      Partial area ratio:    0.10
      Required ratio:   20.00 (Gate area) 
      Cumulative area ratio:    0.10
      Required ratio:    0.00 (Cumulative area) 

    Layer: Metal2
      Partial area ratio:    0.47
      Required ratio:    0.00 (Gate area) 
      Cumulative area ratio:    0.48
      Required ratio:    0.00 (Cumulative area) 
      Partial area ratio:    2.23
      Required ratio:  400.00 (Side area) 
      Cumulative area ratio:    3.10
      Required ratio:    0.00 (Cumulative side area) 

    Layer: Via2
      Partial area ratio:    0.14
      Required ratio:   20.00 (Gate area) 
      Cumulative area ratio:    0.24
      Required ratio:    0.00 (Cumulative area) 

    Layer: Metal3
      Partial area ratio:    3.74
      Required ratio:    0.00 (Gate area) 
      Cumulative area ratio:    4.23
      Required ratio:    0.00 (Cumulative area) 
      Partial area ratio:   14.84
      Required ratio:  400.00 (Side area) 
      Cumulative area ratio:   17.94
      Required ratio:    0.00 (Cumulative side area) 

    Layer: Via3
      Partial area ratio:    0.10
      Required ratio:   20.00 (Gate area) 
      Cumulative area ratio:    0.34
      Required ratio:    0.00 (Cumulative area) 

    Layer: Metal4
      Partial area ratio:  110.72
      Required ratio:    0.00 (Gate area) 
      Cumulative area ratio:  114.95
      Required ratio:    0.00 (Cumulative area) 
      Partial area ratio:  427.38
      Required ratio:  400.00 (Side area) (VIOLATED)
      Cumulative area ratio:  445.32
      Required ratio:    0.00 (Cumulative side area) 

    Layer: Via4
      Partial area ratio:    0.03
      Required ratio:   20.00 (Gate area) 
      Cumulative area ratio:    0.38
      Required ratio:    0.00 (Cumulative area) 

    Layer: Metal5
      Partial area ratio:   26.43
      Required ratio:    0.00 (Gate area) 
      Cumulative area ratio:  141.38
      Required ratio:    0.00 (Cumulative area) 
      Partial area ratio:  143.09
      Required ratio:  400.00 (Side area) 
      Cumulative area ratio:  588.41
      Required ratio:    0.00 (Cumulative side area) 


  Pin:   _10948_/B (gf180mcu_as_sc_mcu7t3v3__mux2_2)
    Layer: Metal1
      Partial area ratio:    0.02
      Required ratio:    0.00 (Gate area) 
      Cumulative area ratio:    0.02
      Required ratio:    0.00 (Cumulative area) 
      Partial area ratio:    0.92
      Required ratio:  400.00 (Side area) 
      Cumulative area ratio:    0.92
      Required ratio:    0.00 (Cumulative side area) 

    Layer: Via1
      Partial area ratio:    0.10
      Required ratio:   20.00 (Gate area) 
      Cumulative area ratio:    0.10
      Required ratio:    0.00 (Cumulative area) 

    Layer: Metal2
      Partial area ratio:    2.26
      Required ratio:    0.00 (Gate area) 
      Cumulative area ratio:    2.28
      Required ratio:    0.00 (Cumulative area) 
      Partial area ratio:    9.18
      Required ratio:  400.00 (Side area) 
      Cumulative area ratio:   10.09
      Required ratio:    0.00 (Cumulative side area) 

    Layer: Via2
      Partial area ratio:    0.20
      Required ratio:   20.00 (Gate area) 
      Cumulative area ratio:    0.30
      Required ratio:    0.00 (Cumulative area) 

    Layer: Metal3
      Partial area ratio:   14.44
      Required ratio:    0.00 (Gate area) 
      Cumulative area ratio:   16.72
      Required ratio:    0.00 (Cumulative area) 
      Partial area ratio:   56.59
      Required ratio:  400.00 (Side area) 
      Cumulative area ratio:   66.69
      Required ratio:    0.00 (Cumulative side area) 

    Layer: Via3
      Partial area ratio:    0.20
      Required ratio:   20.00 (Gate area) 
      Cumulative area ratio:    0.51
      Required ratio:    0.00 (Cumulative area) 

    Layer: Metal4
      Partial area ratio:  110.72
      Required ratio:    0.00 (Gate area) 
      Cumulative area ratio:  127.44
      Required ratio:    0.00 (Cumulative area) 
      Partial area ratio:  427.38
      Required ratio:  400.00 (Side area) (VIOLATED)
      Cumulative area ratio:  494.06
      Required ratio:    0.00 (Cumulative side area) 

    Layer: Via4
      Partial area ratio:    0.03
      Required ratio:   20.00 (Gate area) 
      Cumulative area ratio:    0.54
      Required ratio:    0.00 (Cumulative area) 

    Layer: Metal5
      Partial area ratio:   26.43
      Required ratio:    0.00 (Gate area) 
      Cumulative area ratio:  153.87
      Required ratio:    0.00 (Cumulative area) 
      Partial area ratio:  143.09
      Required ratio:  400.00 (Side area) 
      Cumulative area ratio:  637.15
      Required ratio:    0.00 (Cumulative side area) 


  Pin:   _10971_/A (gf180mcu_as_sc_mcu7t3v3__mux2_2)
    Layer: Metal1
      Partial area ratio:    0.01
      Required ratio:    0.00 (Gate area) 
      Cumulative area ratio:    0.01
      Required ratio:    0.00 (Cumulative area) 
      Partial area ratio:    0.88
      Required ratio:  400.00 (Side area) 
      Cumulative area ratio:    0.88
      Required ratio:    0.00 (Cumulative side area) 

    Layer: Via1
      Partial area ratio:    0.10
      Required ratio:   20.00 (Gate area) 
      Cumulative area ratio:    0.10
      Required ratio:    0.00 (Cumulative area) 

    Layer: Metal2
      Partial area ratio:    2.49
      Required ratio:    0.00 (Gate area) 
      Cumulative area ratio:    2.50
      Required ratio:    0.00 (Cumulative area) 
      Partial area ratio:   10.06
      Required ratio:  400.00 (Side area) 
      Cumulative area ratio:   10.93
      Required ratio:    0.00 (Cumulative side area) 

    Layer: Via2
      Partial area ratio:    0.20
      Required ratio:   20.00 (Gate area) 
      Cumulative area ratio:    0.30
      Required ratio:    0.00 (Cumulative area) 

    Layer: Metal3
      Partial area ratio:   10.91
      Required ratio:    0.00 (Gate area) 
      Cumulative area ratio:   13.40
      Required ratio:    0.00 (Cumulative area) 
      Partial area ratio:   42.98
      Required ratio:  400.00 (Side area) 
      Cumulative area ratio:   53.91
      Required ratio:    0.00 (Cumulative side area) 

    Layer: Via3
      Partial area ratio:    0.10
      Required ratio:   20.00 (Gate area) 
      Cumulative area ratio:    0.41
      Required ratio:    0.00 (Cumulative area) 

    Layer: Metal4
      Partial area ratio:  110.72
      Required ratio:    0.00 (Gate area) 
      Cumulative area ratio:  124.13
      Required ratio:    0.00 (Cumulative area) 
      Partial area ratio:  427.38
      Required ratio:  400.00 (Side area) (VIOLATED)
      Cumulative area ratio:  481.29
      Required ratio:    0.00 (Cumulative side area) 

    Layer: Via4
      Partial area ratio:    0.03
      Required ratio:   20.00 (Gate area) 
      Cumulative area ratio:    0.44
      Required ratio:    0.00 (Cumulative area) 

    Layer: Metal5
      Partial area ratio:   26.43
      Required ratio:    0.00 (Gate area) 
      Cumulative area ratio:  150.55
      Required ratio:    0.00 (Cumulative area) 
      Partial area ratio:  143.09
      Required ratio:  400.00 (Side area) 
      Cumulative area ratio:  624.38
      Required ratio:    0.00 (Cumulative side area) 


  Pin:   max_cap768/A (gf180mcu_as_sc_mcu7t3v3__buff_8)
    Layer: Metal1
      Partial area ratio:    0.01
      Required ratio:    0.00 (Gate area) 
      Cumulative area ratio:    0.01
      Required ratio:    0.00 (Cumulative area) 
      Partial area ratio:    0.23
      Required ratio:  400.00 (Side area) 
      Cumulative area ratio:    0.23
      Required ratio:    0.00 (Cumulative side area) 

    Layer: Via1
      Partial area ratio:    0.03
      Required ratio:   20.00 (Gate area) 
      Cumulative area ratio:    0.03
      Required ratio:    0.00 (Cumulative area) 

    Layer: Metal2
      Partial area ratio:    1.04
      Required ratio:    0.00 (Gate area) 
      Cumulative area ratio:    1.05
      Required ratio:    0.00 (Cumulative area) 
      Partial area ratio:    4.06
      Required ratio:  400.00 (Side area) 
      Cumulative area ratio:    4.30
      Required ratio:    0.00 (Cumulative side area) 

    Layer: Via2
      Partial area ratio:    0.14
      Required ratio:    0.00 (Gate area) 
      Cumulative area ratio:    0.17
      Required ratio:    0.00 (Cumulative area) 

    Layer: Metal3
      Partial area ratio:    0.10
      Required ratio:    0.00 (Gate area) 
      Cumulative area ratio:    1.14
      Required ratio:    0.00 (Cumulative area) 
      Partial area ratio:    0.64
      Required ratio:  400.00 (Side area) 
      Cumulative area ratio:    4.93
      Required ratio:    0.00 (Cumulative side area) 

    Layer: Via3
      Partial area ratio:    0.07
      Required ratio:    0.00 (Gate area) 
      Cumulative area ratio:    0.24
      Required ratio:    0.00 (Cumulative area) 

    Layer: Metal4
      Partial area ratio:    1.42
      Required ratio:    0.00 (Gate area) 
      Cumulative area ratio:    2.56
      Required ratio:    0.00 (Cumulative area) 
      Partial area ratio:    5.59
      Required ratio:  400.00 (Side area) 
      Cumulative area ratio:   10.53
      Required ratio:    0.00 (Cumulative side area) 

    Layer: Via4
      Partial area ratio:    0.03
      Required ratio:    0.00 (Gate area) 
      Cumulative area ratio:    0.26
      Required ratio:    0.00 (Cumulative area) 

    Layer: Metal5
      Partial area ratio:   26.43
      Required ratio:    0.00 (Gate area) 
      Cumulative area ratio:   28.99
      Required ratio:    0.00 (Cumulative area) 
      Partial area ratio:  143.09
      Required ratio:  400.00 (Side area) 
      Cumulative area ratio:  153.62
      Required ratio:    0.00 (Cumulative side area) 



Net: net774
  Pin:   _10915_/A (gf180mcu_as_sc_mcu7t3v3__mux2_2)
    Layer: Metal1
      Partial area ratio:    0.01
      Required ratio:    0.00 (Gate area) 
      Cumulative area ratio:    0.01
      Required ratio:    0.00 (Cumulative area) 
      Partial area ratio:    0.88
      Required ratio:  400.00 (Side area) 
      Cumulative area ratio:    0.88
      Required ratio:    0.00 (Cumulative side area) 

    Layer: Via1
      Partial area ratio:    0.10
      Required ratio:   20.00 (Gate area) 
      Cumulative area ratio:    0.10
      Required ratio:    0.00 (Cumulative area) 

    Layer: Metal2
      Partial area ratio:    2.15
      Required ratio:    0.00 (Gate area) 
      Cumulative area ratio:    2.16
      Required ratio:    0.00 (Cumulative area) 
      Partial area ratio:    8.74
      Required ratio:  400.00 (Side area) 
      Cumulative area ratio:    9.62
      Required ratio:    0.00 (Cumulative side area) 

    Layer: Via2
      Partial area ratio:    0.20
      Required ratio:   20.00 (Gate area) 
      Cumulative area ratio:    0.30
      Required ratio:    0.00 (Cumulative area) 

    Layer: Metal3
      Partial area ratio:  159.30
      Required ratio:    0.00 (Gate area) 
      Cumulative area ratio:  161.46
      Required ratio:    0.00 (Cumulative area) 
      Partial area ratio:  615.81
      Required ratio:  400.00 (Side area) (VIOLATED)
      Cumulative area ratio:  625.43
      Required ratio:    0.00 (Cumulative side area) 

    Layer: Via3
      Partial area ratio:    0.20
      Required ratio:   20.00 (Gate area) 
      Cumulative area ratio:    0.51
      Required ratio:    0.00 (Cumulative area) 

    Layer: Metal4
      Partial area ratio:   14.54
      Required ratio:    0.00 (Gate area) 
      Cumulative area ratio:  176.00
      Required ratio:    0.00 (Cumulative area) 
      Partial area ratio:   56.15
      Required ratio:  400.00 (Side area) 
      Cumulative area ratio:  681.58
      Required ratio:    0.00 (Cumulative side area) 


  Pin:   _10957_/A (gf180mcu_as_sc_mcu7t3v3__mux2_2)
    Layer: Metal1
      Partial area ratio:    0.01
      Required ratio:    0.00 (Gate area) 
      Cumulative area ratio:    0.01
      Required ratio:    0.00 (Cumulative area) 
      Partial area ratio:    0.88
      Required ratio:  400.00 (Side area) 
      Cumulative area ratio:    0.88
      Required ratio:    0.00 (Cumulative side area) 

    Layer: Via1
      Partial area ratio:    0.10
      Required ratio:   20.00 (Gate area) 
      Cumulative area ratio:    0.10
      Required ratio:    0.00 (Cumulative area) 

    Layer: Metal2
      Partial area ratio:    0.89
      Required ratio:    0.00 (Gate area) 
      Cumulative area ratio:    0.90
      Required ratio:    0.00 (Cumulative area) 
      Partial area ratio:    3.90
      Required ratio:  400.00 (Side area) 
      Cumulative area ratio:    4.77
      Required ratio:    0.00 (Cumulative side area) 

    Layer: Via2
      Partial area ratio:    0.20
      Required ratio:   20.00 (Gate area) 
      Cumulative area ratio:    0.30
      Required ratio:    0.00 (Cumulative area) 

    Layer: Metal3
      Partial area ratio:   95.53
      Required ratio:    0.00 (Gate area) 
      Cumulative area ratio:   96.43
      Required ratio:    0.00 (Cumulative area) 
      Partial area ratio:  369.17
      Required ratio:  400.00 (Side area) 
      Cumulative area ratio:  373.94
      Required ratio:    0.00 (Cumulative side area) 

    Layer: Via3
      Partial area ratio:    0.05
      Required ratio:   20.00 (Gate area) 
      Cumulative area ratio:    0.36
      Required ratio:    0.00 (Cumulative area) 

    Layer: Metal4
      Partial area ratio:   14.54
      Required ratio:    0.00 (Gate area) 
      Cumulative area ratio:  110.98
      Required ratio:    0.00 (Cumulative area) 
      Partial area ratio:   56.15
      Required ratio:  400.00 (Side area) 
      Cumulative area ratio:  430.09
      Required ratio:    0.00 (Cumulative side area) 


  Pin:   _10978_/A (gf180mcu_as_sc_mcu7t3v3__mux2_2)
    Layer: Metal1
      Partial area ratio:    0.01
      Required ratio:    0.00 (Gate area) 
      Cumulative area ratio:    0.01
      Required ratio:    0.00 (Cumulative area) 
      Partial area ratio:    0.88
      Required ratio:  400.00 (Side area) 
      Cumulative area ratio:    0.88
      Required ratio:    0.00 (Cumulative side area) 

    Layer: Via1
      Partial area ratio:    0.10
      Required ratio:   20.00 (Gate area) 
      Cumulative area ratio:    0.10
      Required ratio:    0.00 (Cumulative area) 

    Layer: Metal2
      Partial area ratio:    5.43
      Required ratio:    0.00 (Gate area) 
      Cumulative area ratio:    5.44
      Required ratio:    0.00 (Cumulative area) 
      Partial area ratio:   21.42
      Required ratio:  400.00 (Side area) 
      Cumulative area ratio:   22.29
      Required ratio:    0.00 (Cumulative side area) 

    Layer: Via2
      Partial area ratio:    0.30
      Required ratio:   20.00 (Gate area) 
      Cumulative area ratio:    0.41
      Required ratio:    0.00 (Cumulative area) 

    Layer: Metal3
      Partial area ratio:   21.66
      Required ratio:    0.00 (Gate area) 
      Cumulative area ratio:   27.10
      Required ratio:    0.00 (Cumulative area) 
      Partial area ratio:   84.89
      Required ratio:  400.00 (Side area) 
      Cumulative area ratio:  107.18
      Required ratio:    0.00 (Cumulative side area) 

    Layer: Via3
      Partial area ratio:    0.20
      Required ratio:   20.00 (Gate area) 
      Cumulative area ratio:    0.61
      Required ratio:    0.00 (Cumulative area) 

    Layer: Metal4
      Partial area ratio:   14.54
      Required ratio:    0.00 (Gate area) 
      Cumulative area ratio:   41.64
      Required ratio:    0.00 (Cumulative area) 
      Partial area ratio:   56.15
      Required ratio:  400.00 (Side area) 
      Cumulative area ratio:  163.33
      Required ratio:    0.00 (Cumulative side area) 


  Pin:   _10987_/B (gf180mcu_as_sc_mcu7t3v3__mux2_2)
    Layer: Metal1
      Partial area ratio:    0.02
      Required ratio:    0.00 (Gate area) 
      Cumulative area ratio:    0.02
      Required ratio:    0.00 (Cumulative area) 
      Partial area ratio:    0.92
      Required ratio:  400.00 (Side area) 
      Cumulative area ratio:    0.92
      Required ratio:    0.00 (Cumulative side area) 

    Layer: Via1
      Partial area ratio:    0.10
      Required ratio:   20.00 (Gate area) 
      Cumulative area ratio:    0.10
      Required ratio:    0.00 (Cumulative area) 

    Layer: Metal2
      Partial area ratio:    1.48
      Required ratio:    0.00 (Gate area) 
      Cumulative area ratio:    1.49
      Required ratio:    0.00 (Cumulative area) 
      Partial area ratio:    6.15
      Required ratio:  400.00 (Side area) 
      Cumulative area ratio:    7.06
      Required ratio:    0.00 (Cumulative side area) 

    Layer: Via2
      Partial area ratio:    0.20
      Required ratio:   20.00 (Gate area) 
      Cumulative area ratio:    0.30
      Required ratio:    0.00 (Cumulative area) 

    Layer: Metal3
      Partial area ratio:   95.53
      Required ratio:    0.00 (Gate area) 
      Cumulative area ratio:   97.03
      Required ratio:    0.00 (Cumulative area) 
      Partial area ratio:  369.17
      Required ratio:  400.00 (Side area) 
      Cumulative area ratio:  376.23
      Required ratio:    0.00 (Cumulative side area) 

    Layer: Via3
      Partial area ratio:    0.05
      Required ratio:   20.00 (Gate area) 
      Cumulative area ratio:    0.36
      Required ratio:    0.00 (Cumulative area) 

    Layer: Metal4
      Partial area ratio:   14.54
      Required ratio:    0.00 (Gate area) 
      Cumulative area ratio:  111.57
      Required ratio:    0.00 (Cumulative area) 
      Partial area ratio:   56.15
      Required ratio:  400.00 (Side area) 
      Cumulative area ratio:  432.38
      Required ratio:    0.00 (Cumulative side area) 



Net: net900
  Pin:   _10921_/B (gf180mcu_as_sc_mcu7t3v3__mux2_2)
    Layer: Metal1
      Partial area ratio:    0.02
      Required ratio:    0.00 (Gate area) 
      Cumulative area ratio:    0.02
      Required ratio:    0.00 (Cumulative area) 
      Partial area ratio:    0.92
      Required ratio:  400.00 (Side area) 
      Cumulative area ratio:    0.92
      Required ratio:    0.00 (Cumulative side area) 

    Layer: Via1
      Partial area ratio:    0.10
      Required ratio:   20.00 (Gate area) 
      Cumulative area ratio:    0.10
      Required ratio:    0.00 (Cumulative area) 

    Layer: Metal2
      Partial area ratio:    4.38
      Required ratio:    0.00 (Gate area) 
      Cumulative area ratio:    4.40
      Required ratio:    0.00 (Cumulative area) 
      Partial area ratio:   17.35
      Required ratio:  400.00 (Side area) 
      Cumulative area ratio:   18.27
      Required ratio:    0.00 (Cumulative side area) 

    Layer: Via2
      Partial area ratio:    0.30
      Required ratio:   20.00 (Gate area) 
      Cumulative area ratio:    0.41
      Required ratio:    0.00 (Cumulative area) 

    Layer: Metal3
      Partial area ratio:   25.18
      Required ratio:    0.00 (Gate area) 
      Cumulative area ratio:   29.58
      Required ratio:    0.00 (Cumulative area) 
      Partial area ratio:   98.50
      Required ratio:  400.00 (Side area) 
      Cumulative area ratio:  116.77
      Required ratio:    0.00 (Cumulative side area) 

    Layer: Via3
      Partial area ratio:    0.20
      Required ratio:   20.00 (Gate area) 
      Cumulative area ratio:    0.61
      Required ratio:    0.00 (Cumulative area) 

    Layer: Metal4
      Partial area ratio:  169.82
      Required ratio:    0.00 (Gate area) 
      Cumulative area ratio:  199.40
      Required ratio:    0.00 (Cumulative area) 
      Partial area ratio:  655.91
      Required ratio:  400.00 (Side area) (VIOLATED)
      Cumulative area ratio:  772.68
      Required ratio:    0.00 (Cumulative side area) 

    Layer: Via4
      Partial area ratio:    0.20
      Required ratio:   20.00 (Gate area) 
      Cumulative area ratio:    0.81
      Required ratio:    0.00 (Cumulative area) 

    Layer: Metal5
      Partial area ratio:   25.27
      Required ratio:    0.00 (Gate area) 
      Cumulative area ratio:  224.67
      Required ratio:    0.00 (Cumulative area) 
      Partial area ratio:  136.91
      Required ratio:  400.00 (Side area) 
      Cumulative area ratio:  909.59
      Required ratio:    0.00 (Cumulative side area) 


  Pin:   _10932_/B (gf180mcu_as_sc_mcu7t3v3__mux2_2)
    Layer: Metal1
      Partial area ratio:    0.02
      Required ratio:    0.00 (Gate area) 
      Cumulative area ratio:    0.02
      Required ratio:    0.00 (Cumulative area) 
      Partial area ratio:    0.92
      Required ratio:  400.00 (Side area) 
      Cumulative area ratio:    0.92
      Required ratio:    0.00 (Cumulative side area) 

    Layer: Via1
      Partial area ratio:    0.10
      Required ratio:   20.00 (Gate area) 
      Cumulative area ratio:    0.10
      Required ratio:    0.00 (Cumulative area) 

    Layer: Metal2
      Partial area ratio:    3.32
      Required ratio:    0.00 (Gate area) 
      Cumulative area ratio:    3.34
      Required ratio:    0.00 (Cumulative area) 
      Partial area ratio:   13.25
      Required ratio:  400.00 (Side area) 
      Cumulative area ratio:   14.17
      Required ratio:    0.00 (Cumulative side area) 

    Layer: Via2
      Partial area ratio:    0.20
      Required ratio:   20.00 (Gate area) 
      Cumulative area ratio:    0.30
      Required ratio:    0.00 (Cumulative area) 

    Layer: Metal3
      Partial area ratio:    0.32
      Required ratio:    0.00 (Gate area) 
      Cumulative area ratio:    3.66
      Required ratio:    0.00 (Cumulative area) 
      Partial area ratio:    2.14
      Required ratio:  400.00 (Side area) 
      Cumulative area ratio:   16.31
      Required ratio:    0.00 (Cumulative side area) 

    Layer: Via3
      Partial area ratio:    0.10
      Required ratio:   20.00 (Gate area) 
      Cumulative area ratio:    0.41
      Required ratio:    0.00 (Cumulative area) 

    Layer: Metal4
      Partial area ratio:    7.30
      Required ratio:    0.00 (Gate area) 
      Cumulative area ratio:   10.96
      Required ratio:    0.00 (Cumulative area) 
      Partial area ratio:   28.62
      Required ratio:  400.00 (Side area) 
      Cumulative area ratio:   44.93
      Required ratio:    0.00 (Cumulative side area) 

    Layer: Via4
      Partial area ratio:    0.20
      Required ratio:   20.00 (Gate area) 
      Cumulative area ratio:    0.61
      Required ratio:    0.00 (Cumulative area) 

    Layer: Metal5
      Partial area ratio:   25.27
      Required ratio:    0.00 (Gate area) 
      Cumulative area ratio:   36.23
      Required ratio:    0.00 (Cumulative area) 
      Partial area ratio:  136.91
      Required ratio:  400.00 (Side area) 
      Cumulative area ratio:  181.84
      Required ratio:    0.00 (Cumulative side area) 


  Pin:   _10982_/B (gf180mcu_as_sc_mcu7t3v3__mux2_2)
    Layer: Metal1
      Partial area ratio:    0.02
      Required ratio:    0.00 (Gate area) 
      Cumulative area ratio:    0.02
      Required ratio:    0.00 (Cumulative area) 
      Partial area ratio:    0.92
      Required ratio:  400.00 (Side area) 
      Cumulative area ratio:    0.92
      Required ratio:    0.00 (Cumulative side area) 

    Layer: Via1
      Partial area ratio:    0.10
      Required ratio:   20.00 (Gate area) 
      Cumulative area ratio:    0.10
      Required ratio:    0.00 (Cumulative area) 

    Layer: Metal2
      Partial area ratio:    2.26
      Required ratio:    0.00 (Gate area) 
      Cumulative area ratio:    2.28
      Required ratio:    0.00 (Cumulative area) 
      Partial area ratio:    9.18
      Required ratio:  400.00 (Side area) 
      Cumulative area ratio:   10.09
      Required ratio:    0.00 (Cumulative side area) 

    Layer: Via2
      Partial area ratio:    0.20
      Required ratio:   20.00 (Gate area) 
      Cumulative area ratio:    0.30
      Required ratio:    0.00 (Cumulative area) 

    Layer: Metal3
      Partial area ratio:    0.32
      Required ratio:    0.00 (Gate area) 
      Cumulative area ratio:    2.60
      Required ratio:    0.00 (Cumulative area) 
      Partial area ratio:    2.14
      Required ratio:  400.00 (Side area) 
      Cumulative area ratio:   12.23
      Required ratio:    0.00 (Cumulative side area) 

    Layer: Via3
      Partial area ratio:    0.10
      Required ratio:   20.00 (Gate area) 
      Cumulative area ratio:    0.41
      Required ratio:    0.00 (Cumulative area) 

    Layer: Metal4
      Partial area ratio:    0.16
      Required ratio:    0.00 (Gate area) 
      Cumulative area ratio:    2.76
      Required ratio:    0.00 (Cumulative area) 
      Partial area ratio:    1.07
      Required ratio:  400.00 (Side area) 
      Cumulative area ratio:   13.30
      Required ratio:    0.00 (Cumulative side area) 

    Layer: Via4
      Partial area ratio:    0.10
      Required ratio:   20.00 (Gate area) 
      Cumulative area ratio:    0.51
      Required ratio:    0.00 (Cumulative area) 

    Layer: Metal5
      Partial area ratio:   25.27
      Required ratio:    0.00 (Gate area) 
      Cumulative area ratio:   28.03
      Required ratio:    0.00 (Cumulative area) 
      Partial area ratio:  136.91
      Required ratio:  400.00 (Side area) 
      Cumulative area ratio:  150.21
      Required ratio:    0.00 (Cumulative side area) 


  Pin:   _10991_/A (gf180mcu_as_sc_mcu7t3v3__mux2_2)
    Layer: Metal1
      Partial area ratio:    0.01
      Required ratio:    0.00 (Gate area) 
      Cumulative area ratio:    0.01
      Required ratio:    0.00 (Cumulative area) 
      Partial area ratio:    0.88
      Required ratio:  400.00 (Side area) 
      Cumulative area ratio:    0.88
      Required ratio:    0.00 (Cumulative side area) 

    Layer: Via1
      Partial area ratio:    0.10
      Required ratio:   20.00 (Gate area) 
      Cumulative area ratio:    0.10
      Required ratio:    0.00 (Cumulative area) 

    Layer: Metal2
      Partial area ratio:    2.30
      Required ratio:    0.00 (Gate area) 
      Cumulative area ratio:    2.31
      Required ratio:    0.00 (Cumulative area) 
      Partial area ratio:    9.34
      Required ratio:  400.00 (Side area) 
      Cumulative area ratio:   10.22
      Required ratio:    0.00 (Cumulative side area) 

    Layer: Via2
      Partial area ratio:    0.20
      Required ratio:   20.00 (Gate area) 
      Cumulative area ratio:    0.30
      Required ratio:    0.00 (Cumulative area) 

    Layer: Metal3
      Partial area ratio:   17.97
      Required ratio:    0.00 (Gate area) 
      Cumulative area ratio:   20.28
      Required ratio:    0.00 (Cumulative area) 
      Partial area ratio:   70.21
      Required ratio:  400.00 (Side area) 
      Cumulative area ratio:   80.42
      Required ratio:    0.00 (Cumulative side area) 

    Layer: Via3
      Partial area ratio:    0.10
      Required ratio:   20.00 (Gate area) 
      Cumulative area ratio:    0.41
      Required ratio:    0.00 (Cumulative area) 

    Layer: Metal4
      Partial area ratio:  162.55
      Required ratio:    0.00 (Gate area) 
      Cumulative area ratio:  182.83
      Required ratio:    0.00 (Cumulative area) 
      Partial area ratio:  627.45
      Required ratio:  400.00 (Side area) (VIOLATED)
      Cumulative area ratio:  707.87
      Required ratio:    0.00 (Cumulative side area) 

    Layer: Via4
      Partial area ratio:    0.10
      Required ratio:   20.00 (Gate area) 
      Cumulative area ratio:    0.51
      Required ratio:    0.00 (Cumulative area) 

    Layer: Metal5
      Partial area ratio:   25.27
      Required ratio:    0.00 (Gate area) 
      Cumulative area ratio:  208.11
      Required ratio:    0.00 (Cumulative area) 
      Partial area ratio:  136.91
      Required ratio:  400.00 (Side area) 
      Cumulative area ratio:  844.79
      Required ratio:    0.00 (Cumulative side area) 



Net: net901
  Pin:   _10920_/B (gf180mcu_as_sc_mcu7t3v3__mux2_2)
    Layer: Metal1
      Partial area ratio:    0.02
      Required ratio:    0.00 (Gate area) 
      Cumulative area ratio:    0.02
      Required ratio:    0.00 (Cumulative area) 
      Partial area ratio:    0.92
      Required ratio:  400.00 (Side area) 
      Cumulative area ratio:    0.92
      Required ratio:    0.00 (Cumulative side area) 

    Layer: Via1
      Partial area ratio:    0.10
      Required ratio:   20.00 (Gate area) 
      Cumulative area ratio:    0.10
      Required ratio:    0.00 (Cumulative area) 

    Layer: Metal2
      Partial area ratio:    0.78
      Required ratio:    0.00 (Gate area) 
      Cumulative area ratio:    0.80
      Required ratio:    0.00 (Cumulative area) 
      Partial area ratio:    3.42
      Required ratio:  400.00 (Side area) 
      Cumulative area ratio:    4.33
      Required ratio:    0.00 (Cumulative side area) 

    Layer: Via2
      Partial area ratio:    0.14
      Required ratio:   20.00 (Gate area) 
      Cumulative area ratio:    0.24
      Required ratio:    0.00 (Cumulative area) 

    Layer: Metal3
      Partial area ratio:   14.33
      Required ratio:    0.00 (Gate area) 
      Cumulative area ratio:   15.13
      Required ratio:    0.00 (Cumulative area) 
      Partial area ratio:   55.68
      Required ratio:  400.00 (Side area) 
      Cumulative area ratio:   60.01
      Required ratio:    0.00 (Cumulative side area) 

    Layer: Via3
      Partial area ratio:    0.20
      Required ratio:   20.00 (Gate area) 
      Cumulative area ratio:    0.44
      Required ratio:    0.00 (Cumulative area) 

    Layer: Metal4
      Partial area ratio:  111.97
      Required ratio:    0.00 (Gate area) 
      Cumulative area ratio:  127.10
      Required ratio:    0.00 (Cumulative area) 
      Partial area ratio:  432.32
      Required ratio:  400.00 (Side area) (VIOLATED)
      Cumulative area ratio:  492.33
      Required ratio:    0.00 (Cumulative side area) 

    Layer: Via4
      Partial area ratio:    0.03
      Required ratio:   20.00 (Gate area) 
      Cumulative area ratio:    0.48
      Required ratio:    0.00 (Cumulative area) 

    Layer: Metal5
      Partial area ratio:   11.90
      Required ratio:    0.00 (Gate area) 
      Cumulative area ratio:  139.00
      Required ratio:    0.00 (Cumulative area) 
      Partial area ratio:   64.45
      Required ratio:  400.00 (Side area) 
      Cumulative area ratio:  556.78
      Required ratio:    0.00 (Cumulative side area) 


  Pin:   _10931_/B (gf180mcu_as_sc_mcu7t3v3__mux2_2)
    Layer: Metal1
      Partial area ratio:    0.02
      Required ratio:    0.00 (Gate area) 
      Cumulative area ratio:    0.02
      Required ratio:    0.00 (Cumulative area) 
      Partial area ratio:    0.92
      Required ratio:  400.00 (Side area) 
      Cumulative area ratio:    0.92
      Required ratio:    0.00 (Cumulative side area) 

    Layer: Via1
      Partial area ratio:    0.10
      Required ratio:   20.00 (Gate area) 
      Cumulative area ratio:    0.10
      Required ratio:    0.00 (Cumulative area) 

    Layer: Metal2
      Partial area ratio:    7.84
      Required ratio:    0.00 (Gate area) 
      Cumulative area ratio:    7.86
      Required ratio:    0.00 (Cumulative area) 
      Partial area ratio:   30.65
      Required ratio:  400.00 (Side area) 
      Cumulative area ratio:   31.57
      Required ratio:    0.00 (Cumulative side area) 

    Layer: Via2
      Partial area ratio:    0.24
      Required ratio:   20.00 (Gate area) 
      Cumulative area ratio:    0.34
      Required ratio:    0.00 (Cumulative area) 

    Layer: Metal3
      Partial area ratio:    8.91
      Required ratio:    0.00 (Gate area) 
      Cumulative area ratio:   16.77
      Required ratio:    0.00 (Cumulative area) 
      Partial area ratio:   34.45
      Required ratio:  400.00 (Side area) 
      Cumulative area ratio:   66.01
      Required ratio:    0.00 (Cumulative side area) 

    Layer: Via3
      Partial area ratio:    0.10
      Required ratio:    0.00 (Gate area) 
      Cumulative area ratio:    0.44
      Required ratio:    0.00 (Cumulative area) 

    Layer: Metal4
      Partial area ratio:    0.19
      Required ratio:    0.00 (Gate area) 
      Cumulative area ratio:   16.96
      Required ratio:    0.00 (Cumulative area) 
      Partial area ratio:    0.75
      Required ratio:  400.00 (Side area) 
      Cumulative area ratio:   66.76
      Required ratio:    0.00 (Cumulative side area) 

    Layer: Via4
      Partial area ratio:    0.10
      Required ratio:    0.00 (Gate area) 
      Cumulative area ratio:    0.54
      Required ratio:    0.00 (Cumulative area) 

    Layer: Metal5
      Partial area ratio:   11.90
      Required ratio:    0.00 (Gate area) 
      Cumulative area ratio:   28.86
      Required ratio:    0.00 (Cumulative area) 
      Partial area ratio:   64.45
      Required ratio:  400.00 (Side area) 
      Cumulative area ratio:  131.21
      Required ratio:    0.00 (Cumulative side area) 


  Pin:   _10981_/B (gf180mcu_as_sc_mcu7t3v3__mux2_2)
    Layer: Metal1
      Partial area ratio:    0.02
      Required ratio:    0.00 (Gate area) 
      Cumulative area ratio:    0.02
      Required ratio:    0.00 (Cumulative area) 
      Partial area ratio:    0.92
      Required ratio:  400.00 (Side area) 
      Cumulative area ratio:    0.92
      Required ratio:    0.00 (Cumulative side area) 

    Layer: Via1
      Partial area ratio:    0.10
      Required ratio:   20.00 (Gate area) 
      Cumulative area ratio:    0.10
      Required ratio:    0.00 (Cumulative area) 

    Layer: Metal2
      Partial area ratio:    2.73
      Required ratio:    0.00 (Gate area) 
      Cumulative area ratio:    2.75
      Required ratio:    0.00 (Cumulative area) 
      Partial area ratio:   10.99
      Required ratio:  400.00 (Side area) 
      Cumulative area ratio:   11.91
      Required ratio:    0.00 (Cumulative side area) 

    Layer: Via2
      Partial area ratio:    0.20
      Required ratio:   20.00 (Gate area) 
      Cumulative area ratio:    0.30
      Required ratio:    0.00 (Cumulative area) 

    Layer: Metal3
      Partial area ratio:   21.50
      Required ratio:    0.00 (Gate area) 
      Cumulative area ratio:   24.25
      Required ratio:    0.00 (Cumulative area) 
      Partial area ratio:   83.82
      Required ratio:  400.00 (Side area) 
      Cumulative area ratio:   95.73
      Required ratio:    0.00 (Cumulative side area) 

    Layer: Via3
      Partial area ratio:    0.20
      Required ratio:   20.00 (Gate area) 
      Cumulative area ratio:    0.51
      Required ratio:    0.00 (Cumulative area) 

    Layer: Metal4
      Partial area ratio:  111.97
      Required ratio:    0.00 (Gate area) 
      Cumulative area ratio:  136.21
      Required ratio:    0.00 (Cumulative area) 
      Partial area ratio:  432.32
      Required ratio:  400.00 (Side area) (VIOLATED)
      Cumulative area ratio:  528.05
      Required ratio:    0.00 (Cumulative side area) 

    Layer: Via4
      Partial area ratio:    0.03
      Required ratio:   20.00 (Gate area) 
      Cumulative area ratio:    0.54
      Required ratio:    0.00 (Cumulative area) 

    Layer: Metal5
      Partial area ratio:   11.90
      Required ratio:    0.00 (Gate area) 
      Cumulative area ratio:  148.11
      Required ratio:    0.00 (Cumulative area) 
      Partial area ratio:   64.45
      Required ratio:  400.00 (Side area) 
      Cumulative area ratio:  592.50
      Required ratio:    0.00 (Cumulative side area) 


  Pin:   _10990_/A (gf180mcu_as_sc_mcu7t3v3__mux2_2)
    Layer: Metal1
      Partial area ratio:    0.01
      Required ratio:    0.00 (Gate area) 
      Cumulative area ratio:    0.01
      Required ratio:    0.00 (Cumulative area) 
      Partial area ratio:    0.88
      Required ratio:  400.00 (Side area) 
      Cumulative area ratio:    0.88
      Required ratio:    0.00 (Cumulative side area) 

    Layer: Via1
      Partial area ratio:    0.10
      Required ratio:   20.00 (Gate area) 
      Cumulative area ratio:    0.10
      Required ratio:    0.00 (Cumulative area) 

    Layer: Metal2
      Partial area ratio:    1.60
      Required ratio:    0.00 (Gate area) 
      Cumulative area ratio:    1.61
      Required ratio:    0.00 (Cumulative area) 
      Partial area ratio:    6.62
      Required ratio:  400.00 (Side area) 
      Cumulative area ratio:    7.50
      Required ratio:    0.00 (Cumulative side area) 

    Layer: Via2
      Partial area ratio:    0.20
      Required ratio:   20.00 (Gate area) 
      Cumulative area ratio:    0.30
      Required ratio:    0.00 (Cumulative area) 

    Layer: Metal3
      Partial area ratio:   21.50
      Required ratio:    0.00 (Gate area) 
      Cumulative area ratio:   23.10
      Required ratio:    0.00 (Cumulative area) 
      Partial area ratio:   83.82
      Required ratio:  400.00 (Side area) 
      Cumulative area ratio:   91.32
      Required ratio:    0.00 (Cumulative side area) 

    Layer: Via3
      Partial area ratio:    0.10
      Required ratio:   20.00 (Gate area) 
      Cumulative area ratio:    0.41
      Required ratio:    0.00 (Cumulative area) 

    Layer: Metal4
      Partial area ratio:  111.97
      Required ratio:    0.00 (Gate area) 
      Cumulative area ratio:  135.07
      Required ratio:    0.00 (Cumulative area) 
      Partial area ratio:  432.32
      Required ratio:  400.00 (Side area) (VIOLATED)
      Cumulative area ratio:  523.64
      Required ratio:    0.00 (Cumulative side area) 

    Layer: Via4
      Partial area ratio:    0.03
      Required ratio:   20.00 (Gate area) 
      Cumulative area ratio:    0.44
      Required ratio:    0.00 (Cumulative area) 

    Layer: Metal5
      Partial area ratio:   11.90
      Required ratio:    0.00 (Gate area) 
      Cumulative area ratio:  146.97
      Required ratio:    0.00 (Cumulative area) 
      Partial area ratio:   64.45
      Required ratio:  400.00 (Side area) 
      Cumulative area ratio:  588.09
      Required ratio:    0.00 (Cumulative side area) 



Net: net902
  Pin:   _10919_/B (gf180mcu_as_sc_mcu7t3v3__mux2_2)
    Layer: Metal1
      Partial area ratio:    0.02
      Required ratio:    0.00 (Gate area) 
      Cumulative area ratio:    0.02
      Required ratio:    0.00 (Cumulative area) 
      Partial area ratio:    0.92
      Required ratio:  400.00 (Side area) 
      Cumulative area ratio:    0.92
      Required ratio:    0.00 (Cumulative side area) 

    Layer: Via1
      Partial area ratio:    0.10
      Required ratio:   20.00 (Gate area) 
      Cumulative area ratio:    0.10
      Required ratio:    0.00 (Cumulative area) 

    Layer: Metal2
      Partial area ratio:    3.12
      Required ratio:    0.00 (Gate area) 
      Cumulative area ratio:    3.14
      Required ratio:    0.00 (Cumulative area) 
      Partial area ratio:   12.50
      Required ratio:  400.00 (Side area) 
      Cumulative area ratio:   13.41
      Required ratio:    0.00 (Cumulative side area) 

    Layer: Via2
      Partial area ratio:    0.20
      Required ratio:   20.00 (Gate area) 
      Cumulative area ratio:    0.30
      Required ratio:    0.00 (Cumulative area) 

    Layer: Metal3
      Partial area ratio:    0.32
      Required ratio:    0.00 (Gate area) 
      Cumulative area ratio:    3.46
      Required ratio:    0.00 (Cumulative area) 
      Partial area ratio:    2.14
      Required ratio:  400.00 (Side area) 
      Cumulative area ratio:   15.55
      Required ratio:    0.00 (Cumulative side area) 

    Layer: Via3
      Partial area ratio:    0.10
      Required ratio:   20.00 (Gate area) 
      Cumulative area ratio:    0.41
      Required ratio:    0.00 (Cumulative area) 

    Layer: Metal4
      Partial area ratio:  110.67
      Required ratio:    0.00 (Gate area) 
      Cumulative area ratio:  114.13
      Required ratio:    0.00 (Cumulative area) 
      Partial area ratio:  427.02
      Required ratio:  400.00 (Side area) (VIOLATED)
      Cumulative area ratio:  442.57
      Required ratio:    0.00 (Cumulative side area) 

    Layer: Via4
      Partial area ratio:    0.03
      Required ratio:   20.00 (Gate area) 
      Cumulative area ratio:    0.44
      Required ratio:    0.00 (Cumulative area) 

    Layer: Metal5
      Partial area ratio:   24.05
      Required ratio:    0.00 (Gate area) 
      Cumulative area ratio:  138.18
      Required ratio:    0.00 (Cumulative area) 
      Partial area ratio:  130.21
      Required ratio:  400.00 (Side area) 
      Cumulative area ratio:  572.79
      Required ratio:    0.00 (Cumulative side area) 


  Pin:   _10930_/B (gf180mcu_as_sc_mcu7t3v3__mux2_2)
    Layer: Metal1
      Partial area ratio:    0.02
      Required ratio:    0.00 (Gate area) 
      Cumulative area ratio:    0.02
      Required ratio:    0.00 (Cumulative area) 
      Partial area ratio:    0.92
      Required ratio:  400.00 (Side area) 
      Cumulative area ratio:    0.92
      Required ratio:    0.00 (Cumulative side area) 

    Layer: Via1
      Partial area ratio:    0.10
      Required ratio:   20.00 (Gate area) 
      Cumulative area ratio:    0.10
      Required ratio:    0.00 (Cumulative area) 

    Layer: Metal2
      Partial area ratio:    3.36
      Required ratio:    0.00 (Gate area) 
      Cumulative area ratio:    3.38
      Required ratio:    0.00 (Cumulative area) 
      Partial area ratio:   13.41
      Required ratio:  400.00 (Side area) 
      Cumulative area ratio:   14.32
      Required ratio:    0.00 (Cumulative side area) 

    Layer: Via2
      Partial area ratio:    0.20
      Required ratio:   20.00 (Gate area) 
      Cumulative area ratio:    0.30
      Required ratio:    0.00 (Cumulative area) 

    Layer: Metal3
      Partial area ratio:    3.85
      Required ratio:    0.00 (Gate area) 
      Cumulative area ratio:    7.22
      Required ratio:    0.00 (Cumulative area) 
      Partial area ratio:   15.75
      Required ratio:  400.00 (Side area) 
      Cumulative area ratio:   30.08
      Required ratio:    0.00 (Cumulative side area) 

    Layer: Via3
      Partial area ratio:    0.20
      Required ratio:   20.00 (Gate area) 
      Cumulative area ratio:    0.51
      Required ratio:    0.00 (Cumulative area) 

    Layer: Metal4
      Partial area ratio:    3.89
      Required ratio:    0.00 (Gate area) 
      Cumulative area ratio:   11.12
      Required ratio:    0.00 (Cumulative area) 
      Partial area ratio:   15.91
      Required ratio:  400.00 (Side area) 
      Cumulative area ratio:   45.99
      Required ratio:    0.00 (Cumulative side area) 

    Layer: Via4
      Partial area ratio:    0.20
      Required ratio:   20.00 (Gate area) 
      Cumulative area ratio:    0.71
      Required ratio:    0.00 (Cumulative area) 

    Layer: Metal5
      Partial area ratio:   24.05
      Required ratio:    0.00 (Gate area) 
      Cumulative area ratio:   35.16
      Required ratio:    0.00 (Cumulative area) 
      Partial area ratio:  130.21
      Required ratio:  400.00 (Side area) 
      Cumulative area ratio:  176.20
      Required ratio:    0.00 (Cumulative side area) 


  Pin:   _10980_/B (gf180mcu_as_sc_mcu7t3v3__mux2_2)
    Layer: Metal1
      Partial area ratio:    0.02
      Required ratio:    0.00 (Gate area) 
      Cumulative area ratio:    0.02
      Required ratio:    0.00 (Cumulative area) 
      Partial area ratio:    0.92
      Required ratio:  400.00 (Side area) 
      Cumulative area ratio:    0.92
      Required ratio:    0.00 (Cumulative side area) 

    Layer: Via1
      Partial area ratio:    0.10
      Required ratio:   20.00 (Gate area) 
      Cumulative area ratio:    0.10
      Required ratio:    0.00 (Cumulative area) 

    Layer: Metal2
      Partial area ratio:    2.97
      Required ratio:    0.00 (Gate area) 
      Cumulative area ratio:    2.98
      Required ratio:    0.00 (Cumulative area) 
      Partial area ratio:   11.90
      Required ratio:  400.00 (Side area) 
      Cumulative area ratio:   12.82
      Required ratio:    0.00 (Cumulative side area) 

    Layer: Via2
      Partial area ratio:    0.20
      Required ratio:   20.00 (Gate area) 
      Cumulative area ratio:    0.30
      Required ratio:    0.00 (Cumulative area) 

    Layer: Metal3
      Partial area ratio:    3.85
      Required ratio:    0.00 (Gate area) 
      Cumulative area ratio:    6.83
      Required ratio:    0.00 (Cumulative area) 
      Partial area ratio:   15.75
      Required ratio:  400.00 (Side area) 
      Cumulative area ratio:   28.57
      Required ratio:    0.00 (Cumulative side area) 

    Layer: Via3
      Partial area ratio:    0.10
      Required ratio:   20.00 (Gate area) 
      Cumulative area ratio:    0.41
      Required ratio:    0.00 (Cumulative area) 

    Layer: Metal4
      Partial area ratio:  110.67
      Required ratio:    0.00 (Gate area) 
      Cumulative area ratio:  117.50
      Required ratio:    0.00 (Cumulative area) 
      Partial area ratio:  427.02
      Required ratio:  400.00 (Side area) (VIOLATED)
      Cumulative area ratio:  455.59
      Required ratio:    0.00 (Cumulative side area) 

    Layer: Via4
      Partial area ratio:    0.03
      Required ratio:   20.00 (Gate area) 
      Cumulative area ratio:    0.44
      Required ratio:    0.00 (Cumulative area) 

    Layer: Metal5
      Partial area ratio:   24.05
      Required ratio:    0.00 (Gate area) 
      Cumulative area ratio:  141.55
      Required ratio:    0.00 (Cumulative area) 
      Partial area ratio:  130.21
      Required ratio:  400.00 (Side area) 
      Cumulative area ratio:  585.80
      Required ratio:    0.00 (Cumulative side area) 


  Pin:   _10989_/A (gf180mcu_as_sc_mcu7t3v3__mux2_2)
    Layer: Metal1
      Partial area ratio:    0.01
      Required ratio:    0.00 (Gate area) 
      Cumulative area ratio:    0.01
      Required ratio:    0.00 (Cumulative area) 
      Partial area ratio:    0.88
      Required ratio:  400.00 (Side area) 
      Cumulative area ratio:    0.88
      Required ratio:    0.00 (Cumulative side area) 

    Layer: Via1
      Partial area ratio:    0.10
      Required ratio:   20.00 (Gate area) 
      Cumulative area ratio:    0.10
      Required ratio:    0.00 (Cumulative area) 

    Layer: Metal2
      Partial area ratio:    2.02
      Required ratio:    0.00 (Gate area) 
      Cumulative area ratio:    2.03
      Required ratio:    0.00 (Cumulative area) 
      Partial area ratio:    8.24
      Required ratio:  400.00 (Side area) 
      Cumulative area ratio:    9.12
      Required ratio:    0.00 (Cumulative side area) 

    Layer: Via2
      Partial area ratio:    0.20
      Required ratio:   20.00 (Gate area) 
      Cumulative area ratio:    0.30
      Required ratio:    0.00 (Cumulative area) 

    Layer: Metal3
      Partial area ratio:    0.32
      Required ratio:    0.00 (Gate area) 
      Cumulative area ratio:    2.35
      Required ratio:    0.00 (Cumulative area) 
      Partial area ratio:    2.14
      Required ratio:  400.00 (Side area) 
      Cumulative area ratio:   11.26
      Required ratio:    0.00 (Cumulative side area) 

    Layer: Via3
      Partial area ratio:    0.10
      Required ratio:   20.00 (Gate area) 
      Cumulative area ratio:    0.41
      Required ratio:    0.00 (Cumulative area) 

    Layer: Metal4
      Partial area ratio:  110.67
      Required ratio:    0.00 (Gate area) 
      Cumulative area ratio:  113.02
      Required ratio:    0.00 (Cumulative area) 
      Partial area ratio:  427.02
      Required ratio:  400.00 (Side area) (VIOLATED)
      Cumulative area ratio:  438.27
      Required ratio:    0.00 (Cumulative side area) 

    Layer: Via4
      Partial area ratio:    0.03
      Required ratio:   20.00 (Gate area) 
      Cumulative area ratio:    0.44
      Required ratio:    0.00 (Cumulative area) 

    Layer: Metal5
      Partial area ratio:   24.05
      Required ratio:    0.00 (Gate area) 
      Cumulative area ratio:  137.06
      Required ratio:    0.00 (Cumulative area) 
      Partial area ratio:  130.21
      Required ratio:  400.00 (Side area) 
      Cumulative area ratio:  568.49
      Required ratio:    0.00 (Cumulative side area) 



Net: net903
  Pin:   _10918_/B (gf180mcu_as_sc_mcu7t3v3__mux2_2)
    Layer: Metal1
      Partial area ratio:    0.02
      Required ratio:    0.00 (Gate area) 
      Cumulative area ratio:    0.02
      Required ratio:    0.00 (Cumulative area) 
      Partial area ratio:    0.92
      Required ratio:  400.00 (Side area) 
      Cumulative area ratio:    0.92
      Required ratio:    0.00 (Cumulative side area) 

    Layer: Via1
      Partial area ratio:    0.10
      Required ratio:   20.00 (Gate area) 
      Cumulative area ratio:    0.10
      Required ratio:    0.00 (Cumulative area) 

    Layer: Metal2
      Partial area ratio:    2.03
      Required ratio:    0.00 (Gate area) 
      Cumulative area ratio:    2.04
      Required ratio:    0.00 (Cumulative area) 
      Partial area ratio:    8.27
      Required ratio:  400.00 (Side area) 
      Cumulative area ratio:    9.19
      Required ratio:    0.00 (Cumulative side area) 

    Layer: Via2
      Partial area ratio:    0.20
      Required ratio:   20.00 (Gate area) 
      Cumulative area ratio:    0.30
      Required ratio:    0.00 (Cumulative area) 

    Layer: Metal3
      Partial area ratio:   14.44
      Required ratio:    0.00 (Gate area) 
      Cumulative area ratio:   16.48
      Required ratio:    0.00 (Cumulative area) 
      Partial area ratio:   56.59
      Required ratio:  400.00 (Side area) 
      Cumulative area ratio:   65.78
      Required ratio:    0.00 (Cumulative side area) 

    Layer: Via3
      Partial area ratio:    0.10
      Required ratio:   20.00 (Gate area) 
      Cumulative area ratio:    0.41
      Required ratio:    0.00 (Cumulative area) 

    Layer: Metal4
      Partial area ratio:  110.67
      Required ratio:    0.00 (Gate area) 
      Cumulative area ratio:  127.15
      Required ratio:    0.00 (Cumulative area) 
      Partial area ratio:  427.02
      Required ratio:  400.00 (Side area) (VIOLATED)
      Cumulative area ratio:  492.80
      Required ratio:    0.00 (Cumulative side area) 

    Layer: Via4
      Partial area ratio:    0.03
      Required ratio:   20.00 (Gate area) 
      Cumulative area ratio:    0.44
      Required ratio:    0.00 (Cumulative area) 

    Layer: Metal5
      Partial area ratio:   20.65
      Required ratio:    0.00 (Gate area) 
      Cumulative area ratio:  147.80
      Required ratio:    0.00 (Cumulative area) 
      Partial area ratio:  111.84
      Required ratio:  400.00 (Side area) 
      Cumulative area ratio:  604.63
      Required ratio:    0.00 (Cumulative side area) 


  Pin:   _10929_/B (gf180mcu_as_sc_mcu7t3v3__mux2_2)
    Layer: Metal1
      Partial area ratio:    0.02
      Required ratio:    0.00 (Gate area) 
      Cumulative area ratio:    0.02
      Required ratio:    0.00 (Cumulative area) 
      Partial area ratio:    0.92
      Required ratio:  400.00 (Side area) 
      Cumulative area ratio:    0.92
      Required ratio:    0.00 (Cumulative side area) 

    Layer: Via1
      Partial area ratio:    0.10
      Required ratio:   20.00 (Gate area) 
      Cumulative area ratio:    0.10
      Required ratio:    0.00 (Cumulative area) 

    Layer: Metal2
      Partial area ratio:    3.63
      Required ratio:    0.00 (Gate area) 
      Cumulative area ratio:    3.65
      Required ratio:    0.00 (Cumulative area) 
      Partial area ratio:   14.47
      Required ratio:  400.00 (Side area) 
      Cumulative area ratio:   15.38
      Required ratio:    0.00 (Cumulative side area) 

    Layer: Via2
      Partial area ratio:    0.20
      Required ratio:   20.00 (Gate area) 
      Cumulative area ratio:    0.30
      Required ratio:    0.00 (Cumulative area) 

    Layer: Metal3
      Partial area ratio:   14.44
      Required ratio:    0.00 (Gate area) 
      Cumulative area ratio:   18.09
      Required ratio:    0.00 (Cumulative area) 
      Partial area ratio:   56.59
      Required ratio:  400.00 (Side area) 
      Cumulative area ratio:   71.98
      Required ratio:    0.00 (Cumulative side area) 

    Layer: Via3
      Partial area ratio:    0.20
      Required ratio:   20.00 (Gate area) 
      Cumulative area ratio:    0.51
      Required ratio:    0.00 (Cumulative area) 

    Layer: Metal4
      Partial area ratio:    3.89
      Required ratio:    0.00 (Gate area) 
      Cumulative area ratio:   21.98
      Required ratio:    0.00 (Cumulative area) 
      Partial area ratio:   15.91
      Required ratio:  400.00 (Side area) 
      Cumulative area ratio:   87.89
      Required ratio:    0.00 (Cumulative side area) 

    Layer: Via4
      Partial area ratio:    0.20
      Required ratio:   20.00 (Gate area) 
      Cumulative area ratio:    0.71
      Required ratio:    0.00 (Cumulative area) 

    Layer: Metal5
      Partial area ratio:   20.65
      Required ratio:    0.00 (Gate area) 
      Cumulative area ratio:   42.63
      Required ratio:    0.00 (Cumulative area) 
      Partial area ratio:  111.84
      Required ratio:  400.00 (Side area) 
      Cumulative area ratio:  199.73
      Required ratio:    0.00 (Cumulative side area) 


  Pin:   _10979_/B (gf180mcu_as_sc_mcu7t3v3__mux2_2)
    Layer: Metal1
      Partial area ratio:    0.02
      Required ratio:    0.00 (Gate area) 
      Cumulative area ratio:    0.02
      Required ratio:    0.00 (Cumulative area) 
      Partial area ratio:    0.92
      Required ratio:  400.00 (Side area) 
      Cumulative area ratio:    0.92
      Required ratio:    0.00 (Cumulative side area) 

    Layer: Via1
      Partial area ratio:    0.10
      Required ratio:   20.00 (Gate area) 
      Cumulative area ratio:    0.10
      Required ratio:    0.00 (Cumulative area) 

    Layer: Metal2
      Partial area ratio:    3.20
      Required ratio:    0.00 (Gate area) 
      Cumulative area ratio:    3.22
      Required ratio:    0.00 (Cumulative area) 
      Partial area ratio:   12.81
      Required ratio:  400.00 (Side area) 
      Cumulative area ratio:   13.72
      Required ratio:    0.00 (Cumulative side area) 

    Layer: Via2
      Partial area ratio:    0.20
      Required ratio:   20.00 (Gate area) 
      Cumulative area ratio:    0.30
      Required ratio:    0.00 (Cumulative area) 

    Layer: Metal3
      Partial area ratio:    0.32
      Required ratio:    0.00 (Gate area) 
      Cumulative area ratio:    3.54
      Required ratio:    0.00 (Cumulative area) 
      Partial area ratio:    2.14
      Required ratio:  400.00 (Side area) 
      Cumulative area ratio:   15.86
      Required ratio:    0.00 (Cumulative side area) 

    Layer: Via3
      Partial area ratio:    0.10
      Required ratio:   20.00 (Gate area) 
      Cumulative area ratio:    0.41
      Required ratio:    0.00 (Cumulative area) 

    Layer: Metal4
      Partial area ratio:  110.67
      Required ratio:    0.00 (Gate area) 
      Cumulative area ratio:  114.21
      Required ratio:    0.00 (Cumulative area) 
      Partial area ratio:  427.02
      Required ratio:  400.00 (Side area) (VIOLATED)
      Cumulative area ratio:  442.88
      Required ratio:    0.00 (Cumulative side area) 

    Layer: Via4
      Partial area ratio:    0.03
      Required ratio:   20.00 (Gate area) 
      Cumulative area ratio:    0.44
      Required ratio:    0.00 (Cumulative area) 

    Layer: Metal5
      Partial area ratio:   20.65
      Required ratio:    0.00 (Gate area) 
      Cumulative area ratio:  134.86
      Required ratio:    0.00 (Cumulative area) 
      Partial area ratio:  111.84
      Required ratio:  400.00 (Side area) 
      Cumulative area ratio:  554.72
      Required ratio:    0.00 (Cumulative side area) 


  Pin:   _10988_/A (gf180mcu_as_sc_mcu7t3v3__mux2_2)
    Layer: Metal1
      Partial area ratio:    0.01
      Required ratio:    0.00 (Gate area) 
      Cumulative area ratio:    0.01
      Required ratio:    0.00 (Cumulative area) 
      Partial area ratio:    0.88
      Required ratio:  400.00 (Side area) 
      Cumulative area ratio:    0.88
      Required ratio:    0.00 (Cumulative side area) 

    Layer: Via1
      Partial area ratio:    0.10
      Required ratio:   20.00 (Gate area) 
      Cumulative area ratio:    0.10
      Required ratio:    0.00 (Cumulative area) 

    Layer: Metal2
      Partial area ratio:    2.25
      Required ratio:    0.00 (Gate area) 
      Cumulative area ratio:    2.26
      Required ratio:    0.00 (Cumulative area) 
      Partial area ratio:    9.15
      Required ratio:  400.00 (Side area) 
      Cumulative area ratio:   10.02
      Required ratio:    0.00 (Cumulative side area) 

    Layer: Via2
      Partial area ratio:    0.20
      Required ratio:   20.00 (Gate area) 
      Cumulative area ratio:    0.30
      Required ratio:    0.00 (Cumulative area) 

    Layer: Metal3
      Partial area ratio:    0.32
      Required ratio:    0.00 (Gate area) 
      Cumulative area ratio:    2.58
      Required ratio:    0.00 (Cumulative area) 
      Partial area ratio:    2.14
      Required ratio:  400.00 (Side area) 
      Cumulative area ratio:   12.16
      Required ratio:    0.00 (Cumulative side area) 

    Layer: Via3
      Partial area ratio:    0.10
      Required ratio:   20.00 (Gate area) 
      Cumulative area ratio:    0.41
      Required ratio:    0.00 (Cumulative area) 

    Layer: Metal4
      Partial area ratio:  110.67
      Required ratio:    0.00 (Gate area) 
      Cumulative area ratio:  113.25
      Required ratio:    0.00 (Cumulative area) 
      Partial area ratio:  427.02
      Required ratio:  400.00 (Side area) (VIOLATED)
      Cumulative area ratio:  439.18
      Required ratio:    0.00 (Cumulative side area) 

    Layer: Via4
      Partial area ratio:    0.03
      Required ratio:   20.00 (Gate area) 
      Cumulative area ratio:    0.44
      Required ratio:    0.00 (Cumulative area) 

    Layer: Metal5
      Partial area ratio:   20.65
      Required ratio:    0.00 (Gate area) 
      Cumulative area ratio:  133.90
      Required ratio:    0.00 (Cumulative area) 
      Partial area ratio:  111.84
      Required ratio:  400.00 (Side area) 
      Cumulative area ratio:  551.02
      Required ratio:    0.00 (Cumulative side area) 



Net: net904
  Pin:   _10917_/B (gf180mcu_as_sc_mcu7t3v3__mux2_2)
    Layer: Metal1
      Partial area ratio:    0.02
      Required ratio:    0.00 (Gate area) 
      Cumulative area ratio:    0.02
      Required ratio:    0.00 (Cumulative area) 
      Partial area ratio:    0.92
      Required ratio:  400.00 (Side area) 
      Cumulative area ratio:    0.92
      Required ratio:    0.00 (Cumulative side area) 

    Layer: Via1
      Partial area ratio:    0.10
      Required ratio:   20.00 (Gate area) 
      Cumulative area ratio:    0.10
      Required ratio:    0.00 (Cumulative area) 

    Layer: Metal2
      Partial area ratio:    2.97
      Required ratio:    0.00 (Gate area) 
      Cumulative area ratio:    2.98
      Required ratio:    0.00 (Cumulative area) 
      Partial area ratio:   11.90
      Required ratio:  400.00 (Side area) 
      Cumulative area ratio:   12.82
      Required ratio:    0.00 (Cumulative side area) 

    Layer: Via2
      Partial area ratio:    0.20
      Required ratio:   20.00 (Gate area) 
      Cumulative area ratio:    0.30
      Required ratio:    0.00 (Cumulative area) 

    Layer: Metal3
      Partial area ratio:    0.32
      Required ratio:    0.00 (Gate area) 
      Cumulative area ratio:    3.30
      Required ratio:    0.00 (Cumulative area) 
      Partial area ratio:    2.14
      Required ratio:  400.00 (Side area) 
      Cumulative area ratio:   14.95
      Required ratio:    0.00 (Cumulative side area) 

    Layer: Via3
      Partial area ratio:    0.10
      Required ratio:   20.00 (Gate area) 
      Cumulative area ratio:    0.41
      Required ratio:    0.00 (Cumulative area) 

    Layer: Metal4
      Partial area ratio:    0.16
      Required ratio:    0.00 (Gate area) 
      Cumulative area ratio:    3.46
      Required ratio:    0.00 (Cumulative area) 
      Partial area ratio:    1.07
      Required ratio:  400.00 (Side area) 
      Cumulative area ratio:   16.02
      Required ratio:    0.00 (Cumulative side area) 

    Layer: Via4
      Partial area ratio:    0.10
      Required ratio:   20.00 (Gate area) 
      Cumulative area ratio:    0.51
      Required ratio:    0.00 (Cumulative area) 

    Layer: Metal5
      Partial area ratio:   11.42
      Required ratio:    0.00 (Gate area) 
      Cumulative area ratio:   14.88
      Required ratio:    0.00 (Cumulative area) 
      Partial area ratio:   61.82
      Required ratio:  400.00 (Side area) 
      Cumulative area ratio:   77.85
      Required ratio:    0.00 (Cumulative side area) 


  Pin:   _10928_/B (gf180mcu_as_sc_mcu7t3v3__mux2_2)
    Layer: Metal1
      Partial area ratio:    0.02
      Required ratio:    0.00 (Gate area) 
      Cumulative area ratio:    0.02
      Required ratio:    0.00 (Cumulative area) 
      Partial area ratio:    0.92
      Required ratio:  400.00 (Side area) 
      Cumulative area ratio:    0.92
      Required ratio:    0.00 (Cumulative side area) 

    Layer: Via1
      Partial area ratio:    0.10
      Required ratio:   20.00 (Gate area) 
      Cumulative area ratio:    0.10
      Required ratio:    0.00 (Cumulative area) 

    Layer: Metal2
      Partial area ratio:    1.02
      Required ratio:    0.00 (Gate area) 
      Cumulative area ratio:    1.03
      Required ratio:    0.00 (Cumulative area) 
      Partial area ratio:    4.32
      Required ratio:  400.00 (Side area) 
      Cumulative area ratio:    5.24
      Required ratio:    0.00 (Cumulative side area) 

    Layer: Via2
      Partial area ratio:    0.14
      Required ratio:   20.00 (Gate area) 
      Cumulative area ratio:    0.24
      Required ratio:    0.00 (Cumulative area) 

    Layer: Metal3
      Partial area ratio:    0.21
      Required ratio:    0.00 (Gate area) 
      Cumulative area ratio:    1.25
      Required ratio:    0.00 (Cumulative area) 
      Partial area ratio:    1.22
      Required ratio:  400.00 (Side area) 
      Cumulative area ratio:    6.46
      Required ratio:    0.00 (Cumulative side area) 

    Layer: Via3
      Partial area ratio:    0.10
      Required ratio:   20.00 (Gate area) 
      Cumulative area ratio:    0.34
      Required ratio:    0.00 (Cumulative area) 

    Layer: Metal4
      Partial area ratio:    0.37
      Required ratio:    0.00 (Gate area) 
      Cumulative area ratio:    1.61
      Required ratio:    0.00 (Cumulative area) 
      Partial area ratio:    1.43
      Required ratio:  400.00 (Side area) 
      Cumulative area ratio:    7.90
      Required ratio:    0.00 (Cumulative side area) 

    Layer: Via4
      Partial area ratio:    0.10
      Required ratio:    0.00 (Gate area) 
      Cumulative area ratio:    0.44
      Required ratio:    0.00 (Cumulative area) 

    Layer: Metal5
      Partial area ratio:   11.42
      Required ratio:    0.00 (Gate area) 
      Cumulative area ratio:   13.03
      Required ratio:    0.00 (Cumulative area) 
      Partial area ratio:   61.82
      Required ratio:  400.00 (Side area) 
      Cumulative area ratio:   69.72
      Required ratio:    0.00 (Cumulative side area) 


  Pin:   _10978_/B (gf180mcu_as_sc_mcu7t3v3__mux2_2)
    Layer: Metal1
      Partial area ratio:    0.02
      Required ratio:    0.00 (Gate area) 
      Cumulative area ratio:    0.02
      Required ratio:    0.00 (Cumulative area) 
      Partial area ratio:    0.92
      Required ratio:  400.00 (Side area) 
      Cumulative area ratio:    0.92
      Required ratio:    0.00 (Cumulative side area) 

    Layer: Via1
      Partial area ratio:    0.10
      Required ratio:   20.00 (Gate area) 
      Cumulative area ratio:    0.10
      Required ratio:    0.00 (Cumulative area) 

    Layer: Metal2
      Partial area ratio:    4.57
      Required ratio:    0.00 (Gate area) 
      Cumulative area ratio:    4.59
      Required ratio:    0.00 (Cumulative area) 
      Partial area ratio:   18.10
      Required ratio:  400.00 (Side area) 
      Cumulative area ratio:   19.01
      Required ratio:    0.00 (Cumulative side area) 

    Layer: Via2
      Partial area ratio:    0.20
      Required ratio:   20.00 (Gate area) 
      Cumulative area ratio:    0.30
      Required ratio:    0.00 (Cumulative area) 

    Layer: Metal3
      Partial area ratio:    3.85
      Required ratio:    0.00 (Gate area) 
      Cumulative area ratio:    8.44
      Required ratio:    0.00 (Cumulative area) 
      Partial area ratio:   15.75
      Required ratio:  400.00 (Side area) 
      Cumulative area ratio:   34.77
      Required ratio:    0.00 (Cumulative side area) 

    Layer: Via3
      Partial area ratio:    0.20
      Required ratio:   20.00 (Gate area) 
      Cumulative area ratio:    0.51
      Required ratio:    0.00 (Cumulative area) 

    Layer: Metal4
      Partial area ratio:  166.08
      Required ratio:    0.00 (Gate area) 
      Cumulative area ratio:  174.52
      Required ratio:    0.00 (Cumulative area) 
      Partial area ratio:  641.06
      Required ratio:  400.00 (Side area) (VIOLATED)
      Cumulative area ratio:  675.83
      Required ratio:    0.00 (Cumulative side area) 

    Layer: Via4
      Partial area ratio:    0.05
      Required ratio:   20.00 (Gate area) 
      Cumulative area ratio:    0.56
      Required ratio:    0.00 (Cumulative area) 

    Layer: Metal5
      Partial area ratio:   11.42
      Required ratio:    0.00 (Gate area) 
      Cumulative area ratio:  185.94
      Required ratio:    0.00 (Cumulative area) 
      Partial area ratio:   61.82
      Required ratio:  400.00 (Side area) 
      Cumulative area ratio:  737.66
      Required ratio:    0.00 (Cumulative side area) 


  Pin:   _10987_/A (gf180mcu_as_sc_mcu7t3v3__mux2_2)
    Layer: Metal1
      Partial area ratio:    0.01
      Required ratio:    0.00 (Gate area) 
      Cumulative area ratio:    0.01
      Required ratio:    0.00 (Cumulative area) 
      Partial area ratio:    0.88
      Required ratio:  400.00 (Side area) 
      Cumulative area ratio:    0.88
      Required ratio:    0.00 (Cumulative side area) 

    Layer: Via1
      Partial area ratio:    0.10
      Required ratio:   20.00 (Gate area) 
      Cumulative area ratio:    0.10
      Required ratio:    0.00 (Cumulative area) 

    Layer: Metal2
      Partial area ratio:    1.78
      Required ratio:    0.00 (Gate area) 
      Cumulative area ratio:    1.79
      Required ratio:    0.00 (Cumulative area) 
      Partial area ratio:    7.33
      Required ratio:  400.00 (Side area) 
      Cumulative area ratio:    8.21
      Required ratio:    0.00 (Cumulative side area) 

    Layer: Via2
      Partial area ratio:    0.20
      Required ratio:   20.00 (Gate area) 
      Cumulative area ratio:    0.30
      Required ratio:    0.00 (Cumulative area) 

    Layer: Metal3
      Partial area ratio:    3.85
      Required ratio:    0.00 (Gate area) 
      Cumulative area ratio:    5.64
      Required ratio:    0.00 (Cumulative area) 
      Partial area ratio:   15.75
      Required ratio:  400.00 (Side area) 
      Cumulative area ratio:   23.96
      Required ratio:    0.00 (Cumulative side area) 

    Layer: Via3
      Partial area ratio:    0.10
      Required ratio:   20.00 (Gate area) 
      Cumulative area ratio:    0.41
      Required ratio:    0.00 (Cumulative area) 

    Layer: Metal4
      Partial area ratio:  166.08
      Required ratio:    0.00 (Gate area) 
      Cumulative area ratio:  171.72
      Required ratio:    0.00 (Cumulative area) 
      Partial area ratio:  641.06
      Required ratio:  400.00 (Side area) (VIOLATED)
      Cumulative area ratio:  665.02
      Required ratio:    0.00 (Cumulative side area) 

    Layer: Via4
      Partial area ratio:    0.05
      Required ratio:   20.00 (Gate area) 
      Cumulative area ratio:    0.46
      Required ratio:    0.00 (Cumulative area) 

    Layer: Metal5
      Partial area ratio:   11.42
      Required ratio:    0.00 (Gate area) 
      Cumulative area ratio:  183.14
      Required ratio:    0.00 (Cumulative area) 
      Partial area ratio:   61.82
      Required ratio:  400.00 (Side area) 
      Cumulative area ratio:  726.85
      Required ratio:    0.00 (Cumulative side area) 



Net: net905
  Pin:   _10916_/B (gf180mcu_as_sc_mcu7t3v3__mux2_2)
    Layer: Metal1
      Partial area ratio:    0.02
      Required ratio:    0.00 (Gate area) 
      Cumulative area ratio:    0.02
      Required ratio:    0.00 (Cumulative area) 
      Partial area ratio:    0.92
      Required ratio:  400.00 (Side area) 
      Cumulative area ratio:    0.92
      Required ratio:    0.00 (Cumulative side area) 

    Layer: Via1
      Partial area ratio:    0.10
      Required ratio:   20.00 (Gate area) 
      Cumulative area ratio:    0.10
      Required ratio:    0.00 (Cumulative area) 

    Layer: Metal2
      Partial area ratio:    0.31
      Required ratio:    0.00 (Gate area) 
      Cumulative area ratio:    0.33
      Required ratio:    0.00 (Cumulative area) 
      Partial area ratio:    1.60
      Required ratio:  400.00 (Side area) 
      Cumulative area ratio:    2.52
      Required ratio:    0.00 (Cumulative side area) 

    Layer: Via2
      Partial area ratio:    0.14
      Required ratio:   20.00 (Gate area) 
      Cumulative area ratio:    0.24
      Required ratio:    0.00 (Cumulative area) 

    Layer: Metal3
      Partial area ratio:    7.27
      Required ratio:    0.00 (Gate area) 
      Cumulative area ratio:    7.60
      Required ratio:    0.00 (Cumulative area) 
      Partial area ratio:   28.45
      Required ratio:  400.00 (Side area) 
      Cumulative area ratio:   30.97
      Required ratio:    0.00 (Cumulative side area) 

    Layer: Via3
      Partial area ratio:    0.20
      Required ratio:   20.00 (Gate area) 
      Cumulative area ratio:    0.44
      Required ratio:    0.00 (Cumulative area) 

    Layer: Metal4
      Partial area ratio:  110.72
      Required ratio:    0.00 (Gate area) 
      Cumulative area ratio:  118.32
      Required ratio:    0.00 (Cumulative area) 
      Partial area ratio:  427.38
      Required ratio:  400.00 (Side area) (VIOLATED)
      Cumulative area ratio:  458.34
      Required ratio:    0.00 (Cumulative side area) 

    Layer: Via4
      Partial area ratio:    0.03
      Required ratio:   20.00 (Gate area) 
      Cumulative area ratio:    0.48
      Required ratio:    0.00 (Cumulative area) 

    Layer: Metal5
      Partial area ratio:   12.15
      Required ratio:    0.00 (Gate area) 
      Cumulative area ratio:  130.47
      Required ratio:    0.00 (Cumulative area) 
      Partial area ratio:   65.76
      Required ratio:  400.00 (Side area) 
      Cumulative area ratio:  524.10
      Required ratio:    0.00 (Cumulative side area) 


  Pin:   _10927_/B (gf180mcu_as_sc_mcu7t3v3__mux2_2)
    Layer: Metal1
      Partial area ratio:    0.02
      Required ratio:    0.00 (Gate area) 
      Cumulative area ratio:    0.02
      Required ratio:    0.00 (Cumulative area) 
      Partial area ratio:    0.92
      Required ratio:  400.00 (Side area) 
      Cumulative area ratio:    0.92
      Required ratio:    0.00 (Cumulative side area) 

    Layer: Via1
      Partial area ratio:    0.10
      Required ratio:   20.00 (Gate area) 
      Cumulative area ratio:    0.10
      Required ratio:    0.00 (Cumulative area) 

    Layer: Metal2
      Partial area ratio:   12.12
      Required ratio:    0.00 (Gate area) 
      Cumulative area ratio:   12.14
      Required ratio:    0.00 (Cumulative area) 
      Partial area ratio:   47.14
      Required ratio:  400.00 (Side area) 
      Cumulative area ratio:   48.06
      Required ratio:    0.00 (Cumulative side area) 

    Layer: Via2
      Partial area ratio:    0.24
      Required ratio:   20.00 (Gate area) 
      Cumulative area ratio:    0.34
      Required ratio:    0.00 (Cumulative area) 

    Layer: Metal3
      Partial area ratio:    8.91
      Required ratio:    0.00 (Gate area) 
      Cumulative area ratio:   21.05
      Required ratio:    0.00 (Cumulative area) 
      Partial area ratio:   34.45
      Required ratio:  400.00 (Side area) 
      Cumulative area ratio:   82.50
      Required ratio:    0.00 (Cumulative side area) 

    Layer: Via3
      Partial area ratio:    0.10
      Required ratio:    0.00 (Gate area) 
      Cumulative area ratio:    0.44
      Required ratio:    0.00 (Cumulative area) 

    Layer: Metal4
      Partial area ratio:    0.01
      Required ratio:    0.00 (Gate area) 
      Cumulative area ratio:   21.06
      Required ratio:    0.00 (Cumulative area) 
      Partial area ratio:    0.05
      Required ratio:  400.00 (Side area) 
      Cumulative area ratio:   82.56
      Required ratio:    0.00 (Cumulative side area) 

    Layer: Via4
      Partial area ratio:    0.10
      Required ratio:    0.00 (Gate area) 
      Cumulative area ratio:    0.54
      Required ratio:    0.00 (Cumulative area) 

    Layer: Metal5
      Partial area ratio:   12.15
      Required ratio:    0.00 (Gate area) 
      Cumulative area ratio:   33.20
      Required ratio:    0.00 (Cumulative area) 
      Partial area ratio:   65.76
      Required ratio:  400.00 (Side area) 
      Cumulative area ratio:  148.32
      Required ratio:    0.00 (Cumulative side area) 


  Pin:   _10977_/B (gf180mcu_as_sc_mcu7t3v3__mux2_2)
    Layer: Metal1
      Partial area ratio:    0.02
      Required ratio:    0.00 (Gate area) 
      Cumulative area ratio:    0.02
      Required ratio:    0.00 (Cumulative area) 
      Partial area ratio:    0.92
      Required ratio:  400.00 (Side area) 
      Cumulative area ratio:    0.92
      Required ratio:    0.00 (Cumulative side area) 

    Layer: Via1
      Partial area ratio:    0.10
      Required ratio:   20.00 (Gate area) 
      Cumulative area ratio:    0.10
      Required ratio:    0.00 (Cumulative area) 

    Layer: Metal2
      Partial area ratio:    2.73
      Required ratio:    0.00 (Gate area) 
      Cumulative area ratio:    2.75
      Required ratio:    0.00 (Cumulative area) 
      Partial area ratio:   10.99
      Required ratio:  400.00 (Side area) 
      Cumulative area ratio:   11.91
      Required ratio:    0.00 (Cumulative side area) 

    Layer: Via2
      Partial area ratio:    0.20
      Required ratio:   20.00 (Gate area) 
      Cumulative area ratio:    0.30
      Required ratio:    0.00 (Cumulative area) 

    Layer: Metal3
      Partial area ratio:    0.32
      Required ratio:    0.00 (Gate area) 
      Cumulative area ratio:    3.07
      Required ratio:    0.00 (Cumulative area) 
      Partial area ratio:    2.14
      Required ratio:  400.00 (Side area) 
      Cumulative area ratio:   14.05
      Required ratio:    0.00 (Cumulative side area) 

    Layer: Via3
      Partial area ratio:    0.10
      Required ratio:   20.00 (Gate area) 
      Cumulative area ratio:    0.41
      Required ratio:    0.00 (Cumulative area) 

    Layer: Metal4
      Partial area ratio:  110.72
      Required ratio:    0.00 (Gate area) 
      Cumulative area ratio:  113.79
      Required ratio:    0.00 (Cumulative area) 
      Partial area ratio:  427.38
      Required ratio:  400.00 (Side area) (VIOLATED)
      Cumulative area ratio:  441.42
      Required ratio:    0.00 (Cumulative side area) 

    Layer: Via4
      Partial area ratio:    0.03
      Required ratio:   20.00 (Gate area) 
      Cumulative area ratio:    0.44
      Required ratio:    0.00 (Cumulative area) 

    Layer: Metal5
      Partial area ratio:   12.15
      Required ratio:    0.00 (Gate area) 
      Cumulative area ratio:  125.94
      Required ratio:    0.00 (Cumulative area) 
      Partial area ratio:   65.76
      Required ratio:  400.00 (Side area) 
      Cumulative area ratio:  507.19
      Required ratio:    0.00 (Cumulative side area) 


  Pin:   _10986_/A (gf180mcu_as_sc_mcu7t3v3__mux2_2)
    Layer: Metal1
      Partial area ratio:    0.01
      Required ratio:    0.00 (Gate area) 
      Cumulative area ratio:    0.01
      Required ratio:    0.00 (Cumulative area) 
      Partial area ratio:    0.88
      Required ratio:  400.00 (Side area) 
      Cumulative area ratio:    0.88
      Required ratio:    0.00 (Cumulative side area) 

    Layer: Via1
      Partial area ratio:    0.10
      Required ratio:   20.00 (Gate area) 
      Cumulative area ratio:    0.10
      Required ratio:    0.00 (Cumulative area) 

    Layer: Metal2
      Partial area ratio:    1.55
      Required ratio:    0.00 (Gate area) 
      Cumulative area ratio:    1.56
      Required ratio:    0.00 (Cumulative area) 
      Partial area ratio:    6.43
      Required ratio:  400.00 (Side area) 
      Cumulative area ratio:    7.30
      Required ratio:    0.00 (Cumulative side area) 

    Layer: Via2
      Partial area ratio:    0.20
      Required ratio:   20.00 (Gate area) 
      Cumulative area ratio:    0.30
      Required ratio:    0.00 (Cumulative area) 

    Layer: Metal3
      Partial area ratio:    0.32
      Required ratio:    0.00 (Gate area) 
      Cumulative area ratio:    1.88
      Required ratio:    0.00 (Cumulative area) 
      Partial area ratio:    2.14
      Required ratio:  400.00 (Side area) 
      Cumulative area ratio:    9.44
      Required ratio:    0.00 (Cumulative side area) 

    Layer: Via3
      Partial area ratio:    0.10
      Required ratio:   20.00 (Gate area) 
      Cumulative area ratio:    0.41
      Required ratio:    0.00 (Cumulative area) 

    Layer: Metal4
      Partial area ratio:  110.72
      Required ratio:    0.00 (Gate area) 
      Cumulative area ratio:  112.60
      Required ratio:    0.00 (Cumulative area) 
      Partial area ratio:  427.38
      Required ratio:  400.00 (Side area) (VIOLATED)
      Cumulative area ratio:  436.82
      Required ratio:    0.00 (Cumulative side area) 

    Layer: Via4
      Partial area ratio:    0.03
      Required ratio:   20.00 (Gate area) 
      Cumulative area ratio:    0.44
      Required ratio:    0.00 (Cumulative area) 

    Layer: Metal5
      Partial area ratio:   12.15
      Required ratio:    0.00 (Gate area) 
      Cumulative area ratio:  124.74
      Required ratio:    0.00 (Cumulative area) 
      Partial area ratio:   65.76
      Required ratio:  400.00 (Side area) 
      Cumulative area ratio:  502.58
      Required ratio:    0.00 (Cumulative side area) 



Net: net1338
  Pin:   _10962_/A (gf180mcu_as_sc_mcu7t3v3__mux2_2)
    Layer: Metal1
      Partial area ratio:    0.01
      Required ratio:    0.00 (Gate area) 
      Cumulative area ratio:    0.01
      Required ratio:    0.00 (Cumulative area) 
      Partial area ratio:    0.88
      Required ratio:  400.00 (Side area) 
      Cumulative area ratio:    0.88
      Required ratio:    0.00 (Cumulative side area) 

    Layer: Via1
      Partial area ratio:    0.10
      Required ratio:   20.00 (Gate area) 
      Cumulative area ratio:    0.10
      Required ratio:    0.00 (Cumulative area) 

    Layer: Metal2
      Partial area ratio:    1.78
      Required ratio:    0.00 (Gate area) 
      Cumulative area ratio:    1.79
      Required ratio:    0.00 (Cumulative area) 
      Partial area ratio:    7.33
      Required ratio:  400.00 (Side area) 
      Cumulative area ratio:    8.21
      Required ratio:    0.00 (Cumulative side area) 

    Layer: Via2
      Partial area ratio:    0.20
      Required ratio:   20.00 (Gate area) 
      Cumulative area ratio:    0.30
      Required ratio:    0.00 (Cumulative area) 

    Layer: Metal3
      Partial area ratio:    0.32
      Required ratio:    0.00 (Gate area) 
      Cumulative area ratio:    2.11
      Required ratio:    0.00 (Cumulative area) 
      Partial area ratio:    2.14
      Required ratio:  400.00 (Side area) 
      Cumulative area ratio:   10.35
      Required ratio:    0.00 (Cumulative side area) 

    Layer: Via3
      Partial area ratio:    0.10
      Required ratio:   20.00 (Gate area) 
      Cumulative area ratio:    0.41
      Required ratio:    0.00 (Cumulative area) 

    Layer: Metal4
      Partial area ratio:  171.30
      Required ratio:    0.00 (Gate area) 
      Cumulative area ratio:  173.41
      Required ratio:    0.00 (Cumulative area) 
      Partial area ratio:  660.95
      Required ratio:  400.00 (Side area) (VIOLATED)
      Cumulative area ratio:  671.30
      Required ratio:    0.00 (Cumulative side area) 

    Layer: Via4
      Partial area ratio:    0.05
      Required ratio:   20.00 (Gate area) 
      Cumulative area ratio:    0.46
      Required ratio:    0.00 (Cumulative area) 

    Layer: Metal5
      Partial area ratio:   34.55
      Required ratio:    0.00 (Gate area) 
      Cumulative area ratio:  207.96
      Required ratio:    0.00 (Cumulative area) 
      Partial area ratio:  187.07
      Required ratio:  400.00 (Side area) 
      Cumulative area ratio:  858.37
      Required ratio:    0.00 (Cumulative side area) 


  Pin:   _10983_/A (gf180mcu_as_sc_mcu7t3v3__mux2_2)
    Layer: Metal1
      Partial area ratio:    0.01
      Required ratio:    0.00 (Gate area) 
      Cumulative area ratio:    0.01
      Required ratio:    0.00 (Cumulative area) 
      Partial area ratio:    0.88
      Required ratio:  400.00 (Side area) 
      Cumulative area ratio:    0.88
      Required ratio:    0.00 (Cumulative side area) 

    Layer: Via1
      Partial area ratio:    0.10
      Required ratio:   20.00 (Gate area) 
      Cumulative area ratio:    0.10
      Required ratio:    0.00 (Cumulative area) 

    Layer: Metal2
      Partial area ratio:    5.49
      Required ratio:    0.00 (Gate area) 
      Cumulative area ratio:    5.49
      Required ratio:    0.00 (Cumulative area) 
      Partial area ratio:   21.61
      Required ratio:  400.00 (Side area) 
      Cumulative area ratio:   22.49
      Required ratio:    0.00 (Cumulative side area) 

    Layer: Via2
      Partial area ratio:    0.30
      Required ratio:   20.00 (Gate area) 
      Cumulative area ratio:    0.41
      Required ratio:    0.00 (Cumulative area) 

    Layer: Metal3
      Partial area ratio:   18.13
      Required ratio:    0.00 (Gate area) 
      Cumulative area ratio:   23.62
      Required ratio:    0.00 (Cumulative area) 
      Partial area ratio:   71.28
      Required ratio:  400.00 (Side area) 
      Cumulative area ratio:   93.76
      Required ratio:    0.00 (Cumulative side area) 

    Layer: Via3
      Partial area ratio:    0.20
      Required ratio:   20.00 (Gate area) 
      Cumulative area ratio:    0.61
      Required ratio:    0.00 (Cumulative area) 

    Layer: Metal4
      Partial area ratio:   83.14
      Required ratio:    0.00 (Gate area) 
      Cumulative area ratio:  106.76
      Required ratio:    0.00 (Cumulative area) 
      Partial area ratio:  321.15
      Required ratio:  400.00 (Side area) 
      Cumulative area ratio:  414.91
      Required ratio:    0.00 (Cumulative side area) 

    Layer: Via4
      Partial area ratio:    0.05
      Required ratio:   20.00 (Gate area) 
      Cumulative area ratio:    0.66
      Required ratio:    0.00 (Cumulative area) 

    Layer: Metal5
      Partial area ratio:   34.55
      Required ratio:    0.00 (Gate area) 
      Cumulative area ratio:  141.31
      Required ratio:    0.00 (Cumulative area) 
      Partial area ratio:  187.07
      Required ratio:  400.00 (Side area) 
      Cumulative area ratio:  601.98
      Required ratio:    0.00 (Cumulative side area) 


  Pin:   _10992_/B (gf180mcu_as_sc_mcu7t3v3__mux2_2)
    Layer: Metal1
      Partial area ratio:    0.02
      Required ratio:    0.00 (Gate area) 
      Cumulative area ratio:    0.02
      Required ratio:    0.00 (Cumulative area) 
      Partial area ratio:    0.92
      Required ratio:  400.00 (Side area) 
      Cumulative area ratio:    0.92
      Required ratio:    0.00 (Cumulative side area) 

    Layer: Via1
      Partial area ratio:    0.10
      Required ratio:   20.00 (Gate area) 
      Cumulative area ratio:    0.10
      Required ratio:    0.00 (Cumulative area) 

    Layer: Metal2
      Partial area ratio:    2.42
      Required ratio:    0.00 (Gate area) 
      Cumulative area ratio:    2.43
      Required ratio:    0.00 (Cumulative area) 
      Partial area ratio:    9.78
      Required ratio:  400.00 (Side area) 
      Cumulative area ratio:   10.69
      Required ratio:    0.00 (Cumulative side area) 

    Layer: Via2
      Partial area ratio:    0.20
      Required ratio:   20.00 (Gate area) 
      Cumulative area ratio:    0.30
      Required ratio:    0.00 (Cumulative area) 

    Layer: Metal3
      Partial area ratio:   10.91
      Required ratio:    0.00 (Gate area) 
      Cumulative area ratio:   13.34
      Required ratio:    0.00 (Cumulative area) 
      Partial area ratio:   42.98
      Required ratio:  400.00 (Side area) 
      Cumulative area ratio:   53.67
      Required ratio:    0.00 (Cumulative side area) 

    Layer: Via3
      Partial area ratio:    0.10
      Required ratio:   20.00 (Gate area) 
      Cumulative area ratio:    0.41
      Required ratio:    0.00 (Cumulative area) 

    Layer: Metal4
      Partial area ratio:   83.14
      Required ratio:    0.00 (Gate area) 
      Cumulative area ratio:   96.48
      Required ratio:    0.00 (Cumulative area) 
      Partial area ratio:  321.15
      Required ratio:  400.00 (Side area) 
      Cumulative area ratio:  374.82
      Required ratio:    0.00 (Cumulative side area) 

    Layer: Via4
      Partial area ratio:    0.05
      Required ratio:   20.00 (Gate area) 
      Cumulative area ratio:    0.46
      Required ratio:    0.00 (Cumulative area) 

    Layer: Metal5
      Partial area ratio:   34.55
      Required ratio:    0.00 (Gate area) 
      Cumulative area ratio:  131.03
      Required ratio:    0.00 (Cumulative area) 
      Partial area ratio:  187.07
      Required ratio:  400.00 (Side area) 
      Cumulative area ratio:  561.89
      Required ratio:    0.00 (Cumulative side area) 


  Pin:   fanout763/A (gf180mcu_as_sc_mcu7t3v3__buff_2)
    Layer: Via1
      Partial area ratio:    0.10
      Required ratio:   20.00 (Gate area) 
      Cumulative area ratio:    0.10
      Required ratio:    0.00 (Cumulative area) 

    Layer: Metal2
      Partial area ratio:    2.23
      Required ratio:    0.00 (Gate area) 
      Cumulative area ratio:    2.23
      Required ratio:    0.00 (Cumulative area) 
      Partial area ratio:    9.06
      Required ratio:  400.00 (Side area) 
      Cumulative area ratio:    9.06
      Required ratio:    0.00 (Cumulative side area) 

    Layer: Via2
      Partial area ratio:    0.20
      Required ratio:   20.00 (Gate area) 
      Cumulative area ratio:    0.30
      Required ratio:    0.00 (Cumulative area) 

    Layer: Metal3
      Partial area ratio:    3.85
      Required ratio:    0.00 (Gate area) 
      Cumulative area ratio:    6.08
      Required ratio:    0.00 (Cumulative area) 
      Partial area ratio:   15.75
      Required ratio:  400.00 (Side area) 
      Cumulative area ratio:   24.82
      Required ratio:    0.00 (Cumulative side area) 

    Layer: Via3
      Partial area ratio:    0.10
      Required ratio:   20.00 (Gate area) 
      Cumulative area ratio:    0.41
      Required ratio:    0.00 (Cumulative area) 

    Layer: Metal4
      Partial area ratio:  171.30
      Required ratio:    0.00 (Gate area) 
      Cumulative area ratio:  177.38
      Required ratio:    0.00 (Cumulative area) 
      Partial area ratio:  660.95
      Required ratio:  400.00 (Side area) (VIOLATED)
      Cumulative area ratio:  685.77
      Required ratio:    0.00 (Cumulative side area) 

    Layer: Via4
      Partial area ratio:    0.05
      Required ratio:   20.00 (Gate area) 
      Cumulative area ratio:    0.46
      Required ratio:    0.00 (Cumulative area) 

    Layer: Metal5
      Partial area ratio:   34.55
      Required ratio:    0.00 (Gate area) 
      Cumulative area ratio:  211.93
      Required ratio:    0.00 (Cumulative area) 
      Partial area ratio:  187.07
      Required ratio:  400.00 (Side area) 
      Cumulative area ratio:  872.84
      Required ratio:    0.00 (Cumulative side area) 



[INFO ANT-0002] Found 31 net violations.
[INFO ANT-0001] Found 54 pin violations.
