f002bf
f002c0
f002c0
f002c0
f002c1
f002c1
f002c1
f002c2
f002c2
f002c2
f002c3
f002c3
f002c3
f002c4
f002c4
f002c4
f002c5
f002c5
f002c5
f002c6
f002c6
f002c7
f002c7
f002c7
f002c8
f002c8
f002c8
f002c9
f002c9
f002c9
f002ca
f002ca
f002ca
f002cb
f002cb
f002cb
f002cc
f002cc
f002cc
f002cd
f002cd
f002cd
f002ce
f002ce
f002cf
f002cf
f002cf
f002d0
f002d0
f002d0
f002d1
f002d1
f002d1
f002d2
f002d2
f002d2
f002d3
f002d3
f002d3
f002d4
f002d4
f002d5
f002d5
f002d5
f002d6
f002d6
f002d6
f002d7
f002d7
f002d7
f002d8
f002d8
f002d8
f002d9
f002d9
f002da
f002da
f002da
f002db
f002db
f002db
f002dc
f002dc
f002dc
f002dd
f002dd
f002dd
f002de
f002de
f002df
f002df
f002df
f002e0
f002e0
f002e0
f002e1
f002e1
f002e1
f002e2
f002e2
f002e2
f002e3
f002e3
f002e4
f002e4
f002e4
f002e5
f002e5
f002e5
f002e6
f002e6
f002e6
f002e7
f002e7
f002e8
f002e8
f002e8
f002e9
f002e9
f002e9
f002ea
f002ea
f002ea
f002eb
f002eb
f002ec
f002ec
f002ec
f002ed
f002ed
f002ed
f002ee
f002ee
f002ee
f002ef
f002ef
f002f0
f002f0
f002f0
f002f1
f002f1
f002f1
f002f2
f002f2
f002f2
f002f3
f002f3
f002f4
f002f4
f002f4
f002f5
f002f5
f002f5
f002f6
f002f6
f002f7
f002f7
f002f7
f002f8
f002f8
f002f8
f002f9
f002f9
f002fa
f002fa
f002fa
f002fb
f002fb
f002fb
f002fc
f002fc
f002fd
f002fd
f002fd
f002fe
f002fe
f002fe
f002ff
f002ff
f002ff
f00300
f00300
f00301
f00301
f00301
f00302
f00302
f00302
f00303
f00303
f00304
f00304
f00304
f00305
f00305
f00306
f00306
f00306
f00307
f00307
f00307
f00308
f00308
f00309
f00309
f00309
f0030a
f0030a
f0030a
f0030b
f0030b
f0030c
f0030c
f0030c
f0030d
f0030d
f0030d
f0030e
f0030e
f0030f
f0030f
f0030f
f00310
f00310
f00311
f00311
f00311
f00312
f00312
f00312
f00313
f00313
f00314
f00314
f00314
f00315
f00315
f00316
f00316
f00316
f00317
f00317
f00317
f00318
f00318
f00319
f00319
f00319
f0031a
f0031a
f0031b
f0031b
f0031b
f0031c
f0031c
f0031c
f0031d
f0031d
f0031e
f0031e
f0031e
f0031f
f0031f
f00320
f00320
f00320
f00321
f00321
f00322
f00322
f00322
f00323
f00323
f00324
f00324
f00324
f00325
f00325
f00325
f00326
f00326
f00327
f00327
f00327
f00328
f00328
f00329
f00329
f00329
f0032a
f0032a
f0032b
f0032b
f0032b
f0032c
f0032c
f0032d
f0032d
f0032d
f0032e
f0032e
f0032f
f0032f
f0032f
f00330
f00330
f00331
f00331
f00331
f00332
f00332
f00333
f00333
f00333
f00334
f00334
f00335
f00335
f00335
f00336
f00336
f00337
f00337
f00337
f00338
f00338
f00339
f00339
f00339
f0033a
f0033a
f0033b
f0033b
f0033b
f0033c
f0033c
f0033d
f0033d
f0033d
f0033e
f0033e
f0033f
f0033f
f0033f
f00340
f00340
f00341
f00341
f00341
f00342
f00342
f00343
f00343
f00344
f00344
f00344
f00345
f00345
f00346
f00346
f00346
f00347
f00347
f00348
f00348
f00348
f00349
f00349
f0034a
f0034a
f0034a
f0034b
f0034b
f0034c
f0034c
f0034d
f0034d
f0034d
f0034e
f0034e
f0034f
f0034f
f0034f
f00350
f00350
f00351
f00351
f00352
f00352
f00352
f00353
f00353
f00354
f00354
f00354
f00355
f00355
f00356
f00356
f00356
f00357
f00357
f00358
f00358
f00359
f00359
f00359
f0035a
f0035a
f0035b
f0035b
f0035c
f0035c
f0035c
f0035d
f0035d
f0035e
f0035e
f0035e
f0035f
f0035f
f00360
f00360
f00361
f00361
f00361
f00362
f00362
f00363
f00363
f00364
f00364
f00364
f00365
f00365
f00366
f00366
f00366
f00367
f00367
f00368
f00368
f00369
f00369
f00369
f0036a
f0036a
f0036b
f0036b
f0036c
f0036c
f0036c
f0036d
f0036d
f0036e
f0036e
f0036f
f0036f
f0036f
f00370
f00370
f00371
f00371
f00372
f00372
f00372
f00373
f00373
f00374
f00374
f00375
f00375
f00375
f00376
f00376
f00377
f00377
f00378
f00378
f00379
f00379
f00379
f0037a
f0037a
f0037b
f0037b
f0037c
f0037c
f0037c
f0037d
f0037d
f0037e
f0037e
f0037f
f0037f
f0037f
f00380
f00380
f00381
f00381
f00382
f00382
f00383
f00383
f00383
f00384
f00384
f00385
f00385
f00386
f00386
f00387
f00387
f00387
f00388
f00388
f00389
f00389
f0038a
f0038a
f0038a
f0038b
f0038b
f0038c
f0038c
f0038d
f0038d
f0038e
f0038e
f0038e
f0038f
f0038f
f00390
f00390
f00391
f00391
f00392
f00392
f00392
f00393
f00393
f00394
f00394
f00395
f00395
f00396
f00396
f00397
f00397
f00397
f00398
f00398
f00399
f00399
f0039a
f0039a
f0039b
f0039b
f0039b
f0039c
f0039c
f0039d
f0039d
f0039e
f0039e
f0039f
f0039f
f003a0
f003a0
f003a0
f003a1
f003a1
f003a2
f003a2
f003a3
f003a3
f003a4
f003a4
f003a5
f003a5
f003a5
f003a6
f003a6
f003a7
f003a7
f003a8
f003a8
f003a9
f003a9
f003aa
f003aa
f003aa
f003ab
f003ab
f003ac
f003ac
f003ad
f003ad
f003ae
f003ae
f003af
f003af
f003af
f003b0
f003b0
f003b1
f003b1
f003b2
f003b2
f003b3
f003b3
f003b4
f003b4
f003b5
f003b5
f003b5
f003b6
f003b6
f003b7
f003b7
f003b8
f003b8
f003b9
f003b9
f003ba
f003ba
f003bb
f003bb
f003bc
f003bc
f003bc
f003bd
f003bd
f003be
f003be
f003bf
f003bf
f003c0
f003c0
f003c1
f003c1
f003c2
f003c2
f003c3
f003c3
f003c4
f003c4
f003c4
f003c5
f003c5
f003c6
f003c6
f003c7
f003c7
f003c8
f003c8
f003c9
f003c9
f003ca
f003ca
f003cb
f003cb
f003cc
f003cc
f003cc
f003cd
f003cd
f003ce
f003ce
f003cf
f003cf
f003d0
f003d0
f003d1
f003d1
f003d2
f003d2
f003d3
f003d3
f003d4
f003d4
f003d5
f003d5
f003d6
f003d6
f003d6
f003d7
f003d7
f003d8
f003d8
f003d9
f003d9
f003da
f003da
f003db
f003db
f003dc
f003dc
f003dd
f003dd
f003de
f003de
f003df
f003df
f003e0
f003e0
f003e1
f003e1
f003e2
f003e2
f003e3
f003e3
f003e4
f003e4
f003e4
f003e5
f003e5
f003e6
f003e6
f003e7
f003e7
f003e8
f003e8
f003e9
f003e9
f003ea
f003ea
f003eb
f003eb
f003ec
f003ec
f003ed
f003ed
f003ee
f003ee
f003ef
f003ef
f003f0
f003f0
f003f1
f003f1
f003f2
f003f2
f003f3
f003f3
f003f4
f003f4
f003f5
f003f5
f003f6
f003f6
f003f7
f003f7
f003f8
f003f8
f003f9
f003f9
f003fa
f003fa
f003fb
f003fb
f003fc
f003fc
f003fd
f003fd
f003fe
f003fe
f003ff
f003ff
f00400
f00400
f00401
f00401
f00402
f00402
f00403
f00403
f00404
f00404
f00405
f00405
f00406
f00406
f00407
f00407
f00408
f00408
f00409
f00409
f0040a
f0040a
f0040b
f0040b
f0040c
f0040c
f0040d
f0040d
f0040e
f0040e
f0040f
f0040f
f00410
f00410
f00411
f00411
f00412
f00412
f00413
f00413
f00414
f00414
f00415
f00415
f00416
f00416
f00417
f00417
f00418
f00418
f00419
f00419
f0041a
f0041a
f0041b
f0041b
f0041c
f0041c
f0041d
f0041e
f0041e
f0041f
f0041f
f00420
f00420
f00421
f00421
f00422
f00422
f00423
f00423
f00424
f00424
f00425
f00425
f00426
f00426
f00427
f00427
f00428
f00428
f00429
f00429
f0042a
f0042a
f0042b
f0042b
f0042c
f0042d
f0042d
f0042e
f0042e
f0042f
f0042f
f00430
f00430
f00431
f00431
f00432
f00432
f00433
f00433
f00434
f00434
f00435
f00435
f00436
f00436
f00437
f00438
f00438
f00439
f00439
f0043a
f0043a
f0043b
f0043b
f0043c
f0043c
f0043d
f0043d
f0043e
f0043e
f0043f
f0043f
f00440
f00441
f00441
f00442
f00442
f00443
f00443
f00444
f00444
f00445
f00445
f00446
f00446
f00447
f00447
f00448
f00449
f00449
f0044a
f0044a
f0044b
f0044b
f0044c
f0044c
f0044d
f0044d
f0044e
f0044e
f0044f
f00450
f00450
f00451
f00451
f00452
f00452
f00453
f00453
f00454
f00454
f00455
f00455
f00456
f00457
f00457
f00458
f00458
f00459
f00459
f0045a
f0045a
f0045b
f0045b
f0045c
f0045d
f0045d
f0045e
f0045e
f0045f
f0045f
f00460
f00460
f00461
f00461
f00462
f00463
f00463
f00464
f00464
f00465
f00465
f00466
f00466
f00467
f00467
f00468
f00469
f00469
f0046a
f0046a
f0046b
f0046b
f0046c
f0046c
f0046d
f0046e
f0046e
f0046f
f0046f
f00470
f00470
f00471
f00471
f00472
f00473
f00473
f00474
f00474
f00475
f00475
f00476
f00476
f00477
f00478
f00478
f00479
f00479
f0047a
f0047a
f0047b
f0047b
f0047c
f0047d
f0047d
f0047e
f0047e
f0047f
f0047f
f00480
f00480
f00481
f00482
f00482
f00483
f00483
f00484
f00484
f00485
f00486
f00486
f00487
f00487
f00488
f00488
f00489
f0048a
f0048a
f0048b
f0048b
f0048c
f0048c
f0048d
f0048e
f0048e
f0048f
f0048f
f00490
f00490
f00491
f00491
f00492
f00493
f00493
f00494
f00494
f00495
f00495
f00496
f00497
f00497
f00498
f00498
f00499
f0049a
f0049a
f0049b
f0049b
f0049c
f0049c
f0049d
f0049e
f0049e
f0049f
f0049f
f004a0
f004a0
f004a1
f004a2
f004a2
f004a3
f004a3
f004a4
f004a4
f004a5
f004a6
f004a6
f004a7
f004a7
f004a8
f004a9
f004a9
f004aa
f004aa
f004ab
f004ab
f004ac
f004ad
f004ad
f004ae
f004ae
f004af
f004b0
f004b0
f004b1
f004b1
f004b2
f004b2
f004b3
f004b4
f004b4
f004b5
f004b5
f004b6
f004b7
f004b7
f004b8
f004b8
f004b9
f004ba
f004ba
f004bb
f004bb
f004bc
f004bc
f004bd
f004be
f004be
f004bf
f004bf
f004c0
f004c1
f004c1
f004c2
f004c2
f004c3
f004c4
f004c4
f004c5
f004c5
f004c6
f004c7
f004c7
f004c8
f004c8
f004c9
f004ca
f004ca
f004cb
f004cb
f004cc
f004cd
f004cd
f004ce
f004ce
f004cf
f004d0
f004d0
f004d1
f004d1
f004d2
f004d3
f004d3
f004d4
f004d4
f004d5
f004d6
f004d6
f004d7
f004d7
f004d8
f004d9
f004d9
f004da
f004da
f004db
f004dc
f004dc
f004dd
f004dd
f004de
f004df
f004df
f004e0
f004e1
f004e1
f004e2
f004e2
f004e3
f004e4
f004e4
f004e5
f004e5
f004e6
f004e7
f004e7
f004e8
f004e8
f004e9
f004ea
f004ea
f004eb
f004ec
f004ec
f004ed
f004ed
f004ee
f004ef
f004ef
f004f0
f004f0
f004f1
f004f2
f004f2
f004f3
f004f4
f004f4
f004f5
f004f5
f004f6
f004f7
f004f7
f004f8
f004f9
f004f9
f004fa
f004fa
f004fb
f004fc
f004fc
f004fd
f004fd
f004fe
f004ff
f004ff
f00500
f00501
f00501
f00502
f00502
f00503
f00504
f00504
f00505
f00506
f00506
f00507
f00507
f00508
f00509
f00509
f0050a
f0050b
f0050b
f0050c
f0050d
f0050d
f0050e
f0050e
f0050f
f00510
f00510
f00511
f00512
f00512
f00513
f00513
f00514
f00515
f00515
f00516
f00517
f00517
f00518
f00519
f00519
f0051a
f0051a
f0051b
f0051c
f0051c
f0051d
f0051e
f0051e
f0051f
f00520
f00520
f00521
f00522
f00522
f00523
f00523
f00524
f00525
f00525
f00526
f00527
f00527
f00528
f00529
f00529
f0052a
f0052b
f0052b
f0052c
f0052c
f0052d
f0052e
f0052e
f0052f
f00530
f00530
f00531
f00532
f00532
f00533
f00534
f00534
f00535
f00536
f00536
f00537
f00537
f00538
f00539
f00539
f0053a
f0053b
f0053b
f0053c
f0053d
f0053d
f0053e
f0053f
f0053f
f00540
f00541
f00541
f00542
f00543
f00543
f00544
f00545
f00545
f00546
f00547
f00547
f00548
f00549
f00549
f0054a
f0054b
f0054b
f0054c
f0054d
f0054d
f0054e
f0054e
f0054f
f00550
f00550
f00551
f00552
f00552
f00553
f00554
f00554
f00555
f00556
f00556
f00557
f00558
f00558
f00559
f0055a
f0055a
f0055b
f0055c
f0055c
f0055d
f0055e
f0055f
f0055f
f00560
f00561
f00561
f00562
f00563
f00563
f00564
f00565
f00565
f00566
f00567
f00567
f00568
f00569
f00569
f0056a
f0056b
f0056b
f0056c
f0056d
f0056d
f0056e
f0056f
f0056f
f00570
f00571
f00571
f00572
f00573
f00573
f00574
f00575
f00575
f00576
f00577
f00578
f00578
f00579
f0057a
f0057a
f0057b
f0057c
f0057c
f0057d
f0057e
f0057e
f0057f
f00580
f00580
f00581
f00582
f00583
f00583
f00584
f00585
f00585
f00586
f00587
f00587
f00588
f00589
f00589
f0058a
f0058b
f0058b
f0058c
f0058d
f0058e
f0058e
f0058f
f00590
f00590
f00591
f00592
f00592
f00593
f00594
f00595
f00595
f00596
f00597
f00597
f00598
f00599
f00599
f0059a
f0059b
f0059c
f0059c
f0059d
f0059e
f0059e
f0059f
f005a0
f005a0
f005a1
f005a2
f005a3
f005a3
f005a4
f005a5
f005a5
f005a6
f005a7
f005a7
f005a8
f005a9
f005aa
f005aa
f005ab
f005ac
f005ac
f005ad
f005ae
f005af
f005af
f005b0
f005b1
f005b1
f005b2
f005b3
f005b4
f005b4
f005b5
f005b6
f005b6
f005b7
f005b8
f005b9
f005b9
f005ba
f005bb
f005bb
f005bc
f005bd
f005be
f005be
f005bf
f005c0
f005c0
f005c1
f005c2
f005c3
f005c3
f005c4
f005c5
f005c5
f005c6
f005c7
f005c8
f005c8
f005c9
f005ca
f005ca
f005cb
f005cc
f005cd
f005cd
f005ce
f005cf
f005d0
f005d0
f005d1
f005d2
f005d2
f005d3
f005d4
f005d5
f005d5
f005d6
f005d7
f005d8
f005d8
f005d9
f005da
f005da
f005db
f005dc
f005dd
f005dd
f005de
f005df
f005e0
f005e0
f005e1
f005e2
f005e3
f005e3
f005e4
f005e5
f005e5
f005e6
f005e7
f005e8
f005e8
f005e9
f005ea
f005eb
f005eb
f005ec
f005ed
f005ee
f005ee
f005ef
f005f0
f005f1
f005f1
f005f2
f005f3
f005f4
f005f4
f005f5
f005f6
f005f7
f005f7
f005f8
f005f9
f005fa
f005fa
f005fb
f005fc
f005fd
f005fd
f005fe
f005ff
f005ff
f00600
f00601
f00602
f00602
f00603
f00604
f00605
f00606
f00606
f00607
f00608
f00609
f00609
f0060a
f0060b
f0060c
f0060c
f0060d
f0060e
f0060f
f0060f
f00610
f00611
f00612
f00612
f00613
f00614
f00615
f00615
f00616
f00617
f00618
f00618
f00619
f0061a
f0061b
f0061b
f0061c
f0061d
f0061e
f0061f
f0061f
f00620
f00621
f00622
f00622
f00623
f00624
f00625
f00625
f00626
f00627
f00628
f00628
f00629
f0062a
f0062b
f0062c
f0062c
f0062d
f0062e
f0062f
f0062f
f00630
f00631
f00632
f00633
f00633
f00634
f00635
f00636
f00636
f00637
f00638
f00639
f0063a
f0063a
f0063b
f0063c
f0063d
f0063d
f0063e
f0063f
f00640
f00641
f00641
f00642
f00643
f00644
f00644
f00645
f00646
f00647
f00648
f00648
f00649
f0064a
f0064b
f0064b
f0064c
f0064d
f0064e
f0064f
f0064f
f00650
f00651
f00652
f00653
f00653
f00654
f00655
f00656
f00657
f00657
f00658
f00659
f0065a
f0065a
f0065b
f0065c
f0065d
f0065e
f0065e
f0065f
f00660
f00661
f00662
f00662
f00663
f00664
f00665
f00666
f00666
f00667
f00668
f00669
f0066a
f0066a
f0066b
f0066c
f0066d
f0066e
f0066e
f0066f
f00670
f00671
f00672
f00672
f00673
f00674
f00675
f00676
f00677
f00677
f00678
f00679
f0067a
f0067b
f0067b
f0067c
f0067d
f0067e
f0067f
f0067f
f00680
f00681
f00682
f00683
f00683
f00684
f00685
f00686
f00687
f00688
f00688
f00689
f0068a
f0068b
f0068c
f0068c
f0068d
f0068e
f0068f
f00690
f00691
f00691
f00692
f00693
f00694
f00695
f00695
f00696
f00697
f00698
f00699
f0069a
f0069a
f0069b
f0069c
f0069d
f0069e
f0069f
f0069f
f006a0
f006a1
f006a2
f006a3
f006a4
f006a4
f006a5
f006a6
f006a7
f006a8
f006a8
f006a9
f006aa
f006ab
f006ac
f006ad
f006ad
f006ae
f006af
f006b0
f006b1
f006b2
f006b2
f006b3
f006b4
f006b5
f006b6
f006b7
f006b8
f006b8
f006b9
f006ba
f006bb
f006bc
f006bd
f006bd
f006be
f006bf
f006c0
f006c1
f006c2
f006c2
f006c3
f006c4
f006c5
f006c6
f006c7
f006c8
f006c8
f006c9
f006ca
f006cb
f006cc
f006cd
f006cd
f006ce
f006cf
f006d0
f006d1
f006d2
f006d3
f006d3
f006d4
f006d5
f006d6
f006d7
f006d8
f006d9
f006d9
f006da
f006db
f006dc
f006dd
f006de
f006df
f006df
f006e0
f006e1
f006e2
f006e3
f006e4
f006e5
f006e5
f006e6
f006e7
f006e8
f006e9
f006ea
f006eb
f006eb
f006ec
f006ed
f006ee
f006ef
f006f0
f006f1
f006f2
f006f2
f006f3
f006f4
f006f5
f006f6
f006f7
f006f8
f006f8
f006f9
f006fa
f006fb
f006fc
f006fd
f006fe
f006ff
f006ff
f00700
f00701
f00702
f00703
f00704
f00705
f00706
f00706
f00707
f00708
f00709
f0070a
f0070b
f0070c
f0070d
f0070d
f0070e
f0070f
f00710
f00711
f00712
f00713
f00714
f00715
f00715
f00716
f00717
f00718
f00719
f0071a
f0071b
f0071c
f0071d
f0071d
f0071e
f0071f
f00720
f00721
f00722
f00723
f00724
f00725
f00725
f00726
f00727
f00728
f00729
f0072a
f0072b
f0072c
f0072d
f0072d
f0072e
f0072f
f00730
f00731
f00732
f00733
f00734
f00735
f00736
f00736
f00737
f00738
f00739
f0073a
f0073b
f0073c
f0073d
f0073e
f0073f
f0073f
f00740
f00741
f00742
f00743
f00744
f00745
f00746
f00747
f00748
f00749
f00749
f0074a
f0074b
f0074c
f0074d
f0074e
f0074f
f00750
f00751
f00752
f00753
f00754
f00754
f00755
f00756
f00757
f00758
f00759
f0075a
f0075b
f0075c
f0075d
f0075e
f0075f
f0075f
f00760
f00761
f00762
f00763
f00764
f00765
f00766
f00767
f00768
f00769
f0076a
f0076b
f0076b
f0076c
f0076d
f0076e
f0076f
f00770
f00771
f00772
f00773
f00774
f00775
f00776
f00777
f00778
f00778
f00779
f0077a
f0077b
f0077c
f0077d
f0077e
f0077f
f00780
f00781
f00782
f00783
f00784
f00785
f00786
f00787
f00787
f00788
f00789
f0078a
f0078b
f0078c
f0078d
f0078e
f0078f
f00790
f00791
f00792
f00793
f00794
f00795
f00796
f00797
f00798
f00798
f00799
f0079a
f0079b
f0079c
f0079d
f0079e
f0079f
f007a0
f007a1
f007a2
f007a3
f007a4
f007a5
f007a6
f007a7
f007a8
f007a9
f007aa
f007ab
f007ac
f007ac
f007ad
f007ae
f007af
f007b0
f007b1
f007b2
f007b3
f007b4
f007b5
f007b6
f007b7
f007b8
f007b9
f007ba
f007bb
f007bc
f007bd
f007be
f007bf
f007c0
f007c1
f007c2
f007c3
f007c4
f007c5
f007c6
f007c7
f007c8
f007c8
f007c9
f007ca
f007cb
f007cc
f007cd
f007ce
f007cf
f007d0
f007d1
f007d2
f007d3
f007d4
f007d5
f007d6
f007d7
f007d8
f007d9
f007da
f007db
f007dc
f007dd
f007de
f007df
f007e0
f007e1
f007e2
f007e3
f007e4
f007e5
f007e6
f007e7
f007e8
f007e9
f007ea
f007eb
f007ec
f007ed
f007ee
f007ef
f007f0
f007f1
f007f2
f007f3
f007f4
f007f5
f007f6
f007f7
f007f8
f007f9
f007fa
f007fb
f007fc
f007fd
f007fe
f007ff
f00800
f00801
f00802
f00803
f00804
f00805
f00806
f00807
f00808
f00809
f0080a
f0080b
f0080c
f0080d
f0080e
f0080f
f00810
f00811
f00812
f00813
f00814
f00815
f00816
f00817
f00818
f00819
f0081a
f0081b
f0081c
f0081d
f0081e
f0081f
f00820
f00821
f00822
f00823
f00824
f00825
f00826
f00827
f00828
f00829
f0082a
f0082b
f0082c
f0082d
f0082e
f0082f
f00830
f00831
f00832
f00833
f00834
f00835
f00836
f00837
f00838
f00839
f0083a
f0083b
f0083c
f0083d
f0083f
f00840
f00841
f00842
f00843
f00844
f00845
f00846
f00847
f00848
f00849
f0084a
f0084b
f0084c
f0084d
f0084e
f0084f
f00850
f00851
f00852
f00853
f00854
f00855
f00856
f00857
f00858
f00859
f0085b
f0085c
f0085d
f0085e
f0085f
f00860
f00861
f00862
f00863
f00864
f00865
f00866
f00867
f00868
f00869
f0086a
f0086b
f0086c
f0086d
f0086e
f0086f
f00871
f00872
f00873
f00874
f00875
f00876
f00877
f00878
f00879
f0087a
f0087b
f0087c
f0087d
f0087e
f0087f
f00880
f00881
f00883
f00884
f00885
f00886
f00887
f00888
f00889
f0088a
f0088b
f0088c
f0088d
f0088e
f0088f
f00890
f00891
f00893
f00894
f00895
f00896
f00897
f00898
f00899
f0089a
f0089b
f0089c
f0089d
f0089e
f0089f
f008a0
f008a2
f008a3
f008a4
f008a5
f008a6
f008a7
f008a8
f008a9
f008aa
f008ab
f008ac
f008ad
f008af
f008b0
f008b1
f008b2
f008b3
f008b4
f008b5
f008b6
f008b7
f008b8
f008b9
f008ba
f008bc
f008bd
f008be
f008bf
f008c0
f008c1
f008c2
f008c3
f008c4
f008c5
f008c6
f008c8
f008c9
f008ca
f008cb
f008cc
f008cd
f008ce
f008cf
f008d0
f008d1
f008d3
f008d4
f008d5
f008d6
f008d7
f008d8
f008d9
f008da
f008db
f008dd
f008de
f008df
f008e0
f008e1
f008e2
f008e3
f008e4
f008e5
f008e7
f008e8
f008e9
f008ea
f008eb
f008ec
f008ed
f008ee
f008ef
f008f1
f008f2
f008f3
f008f4
f008f5
f008f6
f008f7
f008f8
f008f9
f008fb
f008fc
f008fd
f008fe
f008ff
f00900
f00901
f00902
f00904
f00905
f00906
f00907
f00908
f00909
f0090a
f0090b
f0090d
f0090e
f0090f
f00910
f00911
f00912
f00913
f00915
f00916
f00917
f00918
f00919
f0091a
f0091b
f0091c
f0091e
f0091f
f00920
f00921
f00922
f00923
f00924
f00926
f00927
f00928
f00929
f0092a
f0092b
f0092c
f0092e
f0092f
f00930
f00931
f00932
f00933
f00934
f00936
f00937
f00938
f00939
f0093a
f0093b
f0093d
f0093e
f0093f
f00940
f00941
f00942
f00943
f00945
f00946
f00947
f00948
f00949
f0094a
f0094c
f0094d
f0094e
f0094f
f00950
f00951
f00953
f00954
f00955
f00956
f00957
f00958
f0095a
f0095b
f0095c
f0095d
f0095e
f0095f
f00961
f00962
f00963
f00964
f00965
f00966
f00968
f00969
f0096a
f0096b
f0096c
f0096d
f0096f
f00970
f00971
f00972
f00973
f00975
f00976
f00977
f00978
f00979
f0097a
f0097c
f0097d
f0097e
f0097f
f00980
f00982
f00983
f00984
f00985
f00986
f00988
f00989
f0098a
f0098b
f0098c
f0098d
f0098f
f00990
f00991
f00992
f00993
f00995
f00996
f00997
f00998
f00999
f0099b
f0099c
f0099d
f0099e
f0099f
f009a1
f009a2
f009a3
f009a4
f009a5
f009a7
f009a8
f009a9
f009aa
f009ab
f009ad
f009ae
f009af
f009b0
f009b2
f009b3
f009b4
f009b5
f009b6
f009b8
f009b9
f009ba
f009bb
f009bc
f009be
f009bf
f009c0
f009c1
f009c3
f009c4
f009c5
f009c6
f009c7
f009c9
f009ca
f009cb
f009cc
f009ce
f009cf
f009d0
f009d1
f009d2
f009d4
f009d5
f009d6
f009d7
f009d9
f009da
f009db
f009dc
f009dd
f009df
f009e0
f009e1
f009e2
f009e4
f009e5
f009e6
f009e7
f009e9
f009ea
f009eb
f009ec
f009ee
f009ef
f009f0
f009f1
f009f2
f009f4
f009f5
f009f6
f009f7
f009f9
f009fa
f009fb
f009fc
f009fe
f009ff
f00a00
f00a01
f00a03
f00a04
f00a05
f00a06
f00a08
f00a09
f00a0a
f00a0b
f00a0d
f00a0e
f00a0f
f00a10
f00a12
f00a13
f00a14
f00a16
f00a17
f00a18
f00a19
f00a1b
f00a1c
f00a1d
f00a1e
f00a20
f00a21
f00a22
f00a23
f00a25
f00a26
f00a27
f00a28
f00a2a
f00a2b
f00a2c
f00a2e
f00a2f
f00a30
f00a31
f00a33
f00a34
f00a35
f00a36
f00a38
f00a39
f00a3a
f00a3c
f00a3d
f00a3e
f00a3f
f00a41
f00a42
f00a43
f00a45
f00a46
f00a47
f00a48
f00a4a
f00a4b
f00a4c
f00a4d
f00a4f
f00a50
f00a51
f00a53
f00a54
f00a55
f00a57
f00a58
f00a59
f00a5a
f00a5c
f00a5d
f00a5e
f00a60
f00a61
f00a62
f00a63
f00a65
f00a66
f00a67
f00a69
f00a6a
f00a6b
f00a6d
f00a6e
f00a6f
f00a70
f00a72
f00a73
f00a74
f00a76
f00a77
f00a78
f00a7a
f00a7b
f00a7c
f00a7e
f00a7f
f00a80
f00a81
f00a83
f00a84
f00a85
f00a87
f00a88
f00a89
f00a8b
f00a8c
f00a8d
f00a8f
f00a90
f00a91
f00a93
f00a94
f00a95
f00a97
f00a98
f00a99
f00a9a
f00a9c
f00a9d
f00a9e
f00aa0
f00aa1
f00aa2
f00aa4
f00aa5
f00aa6
f00aa8
f00aa9
f00aaa
f00aac
f00aad
f00aae
f00ab0
f00ab1
f00ab2
f00ab4
f00ab5
f00ab6
f00ab8
f00ab9
f00aba
f00abc
f00abd
f00abe
f00ac0
f00ac1
f00ac2
f00ac4
f00ac5
f00ac7
f00ac8
f00ac9
f00acb
f00acc
f00acd
f00acf
f00ad0
f00ad1
f00ad3
f00ad4
f00ad5
f00ad7
f00ad8
f00ad9
f00adb
f00adc
f00add
f00adf
f00ae0
f00ae2
f00ae3
f00ae4
f00ae6
f00ae7
f00ae8
f00aea
f00aeb
f00aec
f00aee
f00aef
f00af1
f00af2
f00af3
f00af5
f00af6
f00af7
f00af9
f00afa
f00afb
f00afd
f00afe
f00b00
f00b01
f00b02
f00b04
f00b05
f00b06
f00b08
f00b09
f00b0b
f00b0c
f00b0d
f00b0f
f00b10
f00b12
f00b13
f00b14
f00b16
f00b17
f00b18
f00b1a
f00b1b
f00b1d
f00b1e
f00b1f
f00b21
f00b22
f00b24
f00b25
f00b26
f00b28
f00b29
f00b2a
f00b2c
f00b2d
f00b2f
f00b30
f00b31
f00b33
f00b34
f00b36
f00b37
f00b38
f00b3a
f00b3b
f00b3d
f00b3e
f00b3f
f00b41
f00b42
f00b44
f00b45
f00b46
f00b48
f00b49
f00b4b
f00b4c
f00b4e
f00b4f
f00b50
f00b52
f00b53
f00b55
f00b56
f00b57
f00b59
f00b5a
f00b5c
f00b5d
f00b5f
f00b60
f00b61
f00b63
f00b64
f00b66
f00b67
f00b68
f00b6a
f00b6b
f00b6d
f00b6e
f00b70
f00b71
f00b72
f00b74
f00b75
f00b77
f00b78
f00b7a
f00b7b
f00b7c
f00b7e
f00b7f
f00b81
f00b82
f00b84
f00b85
f00b87
f00b88
f00b89
f00b8b
f00b8c
f00b8e
f00b8f
f00b91
f00b92
f00b94
f00b95
f00b96
f00b98
f00b99
f00b9b
f00b9c
f00b9e
f00b9f
f00ba1
f00ba2
f00ba3
f00ba5
f00ba6
f00ba8
f00ba9
f00bab
f00bac
f00bae
f00baf
f00bb1
f00bb2
f00bb3
f00bb5
f00bb6
f00bb8
f00bb9
f00bbb
f00bbc
f00bbe
f00bbf
f00bc1
f00bc2
f00bc4
f00bc5
f00bc7
f00bc8
f00bc9
f00bcb
f00bcc
f00bce
f00bcf
f00bd1
f00bd2
f00bd4
f00bd5
f00bd7
f00bd8
f00bda
f00bdb
f00bdd
f00bde
f00be0
f00be1
f00be3
f00be4
f00be6
f00be7
f00be9
f00bea
f00beb
f00bed
f00bee
f00bf0
f00bf1
f00bf3
f00bf4
f00bf6
f00bf7
f00bf9
f00bfa
f00bfc
f00bfd
f00bff
f00c00
f00c02
f00c03
f00c05
f00c06
f00c08
f00c09
f00c0b
f00c0c
f00c0e
f00c0f
f00c11
f00c12
f00c14
f00c15
f00c17
f00c18
f00c1a
f00c1b
f00c1d
f00c1e
f00c20
f00c22
f00c23
f00c25
f00c26
f00c28
f00c29
f00c2b
f00c2c
f00c2e
f00c2f
f00c31
f00c32
f00c34
f00c35
f00c37
f00c38
f00c3a
f00c3b
f00c3d
f00c3e
f00c40
f00c41
f00c43
f00c45
f00c46
f00c48
f00c49
f00c4b
f00c4c
f00c4e
f00c4f
f00c51
f00c52
f00c54
f00c55
f00c57
f00c59
f00c5a
f00c5c
f00c5d
f00c5f
f00c60
f00c62
f00c63
f00c65
f00c66
f00c68
f00c6a
f00c6b
f00c6d
f00c6e
f00c70
f00c71
f00c73
f00c74
f00c76
f00c77
f00c79
f00c7b
f00c7c
f00c7e
f00c7f
f00c81
f00c82
f00c84
f00c86
f00c87
f00c89
f00c8a
f00c8c
f00c8d
f00c8f
f00c90
f00c92
f00c94
f00c95
f00c97
f00c98
f00c9a
f00c9b
f00c9d
f00c9f
f00ca0
f00ca2
f00ca3
f00ca5
f00ca7
f00ca8
f00caa
f00cab
f00cad
f00cae
f00cb0
f00cb2
f00cb3
f00cb5
f00cb6
f00cb8
f00cba
f00cbb
f00cbd
f00cbe
f00cc0
f00cc1
f00cc3
f00cc5
f00cc6
f00cc8
f00cc9
f00ccb
f00ccd
f00cce
f00cd0
f00cd1
f00cd3
f00cd5
f00cd6
f00cd8
f00cd9
f00cdb
f00cdd
f00cde
f00ce0
f00ce1
f00ce3
f00ce5
f00ce6
f00ce8
f00ce9
f00ceb
f00ced
f00cee
f00cf0
f00cf2
f00cf3
f00cf5
f00cf6
f00cf8
f00cfa
f00cfb
f00cfd
f00cff
f00d00
f00d02
f00d03
f00d05
f00d07
f00d08
f00d0a
f00d0c
f00d0d
f00d0f
f00d10
f00d12
f00d14
f00d15
f00d17
f00d19
f00d1a
f00d1c
f00d1d
f00d1f
f00d21
f00d22
f00d24
f00d26
f00d27
f00d29
f00d2b
f00d2c
f00d2e
f00d30
f00d31
f00d33
f00d34
f00d36
f00d38
f00d39
f00d3b
f00d3d
f00d3e
f00d40
f00d42
f00d43
f00d45
f00d47
f00d48
f00d4a
f00d4c
f00d4d
f00d4f
f00d51
f00d52
f00d54
f00d56
f00d57
f00d59
f00d5b
f00d5c
f00d5e
f00d60
f00d61
f00d63
f00d65
f00d66
f00d68
f00d6a
f00d6b
f00d6d
f00d6f
f00d70
f00d72
f00d74
f00d75
f00d77
f00d79
f00d7a
f00d7c
f00d7e
f00d7f
f00d81
f00d83
f00d84
f00d86
f00d88
f00d8a
f00d8b
f00d8d
f00d8f
f00d90
f00d92
f00d94
f00d95
f00d97
f00d99
f00d9a
f00d9c
f00d9e
f00da0
f00da1
f00da3
f00da5
f00da6
f00da8
f00daa
f00dac
f00dad
f00daf
f00db1
f00db2
f00db4
f00db6
f00db7
f00db9
f00dbb
f00dbd
f00dbe
f00dc0
f00dc2
f00dc3
f00dc5
f00dc7
f00dc9
f00dca
f00dcc
f00dce
f00dd0
f00dd1
f00dd3
f00dd5
f00dd6
f00dd8
f00dda
f00ddc
f00ddd
f00ddf
f00de1
f00de3
f00de4
f00de6
f00de8
f00de9
f00deb
f00ded
f00def
f00df0
f00df2
f00df4
f00df6
f00df7
f00df9
f00dfb
f00dfd
f00dfe
f00e00
f00e02
f00e04
f00e05
f00e07
f00e09
f00e0b
f00e0c
f00e0e
f00e10
f00e12
f00e13
f00e15
f00e17
f00e19
f00e1a
f00e1c
f00e1e
f00e20
f00e21
f00e23
f00e25
f00e27
f00e29
f00e2a
f00e2c
f00e2e
f00e30
f00e31
f00e33
f00e35
f00e37
f00e38
f00e3a
f00e3c
f00e3e
f00e40
f00e41
f00e43
f00e45
f00e47
f00e48
f00e4a
f00e4c
f00e4e
f00e50
f00e51
f00e53
f00e55
f00e57
f00e59
f00e5a
f00e5c
f00e5e
f00e60
f00e61
f00e63
f00e65
f00e67
f00e69
f00e6a
f00e6c
f00e6e
f00e70
f00e72
f00e73
f00e75
f00e77
f00e79
f00e7b
f00e7d
f00e7e
f00e80
f00e82
f00e84
f00e86
f00e87
f00e89
f00e8b
f00e8d
f00e8f
f00e90
f00e92
f00e94
f00e96
f00e98
f00e9a
f00e9b
f00e9d
f00e9f
f00ea1
f00ea3
f00ea4
f00ea6
f00ea8
f00eaa
f00eac
f00eae
f00eaf
f00eb1
f00eb3
f00eb5
f00eb7
f00eb9
f00eba
f00ebc
f00ebe
f00ec0
f00ec2
f00ec4
f00ec6
f00ec7
f00ec9
f00ecb
f00ecd
f00ecf
f00ed1
f00ed2
f00ed4
f00ed6
f00ed8
f00eda
f00edc
f00ede
f00edf
f00ee1
f00ee3
f00ee5
f00ee7
f00ee9
f00eeb
f00eec
f00eee
f00ef0
f00ef2
f00ef4
f00ef6
f00ef8
f00ef9
f00efb
f00efd
f00eff
f00f01
f00f03
f00f05
f00f07
f00f08
f00f0a
f00f0c
f00f0e
f00f10
f00f12
f00f14
f00f16
f00f17
f00f19
f00f1b
f00f1d
f00f1f
f00f21
f00f23
f00f25
f00f27
f00f28
f00f2a
f00f2c
f00f2e
f00f30
f00f32
f00f34
f00f36
f00f38
f00f3a
f00f3b
f00f3d
f00f3f
f00f41
f00f43
f00f45
f00f47
f00f49
f00f4b
f00f4d
f00f4e
f00f50
f00f52
f00f54
f00f56
f00f58
f00f5a
f00f5c
f00f5e
f00f60
f00f62
f00f64
f00f65
f00f67
f00f69
f00f6b
f00f6d
f00f6f
f00f71
f00f73
f00f75
f00f77
f00f79
f00f7b
f00f7d
f00f7f
f00f80
f00f82
f00f84
f00f86
f00f88
f00f8a
f00f8c
f00f8e
f00f90
f00f92
f00f94
f00f96
f00f98
f00f9a
f00f9c
f00f9e
f00fa0
f00fa1
f00fa3
f00fa5
f00fa7
f00fa9
f00fab
f00fad
f00faf
f00fb1
f00fb3
f00fb5
f00fb7
f00fb9
f00fbb
f00fbd
f00fbf
f00fc1
f00fc3
f00fc5
f00fc7
f00fc9
f00fcb
f00fcd
f00fcf
f00fd1
f00fd3
f00fd4
f00fd6
f00fd8
f00fda
f00fdc
f00fde
f00fe0
f00fe2
f00fe4
f00fe6
f00fe8
f00fea
f00fec
f00fee
f00ff0
f00ff2
f00ff4
f00ff6
f00ff8
f00ffa
f00ffc
f00ffe
f01000
f01002
f01004
f01006
f01008
f0100a
f0100c
f0100e
f01010
f01012
f01014
f01016
f01018
f0101a
f0101c
f0101e
f01020
f01022
f01024
f01026
f01028
f0102a
f0102c
f0102e
f01030
f01032
f01034
f01036
f01038
f0103a
f0103c
f0103f
f01041
f01043
f01045
f01047
f01049
f0104b
f0104d
f0104f
f01051
f01053
f01055
f01057
f01059
f0105b
f0105d
f0105f
f01061
f01063
f01065
f01067
f01069
f0106b
f0106d
f0106f
f01071
f01074
f01076
f01078
f0107a
f0107c
f0107e
f01080
f01082
f01084
f01086
f01088
f0108a
f0108c
f0108e
f01090
f01092
f01095
f01097
f01099
f0109b
f0109d
f0109f
f010a1
f010a3
f010a5
f010a7
f010a9
f010ab
f010ad
f010af
f010b2
f010b4
f010b6
f010b8
f010ba
f010bc
f010be
f010c0
f010c2
f010c4
f010c6
f010c9
f010cb
f010cd
f010cf
f010d1
f010d3
f010d5
f010d7
f010d9
f010db
f010de
f010e0
f010e2
f010e4
f010e6
f010e8
f010ea
f010ec
f010ee
f010f0
f010f3
f010f5
f010f7
f010f9
f010fb
f010fd
f010ff
f01101
f01104
f01106
f01108
f0110a
f0110c
f0110e
f01110
f01112
f01115
f01117
f01119
f0111b
f0111d
f0111f
f01121
f01124
f01126
f01128
f0112a
f0112c
f0112e
f01130
f01132
f01135
f01137
f01139
f0113b
f0113d
f0113f
f01142
f01144
f01146
f01148
f0114a
f0114c
f0114e
f01151
f01153
f01155
f01157
f01159
f0115b
f0115e
f01160
f01162
f01164
f01166
f01168
f0116b
f0116d
f0116f
f01171
f01173
f01175
f01178
f0117a
f0117c
f0117e
f01180
f01183
f01185
f01187
f01189
f0118b
f0118e
f01190
f01192
f01194
f01196
f01198
f0119b
f0119d
f0119f
f011a1
f011a3
f011a6
f011a8
f011aa
f011ac
f011ae
f011b1
f011b3
f011b5
f011b7
f011ba
f011bc
f011be
f011c0
f011c2
f011c5
f011c7
f011c9
f011cb
f011cd
f011d0
f011d2
f011d4
f011d6
f011d9
f011db
f011dd
f011df
f011e1
f011e4
f011e6
f011e8
f011ea
f011ed
f011ef
f011f1
f011f3
f011f6
f011f8
f011fa
f011fc
f011ff
f01201
f01203
f01205
f01208
f0120a
f0120c
f0120e
f01211
f01213
f01215
f01217
f0121a
f0121c
f0121e
f01220
f01223
f01225
f01227
f01229
f0122c
f0122e
f01230
f01232
f01235
f01237
f01239
f0123c
f0123e
f01240
f01242
f01245
f01247
f01249
f0124c
f0124e
f01250
f01252
f01255
f01257
f01259
f0125c
f0125e
f01260
f01262
f01265
f01267
f01269
f0126c
f0126e
f01270
f01272
f01275
f01277
f01279
f0127c
f0127e
f01280
f01283
f01285
f01287
f0128a
f0128c
f0128e
f01290
f01293
f01295
f01297
f0129a
f0129c
f0129e
f012a1
f012a3
f012a5
f012a8
f012aa
f012ac
f012af
f012b1
f012b3
f012b6
f012b8
f012ba
f012bd
f012bf
f012c1
f012c4
f012c6
f012c8
f012cb
f012cd
f012cf
f012d2
f012d4
f012d6
f012d9
f012db
f012dd
f012e0
f012e2
f012e5
f012e7
f012e9
f012ec
f012ee
f012f0
f012f3
f012f5
f012f7
f012fa
f012fc
f012ff
f01301
f01303
f01306
f01308
f0130a
f0130d
f0130f
f01312
f01314
f01316
f01319
f0131b
f0131d
f01320
f01322
f01325
f01327
f01329
f0132c
f0132e
f01331
f01333
f01335
f01338
f0133a
f0133d
f0133f
f01341
f01344
f01346
f01349
f0134b
f0134d
f01350
f01352
f01355
f01357
f01359
f0135c
f0135e
f01361
f01363
f01365
f01368
f0136a
f0136d
f0136f
f01372
f01374
f01376
f01379
f0137b
f0137e
f01380
f01383
f01385
f01387
f0138a
f0138c
f0138f
f01391
f01394
f01396
f01399
f0139b
f0139d
f013a0
f013a2
f013a5
f013a7
f013aa
f013ac
f013af
f013b1
f013b3
f013b6
f013b8
f013bb
f013bd
f013c0
f013c2
f013c5
f013c7
f013ca
f013cc
f013cf
f013d1
f013d4
f013d6
f013d8
f013db
f013dd
f013e0
f013e2
f013e5
f013e7
f013ea
f013ec
f013ef
f013f1
f013f4
f013f6
f013f9
f013fb
f013fe
f01400
f01403
f01405
f01408
f0140a
f0140d
f0140f
f01412
f01414
f01417
f01419
f0141c
f0141e
f01421
f01423
f01426
f01428
f0142b
f0142d
f01430
f01432
f01435
f01437
f0143a
f0143c
f0143f
f01441
f01444
f01447
f01449
f0144c
f0144e
f01451
f01453
f01456
f01458
f0145b
f0145d
f01460
f01462
f01465
f01467
f0146a
f0146d
f0146f
f01472
f01474
f01477
f01479
f0147c
f0147e
f01481
f01484
f01486
f01489
f0148b
f0148e
f01490
f01493
f01495
f01498
f0149b
f0149d
f014a0
f014a2
f014a5
f014a7
f014aa
f014ad
f014af
f014b2
f014b4
f014b7
f014ba
f014bc
f014bf
f014c1
f014c4
f014c6
f014c9
f014cc
f014ce
f014d1
f014d3
f014d6
f014d9
f014db
f014de
f014e0
f014e3
f014e6
f014e8
f014eb
f014ed
f014f0
f014f3
f014f5
f014f8
f014fb
f014fd
f01500
f01502
f01505
f01508
f0150a
f0150d
f01510
f01512
f01515
f01517
f0151a
f0151d
f0151f
f01522
f01525
f01527
f0152a
f0152c
f0152f
f01532
f01534
f01537
f0153a
f0153c
f0153f
f01542
f01544
f01547
f0154a
f0154c
f0154f
f01552
f01554
f01557
f0155a
f0155c
f0155f
f01562
f01564
f01567
f0156a
f0156c
f0156f
f01572
f01574
f01577
f0157a
f0157c
f0157f
f01582
f01584
f01587
f0158a
f0158c
f0158f
f01592
f01594
f01597
f0159a
f0159c
f0159f
f015a2
f015a5
f015a7
f015aa
f015ad
f015af
f015b2
f015b5
f015b7
f015ba
f015bd
f015c0
f015c2
f015c5
f015c8
f015ca
f015cd
f015d0
f015d3
f015d5
f015d8
f015db
f015de
f015e0
f015e3
f015e6
f015e8
f015eb
f015ee
f015f1
f015f3
f015f6
f015f9
f015fc
f015fe
f01601
f01604
f01607
f01609
f0160c
f0160f
f01612
f01614
f01617
f0161a
f0161d
f0161f
f01622
f01625
f01628
f0162a
f0162d
f01630
f01633
f01635
f01638
f0163b
f0163e
f01641
f01643
f01646
f01649
f0164c
f0164e
f01651
f01654
f01657
f0165a
f0165c
f0165f
f01662
f01665
f01667
f0166a
f0166d
f01670
f01673
f01675
f01678
f0167b
f0167e
f01681
f01683
f01686
f01689
f0168c
f0168f
f01692
f01694
f01697
f0169a
f0169d
f016a0
f016a2
f016a5
f016a8
f016ab
f016ae
f016b1
f016b3
f016b6
f016b9
f016bc
f016bf
f016c2
f016c4
f016c7
f016ca
f016cd
f016d0
f016d3
f016d5
f016d8
f016db
f016de
f016e1
f016e4
f016e7
f016e9
f016ec
f016ef
f016f2
f016f5
f016f8
f016fb
f016fd
f01700
f01703
f01706
f01709
f0170c
f0170f
f01712
f01714
f01717
f0171a
f0171d
f01720
f01723
f01726
f01729
f0172b
f0172e
f01731
f01734
f01737
f0173a
f0173d
f01740
f01743
f01745
f01748
f0174b
f0174e
f01751
f01754
f01757
f0175a
f0175d
f01760
f01763
f01765
f01768
f0176b
f0176e
f01771
f01774
f01777
f0177a
f0177d
f01780
f01783
f01786
f01789
f0178c
f0178e
f01791
f01794
f01797
f0179a
f0179d
f017a0
f017a3
f017a6
f017a9
f017ac
f017af
f017b2
f017b5
f017b8
f017bb
f017be
f017c1
f017c4
f017c7
f017c9
f017cc
f017cf
f017d2
f017d5
f017d8
f017db
f017de
f017e1
f017e4
f017e7
f017ea
f017ed
f017f0
f017f3
f017f6
f017f9
f017fc
f017ff
f01802
f01805
f01808
f0180b
f0180e
f01811
f01814
f01817
f0181a
f0181d
f01820
f01823
f01826
f01829
f0182c
f0182f
f01832
f01835
f01838
f0183b
f0183e
f01841
f01844
f01847
f0184a
f0184d
f01850
f01853
f01856
f01859
f0185c
f01860
f01863
f01866
f01869
f0186c
f0186f
f01872
f01875
f01878
f0187b
f0187e
f01881
f01884
f01887
f0188a
f0188d
f01890
f01893
f01896
f01899
f0189d
f018a0
f018a3
f018a6
f018a9
f018ac
f018af
f018b2
f018b5
f018b8
f018bb
f018be
f018c1
f018c5
f018c8
f018cb
f018ce
f018d1
f018d4
f018d7
f018da
f018dd
f018e0
f018e4
f018e7
f018ea
f018ed
f018f0
f018f3
f018f6
f018f9
f018fc
f018ff
f01903
f01906
f01909
f0190c
f0190f
f01912
f01915
f01918
f0191c
f0191f
f01922
f01925
f01928
f0192b
f0192e
f01932
f01935
f01938
f0193b
f0193e
f01941
f01944
f01948
f0194b
f0194e
f01951
f01954
f01957
f0195a
f0195e
f01961
f01964
f01967
f0196a
f0196d
f01971
f01974
f01977
f0197a
f0197d
f01980
f01984
f01987
f0198a
f0198d
f01990
f01994
f01997
f0199a
f0199d
f019a0
f019a4
f019a7
f019aa
f019ad
f019b0
f019b4
f019b7
f019ba
f019bd
f019c0
f019c4
f019c7
f019ca
f019cd
f019d0
f019d4
f019d7
f019da
f019dd
f019e1
f019e4
f019e7
f019ea
f019ed
f019f1
f019f4
f019f7
f019fa
f019fe
f01a01
f01a04
f01a07
f01a0b
f01a0e
f01a11
f01a14
f01a18
f01a1b
f01a1e
f01a21
f01a25
f01a28
f01a2b
f01a2e
f01a32
f01a35
f01a38
f01a3b
f01a3f
f01a42
f01a45
f01a49
f01a4c
f01a4f
f01a52
f01a56
f01a59
f01a5c
f01a5f
f01a63
f01a66
f01a69
f01a6d
f01a70
f01a73
f01a77
f01a7a
f01a7d
f01a80
f01a84
f01a87
f01a8a
f01a8e
f01a91
f01a94
f01a98
f01a9b
f01a9e
f01aa2
f01aa5
f01aa8
f01aab
f01aaf
f01ab2
f01ab5
f01ab9
f01abc
f01abf
f01ac3
f01ac6
f01ac9
f01acd
f01ad0
f01ad3
f01ad7
f01ada
f01add
f01ae1
f01ae4
f01ae8
f01aeb
f01aee
f01af2
f01af5
f01af8
f01afc
f01aff
f01b02
f01b06
f01b09
f01b0d
f01b10
f01b13
f01b17
f01b1a
f01b1d
f01b21
f01b24
f01b28
f01b2b
f01b2e
f01b32
f01b35
f01b38
f01b3c
f01b3f
f01b43
f01b46
f01b49
f01b4d
f01b50
f01b54
f01b57
f01b5a
f01b5e
f01b61
f01b65
f01b68
f01b6c
f01b6f
f01b72
f01b76
f01b79
f01b7d
f01b80
f01b83
f01b87
f01b8a
f01b8e
f01b91
f01b95
f01b98
f01b9b
f01b9f
f01ba2
f01ba6
f01ba9
f01bad
f01bb0
f01bb4
f01bb7
f01bbb
f01bbe
f01bc1
f01bc5
f01bc8
f01bcc
f01bcf
f01bd3
f01bd6
f01bda
f01bdd
f01be1
f01be4
f01be8
f01beb
f01bef
f01bf2
f01bf5
f01bf9
f01bfc
f01c00
f01c03
f01c07
f01c0a
f01c0e
f01c11
f01c15
f01c18
f01c1c
f01c1f
f01c23
f01c26
f01c2a
f01c2d
f01c31
f01c34
f01c38
f01c3b
f01c3f
f01c43
f01c46
f01c4a
f01c4d
f01c51
f01c54
f01c58
f01c5b
f01c5f
f01c62
f01c66
f01c69
f01c6d
f01c70
f01c74
f01c78
f01c7b
f01c7f
f01c82
f01c86
f01c89
f01c8d
f01c90
f01c94
f01c98
f01c9b
f01c9f
f01ca2
f01ca6
f01ca9
f01cad
f01cb0
f01cb4
f01cb8
f01cbb
f01cbf
f01cc2
f01cc6
f01cca
f01ccd
f01cd1
f01cd4
f01cd8
f01cdb
f01cdf
f01ce3
f01ce6
f01cea
f01ced
f01cf1
f01cf5
f01cf8
f01cfc
f01d00
f01d03
f01d07
f01d0a
f01d0e
f01d12
f01d15
f01d19
f01d1c
f01d20
f01d24
f01d27
f01d2b
f01d2f
f01d32
f01d36
f01d3a
f01d3d
f01d41
f01d44
f01d48
f01d4c
f01d4f
f01d53
f01d57
f01d5a
f01d5e
f01d62
f01d65
f01d69
f01d6d
f01d70
f01d74
f01d78
f01d7b
f01d7f
f01d83
f01d86
f01d8a
f01d8e
f01d91
f01d95
f01d99
f01d9c
f01da0
f01da4
f01da8
f01dab
f01daf
f01db3
f01db6
f01dba
f01dbe
f01dc1
f01dc5
f01dc9
f01dcd
f01dd0
f01dd4
f01dd8
f01ddb
f01ddf
f01de3
f01de7
f01dea
f01dee
f01df2
f01df5
f01df9
f01dfd
f01e01
f01e04
f01e08
f01e0c
f01e10
f01e13
f01e17
f01e1b
f01e1f
f01e22
f01e26
f01e2a
f01e2e
f01e31
f01e35
f01e39
f01e3d
f01e40
f01e44
f01e48
f01e4c
f01e50
f01e53
f01e57
f01e5b
f01e5f
f01e62
f01e66
f01e6a
f01e6e
f01e72
f01e75
f01e79
f01e7d
f01e81
f01e85
f01e88
f01e8c
f01e90
f01e94
f01e98
f01e9b
f01e9f
f01ea3
f01ea7
f01eab
f01eaf
f01eb2
f01eb6
f01eba
f01ebe
f01ec2
f01ec5
f01ec9
f01ecd
f01ed1
f01ed5
f01ed9
f01edc
f01ee0
f01ee4
f01ee8
f01eec
f01ef0
f01ef4
f01ef7
f01efb
f01eff
f01f03
f01f07
f01f0b
f01f0f
f01f12
f01f16
f01f1a
f01f1e
f01f22
f01f26
f01f2a
f01f2e
f01f31
f01f35
f01f39
f01f3d
f01f41
f01f45
f01f49
f01f4d
f01f51
f01f55
f01f58
f01f5c
f01f60
f01f64
f01f68
f01f6c
f01f70
f01f74
f01f78
f01f7c
f01f80
f01f83
f01f87
f01f8b
f01f8f
f01f93
f01f97
f01f9b
f01f9f
f01fa3
f01fa7
f01fab
f01faf
f01fb3
f01fb7
f01fbb
f01fbf
f01fc3
f01fc6
f01fca
f01fce
f01fd2
f01fd6
f01fda
f01fde
f01fe2
f01fe6
f01fea
f01fee
f01ff2
f01ff6
f01ffa
f01ffe
f02002
f02006
f0200a
f0200e
f02012
f02016
f0201a
f0201e
f02022
f02026
f0202a
f0202e
f02032
f02036
f0203a
f0203e
f02042
f02046
f0204a
f0204e
f02052
f02056
f0205a
f0205e
f02062
f02066
f0206a
f0206e
f02072
f02076
f0207a
f0207f
f02083
f02087
f0208b
f0208f
f02093
f02097
f0209b
f0209f
f020a3
f020a7
f020ab
f020af
f020b3
f020b7
f020bb
f020bf
f020c4
f020c8
f020cc
f020d0
f020d4
f020d8
f020dc
f020e0
f020e4
f020e8
f020ec
f020f1
f020f5
f020f9
f020fd
f02101
f02105
f02109
f0210d
f02111
f02116
f0211a
f0211e
f02122
f02126
f0212a
f0212e
f02132
f02137
f0213b
f0213f
f02143
f02147
f0214b
f0214f
f02154
f02158
f0215c
f02160
f02164
f02168
f0216c
f02171
f02175
f02179
f0217d
f02181
f02185
f0218a
f0218e
f02192
f02196
f0219a
f0219f
f021a3
f021a7
f021ab
f021af
f021b4
f021b8
f021bc
f021c0
f021c4
f021c9
f021cd
f021d1
f021d5
f021d9
f021de
f021e2
f021e6
f021ea
f021ee
f021f3
f021f7
f021fb
f021ff
f02204
f02208
f0220c
f02210
f02215
f02219
f0221d
f02221
f02226
f0222a
f0222e
f02232
f02237
f0223b
f0223f
f02243
f02248
f0224c
f02250
f02254
f02259
f0225d
f02261
f02266
f0226a
f0226e
f02272
f02277
f0227b
f0227f
f02284
f02288
f0228c
f02290
f02295
f02299
f0229d
f022a2
f022a6
f022aa
f022af
f022b3
f022b7
f022bc
f022c0
f022c4
f022c9
f022cd
f022d1
f022d6
f022da
f022de
f022e3
f022e7
f022eb
f022f0
f022f4
f022f8
f022fd
f02301
f02305
f0230a
f0230e
f02312
f02317
f0231b
f02320
f02324
f02328
f0232d
f02331
f02335
f0233a
f0233e
f02343
f02347
f0234b
f02350
f02354
f02359
f0235d
f02361
f02366
f0236a
f0236f
f02373
f02377
f0237c
f02380
f02385
f02389
f0238e
f02392
f02396
f0239b
f0239f
f023a4
f023a8
f023ad
f023b1
f023b5
f023ba
f023be
f023c3
f023c7
f023cc
f023d0
f023d5
f023d9
f023dd
f023e2
f023e6
f023eb
f023ef
f023f4
f023f8
f023fd
f02401
f02406
f0240a
f0240f
f02413
f02418
f0241c
f02421
f02425
f0242a
f0242e
f02433
f02437
f0243c
f02440
f02445
f02449
f0244e
f02452
f02457
f0245b
f02460
f02464
f02469
f0246d
f02472
f02477
f0247b
f02480
f02484
f02489
f0248d
f02492
f02496
f0249b
f0249f
f024a4
f024a9
f024ad
f024b2
f024b6
f024bb
f024bf
f024c4
f024c9
f024cd
f024d2
f024d6
f024db
f024df
f024e4
f024e9
f024ed
f024f2
f024f6
f024fb
f02500
f02504
f02509
f0250d
f02512
f02517
f0251b
f02520
f02525
f02529
f0252e
f02532
f02537
f0253c
f02540
f02545
f0254a
f0254e
f02553
f02558
f0255c
f02561
f02565
f0256a
f0256f
f02573
f02578
f0257d
f02581
f02586
f0258b
f0258f
f02594
f02599
f0259d
f025a2
f025a7
f025ac
f025b0
f025b5
f025ba
f025be
f025c3
f025c8
f025cc
f025d1
f025d6
f025da
f025df
f025e4
f025e9
f025ed
f025f2
f025f7
f025fc
f02600
f02605
f0260a
f0260e
f02613
f02618
f0261d
f02621
f02626
f0262b
f02630
f02634
f02639
f0263e
f02643
f02647
f0264c
f02651
f02656
f0265a
f0265f
f02664
f02669
f0266e
f02672
f02677
f0267c
f02681
f02686
f0268a
f0268f
f02694
f02699
f0269e
f026a2
f026a7
f026ac
f026b1
f026b6
f026ba
f026bf
f026c4
f026c9
f026ce
f026d3
f026d7
f026dc
f026e1
f026e6
f026eb
f026f0
f026f4
f026f9
f026fe
f02703
f02708
f0270d
f02711
f02716
f0271b
f02720
f02725
f0272a
f0272f
f02734
f02738
f0273d
f02742
f02747
f0274c
f02751
f02756
f0275b
f02760
f02764
f02769
f0276e
f02773
f02778
f0277d
f02782
f02787
f0278c
f02791
f02796
f0279b
f0279f
f027a4
f027a9
f027ae
f027b3
f027b8
f027bd
f027c2
f027c7
f027cc
f027d1
f027d6
f027db
f027e0
f027e5
f027ea
f027ef
f027f4
f027f9
f027fe
f02802
f02807
f0280c
f02811
f02816
f0281b
f02820
f02825
f0282a
f0282f
f02834
f02839
f0283e
f02843
f02848
f0284d
f02852
f02857
f0285c
f02861
f02867
f0286c
f02871
f02876
f0287b
f02880
f02885
f0288a
f0288f
f02894
f02899
f0289e
f028a3
f028a8
f028ad
f028b2
f028b7
f028bc
f028c1
f028c6
f028cc
f028d1
f028d6
f028db
f028e0
f028e5
f028ea
f028ef
f028f4
f028f9
f028fe
f02903
f02909
f0290e
f02913
f02918
f0291d
f02922
f02927
f0292c
f02931
f02937
f0293c
f02941
f02946
f0294b
f02950
f02955
f0295b
f02960
f02965
f0296a
f0296f
f02974
f02979
f0297f
f02984
f02989
f0298e
f02993
f02998
f0299e
f029a3
f029a8
f029ad
f029b2
f029b8
f029bd
f029c2
f029c7
f029cc
f029d1
f029d7
f029dc
f029e1
f029e6
f029ec
f029f1
f029f6
f029fb
f02a00
f02a06
f02a0b
f02a10
f02a15
f02a1b
f02a20
f02a25
f02a2a
f02a30
f02a35
f02a3a
f02a3f
f02a45
f02a4a
f02a4f
f02a54
f02a5a
f02a5f
f02a64
f02a69
f02a6f
f02a74
f02a79
f02a7e
f02a84
f02a89
f02a8e
f02a94
f02a99
f02a9e
f02aa4
f02aa9
f02aae
f02ab3
f02ab9
f02abe
f02ac3
f02ac9
f02ace
f02ad3
f02ad9
f02ade
f02ae3
f02ae9
f02aee
f02af3
f02af9
f02afe
f02b03
f02b09
f02b0e
f02b13
f02b19
f02b1e
f02b24
f02b29
f02b2e
f02b34
f02b39
f02b3e
f02b44
f02b49
f02b4f
f02b54
f02b59
f02b5f
f02b64
f02b69
f02b6f
f02b74
f02b7a
f02b7f
f02b85
f02b8a
f02b8f
f02b95
f02b9a
f02ba0
f02ba5
f02baa
f02bb0
f02bb5
f02bbb
f02bc0
f02bc6
f02bcb
f02bd1
f02bd6
f02bdb
f02be1
f02be6
f02bec
f02bf1
f02bf7
f02bfc
f02c02
f02c07
f02c0d
f02c12
f02c18
f02c1d
f02c23
f02c28
f02c2d
f02c33
f02c38
f02c3e
f02c43
f02c49
f02c4f
f02c54
f02c5a
f02c5f
f02c65
f02c6a
f02c70
f02c75
f02c7b
f02c80
f02c86
f02c8b
f02c91
f02c96
f02c9c
f02ca1
f02ca7
f02cad
f02cb2
f02cb8
f02cbd
f02cc3
f02cc8
f02cce
f02cd3
f02cd9
f02cdf
f02ce4
f02cea
f02cef
f02cf5
f02cfb
f02d00
f02d06
f02d0b
f02d11
f02d17
f02d1c
f02d22
f02d27
f02d2d
f02d33
f02d38
f02d3e
f02d43
f02d49
f02d4f
f02d54
f02d5a
f02d60
f02d65
f02d6b
f02d71
f02d76
f02d7c
f02d82
f02d87
f02d8d
f02d93
f02d98
f02d9e
f02da4
f02da9
f02daf
f02db5
f02dba
f02dc0
f02dc6
f02dcb
f02dd1
f02dd7
f02ddc
f02de2
f02de8
f02ded
f02df3
f02df9
f02dff
f02e04
f02e0a
f02e10
f02e16
f02e1b
f02e21
f02e27
f02e2c
f02e32
f02e38
f02e3e
f02e43
f02e49
f02e4f
f02e55
f02e5a
f02e60
f02e66
f02e6c
f02e72
f02e77
f02e7d
f02e83
f02e89
f02e8e
f02e94
f02e9a
f02ea0
f02ea6
f02eab
f02eb1
f02eb7
f02ebd
f02ec3
f02ec8
f02ece
f02ed4
f02eda
f02ee0
f02ee6
f02eeb
f02ef1
f02ef7
f02efd
f02f03
f02f09
f02f0e
f02f14
f02f1a
f02f20
f02f26
f02f2c
f02f32
f02f37
f02f3d
f02f43
f02f49
f02f4f
f02f55
f02f5b
f02f61
f02f66
f02f6c
f02f72
f02f78
f02f7e
f02f84
f02f8a
f02f90
f02f96
f02f9c
f02fa1
f02fa7
f02fad
f02fb3
f02fb9
f02fbf
f02fc5
f02fcb
f02fd1
f02fd7
f02fdd
f02fe3
f02fe9
f02fef
f02ff5
f02ffb
f03001
f03007
f0300d
f03012
f03018
f0301e
f03024
f0302a
f03030
f03036
f0303c
f03042
f03048
f0304e
f03054
f0305a
f03060
f03066
f0306c
f03072
f03078
f0307e
f03085
f0308b
f03091
f03097
f0309d
f030a3
f030a9
f030af
f030b5
f030bb
f030c1
f030c7
f030cd
f030d3
f030d9
f030df
f030e5
f030eb
f030f1
f030f8
f030fe
f03104
f0310a
f03110
f03116
f0311c
f03122
f03128
f0312e
f03135
f0313b
f03141
f03147
f0314d
f03153
f03159
f0315f
f03166
f0316c
f03172
f03178
f0317e
f03184
f0318a
f03191
f03197
f0319d
f031a3
f031a9
f031af
f031b6
f031bc
f031c2
f031c8
f031ce
f031d5
f031db
f031e1
f031e7
f031ed
f031f4
f031fa
f03200
f03206
f0320c
f03213
f03219
f0321f
f03225
f0322b
f03232
f03238
f0323e
f03244
f0324b
f03251
f03257
f0325d
f03264
f0326a
f03270
f03276
f0327d
f03283
f03289
f03290
f03296
f0329c
f032a2
f032a9
f032af
f032b5
f032bc
f032c2
f032c8
f032cf
f032d5
f032db
f032e2
f032e8
f032ee
f032f4
f032fb
f03301
f03307
f0330e
f03314
f0331b
f03321
f03327
f0332e
f03334
f0333a
f03341
f03347
f0334d
f03354
f0335a
f03361
f03367
f0336d
f03374
f0337a
f03380
f03387
f0338d
f03394
f0339a
f033a1
f033a7
f033ad
f033b4
f033ba
f033c1
f033c7
f033cd
f033d4
f033da
f033e1
f033e7
f033ee
f033f4
f033fb
f03401
f03408
f0340e
f03414
f0341b
f03421
f03428
f0342e
f03435
f0343b
f03442
f03448
f0344f
f03455
f0345c
f03462
f03469
f0346f
f03476
f0347c
f03483
f03489
f03490
f03496
f0349d
f034a4
f034aa
f034b1
f034b7
f034be
f034c4
f034cb
f034d1
f034d8
f034de
f034e5
f034ec
f034f2
f034f9
f034ff
f03506
f0350d
f03513
f0351a
f03520
f03527
f0352d
f03534
f0353b
f03541
f03548
f0354f
f03555
f0355c
f03562
f03569
f03570
f03576
f0357d
f03584
f0358a
f03591
f03598
f0359e
f035a5
f035ac
f035b2
f035b9
f035c0
f035c6
f035cd
f035d4
f035da
f035e1
f035e8
f035ee
f035f5
f035fc
f03602
f03609
f03610
f03617
f0361d
f03624
f0362b
f03631
f03638
f0363f
f03646
f0364c
f03653
f0365a
f03661
f03667
f0366e
f03675
f0367c
f03682
f03689
f03690
f03697
f0369e
f036a4
f036ab
f036b2
f036b9
f036c0
f036c6
f036cd
f036d4
f036db
f036e2
f036e8
f036ef
f036f6
f036fd
f03704
f0370a
f03711
f03718
f0371f
f03726
f0372d
f03734
f0373a
f03741
f03748
f0374f
f03756
f0375d
f03764
f0376a
f03771
f03778
f0377f
f03786
f0378d
f03794
f0379b
f037a2
f037a9
f037af
f037b6
f037bd
f037c4
f037cb
f037d2
f037d9
f037e0
f037e7
f037ee
f037f5
f037fc
f03803
f0380a
f03811
f03818
f0381e
f03825
f0382c
f03833
f0383a
f03841
f03848
f0384f
f03856
f0385d
f03864
f0386b
f03872
f03879
f03880
f03887
f0388e
f03895
f0389c
f038a3
f038ab
f038b2
f038b9
f038c0
f038c7
f038ce
f038d5
f038dc
f038e3
f038ea
f038f1
f038f8
f038ff
f03906
f0390d
f03914
f0391b
f03923
f0392a
f03931
f03938
f0393f
f03946
f0394d
f03954
f0395b
f03963
f0396a
f03971
f03978
f0397f
f03986
f0398d
f03994
f0399c
f039a3
f039aa
f039b1
f039b8
f039bf
f039c7
f039ce
f039d5
f039dc
f039e3
f039eb
f039f2
f039f9
f03a00
f03a07
f03a0e
f03a16
f03a1d
f03a24
f03a2b
f03a33
f03a3a
f03a41
f03a48
f03a4f
f03a57
f03a5e
f03a65
f03a6c
f03a74
f03a7b
f03a82
f03a89
f03a91
f03a98
f03a9f
f03aa7
f03aae
f03ab5
f03abc
f03ac4
f03acb
f03ad2
f03ada
f03ae1
f03ae8
f03af0
f03af7
f03afe
f03b05
f03b0d
f03b14
f03b1b
f03b23
f03b2a
f03b32
f03b39
f03b40
f03b48
f03b4f
f03b56
f03b5e
f03b65
f03b6c
f03b74
f03b7b
f03b83
f03b8a
f03b91
f03b99
f03ba0
f03ba7
f03baf
f03bb6
f03bbe
f03bc5
f03bcd
f03bd4
f03bdb
f03be3
f03bea
f03bf2
f03bf9
f03c01
f03c08
f03c0f
f03c17
f03c1e
f03c26
f03c2d
f03c35
f03c3c
f03c44
f03c4b
f03c53
f03c5a
f03c62
f03c69
f03c71
f03c78
f03c80
f03c87
f03c8f
f03c96
f03c9e
f03ca5
f03cad
f03cb4
f03cbc
f03cc3
f03ccb
f03cd2
f03cda
f03ce2
f03ce9
f03cf1
f03cf8
f03d00
f03d07
f03d0f
f03d17
f03d1e
f03d26
f03d2d
f03d35
f03d3c
f03d44
f03d4c
f03d53
f03d5b
f03d62
f03d6a
f03d72
f03d79
f03d81
f03d89
f03d90
f03d98
f03da0
f03da7
f03daf
f03db6
f03dbe
f03dc6
f03dcd
f03dd5
f03ddd
f03de4
f03dec
f03df4
f03dfc
f03e03
f03e0b
f03e13
f03e1a
f03e22
f03e2a
f03e31
f03e39
f03e41
f03e49
f03e50
f03e58
f03e60
f03e68
f03e6f
f03e77
f03e7f
f03e87
f03e8e
f03e96
f03e9e
f03ea6
f03ead
f03eb5
f03ebd
f03ec5
f03ecd
f03ed4
f03edc
f03ee4
f03eec
f03ef3
f03efb
f03f03
f03f0b
f03f13
f03f1b
f03f22
f03f2a
f03f32
f03f3a
f03f42
f03f4a
f03f51
f03f59
f03f61
f03f69
f03f71
f03f79
f03f81
f03f89
f03f90
f03f98
f03fa0
f03fa8
f03fb0
f03fb8
f03fc0
f03fc8
f03fd0
f03fd8
f03fdf
f03fe7
f03fef
f03ff7
f03fff
f04007
f0400f
f04017
f0401f
f04027
f0402f
f04037
f0403f
f04047
f0404f
f04057
f0405f
f04067
f0406f
f04077
f0407f
f04087
f0408f
f04097
f0409f
f040a7
f040af
f040b7
f040bf
f040c7
f040cf
f040d7
f040df
f040e7
f040ef
f040f7
f040ff
f04107
f0410f
f04117
f0411f
f04127
f04130
f04138
f04140
f04148
f04150
f04158
f04160
f04168
f04170
f04178
f04181
f04189
f04191
f04199
f041a1
f041a9
f041b1
f041ba
f041c2
f041ca
f041d2
f041da
f041e2
f041ea
f041f3
f041fb
f04203
f0420b
f04213
f0421c
f04224
f0422c
f04234
f0423c
f04245
f0424d
f04255
f0425d
f04266
f0426e
f04276
f0427e
f04286
f0428f
f04297
f0429f
f042a8
f042b0
f042b8
f042c0
f042c9
f042d1
f042d9
f042e1
f042ea
f042f2
f042fa
f04303
f0430b
f04313
f0431c
f04324
f0432c
f04335
f0433d
f04345
f0434e
f04356
f0435e
f04367
f0436f
f04377
f04380
f04388
f04390
f04399
f043a1
f043aa
f043b2
f043ba
f043c3
f043cb
f043d4
f043dc
f043e4
f043ed
f043f5
f043fe
f04406
f0440f
f04417
f0441f
f04428
f04430
f04439
f04441
f0444a
f04452
f0445b
f04463
f0446c
f04474
f0447d
f04485
f0448e
f04496
f0449f
f044a7
f044b0
f044b8
f044c1
f044c9
f044d2
f044da
f044e3
f044eb
f044f4
f044fc
f04505
f0450d
f04516
f0451f
f04527
f04530
f04538
f04541
f0454a
f04552
f0455b
f04563
f0456c
f04574
f0457d
f04586
f0458e
f04597
f045a0
f045a8
f045b1
f045b9
f045c2
f045cb
f045d3
f045dc
f045e5
f045ed
f045f6
f045ff
f04607
f04610
f04619
f04621
f0462a
f04633
f0463c
f04644
f0464d
f04656
f0465e
f04667
f04670
f04679
f04681
f0468a
f04693
f0469c
f046a4
f046ad
f046b6
f046bf
f046c7
f046d0
f046d9
f046e2
f046ea
f046f3
f046fc
f04705
f0470e
f04716
f0471f
f04728
f04731
f0473a
f04743
f0474b
f04754
f0475d
f04766
f0476f
f04778
f04781
f04789
f04792
f0479b
f047a4
f047ad
f047b6
f047bf
f047c8
f047d0
f047d9
f047e2
f047eb
f047f4
f047fd
f04806
f0480f
f04818
f04821
f0482a
f04833
f0483b
f04844
f0484d
f04856
f0485f
f04868
f04871
f0487a
f04883
f0488c
f04895
f0489e
f048a7
f048b0
f048b9
f048c2
f048cb
f048d4
f048dd
f048e6
f048ef
f048f8
f04901
f0490a
f04914
f0491d
f04926
f0492f
f04938
f04941
f0494a
f04953
f0495c
f04965
f0496e
f04977
f04980
f0498a
f04993
f0499c
f049a5
f049ae
f049b7
f049c0
f049c9
f049d3
f049dc
f049e5
f049ee
f049f7
f04a00
f04a0a
f04a13
f04a1c
f04a25
f04a2e
f04a37
f04a41
f04a4a
f04a53
f04a5c
f04a65
f04a6f
f04a78
f04a81
f04a8a
f04a94
f04a9d
f04aa6
f04aaf
f04ab9
f04ac2
f04acb
f04ad4
f04ade
f04ae7
f04af0
f04af9
f04b03
f04b0c
f04b15
f04b1f
f04b28
f04b31
f04b3b
f04b44
f04b4d
f04b57
f04b60
f04b69
f04b73
f04b7c
f04b85
f04b8f
f04b98
f04ba1
f04bab
f04bb4
f04bbd
f04bc7
f04bd0
f04bda
f04be3
f04bec
f04bf6
f04bff
f04c09
f04c12
f04c1c
f04c25
f04c2e
f04c38
f04c41
f04c4b
f04c54
f04c5e
f04c67
f04c71
f04c7a
f04c83
f04c8d
f04c96
f04ca0
f04ca9
f04cb3
f04cbc
f04cc6
f04ccf
f04cd9
f04ce2
f04cec
f04cf5
f04cff
f04d09
f04d12
f04d1c
f04d25
f04d2f
f04d38
f04d42
f04d4b
f04d55
f04d5f
f04d68
f04d72
f04d7b
f04d85
f04d8f
f04d98
f04da2
f04dab
f04db5
f04dbf
f04dc8
f04dd2
f04ddc
f04de5
f04def
f04df8
f04e02
f04e0c
f04e15
f04e1f
f04e29
f04e32
f04e3c
f04e46
f04e50
f04e59
f04e63
f04e6d
f04e76
f04e80
f04e8a
f04e93
f04e9d
f04ea7
f04eb1
f04eba
f04ec4
f04ece
f04ed8
f04ee1
f04eeb
f04ef5
f04eff
f04f09
f04f12
f04f1c
f04f26
f04f30
f04f3a
f04f43
f04f4d
f04f57
f04f61
f04f6b
f04f74
f04f7e
f04f88
f04f92
f04f9c
f04fa6
f04fb0
f04fb9
f04fc3
f04fcd
f04fd7
f04fe1
f04feb
f04ff5
f04fff
f05009
f05012
f0501c
f05026
f05030
f0503a
f05044
f0504e
f05058
f05062
f0506c
f05076
f05080
f0508a
f05094
f0509e
f050a8
f050b2
f050bc
f050c6
f050d0
f050da
f050e4
f050ee
f050f8
f05102
f0510c
f05116
f05120
f0512a
f05134
f0513e
f05148
f05152
f0515c
f05166
f05170
f0517a
f05184
f0518f
f05199
f051a3
f051ad
f051b7
f051c1
f051cb
f051d5
f051df
f051ea
f051f4
f051fe
f05208
f05212
f0521c
f05226
f05231
f0523b
f05245
f0524f
f05259
f05264
f0526e
f05278
f05282
f0528c
f05297
f052a1
f052ab
f052b5
f052bf
f052ca
f052d4
f052de
f052e8
f052f3
f052fd
f05307
f05312
f0531c
f05326
f05330
f0533b
f05345
f0534f
f0535a
f05364
f0536e
f05379
f05383
f0538d
f05398
f053a2
f053ac
f053b7
f053c1
f053cb
f053d6
f053e0
f053ea
f053f5
f053ff
f0540a
f05414
f0541e
f05429
f05433
f0543e
f05448
f05453
f0545d
f05467
f05472
f0547c
f05487
f05491
f0549c
f054a6
f054b1
f054bb
f054c6
f054d0
f054db
f054e5
f054f0
f054fa
f05505
f0550f
f0551a
f05524
f0552f
f05539
f05544
f0554e
f05559
f05563
f0556e
f05579
f05583
f0558e
f05598
f055a3
f055ae
f055b8
f055c3
f055cd
f055d8
f055e3
f055ed
f055f8
f05602
f0560d
f05618
f05622
f0562d
f05638
f05642
f0564d
f05658
f05662
f0566d
f05678
f05683
f0568d
f05698
f056a3
f056ad
f056b8
f056c3
f056ce
f056d8
f056e3
f056ee
f056f9
f05703
f0570e
f05719
f05724
f0572e
f05739
f05744
f0574f
f0575a
f05764
f0576f
f0577a
f05785
f05790
f0579a
f057a5
f057b0
f057bb
f057c6
f057d1
f057dc
f057e6
f057f1
f057fc
f05807
f05812
f0581d
f05828
f05833
f0583e
f05848
f05853
f0585e
f05869
f05874
f0587f
f0588a
f05895
f058a0
f058ab
f058b6
f058c1
f058cc
f058d7
f058e2
f058ed
f058f8
f05903
f0590e
f05919
f05924
f0592f
f0593a
f05945
f05950
f0595b
f05966
f05971
f0597c
f05987
f05992
f0599d
f059a8
f059b4
f059bf
f059ca
f059d5
f059e0
f059eb
f059f6
f05a01
f05a0c
f05a18
f05a23
f05a2e
f05a39
f05a44
f05a4f
f05a5a
f05a66
f05a71
f05a7c
f05a87
f05a92
f05a9e
f05aa9
f05ab4
f05abf
f05aca
f05ad6
f05ae1
f05aec
f05af7
f05b03
f05b0e
f05b19
f05b24
f05b30
f05b3b
f05b46
f05b52
f05b5d
f05b68
f05b73
f05b7f
f05b8a
f05b95
f05ba1
f05bac
f05bb7
f05bc3
f05bce
f05bd9
f05be5
f05bf0
f05bfb
f05c07
f05c12
f05c1e
f05c29
f05c34
f05c40
f05c4b
f05c57
f05c62
f05c6d
f05c79
f05c84
f05c90
f05c9b
f05ca7
f05cb2
f05cbd
f05cc9
f05cd4
f05ce0
f05ceb
f05cf7
f05d02
f05d0e
f05d19
f05d25
f05d30
f05d3c
f05d47
f05d53
f05d5e
f05d6a
f05d76
f05d81
f05d8d
f05d98
f05da4
f05daf
f05dbb
f05dc7
f05dd2
f05dde
f05de9
f05df5
f05e01
f05e0c
f05e18
f05e23
f05e2f
f05e3b
f05e46
f05e52
f05e5e
f05e69
f05e75
f05e81
f05e8c
f05e98
f05ea4
f05eaf
f05ebb
f05ec7
f05ed3
f05ede
f05eea
f05ef6
f05f01
f05f0d
f05f19
f05f25
f05f30
f05f3c
f05f48
f05f54
f05f60
f05f6b
f05f77
f05f83
f05f8f
f05f9a
f05fa6
f05fb2
f05fbe
f05fca
f05fd6
f05fe1
f05fed
f05ff9
f06005
f06011
f0601d
f06029
f06035
f06040
f0604c
f06058
f06064
f06070
f0607c
f06088
f06094
f060a0
f060ac
f060b8
f060c4
f060cf
f060db
f060e7
f060f3
f060ff
f0610b
f06117
f06123
f0612f
f0613b
f06147
f06153
f0615f
f0616b
f06177
f06184
f06190
f0619c
f061a8
f061b4
f061c0
f061cc
f061d8
f061e4
f061f0
f061fc
f06208
f06214
f06221
f0622d
f06239
f06245
f06251
f0625d
f06269
f06276
f06282
f0628e
f0629a
f062a6
f062b2
f062bf
f062cb
f062d7
f062e3
f062ef
f062fc
f06308
f06314
f06320
f0632d
f06339
f06345
f06351
f0635e
f0636a
f06376
f06382
f0638f
f0639b
f063a7
f063b4
f063c0
f063cc
f063d9
f063e5
f063f1
f063fe
f0640a
f06416
f06423
f0642f
f0643b
f06448
f06454
f06461
f0646d
f06479
f06486
f06492
f0649f
f064ab
f064b7
f064c4
f064d0
f064dd
f064e9
f064f6
f06502
f0650f
f0651b
f06528
f06534
f06541
f0654d
f0655a
f06566
f06573
f0657f
f0658c
f06598
f065a5
f065b1
f065be
f065ca
f065d7
f065e4
f065f0
f065fd
f06609
f06616
f06623
f0662f
f0663c
f06648
f06655
f06662
f0666e
f0667b
f06688
f06694
f066a1
f066ae
f066ba
f066c7
f066d4
f066e0
f066ed
f066fa
f06707
f06713
f06720
f0672d
f06739
f06746
f06753
f06760
f0676c
f06779
f06786
f06793
f067a0
f067ac
f067b9
f067c6
f067d3
f067e0
f067ec
f067f9
f06806
f06813
f06820
f0682d
f06839
f06846
f06853
f06860
f0686d
f0687a
f06887
f06894
f068a1
f068ad
f068ba
f068c7
f068d4
f068e1
f068ee
f068fb
f06908
f06915
f06922
f0692f
f0693c
f06949
f06956
f06963
f06970
f0697d
f0698a
f06997
f069a4
f069b1
f069be
f069cb
f069d8
f069e5
f069f2
f069ff
f06a0c
f06a1a
f06a27
f06a34
f06a41
f06a4e
f06a5b
f06a68
f06a75
f06a82
f06a90
f06a9d
f06aaa
f06ab7
f06ac4
f06ad1
f06adf
f06aec
f06af9
f06b06
f06b13
f06b21
f06b2e
f06b3b
f06b48
f06b56
f06b63
f06b70
f06b7d
f06b8b
f06b98
f06ba5
f06bb2
f06bc0
f06bcd
f06bda
f06be8
f06bf5
f06c02
f06c10
f06c1d
f06c2a
f06c38
f06c45
f06c52
f06c60
f06c6d
f06c7a
f06c88
f06c95
f06ca3
f06cb0
f06cbd
f06ccb
f06cd8
f06ce6
f06cf3
f06d00
f06d0e
f06d1b
f06d29
f06d36
f06d44
f06d51
f06d5f
f06d6c
f06d7a
f06d87
f06d95
f06da2
f06db0
f06dbd
f06dcb
f06dd8
f06de6
f06df4
f06e01
f06e0f
f06e1c
f06e2a
f06e37
f06e45
f06e53
f06e60
f06e6e
f06e7b
f06e89
f06e97
f06ea4
f06eb2
f06ec0
f06ecd
f06edb
f06ee9
f06ef6
f06f04
f06f12
f06f1f
f06f2d
f06f3b
f06f49
f06f56
f06f64
f06f72
f06f7f
f06f8d
f06f9b
f06fa9
f06fb7
f06fc4
f06fd2
f06fe0
f06fee
f06ffb
f07009
f07017
f07025
f07033
f07041
f0704e
f0705c
f0706a
f07078
f07086
f07094
f070a2
f070b0
f070bd
f070cb
f070d9
f070e7
f070f5
f07103
f07111
f0711f
f0712d
f0713b
f07149
f07157
f07165
f07173
f07181
f0718f
f0719d
f071ab
f071b9
f071c7
f071d5
f071e3
f071f1
f071ff
f0720d
f0721b
f07229
f07237
f07245
f07253
f07261
f0726f
f0727e
f0728c
f0729a
f072a8
f072b6
f072c4
f072d2
f072e0
f072ef
f072fd
f0730b
f07319
f07327
f07336
f07344
f07352
f07360
f0736e
f0737d
f0738b
f07399
f073a7
f073b6
f073c4
f073d2
f073e0
f073ef
f073fd
f0740b
f0741a
f07428
f07436
f07445
f07453
f07461
f07470
f0747e
f0748c
f0749b
f074a9
f074b7
f074c6
f074d4
f074e3
f074f1
f074ff
f0750e
f0751c
f0752b
f07539
f07548
f07556
f07564
f07573
f07581
f07590
f0759e
f075ad
f075bb
f075ca
f075d8
f075e7
f075f5
f07604
f07613
f07621
f07630
f0763e
f0764d
f0765b
f0766a
f07679
f07687
f07696
f076a4
f076b3
f076c2
f076d0
f076df
f076ed
f076fc
f0770b
f07719
f07728
f07737
f07746
f07754
f07763
f07772
f07780
f0778f
f0779e
f077ad
f077bb
f077ca
f077d9
f077e8
f077f6
f07805
f07814
f07823
f07831
f07840
f0784f
f0785e
f0786d
f0787c
f0788a
f07899
f078a8
f078b7
f078c6
f078d5
f078e4
f078f3
f07901
f07910
f0791f
f0792e
f0793d
f0794c
f0795b
f0796a
f07979
f07988
f07997
f079a6
f079b5
f079c4
f079d3
f079e2
f079f1
f07a00
f07a0f
f07a1e
f07a2d
f07a3c
f07a4b
f07a5a
f07a69
f07a78
f07a87
f07a96
f07aa5
f07ab5
f07ac4
f07ad3
f07ae2
f07af1
f07b00
f07b0f
f07b1f
f07b2e
f07b3d
f07b4c
f07b5b
f07b6a
f07b7a
f07b89
f07b98
f07ba7
f07bb6
f07bc6
f07bd5
f07be4
f07bf3
f07c03
f07c12
f07c21
f07c31
f07c40
f07c4f
f07c5e
f07c6e
f07c7d
f07c8c
f07c9c
f07cab
f07cba
f07cca
f07cd9
f07ce9
f07cf8
f07d07
f07d17
f07d26
f07d35
f07d45
f07d54
f07d64
f07d73
f07d83
f07d92
f07da2
f07db1
f07dc0
f07dd0
f07ddf
f07def
f07dfe
f07e0e
f07e1d
f07e2d
f07e3d
f07e4c
f07e5c
f07e6b
f07e7b
f07e8a
f07e9a
f07ea9
f07eb9
f07ec9
f07ed8
f07ee8
f07ef8
f07f07
f07f17
f07f26
f07f36
f07f46
f07f55
f07f65
f07f75
f07f84
f07f94
f07fa4
f07fb4
f07fc3
f07fd3
f07fe3
f07ff2
f08002
f08012
f08022
f08031
f08041
f08051
f08061
f08071
f08080
f08090
f080a0
f080b0
f080c0
f080d0
f080df
f080ef
f080ff
f0810f
f0811f
f0812f
f0813f
f0814f
f0815f
f0816e
f0817e
f0818e
f0819e
f081ae
f081be
f081ce
f081de
f081ee
f081fe
f0820e
f0821e
f0822e
f0823e
f0824e
f0825e
f0826e
f0827e
f0828e
f0829e
f082ae
f082bf
f082cf
f082df
f082ef
f082ff
f0830f
f0831f
f0832f
f0833f
f08350
f08360
f08370
f08380
f08390
f083a0
f083b1
f083c1
f083d1
f083e1
f083f1
f08402
f08412
f08422
f08432
f08443
f08453
f08463
f08474
f08484
f08494
f084a4
f084b5
f084c5
f084d5
f084e6
f084f6
f08506
f08517
f08527
f08538
f08548
f08558
f08569
f08579
f0858a
f0859a
f085aa
f085bb
f085cb
f085dc
f085ec
f085fd
f0860d
f0861e
f0862e
f0863f
f0864f
f08660
f08670
f08681
f08691
f086a2
f086b2
f086c3
f086d3
f086e4
f086f5
f08705
f08716
f08726
f08737
f08748
f08758
f08769
f0877a
f0878a
f0879b
f087ac
f087bc
f087cd
f087de
f087ee
f087ff
f08810
f08821
f08831
f08842
f08853
f08864
f08874
f08885
f08896
f088a7
f088b7
f088c8
f088d9
f088ea
f088fb
f0890c
f0891c
f0892d
f0893e
f0894f
f08960
f08971
f08982
f08993
f089a4
f089b4
f089c5
f089d6
f089e7
f089f8
f08a09
f08a1a
f08a2b
f08a3c
f08a4d
f08a5e
f08a6f
f08a80
f08a91
f08aa2
f08ab3
f08ac4
f08ad5
f08ae6
f08af7
f08b09
f08b1a
f08b2b
f08b3c
f08b4d
f08b5e
f08b6f
f08b80
f08b91
f08ba3
f08bb4
f08bc5
f08bd6
f08be7
f08bf9
f08c0a
f08c1b
f08c2c
f08c3d
f08c4f
f08c60
f08c71
f08c82
f08c94
f08ca5
f08cb6
f08cc7
f08cd9
f08cea
f08cfb
f08d0d
f08d1e
f08d2f
f08d41
f08d52
f08d63
f08d75
f08d86
f08d98
f08da9
f08dba
f08dcc
f08ddd
f08def
f08e00
f08e12
f08e23
f08e34
f08e46
f08e57
f08e69
f08e7a
f08e8c
f08e9d
f08eaf
f08ec0
f08ed2
f08ee4
f08ef5
f08f07
f08f18
f08f2a
f08f3b
f08f4d
f08f5f
f08f70
f08f82
f08f93
f08fa5
f08fb7
f08fc8
f08fda
f08fec
f08ffd
f0900f
f09021
f09032
f09044
f09056
f09068
f09079
f0908b
f0909d
f090af
f090c0
f090d2
f090e4
f090f6
f09108
f09119
f0912b
f0913d
f0914f
f09161
f09173
f09184
f09196
f091a8
f091ba
f091cc
f091de
f091f0
f09202
f09214
f09226
f09238
f09249
f0925b
f0926d
f0927f
f09291
f092a3
f092b5
f092c7
f092d9
f092eb
f092fd
f09310
f09322
f09334
f09346
f09358
f0936a
f0937c
f0938e
f093a0
f093b2
f093c4
f093d7
f093e9
f093fb
f0940d
f0941f
f09431
f09444
f09456
f09468
f0947a
f0948d
f0949f
f094b1
f094c3
f094d6
f094e8
f094fa
f0950c
f0951f
f09531
f09543
f09556
f09568
f0957a
f0958d
f0959f
f095b1
f095c4
f095d6
f095e8
f095fb
f0960d
f09620
f09632
f09645
f09657
f09669
f0967c
f0968e
f096a1
f096b3
f096c6
f096d8
f096eb
f096fd
f09710
f09722
f09735
f09748
f0975a
f0976d
f0977f
f09792
f097a4
f097b7
f097ca
f097dc
f097ef
f09802
f09814
f09827
f0983a
f0984c
f0985f
f09872
f09884
f09897
f098aa
f098bd
f098cf
f098e2
f098f5
f09908
f0991a
f0992d
f09940
f09953
f09966
f09978
f0998b
f0999e
f099b1
f099c4
f099d7
f099e9
f099fc
f09a0f
f09a22
f09a35
f09a48
f09a5b
f09a6e
f09a81
f09a94
f09aa7
f09aba
f09acd
f09ae0
f09af3
f09b06
f09b19
f09b2c
f09b3f
f09b52
f09b65
f09b78
f09b8b
f09b9e
f09bb1
f09bc4
f09bd7
f09bea
f09bfe
f09c11
f09c24
f09c37
f09c4a
f09c5d
f09c70
f09c84
f09c97
f09caa
f09cbd
f09cd0
f09ce4
f09cf7
f09d0a
f09d1d
f09d31
f09d44
f09d57
f09d6b
f09d7e
f09d91
f09da4
f09db8
f09dcb
f09ddf
f09df2
f09e05
f09e19
f09e2c
f09e3f
f09e53
f09e66
f09e7a
f09e8d
f09ea0
f09eb4
f09ec7
f09edb
f09eee
f09f02
f09f15
f09f29
f09f3c
f09f50
f09f63
f09f77
f09f8a
f09f9e
f09fb2
f09fc5
f09fd9
f09fec
f0a000
f0a014
f0a027
f0a03b
f0a04e
f0a062
f0a076
f0a089
f0a09d
f0a0b1
f0a0c5
f0a0d8
f0a0ec
f0a100
f0a113
f0a127
f0a13b
f0a14f
f0a162
f0a176
f0a18a
f0a19e
f0a1b2
f0a1c5
f0a1d9
f0a1ed
f0a201
f0a215
f0a229
f0a23d
f0a250
f0a264
f0a278
f0a28c
f0a2a0
f0a2b4
f0a2c8
f0a2dc
f0a2f0
f0a304
f0a318
f0a32c
f0a340
f0a354
f0a368
f0a37c
f0a390
f0a3a4
f0a3b8
f0a3cc
f0a3e0
f0a3f4
f0a408
f0a41c
f0a430
f0a445
f0a459
f0a46d
f0a481
f0a495
f0a4a9
f0a4bd
f0a4d2
f0a4e6
f0a4fa
f0a50e
f0a522
f0a537
f0a54b
f0a55f
f0a573
f0a588
f0a59c
f0a5b0
f0a5c5
f0a5d9
f0a5ed
f0a601
f0a616
f0a62a
f0a63f
f0a653
f0a667
f0a67c
f0a690
f0a6a4
f0a6b9
f0a6cd
f0a6e2
f0a6f6
f0a70b
f0a71f
f0a734
f0a748
f0a75c
f0a771
f0a785
f0a79a
f0a7af
f0a7c3
f0a7d8
f0a7ec
f0a801
f0a815
f0a82a
f0a83e
f0a853
f0a868
f0a87c
f0a891
f0a8a6
f0a8ba
f0a8cf
f0a8e4
f0a8f8
f0a90d
f0a922
f0a936
f0a94b
f0a960
f0a975
f0a989
f0a99e
f0a9b3
f0a9c8
f0a9dc
f0a9f1
f0aa06
f0aa1b
f0aa30
f0aa44
f0aa59
f0aa6e
f0aa83
f0aa98
f0aaad
f0aac2
f0aad7
f0aaec
f0ab00
f0ab15
f0ab2a
f0ab3f
f0ab54
f0ab69
f0ab7e
f0ab93
f0aba8
f0abbd
f0abd2
f0abe7
f0abfc
f0ac11
f0ac26
f0ac3b
f0ac51
f0ac66
f0ac7b
f0ac90
f0aca5
f0acba
f0accf
f0ace4
f0acfa
f0ad0f
f0ad24
f0ad39
f0ad4e
f0ad64
f0ad79
f0ad8e
f0ada3
f0adb8
f0adce
f0ade3
f0adf8
f0ae0e
f0ae23
f0ae38
f0ae4d
f0ae63
f0ae78
f0ae8e
f0aea3
f0aeb8
f0aece
f0aee3
f0aef8
f0af0e
f0af23
f0af39
f0af4e
f0af64
f0af79
f0af8e
f0afa4
f0afb9
f0afcf
f0afe4
f0affa
f0b00f
f0b025
f0b03b
f0b050
f0b066
f0b07b
f0b091
f0b0a6
f0b0bc
f0b0d2
f0b0e7
f0b0fd
f0b113
f0b128
f0b13e
f0b154
f0b169
f0b17f
f0b195
f0b1aa
f0b1c0
f0b1d6
f0b1ec
f0b201
f0b217
f0b22d
f0b243
f0b259
f0b26e
f0b284
f0b29a
f0b2b0
f0b2c6
f0b2dc
f0b2f2
f0b307
f0b31d
f0b333
f0b349
f0b35f
f0b375
f0b38b
f0b3a1
f0b3b7
f0b3cd
f0b3e3
f0b3f9
f0b40f
f0b425
f0b43b
f0b451
f0b467
f0b47d
f0b493
f0b4a9
f0b4bf
f0b4d5
f0b4eb
f0b502
f0b518
f0b52e
f0b544
f0b55a
f0b570
f0b587
f0b59d
f0b5b3
f0b5c9
f0b5df
f0b5f6
f0b60c
f0b622
f0b638
f0b64f
f0b665
f0b67b
f0b692
f0b6a8
f0b6be
f0b6d5
f0b6eb
f0b701
f0b718
f0b72e
f0b744
f0b75b
f0b771
f0b788
f0b79e
f0b7b4
f0b7cb
f0b7e1
f0b7f8
f0b80e
f0b825
f0b83b
f0b852
f0b868
f0b87f
f0b895
f0b8ac
f0b8c3
f0b8d9
f0b8f0
f0b906
f0b91d
f0b934
f0b94a
f0b961
f0b978
f0b98e
f0b9a5
f0b9bc
f0b9d2
f0b9e9
f0ba00
f0ba16
f0ba2d
f0ba44
f0ba5b
f0ba71
f0ba88
f0ba9f
f0bab6
f0bacd
f0bae3
f0bafa
f0bb11
f0bb28
f0bb3f
f0bb56
f0bb6d
f0bb83
f0bb9a
f0bbb1
f0bbc8
f0bbdf
f0bbf6
f0bc0d
f0bc24
f0bc3b
f0bc52
f0bc69
f0bc80
f0bc97
f0bcae
f0bcc5
f0bcdc
f0bcf3
f0bd0a
f0bd21
f0bd39
f0bd50
f0bd67
f0bd7e
f0bd95
f0bdac
f0bdc3
f0bddb
f0bdf2
f0be09
f0be20
f0be37
f0be4f
f0be66
f0be7d
f0be94
f0beac
f0bec3
f0beda
f0bef2
f0bf09
f0bf20
f0bf38
f0bf4f
f0bf66
f0bf7e
f0bf95
f0bfac
f0bfc4
f0bfdb
f0bff3
f0c00a
f0c021
f0c039
f0c050
f0c068
f0c07f
f0c097
f0c0ae
f0c0c6
f0c0dd
f0c0f5
f0c10d
f0c124
f0c13c
f0c153
f0c16b
f0c183
f0c19a
f0c1b2
f0c1c9
f0c1e1
f0c1f9
f0c210
f0c228
f0c240
f0c258
f0c26f
f0c287
f0c29f
f0c2b6
f0c2ce
f0c2e6
f0c2fe
f0c316
f0c32d
f0c345
f0c35d
f0c375
f0c38d
f0c3a5
f0c3bd
f0c3d4
f0c3ec
f0c404
f0c41c
f0c434
f0c44c
f0c464
f0c47c
f0c494
f0c4ac
f0c4c4
f0c4dc
f0c4f4
f0c50c
f0c524
f0c53c
f0c554
f0c56c
f0c584
f0c59c
f0c5b4
f0c5cd
f0c5e5
f0c5fd
f0c615
f0c62d
f0c645
f0c65e
f0c676
f0c68e
f0c6a6
f0c6be
f0c6d7
f0c6ef
f0c707
f0c720
f0c738
f0c750
f0c768
f0c781
f0c799
f0c7b1
f0c7ca
f0c7e2
f0c7fb
f0c813
f0c82b
f0c844
f0c85c
f0c875
f0c88d
f0c8a6
f0c8be
f0c8d6
f0c8ef
f0c907
f0c920
f0c939
f0c951
f0c96a
f0c982
f0c99b
f0c9b3
f0c9cc
f0c9e5
f0c9fd
f0ca16
f0ca2e
f0ca47
f0ca60
f0ca78
f0ca91
f0caaa
f0cac3
f0cadb
f0caf4
f0cb0d
f0cb26
f0cb3e
f0cb57
f0cb70
f0cb89
f0cba1
f0cbba
f0cbd3
f0cbec
f0cc05
f0cc1e
f0cc37
f0cc50
f0cc68
f0cc81
f0cc9a
f0ccb3
f0cccc
f0cce5
f0ccfe
f0cd17
f0cd30
f0cd49
f0cd62
f0cd7b
f0cd94
f0cdad
f0cdc6
f0cddf
f0cdf9
f0ce12
f0ce2b
f0ce44
f0ce5d
f0ce76
f0ce8f
f0cea8
f0cec2
f0cedb
f0cef4
f0cf0d
f0cf27
f0cf40
f0cf59
f0cf72
f0cf8c
f0cfa5
f0cfbe
f0cfd7
f0cff1
f0d00a
f0d024
f0d03d
f0d056
f0d070
f0d089
f0d0a2
f0d0bc
f0d0d5
f0d0ef
f0d108
f0d122
f0d13b
f0d155
f0d16e
f0d188
f0d1a1
f0d1bb
f0d1d4
f0d1ee
f0d207
f0d221
f0d23b
f0d254
f0d26e
f0d287
f0d2a1
f0d2bb
f0d2d4
f0d2ee
f0d308
f0d322
f0d33b
f0d355
f0d36f
f0d388
f0d3a2
f0d3bc
f0d3d6
f0d3f0
f0d409
f0d423
f0d43d
f0d457
f0d471
f0d48b
f0d4a5
f0d4be
f0d4d8
f0d4f2
f0d50c
f0d526
f0d540
f0d55a
f0d574
f0d58e
f0d5a8
f0d5c2
f0d5dc
f0d5f6
f0d610
f0d62a
f0d644
f0d65e
f0d678
f0d693
f0d6ad
f0d6c7
f0d6e1
f0d6fb
f0d715
f0d730
f0d74a
f0d764
f0d77e
f0d798
f0d7b3
f0d7cd
f0d7e7
f0d801
f0d81c
f0d836
f0d850
f0d86b
f0d885
f0d89f
f0d8ba
f0d8d4
f0d8ef
f0d909
f0d923
f0d93e
f0d958
f0d973
f0d98d
f0d9a8
f0d9c2
f0d9dd
f0d9f7
f0da12
f0da2c
f0da47
f0da61
f0da7c
f0da96
f0dab1
f0dacc
f0dae6
f0db01
f0db1c
f0db36
f0db51
f0db6c
f0db86
f0dba1
f0dbbc
f0dbd7
f0dbf1
f0dc0c
f0dc27
f0dc42
f0dc5c
f0dc77
f0dc92
f0dcad
f0dcc8
f0dce3
f0dcfd
f0dd18
f0dd33
f0dd4e
f0dd69
f0dd84
f0dd9f
f0ddba
f0ddd5
f0ddf0
f0de0b
f0de26
f0de41
f0de5c
f0de77
f0de92
f0dead
f0dec8
f0dee3
f0defe
f0df19
f0df35
f0df50
f0df6b
f0df86
f0dfa1
f0dfbc
f0dfd8
f0dff3
f0e00e
f0e029
f0e045
f0e060
f0e07b
f0e097
f0e0b2
f0e0cd
f0e0e8
f0e104
f0e11f
f0e13b
f0e156
f0e171
f0e18d
f0e1a8
f0e1c4
f0e1df
f0e1fb
f0e216
f0e231
f0e24d
f0e269
f0e284
f0e2a0
f0e2bb
f0e2d7
f0e2f2
f0e30e
f0e329
f0e345
f0e361
f0e37c
f0e398
f0e3b4
f0e3cf
f0e3eb
f0e407
f0e422
f0e43e
f0e45a
f0e476
f0e491
f0e4ad
f0e4c9
f0e4e5
f0e501
f0e51c
f0e538
f0e554
f0e570
f0e58c
f0e5a8
f0e5c4
f0e5e0
f0e5fc
f0e618
f0e633
f0e64f
f0e66b
f0e687
f0e6a3
f0e6bf
f0e6dc
f0e6f8
f0e714
f0e730
f0e74c
f0e768
f0e784
f0e7a0
f0e7bc
f0e7d8
f0e7f5
f0e811
f0e82d
f0e849
f0e865
f0e882
f0e89e
f0e8ba
f0e8d6
f0e8f3
f0e90f
f0e92b
f0e948
f0e964
f0e980
f0e99d
f0e9b9
f0e9d5
f0e9f2
f0ea0e
f0ea2b
f0ea47
f0ea64
f0ea80
f0ea9d
f0eab9
f0ead6
f0eaf2
f0eb0f
f0eb2b
f0eb48
f0eb64
f0eb81
f0eb9d
f0ebba
f0ebd7
f0ebf3
f0ec10
f0ec2d
f0ec49
f0ec66
f0ec83
f0ec9f
f0ecbc
f0ecd9
f0ecf6
f0ed12
f0ed2f
f0ed4c
f0ed69
f0ed86
f0eda2
f0edbf
f0eddc
f0edf9
f0ee16
f0ee33
f0ee50
f0ee6d
f0ee8a
f0eea7
f0eec4
f0eee1
f0eefe
f0ef1b
f0ef38
f0ef55
f0ef72
f0ef8f
f0efac
f0efc9
f0efe6
f0f003
f0f020
f0f03d
f0f05b
f0f078
f0f095
f0f0b2
f0f0cf
f0f0ec
f0f10a
f0f127
f0f144
f0f162
f0f17f
f0f19c
f0f1b9
f0f1d7
f0f1f4
f0f211
f0f22f
f0f24c
f0f26a
f0f287
f0f2a4
f0f2c2
f0f2df
f0f2fd
f0f31a
f0f338
f0f355
f0f373
f0f390
f0f3ae
f0f3cb
f0f3e9
f0f407
f0f424
f0f442
f0f45f
f0f47d
f0f49b
f0f4b8
f0f4d6
f0f4f4
f0f512
f0f52f
f0f54d
f0f56b
f0f588
f0f5a6
f0f5c4
f0f5e2
f0f600
f0f61e
f0f63b
f0f659
f0f677
f0f695
f0f6b3
f0f6d1
f0f6ef
f0f70d
f0f72b
f0f749
f0f767
f0f785
f0f7a3
f0f7c1
f0f7df
f0f7fd
f0f81b
f0f839
f0f857
f0f875
f0f893
f0f8b1
f0f8cf
f0f8ee
f0f90c
f0f92a
f0f948
f0f966
f0f985
f0f9a3
f0f9c1
f0f9df
f0f9fe
f0fa1c
f0fa3a
f0fa59
f0fa77
f0fa95
f0fab4
f0fad2
f0faf1
f0fb0f
f0fb2d
f0fb4c
f0fb6a
f0fb89
f0fba7
f0fbc6
f0fbe4
f0fc03
f0fc21
f0fc40
f0fc5e
f0fc7d
f0fc9c
f0fcba
f0fcd9
f0fcf7
f0fd16
f0fd35
f0fd53
f0fd72
f0fd91
f0fdb0
f0fdce
f0fded
f0fe0c
f0fe2b
f0fe49
f0fe68
f0fe87
f0fea6
f0fec5
f0fee4
f0ff02
f0ff21
f0ff40
f0ff5f
f0ff7e
f0ff9d
f0ffbc
f0ffdb
f0fffa
f10019
f10038
f10057
f10076
f10095
f100b4
f100d3
f100f2
f10112
f10131
f10150
f1016f
f1018e
f101ad
f101cd
f101ec
f1020b
f1022a
f10249
f10269
f10288
f102a7
f102c7
f102e6
f10305
f10325
f10344
f10363
f10383
f103a2
f103c2
f103e1
f10401
f10420
f10440
f1045f
f1047f
f1049e
f104be
f104dd
f104fd
f1051c
f1053c
f1055c
f1057b
f1059b
f105bb
f105da
f105fa
f1061a
f10639
f10659
f10679
f10699
f106b8
f106d8
f106f8
f10718
f10738
f10758
f10777
f10797
f107b7
f107d7
f107f7
f10817
f10837
f10857
f10877
f10897
f108b7
f108d7
f108f7
f10917
f10937
f10957
f10977
f10997
f109b8
f109d8
f109f8
f10a18
f10a38
f10a58
f10a79
f10a99
f10ab9
f10ad9
f10afa
f10b1a
f10b3a
f10b5b
f10b7b
f10b9b
f10bbc
f10bdc
f10bfc
f10c1d
f10c3d
f10c5e
f10c7e
f10c9f
f10cbf
f10ce0
f10d00
f10d21
f10d41
f10d62
f10d82
f10da3
f10dc3
f10de4
f10e05
f10e25
f10e46
f10e67
f10e87
f10ea8
f10ec9
f10eea
f10f0a
f10f2b
f10f4c
f10f6d
f10f8d
f10fae
f10fcf
f10ff0
f11011
f11032
f11053
f11074
f11095
f110b5
f110d6
f110f7
f11118
f11139
f1115a
f1117b
f1119d
f111be
f111df
f11200
f11221
f11242
f11263
f11284
f112a5
f112c7
f112e8
f11309
f1132a
f1134c
f1136d
f1138e
f113af
f113d1
f113f2
f11413
f11435
f11456
f11477
f11499
f114ba
f114dc
f114fd
f1151f
f11540
f11562
f11583
f115a5
f115c6
f115e8
f11609
f1162b
f1164c
f1166e
f11690
f116b1
f116d3
f116f5
f11716
f11738
f1175a
f1177c
f1179d
f117bf
f117e1
f11803
f11824
f11846
f11868
f1188a
f118ac
f118ce
f118f0
f11912
f11933
f11955
f11977
f11999
f119bb
f119dd
f119ff
f11a21
f11a44
f11a66
f11a88
f11aaa
f11acc
f11aee
f11b10
f11b32
f11b55
f11b77
f11b99
f11bbb
f11bdd
f11c00
f11c22
f11c44
f11c67
f11c89
f11cab
f11cce
f11cf0
f11d12
f11d35
f11d57
f11d7a
f11d9c
f11dbf
f11de1
f11e03
f11e26
f11e49
f11e6b
f11e8e
f11eb0
f11ed3
f11ef5
f11f18
f11f3b
f11f5d
f11f80
f11fa3
f11fc5
f11fe8
f1200b
f1202e
f12050
f12073
f12096
f120b9
f120dc
f120fe
f12121
f12144
f12167
f1218a
f121ad
f121d0
f121f3
f12216
f12239
f1225c
f1227f
f122a2
f122c5
f122e8
f1230b
f1232e
f12351
f12374
f12397
f123bb
f123de
f12401
f12424
f12447
f1246b
f1248e
f124b1
f124d4
f124f8
f1251b
f1253e
f12562
f12585
f125a8
f125cc
f125ef
f12613
f12636
f1265a
f1267d
f126a1
f126c4
f126e8
f1270b
f1272f
f12752
f12776
f1279a
f127bd
f127e1
f12804
f12828
f1284c
f12870
f12893
f128b7
f128db
f128fe
f12922
f12946
f1296a
f1298e
f129b2
f129d5
f129f9
f12a1d
f12a41
f12a65
f12a89
f12aad
f12ad1
f12af5
f12b19
f12b3d
f12b61
f12b85
f12ba9
f12bcd
f12bf1
f12c16
f12c3a
f12c5e
f12c82
f12ca6
f12cca
f12cef
f12d13
f12d37
f12d5b
f12d80
f12da4
f12dc8
f12ded
f12e11
f12e35
f12e5a
f12e7e
f12ea3
f12ec7
f12eec
f12f10
f12f35
f12f59
f12f7e
f12fa2
f12fc7
f12feb
f13010
f13034
f13059
f1307e
f130a2
f130c7
f130ec
f13110
f13135
f1315a
f1317f
f131a3
f131c8
f131ed
f13212
f13237
f1325b
f13280
f132a5
f132ca
f132ef
f13314
f13339
f1335e
f13383
f133a8
f133cd
f133f2
f13417
f1343c
f13461
f13486
f134ab
f134d1
f134f6
f1351b
f13540
f13565
f1358a
f135b0
f135d5
f135fa
f13620
f13645
f1366a
f13690
f136b5
f136da
f13700
f13725
f1374a
f13770
f13795
f137bb
f137e0
f13806
f1382b
f13851
f13876
f1389c
f138c2
f138e7
f1390d
f13933
f13958
f1397e
f139a4
f139c9
f139ef
f13a15
f13a3b
f13a60
f13a86
f13aac
f13ad2
f13af8
f13b1d
f13b43
f13b69
f13b8f
f13bb5
f13bdb
f13c01
f13c27
f13c4d
f13c73
f13c99
f13cbf
f13ce5
f13d0b
f13d31
f13d57
f13d7e
f13da4
f13dca
f13df0
f13e16
f13e3d
f13e63
f13e89
f13eaf
f13ed6
f13efc
f13f22
f13f49
f13f6f
f13f95
f13fbc
f13fe2
f14009
f1402f
f14056
f1407c
f140a3
f140c9
f140f0
f14116
f1413d
f14163
f1418a
f141b1
f141d7
f141fe
f14225
f1424b
f14272
f14299
f142bf
f142e6
f1430d
f14334
f1435b
f14381
f143a8
f143cf
f143f6
f1441d
f14444
f1446b
f14492
f144b9
f144e0
f14507
f1452e
f14555
f1457c
f145a3
f145ca
f145f1
f14618
f1463f
f14667
f1468e
f146b5
f146dc
f14703
f1472b
f14752
f14779
f147a0
f147c8
f147ef
f14817
f1483e
f14865
f1488d
f148b4
f148dc
f14903
f1492b
f14952
f1497a
f149a1
f149c9
f149f0
f14a18
f14a3f
f14a67
f14a8f
f14ab6
f14ade
f14b06
f14b2d
f14b55
f14b7d
f14ba5
f14bcc
f14bf4
f14c1c
f14c44
f14c6c
f14c94
f14cbc
f14ce3
f14d0b
f14d33
f14d5b
f14d83
f14dab
f14dd3
f14dfb
f14e23
f14e4b
f14e74
f14e9c
f14ec4
f14eec
f14f14
f14f3c
f14f64
f14f8d
f14fb5
f14fdd
f15005
f1502e
f15056
f1507e
f150a7
f150cf
f150f7
f15120
f15148
f15171
f15199
f151c2
f151ea
f15213
f1523b
f15264
f1528c
f152b5
f152dd
f15306
f1532f
f15357
f15380
f153a9
f153d1
f153fa
f15423
f1544c
f15474
f1549d
f154c6
f154ef
f15518
f15541
f15569
f15592
f155bb
f155e4
f1560d
f15636
f1565f
f15688
f156b1
f156da
f15703
f1572c
f15756
f1577f
f157a8
f157d1
f157fa
f15823
f1584d
f15876
f1589f
f158c8
f158f2
f1591b
f15944
f1596e
f15997
f159c0
f159ea
f15a13
f15a3d
f15a66
f15a90
f15ab9
f15ae3
f15b0c
f15b36
f15b5f
f15b89
f15bb2
f15bdc
f15c06
f15c2f
f15c59
f15c83
f15cad
f15cd6
f15d00
f15d2a
f15d54
f15d7d
f15da7
f15dd1
f15dfb
f15e25
f15e4f
f15e79
f15ea3
f15ecd
f15ef7
f15f21
f15f4b
f15f75
f15f9f
f15fc9
f15ff3
f1601d
f16047
f16071
f1609b
f160c6
f160f0
f1611a
f16144
f1616f
f16199
f161c3
f161ed
f16218
f16242
f1626d
f16297
f162c1
f162ec
f16316
f16341
f1636b
f16396
f163c0
f163eb
f16415
f16440
f1646b
f16495
f164c0
f164ea
f16515
f16540
f1656b
f16595
f165c0
f165eb
f16616
f16640
f1666b
f16696
f166c1
f166ec
f16717
f16742
f1676d
f16798
f167c3
f167ee
f16819
f16844
f1686f
f1689a
f168c5
f168f0
f1691b
f16946
f16971
f1699d
f169c8
f169f3
f16a1e
f16a4a
f16a75
f16aa0
f16acc
f16af7
f16b22
f16b4e
f16b79
f16ba5
f16bd0
f16bfb
f16c27
f16c52
f16c7e
f16caa
f16cd5
f16d01
f16d2c
f16d58
f16d84
f16daf
f16ddb
f16e07
f16e32
f16e5e
f16e8a
f16eb6
f16ee1
f16f0d
f16f39
f16f65
f16f91
f16fbd
f16fe9
f17014
f17040
f1706c
f17098
f170c4
f170f0
f1711c
f17149
f17175
f171a1
f171cd
f171f9
f17225
f17251
f1727e
f172aa
f172d6
f17302
f1732f
f1735b
f17387
f173b4
f173e0
f1740c
f17439
f17465
f17492
f174be
f174eb
f17517
f17544
f17570
f1759d
f175c9
f175f6
f17622
f1764f
f1767c
f176a8
f176d5
f17702
f1772f
f1775b
f17788
f177b5
f177e2
f1780f
f1783b
f17868
f17895
f178c2
f178ef
f1791c
f17949
f17976
f179a3
f179d0
f179fd
f17a2a
f17a57
f17a84
f17ab2
f17adf
f17b0c
f17b39
f17b66
f17b94
f17bc1
f17bee
f17c1b
f17c49
f17c76
f17ca3
f17cd1
f17cfe
f17d2c
f17d59
f17d87
f17db4
f17de2
f17e0f
f17e3d
f17e6a
f17e98
f17ec5
f17ef3
f17f21
f17f4e
f17f7c
f17faa
f17fd7
f18005
f18033
f18061
f1808e
f180bc
f180ea
f18118
f18146
f18174
f181a2
f181d0
f181fe
f1822c
f1825a
f18288
f182b6
f182e4
f18312
f18340
f1836e
f1839c
f183ca
f183f9
f18427
f18455
f18483
f184b2
f184e0
f1850e
f1853c
f1856b
f18599
f185c8
f185f6
f18624
f18653
f18681
f186b0
f186de
f1870d
f1873b
f1876a
f18799
f187c7
f187f6
f18825
f18853
f18882
f188b1
f188df
f1890e
f1893d
f1896c
f1899b
f189c9
f189f8
f18a27
f18a56
f18a85
f18ab4
f18ae3
f18b12
f18b41
f18b70
f18b9f
f18bce
f18bfd
f18c2c
f18c5b
f18c8b
f18cba
f18ce9
f18d18
f18d47
f18d77
f18da6
f18dd5
f18e05
f18e34
f18e63
f18e93
f18ec2
f18ef2
f18f21
f18f51
f18f80
f18fb0
f18fdf
f1900f
f1903e
f1906e
f1909d
f190cd
f190fd
f1912c
f1915c
f1918c
f191bc
f191eb
f1921b
f1924b
f1927b
f192ab
f192da
f1930a
f1933a
f1936a
f1939a
f193ca
f193fa
f1942a
f1945a
f1948a
f194ba
f194ea
f1951b
f1954b
f1957b
f195ab
f195db
f1960b
f1963c
f1966c
f1969c
f196cd
f196fd
f1972d
f1975e
f1978e
f197be
f197ef
f1981f
f19850
f19880
f198b1
f198e1
f19912
f19943
f19973
f199a4
f199d5
f19a05
f19a36
f19a67
f19a97
f19ac8
f19af9
f19b2a
f19b5b
f19b8b
f19bbc
f19bed
f19c1e
f19c4f
f19c80
f19cb1
f19ce2
f19d13
f19d44
f19d75
f19da6
f19dd7
f19e08
f19e3a
f19e6b
f19e9c
f19ecd
f19efe
f19f30
f19f61
f19f92
f19fc3
f19ff5
f1a026
f1a058
f1a089
f1a0ba
f1a0ec
f1a11d
f1a14f
f1a180
f1a1b2
f1a1e3
f1a215
f1a247
f1a278
f1a2aa
f1a2dc
f1a30d
f1a33f
f1a371
f1a3a2
f1a3d4
f1a406
f1a438
f1a46a
f1a49c
f1a4cd
f1a4ff
f1a531
f1a563
f1a595
f1a5c7
f1a5f9
f1a62b
f1a65d
f1a68f
f1a6c2
f1a6f4
f1a726
f1a758
f1a78a
f1a7bc
f1a7ef
f1a821
f1a853
f1a885
f1a8b8
f1a8ea
f1a91d
f1a94f
f1a981
f1a9b4
f1a9e6
f1aa19
f1aa4b
f1aa7e
f1aab0
f1aae3
f1ab15
f1ab48
f1ab7b
f1abad
f1abe0
f1ac13
f1ac45
f1ac78
f1acab
f1acde
f1ad11
f1ad43
f1ad76
f1ada9
f1addc
f1ae0f
f1ae42
f1ae75
f1aea8
f1aedb
f1af0e
f1af41
f1af74
f1afa7
f1afda
f1b00d
f1b041
f1b074
f1b0a7
f1b0da
f1b10e
f1b141
f1b174
f1b1a7
f1b1db
f1b20e
f1b242
f1b275
f1b2a8
f1b2dc
f1b30f
f1b343
f1b376
f1b3aa
f1b3de
f1b411
f1b445
f1b478
f1b4ac
f1b4e0
f1b513
f1b547
f1b57b
f1b5af
f1b5e2
f1b616
f1b64a
f1b67e
f1b6b2
f1b6e6
f1b71a
f1b74e
f1b782
f1b7b6
f1b7ea
f1b81e
f1b852
f1b886
f1b8ba
f1b8ee
f1b922
f1b957
f1b98b
f1b9bf
f1b9f3
f1ba27
f1ba5c
f1ba90
f1bac4
f1baf9
f1bb2d
f1bb62
f1bb96
f1bbca
f1bbff
f1bc33
f1bc68
f1bc9d
f1bcd1
f1bd06
f1bd3a
f1bd6f
f1bda4
f1bdd8
f1be0d
f1be42
f1be77
f1beab
f1bee0
f1bf15
f1bf4a
f1bf7f
f1bfb4
f1bfe8
f1c01d
f1c052
f1c087
f1c0bc
f1c0f1
f1c126
f1c15c
f1c191
f1c1c6
f1c1fb
f1c230
f1c265
f1c29a
f1c2d0
f1c305
f1c33a
f1c370
f1c3a5
f1c3da
f1c410
f1c445
f1c47a
f1c4b0
f1c4e5
f1c51b
f1c550
f1c586
f1c5bb
f1c5f1
f1c627
f1c65c
f1c692
f1c6c8
f1c6fd
f1c733
f1c769
f1c79f
f1c7d4
f1c80a
f1c840
f1c876
f1c8ac
f1c8e2
f1c918
f1c94e
f1c984
f1c9ba
f1c9f0
f1ca26
f1ca5c
f1ca92
f1cac8
f1cafe
f1cb34
f1cb6b
f1cba1
f1cbd7
f1cc0d
f1cc44
f1cc7a
f1ccb0
f1cce7
f1cd1d
f1cd53
f1cd8a
f1cdc0
f1cdf7
f1ce2d
f1ce64
f1ce9a
f1ced1
f1cf07
f1cf3e
f1cf75
f1cfab
f1cfe2
f1d019
f1d04f
f1d086
f1d0bd
f1d0f4
f1d12b
f1d162
f1d198
f1d1cf
f1d206
f1d23d
f1d274
f1d2ab
f1d2e2
f1d319
f1d350
f1d387
f1d3bf
f1d3f6
f1d42d
f1d464
f1d49b
f1d4d2
f1d50a
f1d541
f1d578
f1d5b0
f1d5e7
f1d61e
f1d656
f1d68d
f1d6c5
f1d6fc
f1d734
f1d76b
f1d7a3
f1d7da
f1d812
f1d84a
f1d881
f1d8b9
f1d8f1
f1d928
f1d960
f1d998
f1d9d0
f1da07
f1da3f
f1da77
f1daaf
f1dae7
f1db1f
f1db57
f1db8f
f1dbc7
f1dbff
f1dc37
f1dc6f
f1dca7
f1dcdf
f1dd17
f1dd4f
f1dd88
f1ddc0
f1ddf8
f1de30
f1de69
f1dea1
f1ded9
f1df12
f1df4a
f1df83
f1dfbb
f1dff3
f1e02c
f1e064
f1e09d
f1e0d6
f1e10e
f1e147
f1e17f
f1e1b8
f1e1f1
f1e229
f1e262
f1e29b
f1e2d4
f1e30d
f1e345
f1e37e
f1e3b7
f1e3f0
f1e429
f1e462
f1e49b
f1e4d4
f1e50d
f1e546
f1e57f
f1e5b8
f1e5f1
f1e62a
f1e664
f1e69d
f1e6d6
f1e70f
f1e749
f1e782
f1e7bb
f1e7f5
f1e82e
f1e867
f1e8a1
f1e8da
f1e914
f1e94d
f1e987
f1e9c0
f1e9fa
f1ea33
f1ea6d
f1eaa7
f1eae0
f1eb1a
f1eb54
f1eb8d
f1ebc7
f1ec01
f1ec3b
f1ec75
f1ecaf
f1ece8
f1ed22
f1ed5c
f1ed96
f1edd0
f1ee0a
f1ee44
f1ee7e
f1eeb8
f1eef3
f1ef2d
f1ef67
f1efa1
f1efdb
f1f016
f1f050
f1f08a
f1f0c4
f1f0ff
f1f139
f1f174
f1f1ae
f1f1e8
f1f223
f1f25d
f1f298
f1f2d2
f1f30d
f1f348
f1f382
f1f3bd
f1f3f8
f1f432
f1f46d
f1f4a8
f1f4e2
f1f51d
f1f558
f1f593
f1f5ce
f1f609
f1f644
f1f67f
f1f6ba
f1f6f5
f1f730
f1f76b
f1f7a6
f1f7e1
f1f81c
f1f857
f1f892
f1f8cd
f1f909
f1f944
f1f97f
f1f9ba
f1f9f6
f1fa31
f1fa6d
f1faa8
f1fae3
f1fb1f
f1fb5a
f1fb96
f1fbd1
f1fc0d
f1fc48
f1fc84
f1fcc0
f1fcfb
f1fd37
f1fd73
f1fdae
f1fdea
f1fe26
f1fe62
f1fe9e
f1feda
f1ff15
f1ff51
f1ff8d
f1ffc9
f20005
f20041
f2007d
f200b9
f200f5
f20132
f2016e
f201aa
f201e6
f20222
f2025f
f2029b
f202d7
f20313
f20350
f2038c
f203c9
f20405
f20441
f2047e
f204ba
f204f7
f20533
f20570
f205ad
f205e9
f20626
f20663
f2069f
f206dc
f20719
f20756
f20792
f207cf
f2080c
f20849
f20886
f208c3
f20900
f2093d
f2097a
f209b7
f209f4
f20a31
f20a6e
f20aab
f20ae9
f20b26
f20b63
f20ba0
f20bde
f20c1b
f20c58
f20c96
f20cd3
f20d10
f20d4e
f20d8b
f20dc9
f20e06
f20e44
f20e81
f20ebf
f20efd
f20f3a
f20f78
f20fb6
f20ff3
f21031
f2106f
f210ad
f210eb
f21128
f21166
f211a4
f211e2
f21220
f2125e
f2129c
f212da
f21318
f21356
f21394
f213d3
f21411
f2144f
f2148d
f214cb
f2150a
f21548
f21586
f215c5
f21603
f21642
f21680
f216be
f216fd
f2173b
f2177a
f217b9
f217f7
f21836
f21874
f218b3
f218f2
f21931
f2196f
f219ae
f219ed
f21a2c
f21a6b
f21aaa
f21ae8
f21b27
f21b66
f21ba5
f21be4
f21c23
f21c63
f21ca2
f21ce1
f21d20
f21d5f
f21d9e
f21dde
f21e1d
f21e5c
f21e9b
f21edb
f21f1a
f21f5a
f21f99
f21fd8
f22018
f22057
f22097
f220d7
f22116
f22156
f22195
f221d5
f22215
f22254
f22294
f222d4
f22314
f22354
f22393
f223d3
f22413
f22453
f22493
f224d3
f22513
f22553
f22593
f225d3
f22614
f22654
f22694
f226d4
f22714
f22755
f22795
f227d5
f22816
f22856
f22896
f228d7
f22917
f22958
f22998
f229d9
f22a19
f22a5a
f22a9a
f22adb
f22b1c
f22b5d
f22b9d
f22bde
f22c1f
f22c60
f22ca0
f22ce1
f22d22
f22d63
f22da4
f22de5
f22e26
f22e67
f22ea8
f22ee9
f22f2a
f22f6b
f22fad
f22fee
f2302f
f23070
f230b2
f230f3
f23134
f23176
f231b7
f231f8
f2323a
f2327b
f232bd
f232fe
f23340
f23381
f233c3
f23405
f23446
f23488
f234ca
f2350b
f2354d
f2358f
f235d1
f23613
f23655
f23697
f236d8
f2371a
f2375c
f2379e
f237e0
f23823
f23865
f238a7
f238e9
f2392b
f2396d
f239b0
f239f2
f23a34
f23a77
f23ab9
f23afb
f23b3e
f23b80
f23bc3
f23c05
f23c48
f23c8a
f23ccd
f23d0f
f23d52
f23d95
f23dd7
f23e1a
f23e5d
f23ea0
f23ee2
f23f25
f23f68
f23fab
f23fee
f24031
f24074
f240b7
f240fa
f2413d
f24180
f241c3
f24206
f24249
f2428d
f242d0
f24313
f24356
f2439a
f243dd
f24420
f24464
f244a7
f244eb
f2452e
f24572
f245b5
f245f9
f2463c
f24680
f246c4
f24707
f2474b
f2478f
f247d2
f24816
f2485a
f2489e
f248e2
f24926
f2496a
f249ae
f249f2
f24a36
f24a7a
f24abe
f24b02
f24b46
f24b8a
f24bce
f24c13
f24c57
f24c9b
f24cdf
f24d24
f24d68
f24dac
f24df1
f24e35
f24e7a
f24ebe
f24f03
f24f47
f24f8c
f24fd1
f25015
f2505a
f2509f
f250e3
f25128
f2516d
f251b2
f251f7
f2523b
f25280
f252c5
f2530a
f2534f
f25394
f253d9
f2541e
f25463
f254a9
f254ee
f25533
f25578
f255bd
f25603
f25648
f2568d
f256d3
f25718
f2575e
f257a3
f257e8
f2582e
f25874
f258b9
f258ff
f25944
f2598a
f259d0
f25a15
f25a5b
f25aa1
f25ae7
f25b2d
f25b72
f25bb8
f25bfe
f25c44
f25c8a
f25cd0
f25d16
f25d5c
f25da2
f25de8
f25e2f
f25e75
f25ebb
f25f01
f25f47
f25f8e
f25fd4
f2601a
f26061
f260a7
f260ee
f26134
f2617b
f261c1
f26208
f2624e
f26295
f262dc
f26322
f26369
f263b0
f263f7
f2643d
f26484
f264cb
f26512
f26559
f265a0
f265e7
f2662e
f26675
f266bc
f26703
f2674a
f26791
f267d8
f26820
f26867
f268ae
f268f5
f2693d
f26984
f269cb
f26a13
f26a5a
f26aa2
f26ae9
f26b31
f26b78
f26bc0
f26c08
f26c4f
f26c97
f26cdf
f26d26
f26d6e
f26db6
f26dfe
f26e46
f26e8e
f26ed5
f26f1d
f26f65
f26fad
f26ff5
f2703d
f27086
f270ce
f27116
f2715e
f271a6
f271ef
f27237
f2727f
f272c7
f27310
f27358
f273a1
f273e9
f27432
f2747a
f274c3
f2750b
f27554
f2759c
f275e5
f2762e
f27677
f276bf
f27708
f27751
f2779a
f277e3
f2782c
f27875
f278bd
f27906
f27950
f27999
f279e2
f27a2b
f27a74
f27abd
f27b06
f27b50
f27b99
f27be2
f27c2b
f27c75
f27cbe
f27d08
f27d51
f27d9b
f27de4
f27e2e
f27e77
f27ec1
f27f0a
f27f54
f27f9e
f27fe8
f28031
f2807b
f280c5
f2810f
f28159
f281a2
f281ec
f28236
f28280
f282ca
f28314
f2835f
f283a9
f283f3
f2843d
f28487
f284d1
f2851c
f28566
f285b0
f285fb
f28645
f28690
f286da
f28725
f2876f
f287ba
f28804
f2884f
f28899
f288e4
f2892f
f2897a
f289c4
f28a0f
f28a5a
f28aa5
f28af0
f28b3b
f28b86
f28bd0
f28c1c
f28c67
f28cb2
f28cfd
f28d48
f28d93
f28dde
f28e29
f28e75
f28ec0
f28f0b
f28f57
f28fa2
f28fed
f29039
f29084
f290d0
f2911b
f29167
f291b3
f291fe
f2924a
f29296
f292e1
f2932d
f29379
f293c5
f29410
f2945c
f294a8
f294f4
f29540
f2958c
f295d8
f29624
f29670
f296bc
f29709
f29755
f297a1
f297ed
f2983a
f29886
f298d2
f2991f
f2996b
f299b7
f29a04
f29a50
f29a9d
f29ae9
f29b36
f29b83
f29bcf
f29c1c
f29c69
f29cb5
f29d02
f29d4f
f29d9c
f29de9
f29e36
f29e83
f29ed0
f29f1d
f29f6a
f29fb7
f2a004
f2a051
f2a09e
f2a0eb
f2a138
f2a186
f2a1d3
f2a220
f2a26e
f2a2bb
f2a308
f2a356
f2a3a3
f2a3f1
f2a43e
f2a48c
f2a4da
f2a527
f2a575
f2a5c3
f2a610
f2a65e
f2a6ac
f2a6fa
f2a748
f2a795
f2a7e3
f2a831
f2a87f
f2a8cd
f2a91b
f2a969
f2a9b8
f2aa06
f2aa54
f2aaa2
f2aaf0
f2ab3f
f2ab8d
f2abdb
f2ac2a
f2ac78
f2acc6
f2ad15
f2ad63
f2adb2
f2ae00
f2ae4f
f2ae9e
f2aeec
f2af3b
f2af8a
f2afd8
f2b027
f2b076
f2b0c5
f2b114
f2b163
f2b1b1
f2b200
f2b24f
f2b29e
f2b2ee
f2b33d
f2b38c
f2b3db
f2b42a
f2b479
f2b4c9
f2b518
f2b567
f2b5b7
f2b606
f2b655
f2b6a5
f2b6f4
f2b744
f2b793
f2b7e3
f2b833
f2b882
f2b8d2
f2b922
f2b971
f2b9c1
f2ba11
f2ba61
f2bab1
f2bb01
f2bb51
f2bba0
f2bbf0
f2bc41
f2bc91
f2bce1
f2bd31
f2bd81
f2bdd1
f2be21
f2be72
f2bec2
f2bf12
f2bf63
f2bfb3
f2c003
f2c054
f2c0a4
f2c0f5
f2c145
f2c196
f2c1e7
f2c237
f2c288
f2c2d9
f2c329
f2c37a
f2c3cb
f2c41c
f2c46d
f2c4be
f2c50f
f2c560
f2c5b1
f2c602
f2c653
f2c6a4
f2c6f5
f2c746
f2c797
f2c7e9
f2c83a
f2c88b
f2c8dd
f2c92e
f2c97f
f2c9d1
f2ca22
f2ca74
f2cac5
f2cb17
f2cb68
f2cbba
f2cc0c
f2cc5d
f2ccaf
f2cd01
f2cd53
f2cda5
f2cdf6
f2ce48
f2ce9a
f2ceec
f2cf3e
f2cf90
f2cfe2
f2d034
f2d086
f2d0d9
f2d12b
f2d17d
f2d1cf
f2d222
f2d274
f2d2c6
f2d319
f2d36b
f2d3be
f2d410
f2d463
f2d4b5
f2d508
f2d55a
f2d5ad
f2d600
f2d652
f2d6a5
f2d6f8
f2d74b
f2d79e
f2d7f1
f2d843
f2d896
f2d8e9
f2d93c
f2d98f
f2d9e3
f2da36
f2da89
f2dadc
f2db2f
f2db83
f2dbd6
f2dc29
f2dc7d
f2dcd0
f2dd23
f2dd77
f2ddca
f2de1e
f2de71
f2dec5
f2df19
f2df6c
f2dfc0
f2e014
f2e067
f2e0bb
f2e10f
f2e163
f2e1b7
f2e20b
f2e25f
f2e2b3
f2e307
f2e35b
f2e3af
f2e403
f2e457
f2e4ab
f2e500
f2e554
f2e5a8
f2e5fc
f2e651
f2e6a5
f2e6fa
f2e74e
f2e7a3
f2e7f7
f2e84c
f2e8a0
f2e8f5
f2e94a
f2e99e
f2e9f3
f2ea48
f2ea9d
f2eaf1
f2eb46
f2eb9b
f2ebf0
f2ec45
f2ec9a
f2ecef
f2ed44
f2ed99
f2edef
f2ee44
f2ee99
f2eeee
f2ef43
f2ef99
f2efee
f2f043
f2f099
f2f0ee
f2f144
f2f199
f2f1ef
f2f244
f2f29a
f2f2f0
f2f345
f2f39b
f2f3f1
f2f447
f2f49d
f2f4f2
f2f548
f2f59e
f2f5f4
f2f64a
f2f6a0
f2f6f6
f2f74c
f2f7a2
f2f7f9
f2f84f
f2f8a5
f2f8fb
f2f952
f2f9a8
f2f9fe
f2fa55
f2faab
f2fb02
f2fb58
f2fbaf
f2fc05
f2fc5c
f2fcb3
f2fd09
f2fd60
f2fdb7
f2fe0e
f2fe64
f2febb
f2ff12
f2ff69
f2ffc0
f30017
f3006e
f300c5
f3011c
f30173
f301ca
f30222
f30279
f302d0
f30327
f3037f
f303d6
f3042e
f30485
f304dc
f30534
f3058c
f305e3
f3063b
f30692
f306ea
f30742
f3079a
f307f1
f30849
f308a1
f308f9
f30951
f309a9
f30a01
f30a59
f30ab1
f30b09
f30b61
f30bb9
f30c11
f30c6a
f30cc2
f30d1a
f30d73
f30dcb
f30e23
f30e7c
f30ed4
f30f2d
f30f85
f30fde
f31037
f3108f
f310e8
f31141
f3119a
f311f2
f3124b
f312a4
f312fd
f31356
f313af
f31408
f31461
f314ba
f31513
f3156c
f315c5
f3161f
f31678
f316d1
f3172b
f31784
f317dd
f31837
f31890
f318ea
f31943
f3199d
f319f6
f31a50
f31aaa
f31b03
f31b5d
f31bb7
f31c11
f31c6b
f31cc5
f31d1f
f31d78
f31dd2
f31e2d
f31e87
f31ee1
f31f3b
f31f95
f31fef
f32049
f320a4
f320fe
f32158
f321b3
f3220d
f32268
f322c2
f3231d
f32377
f323d2
f3242c
f32487
f324e2
f3253d
f32597
f325f2
f3264d
f326a8
f32703
f3275e
f327b9
f32814
f3286f
f328ca
f32925
f32980
f329dc
f32a37
f32a92
f32aed
f32b49
f32ba4
f32bff
f32c5b
f32cb6
f32d12
f32d6e
f32dc9
f32e25
f32e80
f32edc
f32f38
f32f94
f32fef
f3304b
f330a7
f33103
f3315f
f331bb
f33217
f33273
f332cf
f3332b
f33388
f333e4
f33440
f3349c
f334f9
f33555
f335b1
f3360e
f3366a
f336c7
f33723
f33780
f337dd
f33839
f33896
f338f3
f3394f
f339ac
f33a09
f33a66
f33ac3
f33b20
f33b7d
f33bda
f33c37
f33c94
f33cf1
f33d4e
f33dab
f33e08
f33e66
f33ec3
f33f20
f33f7e
f33fdb
f34039
f34096
f340f4
f34151
f341af
f3420c
f3426a
f342c8
f34325
f34383
f343e1
f3443f
f3449d
f344fb
f34559
f345b6
f34615
f34673
f346d1
f3472f
f3478d
f347eb
f34849
f348a8
f34906
f34964
f349c3
f34a21
f34a80
f34ade
f34b3d
f34b9b
f34bfa
f34c59
f34cb7
f34d16
f34d75
f34dd3
f34e32
f34e91
f34ef0
f34f4f
f34fae
f3500d
f3506c
f350cb
f3512a
f35189
f351e9
f35248
f352a7
f35306
f35366
f353c5
f35425
f35484
f354e4
f35543
f355a3
f35602
f35662
f356c2
f35721
f35781
f357e1
f35841
f358a1
f35900
f35960
f359c0
f35a20
f35a80
f35ae0
f35b41
f35ba1
f35c01
f35c61
f35cc1
f35d22
f35d82
f35de2
f35e43
f35ea3
f35f04
f35f64
f35fc5
f36026
f36086
f360e7
f36148
f361a8
f36209
f3626a
f362cb
f3632c
f3638d
f363ee
f3644f
f364b0
f36511
f36572
f365d3
f36634
f36696
f366f7
f36758
f367b9
f3681b
f3687c
f368de
f3693f
f369a1
f36a02
f36a64
f36ac6
f36b27
f36b89
f36beb
f36c4d
f36cae
f36d10
f36d72
f36dd4
f36e36
f36e98
f36efa
f36f5c
f36fbf
f37021
f37083
f370e5
f37147
f371aa
f3720c
f3726f
f372d1
f37333
f37396
f373f9
f3745b
f374be
f37520
f37583
f375e6
f37649
f376ac
f3770e
f37771
f377d4
f37837
f3789a
f378fd
f37960
f379c3
f37a27
f37a8a
f37aed
f37b50
f37bb4
f37c17
f37c7a
f37cde
f37d41
f37da5
f37e08
f37e6c
f37ecf
f37f33
f37f97
f37ffb
f3805e
f380c2
f38126
f3818a
f381ee
f38252
f382b6
f3831a
f3837e
f383e2
f38446
f384aa
f3850e
f38573
f385d7
f3863b
f386a0
f38704
f38769
f387cd
f38832
f38896
f388fb
f3895f
f389c4
f38a29
f38a8e
f38af2
f38b57
f38bbc
f38c21
f38c86
f38ceb
f38d50
f38db5
f38e1a
f38e7f
f38ee4
f38f4a
f38faf
f39014
f3907a
f390df
f39144
f391aa
f3920f
f39275
f392da
f39340
f393a6
f3940b
f39471
f394d7
f3953d
f395a2
f39608
f3966e
f396d4
f3973a
f397a0
f39806
f3986c
f398d3
f39939
f3999f
f39a05
f39a6c
f39ad2
f39b38
f39b9f
f39c05
f39c6c
f39cd2
f39d39
f39d9f
f39e06
f39e6d
f39ed3
f39f3a
f39fa1
f3a008
f3a06f
f3a0d6
f3a13d
f3a1a4
f3a20b
f3a272
f3a2d9
f3a340
f3a3a7
f3a40e
f3a476
f3a4dd
f3a544
f3a5ac
f3a613
f3a67b
f3a6e2
f3a74a
f3a7b1
f3a819
f3a880
f3a8e8
f3a950
f3a9b8
f3aa20
f3aa87
f3aaef
f3ab57
f3abbf
f3ac27
f3ac8f
f3acf7
f3ad5f
f3adc8
f3ae30
f3ae98
f3af00
f3af69
f3afd1
f3b039
f3b0a2
f3b10a
f3b173
f3b1db
f3b244
f3b2ad
f3b315
f3b37e
f3b3e7
f3b450
f3b4b9
f3b521
f3b58a
f3b5f3
f3b65c
f3b6c5
f3b72e
f3b797
f3b801
f3b86a
f3b8d3
f3b93c
f3b9a6
f3ba0f
f3ba78
f3bae2
f3bb4b
f3bbb5
f3bc1e
f3bc88
f3bcf2
f3bd5b
f3bdc5
f3be2f
f3be98
f3bf02
f3bf6c
f3bfd6
f3c040
f3c0aa
f3c114
f3c17e
f3c1e8
f3c252
f3c2bc
f3c327
f3c391
f3c3fb
f3c466
f3c4d0
f3c53a
f3c5a5
f3c60f
f3c67a
f3c6e4
f3c74f
f3c7ba
f3c824
f3c88f
f3c8fa
f3c965
f3c9d0
f3ca3a
f3caa5
f3cb10
f3cb7b
f3cbe6
f3cc52
f3ccbd
f3cd28
f3cd93
f3cdfe
f3ce6a
f3ced5
f3cf40
f3cfac
f3d017
f3d083
f3d0ee
f3d15a
f3d1c5
f3d231
f3d29d
f3d308
f3d374
f3d3e0
f3d44c
f3d4b8
f3d524
f3d590
f3d5fc
f3d668
f3d6d4
f3d740
f3d7ac
f3d818
f3d885
f3d8f1
f3d95d
f3d9ca
f3da36
f3daa3
f3db0f
f3db7c
f3dbe8
f3dc55
f3dcc1
f3dd2e
f3dd9b
f3de08
f3de74
f3dee1
f3df4e
f3dfbb
f3e028
f3e095
f3e102
f3e16f
f3e1dc
f3e24a
f3e2b7
f3e324
f3e391
f3e3ff
f3e46c
f3e4da
f3e547
f3e5b4
f3e622
f3e690
f3e6fd
f3e76b
f3e7d9
f3e846
f3e8b4
f3e922
f3e990
f3e9fe
f3ea6c
f3eada
f3eb48
f3ebb6
f3ec24
f3ec92
f3ed00
f3ed6e
f3eddd
f3ee4b
f3eeb9
f3ef28
f3ef96
f3f005
f3f073
f3f0e2
f3f150
f3f1bf
f3f22e
f3f29c
f3f30b
f3f37a
f3f3e9
f3f458
f3f4c7
f3f536
f3f5a5
f3f614
f3f683
f3f6f2
f3f761
f3f7d0
f3f840
f3f8af
f3f91e
f3f98e
f3f9fd
f3fa6c
f3fadc
f3fb4b
f3fbbb
f3fc2b
f3fc9a
f3fd0a
f3fd7a
f3fdea
f3fe59
f3fec9
f3ff39
f3ffa9
f40019
f40089
f400f9
f40169
f401d9
f4024a
f402ba
f4032a
f4039a
f4040b
f4047b
f404ec
f4055c
f405cd
f4063d
f406ae
f4071e
f4078f
f40800
f40871
f408e1
f40952
f409c3
f40a34
f40aa5
f40b16
f40b87
f40bf8
f40c69
f40cdb
f40d4c
f40dbd
f40e2e
f40ea0
f40f11
f40f83
f40ff4
f41066
f410d7
f41149
f411ba
f4122c
f4129e
f41310
f41381
f413f3
f41465
f414d7
f41549
f415bb
f4162d
f4169f
f41711
f41783
f417f6
f41868
f418da
f4194d
f419bf
f41a31
f41aa4
f41b16
f41b89
f41bfb
f41c6e
f41ce1
f41d53
f41dc6
f41e39
f41eac
f41f1f
f41f92
f42005
f42078
f420eb
f4215e
f421d1
f42244
f422b7
f4232b
f4239e
f42411
f42485
f424f8
f4256b
f425df
f42653
f426c6
f4273a
f427ad
f42821
f42895
f42909
f4297d
f429f0
f42a64
f42ad8
f42b4c
f42bc0
f42c34
f42ca9
f42d1d
f42d91
f42e05
f42e7a
f42eee
f42f62
f42fd7
f4304b
f430c0
f43134
f431a9
f4321e
f43292
f43307
f4337c
f433f0
f43465
f434da
f4354f
f435c4
f43639
f436ae
f43723
f43798
f4380e
f43883
f438f8
f4396d
f439e3
f43a58
f43ace
f43b43
f43bb9
f43c2e
f43ca4
f43d19
f43d8f
f43e05
f43e7b
f43ef0
f43f66
f43fdc
f44052
f440c8
f4413e
f441b4
f4422a
f442a1
f44317
f4438d
f44403
f4447a
f444f0
f44566
f445dd
f44653
f446ca
f44740
f447b7
f4482e
f448a4
f4491b
f44992
f44a09
f44a80
f44af7
f44b6e
f44be5
f44c5c
f44cd3
f44d4a
f44dc1
f44e38
f44eb0
f44f27
f44f9e
f45016
f4508d
f45104
f4517c
f451f4
f4526b
f452e3
f4535a
f453d2
f4544a
f454c2
f4553a
f455b2
f4562a
f456a2
f4571a
f45792
f4580a
f45882
f458fa
f45972
f459eb
f45a63
f45adb
f45b54
f45bcc
f45c45
f45cbd
f45d36
f45dae
f45e27
f45ea0
f45f19
f45f91
f4600a
f46083
f460fc
f46175
f461ee
f46267
f462e0
f46359
f463d2
f4644c
f464c5
f4653e
f465b8
f46631
f466aa
f46724
f4679e
f46817
f46891
f4690a
f46984
f469fe
f46a78
f46af1
f46b6b
f46be5
f46c5f
f46cd9
f46d53
f46dcd
f46e47
f46ec2
f46f3c
f46fb6
f47030
f470ab
f47125
f471a0
f4721a
f47295
f4730f
f4738a
f47404
f4747f
f474fa
f47575
f475ef
f4766a
f476e5
f47760
f477db
f47856
f478d1
f4794c
f479c8
f47a43
f47abe
f47b39
f47bb5
f47c30
f47cab
f47d27
f47da2
f47e1e
f47e9a
f47f15
f47f91
f4800d
f48088
f48104
f48180
f481fc
f48278
f482f4
f48370
f483ec
f48468
f484e4
f48561
f485dd
f48659
f486d5
f48752
f487ce
f4884b
f488c7
f48944
f489c0
f48a3d
f48aba
f48b37
f48bb3
f48c30
f48cad
f48d2a
f48da7
f48e24
f48ea1
f48f1e
f48f9b
f49018
f49095
f49113
f49190
f4920d
f4928b
f49308
f49386
f49403
f49481
f494fe
f4957c
f495fa
f49677
f496f5
f49773
f497f1
f4986f
f498ed
f4996b
f499e9
f49a67
f49ae5
f49b63
f49be1
f49c60
f49cde
f49d5c
f49ddb
f49e59
f49ed8
f49f56
f49fd5
f4a053
f4a0d2
f4a151
f4a1d0
f4a24e
f4a2cd
f4a34c
f4a3cb
f4a44a
f4a4c9
f4a548
f4a5c7
f4a646
f4a6c5
f4a745
f4a7c4
f4a843
f4a8c3
f4a942
f4a9c2
f4aa41
f4aac1
f4ab40
f4abc0
f4ac3f
f4acbf
f4ad3f
f4adbf
f4ae3f
f4aebe
f4af3e
f4afbe
f4b03e
f4b0be
f4b13f
f4b1bf
f4b23f
f4b2bf
f4b340
f4b3c0
f4b440
f4b4c1
f4b541
f4b5c2
f4b642
f4b6c3
f4b743
f4b7c4
f4b845
f4b8c6
f4b946
f4b9c7
f4ba48
f4bac9
f4bb4a
f4bbcb
f4bc4c
f4bccd
f4bd4f
f4bdd0
f4be51
f4bed2
f4bf54
f4bfd5
f4c057
f4c0d8
f4c15a
f4c1db
f4c25d
f4c2df
f4c360
f4c3e2
f4c464
f4c4e6
f4c568
f4c5e9
f4c66b
f4c6ed
f4c770
f4c7f2
f4c874
f4c8f6
f4c978
f4c9fb
f4ca7d
f4caff
f4cb82
f4cc04
f4cc87
f4cd09
f4cd8c
f4ce0e
f4ce91
f4cf14
f4cf97
f4d01a
f4d09c
f4d11f
f4d1a2
f4d225
f4d2a8
f4d32b
f4d3af
f4d432
f4d4b5
f4d538
f4d5bc
f4d63f
f4d6c2
f4d746
f4d7c9
f4d84d
f4d8d0
f4d954
f4d9d8
f4da5b
f4dadf
f4db63
f4dbe7
f4dc6b
f4dcef
f4dd73
f4ddf7
f4de7b
f4deff
f4df83
f4e007
f4e08c
f4e110
f4e194
f4e219
f4e29d
f4e322
f4e3a6
f4e42b
f4e4af
f4e534
f4e5b9
f4e63d
f4e6c2
f4e747
f4e7cc
f4e851
f4e8d6
f4e95b
f4e9e0
f4ea65
f4eaea
f4eb6f
f4ebf5
f4ec7a
f4ecff
f4ed85
f4ee0a
f4ee90
f4ef15
f4ef9b
f4f020
f4f0a6
f4f12c
f4f1b1
f4f237
f4f2bd
f4f343
f4f3c9
f4f44f
f4f4d5
f4f55b
f4f5e1
f4f667
f4f6ed
f4f774
f4f7fa
f4f880
f4f907
f4f98d
f4fa13
f4fa9a
f4fb21
f4fba7
f4fc2e
f4fcb4
f4fd3b
f4fdc2
f4fe49
f4fed0
f4ff57
f4ffde
f50065
f500ec
f50173
f501fa
f50281
f50308
f50390
f50417
f5049e
f50526
f505ad
f50635
f506bc
f50744
f507cc
f50853
f508db
f50963
f509eb
f50a72
f50afa
f50b82
f50c0a
f50c92
f50d1a
f50da3
f50e2b
f50eb3
f50f3b
f50fc4
f5104c
f510d4
f5115d
f511e5
f5126e
f512f7
f5137f
f51408
f51491
f51519
f515a2
f5162b
f516b4
f5173d
f517c6
f5184f
f518d8
f51961
f519eb
f51a74
f51afd
f51b86
f51c10
f51c99
f51d23
f51dac
f51e36
f51ebf
f51f49
f51fd3
f5205c
f520e6
f52170
f521fa
f52284
f5230e
f52398
f52422
f524ac
f52536
f525c0
f5264b
f526d5
f5275f
f527ea
f52874
f528ff
f52989
f52a14
f52a9e
f52b29
f52bb4
f52c3e
f52cc9
f52d54
f52ddf
f52e6a
f52ef5
f52f80
f5300b
f53096
f53121
f531ac
f53238
f532c3
f5334e
f533da
f53465
f534f1
f5357c
f53608
f53693
f5371f
f537ab
f53836
f538c2
f5394e
f539da
f53a66
f53af2
f53b7e
f53c0a
f53c96
f53d22
f53daf
f53e3b
f53ec7
f53f54
f53fe0
f5406c
f540f9
f54185
f54212
f5429f
f5432b
f543b8
f54445
f544d2
f5455e
f545eb
f54678
f54705
f54792
f54820
f548ad
f5493a
f549c7
f54a54
f54ae2
f54b6f
f54bfc
f54c8a
f54d17
f54da5
f54e33
f54ec0
f54f4e
f54fdc
f55069
f550f7
f55185
f55213
f552a1
f5532f
f553bd
f5544b
f554d9
f55568
f555f6
f55684
f55713
f557a1
f5582f
f558be
f5594c
f559db
f55a6a
f55af8
f55b87
f55c16
f55ca5
f55d33
f55dc2
f55e51
f55ee0
f55f6f
f55ffe
f5608d
f5611d
f561ac
f5623b
f562ca
f5635a
f563e9
f56479
f56508
f56598
f56627
f566b7
f56747
f567d6
f56866
f568f6
f56986
f56a16
f56aa6
f56b36
f56bc6
f56c56
f56ce6
f56d76
f56e07
f56e97
f56f27
f56fb8
f57048
f570d9
f57169
f571fa
f5728a
f5731b
f573ac
f5743c
f574cd
f5755e
f575ef
f57680
f57711
f577a2
f57833
f578c4
f57955
f579e7
f57a78
f57b09
f57b9b
f57c2c
f57cbd
f57d4f
f57de0
f57e72
f57f04
f57f95
f58027
f580b9
f5814b
f581dd
f5826f
f58301
f58393
f58425
f584b7
f58549
f585db
f5866d
f58700
f58792
f58824
f588b7
f58949
f589dc
f58a6e
f58b01
f58b94
f58c26
f58cb9
f58d4c
f58ddf
f58e72
f58f05
f58f98
f5902b
f590be
f59151
f591e4
f59277
f5930b
f5939e
f59431
f594c5
f59558
f595ec
f5967f
f59713
f597a7
f5983a
f598ce
f59962
f599f6
f59a8a
f59b1e
f59bb2
f59c46
f59cda
f59d6e
f59e02
f59e96
f59f2b
f59fbf
f5a053
f5a0e8
f5a17c
f5a211
f5a2a5
f5a33a
f5a3ce
f5a463
f5a4f8
f5a58d
f5a621
f5a6b6
f5a74b
f5a7e0
f5a875
f5a90a
f5a99f
f5aa35
f5aaca
f5ab5f
f5abf4
f5ac8a
f5ad1f
f5adb4
f5ae4a
f5aee0
f5af75
f5b00b
f5b0a0
f5b136
f5b1cc
f5b262
f5b2f8
f5b38e
f5b423
f5b4b9
f5b550
f5b5e6
f5b67c
f5b712
f5b7a8
f5b83f
f5b8d5
f5b96b
f5ba02
f5ba98
f5bb2f
f5bbc5
f5bc5c
f5bcf3
f5bd89
f5be20
f5beb7
f5bf4e
f5bfe5
f5c07c
f5c113
f5c1aa
f5c241
f5c2d8
f5c36f
f5c406
f5c49e
f5c535
f5c5cc
f5c664
f5c6fb
f5c793
f5c82a
f5c8c2
f5c95a
f5c9f1
f5ca89
f5cb21
f5cbb9
f5cc51
f5cce8
f5cd80
f5ce19
f5ceb1
f5cf49
f5cfe1
f5d079
f5d111
f5d1aa
f5d242
f5d2db
f5d373
f5d40c
f5d4a4
f5d53d
f5d5d5
f5d66e
f5d707
f5d7a0
f5d838
f5d8d1
f5d96a
f5da03
f5da9c
f5db35
f5dbcf
f5dc68
f5dd01
f5dd9a
f5de33
f5decd
f5df66
f5e000
f5e099
f5e133
f5e1cc
f5e266
f5e300
f5e399
f5e433
f5e4cd
f5e567
f5e601
f5e69b
f5e735
f5e7cf
f5e869
f5e903
f5e99e
f5ea38
f5ead2
f5eb6c
f5ec07
f5eca1
f5ed3c
f5edd6
f5ee71
f5ef0c
f5efa6
f5f041
f5f0dc
f5f177
f5f212
f5f2ad
f5f348
f5f3e3
f5f47e
f5f519
f5f5b4
f5f64f
f5f6ea
f5f786
f5f821
f5f8bc
f5f958
f5f9f3
f5fa8f
f5fb2b
f5fbc6
f5fc62
f5fcfe
f5fd99
f5fe35
f5fed1
f5ff6d
f60009
f600a5
f60141
f601dd
f60279
f60316
f603b2
f6044e
f604eb
f60587
f60624
f606c0
f6075d
f607f9
f60896
f60932
f609cf
f60a6c
f60b09
f60ba6
f60c43
f60ce0
f60d7d
f60e1a
f60eb7
f60f54
f60ff1
f6108f
f6112c
f611c9
f61267
f61304
f613a2
f6143f
f614dd
f6157a
f61618
f616b6
f61754
f617f1
f6188f
f6192d
f619cb
f61a69
f61b07
f61ba5
f61c44
f61ce2
f61d80
f61e1e
f61ebd
f61f5b
f61ffa
f62098
f62137
f621d5
f62274
f62313
f623b1
f62450
f624ef
f6258e
f6262d
f626cc
f6276b
f6280a
f628a9
f62948
f629e8
f62a87
f62b26
f62bc5
f62c65
f62d04
f62da4
f62e43
f62ee3
f62f83
f63022
f630c2
f63162
f63202
f632a2
f63342
f633e2
f63482
f63522
f635c2
f63662
f63702
f637a3
f63843
f638e3
f63984
f63a24
f63ac5
f63b65
f63c06
f63ca6
f63d47
f63de8
f63e89
f63f2a
f63fca
f6406b
f6410c
f641ad
f6424f
f642f0
f64391
f64432
f644d3
f64575
f64616
f646b7
f64759
f647fa
f6489c
f6493e
f649df
f64a81
f64b23
f64bc5
f64c66
f64d08
f64daa
f64e4c
f64eee
f64f90
f65033
f650d5
f65177
f65219
f652bc
f6535e
f65400
f654a3
f65545
f655e8
f6568b
f6572d
f657d0
f65873
f65916
f659b9
f65a5b
f65afe
f65ba1
f65c44
f65ce8
f65d8b
f65e2e
f65ed1
f65f74
f66018
f660bb
f6615f
f66202
f662a6
f66349
f663ed
f66491
f66534
f665d8
f6667c
f66720
f667c4
f66868
f6690c
f669b0
f66a54
f66af8
f66b9c
f66c40
f66ce5
f66d89
f66e2d
f66ed2
f66f76
f6701b
f670c0
f67164
f67209
f672ae
f67352
f673f7
f6749c
f67541
f675e6
f6768b
f67730
f677d5
f6787a
f67920
f679c5
f67a6a
f67b10
f67bb5
f67c5a
f67d00
f67da5
f67e4b
f67ef1
f67f96
f6803c
f680e2
f68188
f6822e
f682d4
f6837a
f68420
f684c6
f6856c
f68612
f686b8
f6875e
f68805
f688ab
f68952
f689f8
f68a9f
f68b45
f68bec
f68c92
f68d39
f68de0
f68e87
f68f2d
f68fd4
f6907b
f69122
f691c9
f69270
f69318
f693bf
f69466
f6950d
f695b5
f6965c
f69703
f697ab
f69852
f698fa
f699a2
f69a49
f69af1
f69b99
f69c41
f69ce8
f69d90
f69e38
f69ee0
f69f88
f6a030
f6a0d9
f6a181
f6a229
f6a2d1
f6a37a
f6a422
f6a4ca
f6a573
f6a61b
f6a6c4
f6a76d
f6a815
f6a8be
f6a967
f6aa10
f6aab9
f6ab61
f6ac0a
f6acb3
f6ad5d
f6ae06
f6aeaf
f6af58
f6b001
f6b0ab
f6b154
f6b1fd
f6b2a7
f6b350
f6b3fa
f6b4a3
f6b54d
f6b5f7
f6b6a0
f6b74a
f6b7f4
f6b89e
f6b948
f6b9f2
f6ba9c
f6bb46
f6bbf0
f6bc9a
f6bd44
f6bdef
f6be99
f6bf43
f6bfee
f6c098
f6c143
f6c1ed
f6c298
f6c343
f6c3ed
f6c498
f6c543
f6c5ee
f6c698
f6c743
f6c7ee
f6c899
f6c945
f6c9f0
f6ca9b
f6cb46
f6cbf1
f6cc9d
f6cd48
f6cdf3
f6ce9f
f6cf4a
f6cff6
f6d0a2
f6d14d
f6d1f9
f6d2a5
f6d351
f6d3fc
f6d4a8
f6d554
f6d600
f6d6ac
f6d758
f6d804
f6d8b1
f6d95d
f6da09
f6dab6
f6db62
f6dc0e
f6dcbb
f6dd67
f6de14
f6dec1
f6df6d
f6e01a
f6e0c7
f6e174
f6e220
f6e2cd
f6e37a
f6e427
f6e4d4
f6e581
f6e62f
f6e6dc
f6e789
f6e836
f6e8e4
f6e991
f6ea3e
f6eaec
f6eb99
f6ec47
f6ecf5
f6eda2
f6ee50
f6eefe
f6efac
f6f05a
f6f107
f6f1b5
f6f263
f6f312
f6f3c0
f6f46e
f6f51c
f6f5ca
f6f679
f6f727
f6f7d5
f6f884
f6f932
f6f9e1
f6fa8f
f6fb3e
f6fbed
f6fc9b
f6fd4a
f6fdf9
f6fea8
f6ff57
f70006
f700b5
f70164
f70213
f702c2
f70372
f70421
f704d0
f7057f
f7062f
f706de
f7078e
f7083d
f708ed
f7099d
f70a4c
f70afc
f70bac
f70c5c
f70d0c
f70dbc
f70e6c
f70f1c
f70fcc
f7107c
f7112c
f711dc
f7128c
f7133d
f713ed
f7149e
f7154e
f715ff
f716af
f71760
f71810
f718c1
f71972
f71a23
f71ad4
f71b84
f71c35
f71ce6
f71d97
f71e48
f71efa
f71fab
f7205c
f7210d
f721bf
f72270
f72321
f723d3
f72484
f72536
f725e8
f72699
f7274b
f727fd
f728af
f72960
f72a12
f72ac4
f72b76
f72c28
f72cda
f72d8d
f72e3f
f72ef1
f72fa3
f73056
f73108
f731bb
f7326d
f73320
f733d2
f73485
f73537
f735ea
f7369d
f73750
f73803
f738b6
f73968
f73a1b
f73acf
f73b82
f73c35
f73ce8
f73d9b
f73e4f
f73f02
f73fb5
f74069
f7411c
f741d0
f74283
f74337
f743eb
f7449e
f74552
f74606
f746ba
f7476e
f74822
f748d6
f7498a
f74a3e
f74af2
f74ba6
f74c5b
f74d0f
f74dc3
f74e78
f74f2c
f74fe1
f75095
f7514a
f751fe
f752b3
f75368
f7541d
f754d1
f75586
f7563b
f756f0
f757a5
f7585a
f7590f
f759c5
f75a7a
f75b2f
f75be4
f75c9a
f75d4f
f75e05
f75eba
f75f70
f76025
f760db
f76190
f76246
f762fc
f763b2
f76468
f7651e
f765d4
f7668a
f76740
f767f6
f768ac
f76962
f76a19
f76acf
f76b85
f76c3c
f76cf2
f76da9
f76e5f
f76f16
f76fcc
f77083
f7713a
f771f1
f772a7
f7735e
f77415
f774cc
f77583
f7763a
f776f1
f777a9
f77860
f77917
f779ce
f77a86
f77b3d
f77bf5
f77cac
f77d64
f77e1b
f77ed3
f77f8b
f78042
f780fa
f781b2
f7826a
f78322
f783da
f78492
f7854a
f78602
f786ba
f78772
f7882b
f788e3
f7899b
f78a54
f78b0c
f78bc5
f78c7d
f78d36
f78def
f78ea7
f78f60
f79019
f790d2
f7918a
f79243
f792fc
f793b5
f7946f
f79528
f795e1
f7969a
f79753
f7980d
f798c6
f7997f
f79a39
f79af2
f79bac
f79c66
f79d1f
f79dd9
f79e93
f79f4c
f7a006
f7a0c0
f7a17a
f7a234
f7a2ee
f7a3a8
f7a462
f7a51c
f7a5d7
f7a691
f7a74b
f7a806
f7a8c0
f7a97a
f7aa35
f7aaef
f7abaa
f7ac65
f7ad1f
f7adda
f7ae95
f7af50
f7b00b
f7b0c6
f7b181
f7b23c
f7b2f7
f7b3b2
f7b46d
f7b528
f7b5e3
f7b69f
f7b75a
f7b815
f7b8d1
f7b98c
f7ba48
f7bb04
f7bbbf
f7bc7b
f7bd37
f7bdf2
f7beae
f7bf6a
f7c026
f7c0e2
f7c19e
f7c25a
f7c316
f7c3d2
f7c48f
f7c54b
f7c607
f7c6c3
f7c780
f7c83c
f7c8f9
f7c9b5
f7ca72
f7cb2f
f7cbeb
f7cca8
f7cd65
f7ce22
f7cede
f7cf9b
f7d058
f7d115
f7d1d2
f7d28f
f7d34d
f7d40a
f7d4c7
f7d584
f7d642
f7d6ff
f7d7bd
f7d87a
f7d938
f7d9f5
f7dab3
f7db70
f7dc2e
f7dcec
f7ddaa
f7de68
f7df25
f7dfe3
f7e0a1
f7e15f
f7e21e
f7e2dc
f7e39a
f7e458
f7e516
f7e5d5
f7e693
f7e752
f7e810
f7e8cf
f7e98d
f7ea4c
f7eb0a
f7ebc9
f7ec88
f7ed47
f7ee05
f7eec4
f7ef83
f7f042
f7f101
f7f1c0
f7f280
f7f33f
f7f3fe
f7f4bd
f7f57d
f7f63c
f7f6fb
f7f7bb
f7f87a
f7f93a
f7f9f9
f7fab9
f7fb79
f7fc39
f7fcf8
f7fdb8
f7fe78
f7ff38
f7fff8
f800b8
f80178
f80238
f802f8
f803b9
f80479
f80539
f805f9
f806ba
f8077a
f8083b
f808fb
f809bc
f80a7c
f80b3d
f80bfe
f80cbf
f80d7f
f80e40
f80f01
f80fc2
f81083
f81144
f81205
f812c7
f81388
f81449
f8150a
f815cc
f8168d
f8174e
f81810
f818d1
f81993
f81a55
f81b16
f81bd8
f81c9a
f81d5b
f81e1d
f81edf
f81fa1
f82063
f82125
f821e7
f822a9
f8236c
f8242e
f824f0
f825b2
f82675
f82737
f827fa
f828bc
f8297f
f82a41
f82b04
f82bc6
f82c89
f82d4c
f82e0f
f82ed2
f82f95
f83058
f8311b
f831de
f832a1
f83364
f83427
f834ea
f835ae
f83671
f83734
f837f8
f838bb
f8397f
f83a42
f83b06
f83bca
f83c8d
f83d51
f83e15
f83ed9
f83f9d
f84060
f84124
f841e8
f842ad
f84371
f84435
f844f9
f845bd
f84682
f84746
f8480a
f848cf
f84993
f84a58
f84b1c
f84be1
f84ca6
f84d6a
f84e2f
f84ef4
f84fb9
f8507e
f85143
f85208
f852cd
f85392
f85457
f8551c
f855e2
f856a7
f8576c
f85831
f858f7
f859bc
f85a82
f85b47
f85c0d
f85cd3
f85d98
f85e5e
f85f24
f85fea
f860b0
f86176
f8623b
f86302
f863c8
f8648e
f86554
f8661a
f866e0
f867a7
f8686d
f86933
f869fa
f86ac0
f86b87
f86c4d
f86d14
f86ddb
f86ea1
f86f68
f8702f
f870f6
f871bd
f87283
f8734a
f87411
f874d9
f875a0
f87667
f8772e
f877f5
f878bd
f87984
f87a4b
f87b13
f87bda
f87ca2
f87d69
f87e31
f87ef9
f87fc0
f88088
f88150
f88218
f882e0
f883a8
f88470
f88538
f88600
f886c8
f88790
f88858
f88920
f889e9
f88ab1
f88b7a
f88c42
f88d0a
f88dd3
f88e9c
f88f64
f8902d
f890f6
f891be
f89287
f89350
f89419
f894e2
f895ab
f89674
f8973d
f89806
f898cf
f89998
f89a62
f89b2b
f89bf4
f89cbe
f89d87
f89e51
f89f1a
f89fe4
f8a0ad
f8a177
f8a241
f8a30b
f8a3d4
f8a49e
f8a568
f8a632
f8a6fc
f8a7c6
f8a890
f8a95a
f8aa25
f8aaef
f8abb9
f8ac83
f8ad4e
f8ae18
f8aee2
f8afad
f8b077
f8b142
f8b20d
f8b2d7
f8b3a2
f8b46d
f8b538
f8b602
f8b6cd
f8b798
f8b863
f8b92e
f8b9f9
f8bac5
f8bb90
f8bc5b
f8bd26
f8bdf1
f8bebd
f8bf88
f8c054
f8c11f
f8c1eb
f8c2b6
f8c382
f8c44d
f8c519
f8c5e5
f8c6b1
f8c77d
f8c848
f8c914
f8c9e0
f8caac
f8cb78
f8cc45
f8cd11
f8cddd
f8cea9
f8cf75
f8d042
f8d10e
f8d1db
f8d2a7
f8d373
f8d440
f8d50d
f8d5d9
f8d6a6
f8d773
f8d83f
f8d90c
f8d9d9
f8daa6
f8db73
f8dc40
f8dd0d
f8ddda
f8dea7
f8df75
f8e042
f8e10f
f8e1dc
f8e2aa
f8e377
f8e445
f8e512
f8e5e0
f8e6ad
f8e77b
f8e848
f8e916
f8e9e4
f8eab2
f8eb80
f8ec4d
f8ed1b
f8ede9
f8eeb7
f8ef86
f8f054
f8f122
f8f1f0
f8f2be
f8f38d
f8f45b
f8f529
f8f5f8
f8f6c6
f8f795
f8f863
f8f932
f8fa00
f8facf
f8fb9e
f8fc6d
f8fd3c
f8fe0a
f8fed9
f8ffa8
f90077
f90146
f90215
f902e5
f903b4
f90483
f90552
f90622
f906f1
f907c0
f90890
f9095f
f90a2f
f90afe
f90bce
f90c9e
f90d6d
f90e3d
f90f0d
f90fdd
f910ad
f9117d
f9124d
f9131d
f913ed
f914bd
f9158d
f9165d
f9172d
f917fe
f918ce
f9199e
f91a6f
f91b3f
f91c10
f91ce0
f91db1
f91e81
f91f52
f92023
f920f4
f921c4
f92295
f92366
f92437
f92508
f925d9
f926aa
f9277b
f9284c
f9291e
f929ef
f92ac0
f92b91
f92c63
f92d34
f92e06
f92ed7
f92fa9
f9307a
f9314c
f9321e
f932ef
f933c1
f93493
f93565
f93637
f93709
f937db
f938ad
f9397f
f93a51
f93b23
f93bf5
f93cc7
f93d9a
f93e6c
f93f3e
f94011
f940e3
f941b6
f94288
f9435b
f9442e
f94500
f945d3
f946a6
f94779
f9484b
f9491e
f949f1
f94ac4
f94b97
f94c6a
f94d3e
f94e11
f94ee4
f94fb7
f9508a
f9515e
f95231
f95305
f953d8
f954ab
f9557f
f95653
f95726
f957fa
f958ce
f959a1
f95a75
f95b49
f95c1d
f95cf1
f95dc5
f95e99
f95f6d
f96041
f96115
f961e9
f962be
f96392
f96466
f9653a
f9660f
f966e3
f967b8
f9688c
f96961
f96a36
f96b0a
f96bdf
f96cb4
f96d88
f96e5d
f96f32
f97007
f970dc
f971b1
f97286
f9735b
f97430
f97505
f975db
f976b0
f97785
f9785a
f97930
f97a05
f97adb
f97bb0
f97c86
f97d5b
f97e31
f97f07
f97fdc
f980b2
f98188
f9825e
f98334
f9840a
f984e0
f985b6
f9868c
f98762
f98838
f9890e
f989e4
f98abb
f98b91
f98c67
f98d3e
f98e14
f98eeb
f98fc1
f99098
f9916e
f99245
f9931c
f993f2
f994c9
f995a0
f99677
f9974e
f99825
f998fc
f999d3
f99aaa
f99b81
f99c58
f99d2f
f99e07
f99ede
f99fb5
f9a08d
f9a164
f9a23b
f9a313
f9a3ea
f9a4c2
f9a59a
f9a671
f9a749
f9a821
f9a8f9
f9a9d0
f9aaa8
f9ab80
f9ac58
f9ad30
f9ae08
f9aee0
f9afb8
f9b090
f9b169
f9b241
f9b319
f9b3f2
f9b4ca
f9b5a2
f9b67b
f9b753
f9b82c
f9b904
f9b9dd
f9bab6
f9bb8e
f9bc67
f9bd40
f9be19
f9bef2
f9bfca
f9c0a3
f9c17c
f9c255
f9c32e
f9c408
f9c4e1
f9c5ba
f9c693
f9c76c
f9c846
f9c91f
f9c9f9
f9cad2
f9cbab
f9cc85
f9cd5f
f9ce38
f9cf12
f9cfeb
f9d0c5
f9d19f
f9d279
f9d353
f9d42d
f9d507
f9d5e0
f9d6ba
f9d795
f9d86f
f9d949
f9da23
f9dafd
f9dbd7
f9dcb2
f9dd8c
f9de67
f9df41
f9e01b
f9e0f6
f9e1d0
f9e2ab
f9e386
f9e460
f9e53b
f9e616
f9e6f1
f9e7cb
f9e8a6
f9e981
f9ea5c
f9eb37
f9ec12
f9eced
f9edc8
f9eea4
f9ef7f
f9f05a
f9f135
f9f211
f9f2ec
f9f3c7
f9f4a3
f9f57e
f9f65a
f9f735
f9f811
f9f8ed
f9f9c8
f9faa4
f9fb80
f9fc5c
f9fd38
f9fe13
f9feef
f9ffcb
fa00a7
fa0183
fa0260
fa033c
fa0418
fa04f4
fa05d0
fa06ad
fa0789
fa0865
fa0942
fa0a1e
fa0afb
fa0bd7
fa0cb4
fa0d90
fa0e6d
fa0f4a
fa1026
fa1103
fa11e0
fa12bd
fa139a
fa1477
fa1554
fa1631
fa170e
fa17eb
fa18c8
fa19a5
fa1a82
fa1b60
fa1c3d
fa1d1a
fa1df8
fa1ed5
fa1fb2
fa2090
fa216d
fa224b
fa2329
fa2406
fa24e4
fa25c2
fa269f
fa277d
fa285b
fa2939
fa2a17
fa2af5
fa2bd3
fa2cb1
fa2d8f
fa2e6d
fa2f4b
fa302a
fa3108
fa31e6
fa32c4
fa33a3
fa3481
fa3560
fa363e
fa371d
fa37fb
fa38da
fa39b8
fa3a97
fa3b76
fa3c54
fa3d33
fa3e12
fa3ef1
fa3fd0
fa40af
fa418e
fa426d
fa434c
fa442b
fa450a
fa45e9
fa46c9
fa47a8
fa4887
fa4966
fa4a46
fa4b25
fa4c05
fa4ce4
fa4dc4
fa4ea3
fa4f83
fa5063
fa5142
fa5222
fa5302
fa53e2
fa54c1
fa55a1
fa5681
fa5761
fa5841
fa5921
fa5a01
fa5ae1
fa5bc2
fa5ca2
fa5d82
fa5e62
fa5f43
fa6023
fa6103
fa61e4
fa62c4
fa63a5
fa6485
fa6566
fa6646
fa6727
fa6808
fa68e8
fa69c9
fa6aaa
fa6b8b
fa6c6c
fa6d4d
fa6e2e
fa6f0f
fa6ff0
fa70d1
fa71b2
fa7293
fa7374
fa7455
fa7537
fa7618
fa76f9
fa77db
fa78bc
fa799e
fa7a7f
fa7b61
fa7c42
fa7d24
fa7e05
fa7ee7
fa7fc9
fa80ab
fa818c
fa826e
fa8350
fa8432
fa8514
fa85f6
fa86d8
fa87ba
fa889c
fa897e
fa8a61
fa8b43
fa8c25
fa8d07
fa8dea
fa8ecc
fa8fae
fa9091
fa9173
fa9256
fa9338
fa941b
fa94fe
fa95e0
fa96c3
fa97a6
fa9888
fa996b
fa9a4e
fa9b31
fa9c14
fa9cf7
fa9dda
fa9ebd
fa9fa0
faa083
faa166
faa249
faa32d
faa410
faa4f3
faa5d7
faa6ba
faa79d
faa881
faa964
faaa48
faab2b
faac0f
faacf3
faadd6
faaeba
faaf9e
fab081
fab165
fab249
fab32d
fab411
fab4f5
fab5d9
fab6bd
fab7a1
fab885
fab969
faba4d
fabb32
fabc16
fabcfa
fabddf
fabec3
fabfa7
fac08c
fac170
fac255
fac339
fac41e
fac503
fac5e7
fac6cc
fac7b1
fac895
fac97a
faca5f
facb44
facc29
facd0e
facdf3
faced8
facfbd
fad0a2
fad187
fad26c
fad351
fad437
fad51c
fad601
fad6e7
fad7cc
fad8b1
fad997
fada7c
fadb62
fadc48
fadd2d
fade13
fadef8
fadfde
fae0c4
fae1aa
fae290
fae375
fae45b
fae541
fae627
fae70d
fae7f3
fae8d9
fae9bf
faeaa6
faeb8c
faec72
faed58
faee3e
faef25
faf00b
faf0f1
faf1d8
faf2be
faf3a5
faf48b
faf572
faf659
faf73f
faf826
faf90d
faf9f3
fafada
fafbc1
fafca8
fafd8f
fafe76
faff5d
fb0044
fb012b
fb0212
fb02f9
fb03e0
fb04c7
fb05ae
fb0695
fb077d
fb0864
fb094b
fb0a33
fb0b1a
fb0c02
fb0ce9
fb0dd1
fb0eb8
fb0fa0
fb1087
fb116f
fb1257
fb133f
fb1426
fb150e
fb15f6
fb16de
fb17c6
fb18ae
fb1996
fb1a7e
fb1b66
fb1c4e
fb1d36
fb1e1e
fb1f06
fb1fee
fb20d7
fb21bf
fb22a7
fb2390
fb2478
fb2560
fb2649
fb2731
fb281a
fb2902
fb29eb
fb2ad4
fb2bbc
fb2ca5
fb2d8e
fb2e76
fb2f5f
fb3048
fb3131
fb321a
fb3303
fb33ec
fb34d5
fb35be
fb36a7
fb3790
fb3879
fb3962
fb3a4c
fb3b35
fb3c1e
fb3d07
fb3df1
fb3eda
fb3fc3
fb40ad
fb4196
fb4280
fb4369
fb4453
fb453d
fb4626
fb4710
fb47fa
fb48e3
fb49cd
fb4ab7
fb4ba1
fb4c8b
fb4d75
fb4e5f
fb4f49
fb5033
fb511d
fb5207
fb52f1
fb53db
fb54c5
fb55af
fb569a
fb5784
fb586e
fb5959
fb5a43
fb5b2d
fb5c18
fb5d02
fb5ded
fb5ed7
fb5fc2
fb60ad
fb6197
fb6282
fb636d
fb6457
fb6542
fb662d
fb6718
fb6803
fb68ee
fb69d9
fb6ac4
fb6baf
fb6c9a
fb6d85
fb6e70
fb6f5b
fb7046
fb7131
fb721d
fb7308
fb73f3
fb74df
fb75ca
fb76b5
fb77a1
fb788c
fb7978
fb7a63
fb7b4f
fb7c3b
fb7d26
fb7e12
fb7efe
fb7fe9
fb80d5
fb81c1
fb82ad
fb8398
fb8484
fb8570
fb865c
fb8748
fb8834
fb8920
fb8a0c
fb8af9
fb8be5
fb8cd1
fb8dbd
fb8ea9
fb8f96
fb9082
fb916e
fb925b
fb9347
fb9433
fb9520
fb960c
fb96f9
fb97e6
fb98d2
fb99bf
fb9aab
fb9b98
fb9c85
fb9d72
fb9e5e
fb9f4b
fba038
fba125
fba212
fba2ff
fba3ec
fba4d9
fba5c6
fba6b3
fba7a0
fba88d
fba97a
fbaa67
fbab55
fbac42
fbad2f
fbae1d
fbaf0a
fbaff7
fbb0e5
fbb1d2
fbb2c0
fbb3ad
fbb49b
fbb588
fbb676
fbb764
fbb851
fbb93f
fbba2d
fbbb1a
fbbc08
fbbcf6
fbbde4
fbbed2
fbbfc0
fbc0ae
fbc19c
fbc28a
fbc378
fbc466
fbc554
fbc642
fbc730
fbc81e
fbc90c
fbc9fb
fbcae9
fbcbd7
fbccc6
fbcdb4
fbcea2
fbcf91
fbd07f
fbd16e
fbd25c
fbd34b
fbd43a
fbd528
fbd617
fbd705
fbd7f4
fbd8e3
fbd9d2
fbdac0
fbdbaf
fbdc9e
fbdd8d
fbde7c
fbdf6b
fbe05a
fbe149
fbe238
fbe327
fbe416
fbe505
fbe5f4
fbe6e4
fbe7d3
fbe8c2
fbe9b1
fbeaa1
fbeb90
fbec7f
fbed6f
fbee5e
fbef4e
fbf03d
fbf12d
fbf21c
fbf30c
fbf3fb
fbf4eb
fbf5db
fbf6ca
fbf7ba
fbf8aa
fbf99a
fbfa8a
fbfb79
fbfc69
fbfd59
fbfe49
fbff39
fc0029
fc0119
fc0209
fc02f9
fc03e9
fc04d9
fc05ca
fc06ba
fc07aa
fc089a
fc098b
fc0a7b
fc0b6b
fc0c5c
fc0d4c
fc0e3c
fc0f2d
fc101d
fc110e
fc11fe
fc12ef
fc13e0
fc14d0
fc15c1
fc16b2
fc17a2
fc1893
fc1984
fc1a75
fc1b65
fc1c56
fc1d47
fc1e38
fc1f29
fc201a
fc210b
fc21fc
fc22ed
fc23de
fc24cf
fc25c0
fc26b2
fc27a3
fc2894
fc2985
fc2a77
fc2b68
fc2c59
fc2d4b
fc2e3c
fc2f2d
fc301f
fc3110
fc3202
fc32f3
fc33e5
fc34d7
fc35c8
fc36ba
fc37ab
fc389d
fc398f
fc3a81
fc3b72
fc3c64
fc3d56
fc3e48
fc3f3a
fc402c
fc411e
fc4210
fc4302
fc43f4
fc44e6
fc45d8
fc46ca
fc47bc
fc48ae
fc49a1
fc4a93
fc4b85
fc4c77
fc4d6a
fc4e5c
fc4f4e
fc5041
fc5133
fc5226
fc5318
fc540b
fc54fd
fc55f0
fc56e2
fc57d5
fc58c8
fc59ba
fc5aad
fc5ba0
fc5c92
fc5d85
fc5e78
fc5f6b
fc605e
fc6151
fc6244
fc6336
fc6429
fc651c
fc660f
fc6702
fc67f6
fc68e9
fc69dc
fc6acf
fc6bc2
fc6cb5
fc6da9
fc6e9c
fc6f8f
fc7082
fc7176
fc7269
fc735c
fc7450
fc7543
fc7637
fc772a
fc781e
fc7911
fc7a05
fc7af9
fc7bec
fc7ce0
fc7dd3
fc7ec7
fc7fbb
fc80af
fc81a2
fc8296
fc838a
fc847e
fc8572
fc8666
fc875a
fc884e
fc8942
fc8a36
fc8b2a
fc8c1e
fc8d12
fc8e06
fc8efa
fc8fee
fc90e2
fc91d7
fc92cb
fc93bf
fc94b4
fc95a8
fc969c
fc9791
fc9885
fc9979
fc9a6e
fc9b62
fc9c57
fc9d4b
fc9e40
fc9f34
fca029
fca11e
fca212
fca307
fca3fc
fca4f0
fca5e5
fca6da
fca7cf
fca8c4
fca9b8
fcaaad
fcaba2
fcac97
fcad8c
fcae81
fcaf76
fcb06b
fcb160
fcb255
fcb34a
fcb43f
fcb535
fcb62a
fcb71f
fcb814
fcb909
fcb9ff
fcbaf4
fcbbe9
fcbcdf
fcbdd4
fcbec9
fcbfbf
fcc0b4
fcc1aa
fcc29f
fcc395
fcc48a
fcc580
fcc675
fcc76b
fcc861
fcc956
fcca4c
fccb42
fccc38
fccd2d
fcce23
fccf19
fcd00f
fcd105
fcd1fa
fcd2f0
fcd3e6
fcd4dc
fcd5d2
fcd6c8
fcd7be
fcd8b4
fcd9aa
fcdaa0
fcdb96
fcdc8d
fcdd83
fcde79
fcdf6f
fce065
fce15c
fce252
fce348
fce43f
fce535
fce62b
fce722
fce818
fce90f
fcea05
fceafc
fcebf2
fcece9
fceddf
fceed6
fcefcc
fcf0c3
fcf1ba
fcf2b0
fcf3a7
fcf49e
fcf594
fcf68b
fcf782
fcf879
fcf970
fcfa66
fcfb5d
fcfc54
fcfd4b
fcfe42
fcff39
fd0030
fd0127
fd021e
fd0315
fd040c
fd0503
fd05fb
fd06f2
fd07e9
fd08e0
fd09d7
fd0acf
fd0bc6
fd0cbd
fd0db4
fd0eac
fd0fa3
fd109a
fd1192
fd1289
fd1381
fd1478
fd1570
fd1667
fd175f
fd1856
fd194e
fd1a45
fd1b3d
fd1c35
fd1d2c
fd1e24
fd1f1c
fd2013
fd210b
fd2203
fd22fb
fd23f3
fd24ea
fd25e2
fd26da
fd27d2
fd28ca
fd29c2
fd2aba
fd2bb2
fd2caa
fd2da2
fd2e9a
fd2f92
fd308a
fd3182
fd327a
fd3372
fd346b
fd3563
fd365b
fd3753
fd384c
fd3944
fd3a3c
fd3b34
fd3c2d
fd3d25
fd3e1e
fd3f16
fd400e
fd4107
fd41ff
fd42f8
fd43f0
fd44e9
fd45e1
fd46da
fd47d3
fd48cb
fd49c4
fd4abc
fd4bb5
fd4cae
fd4da7
fd4e9f
fd4f98
fd5091
fd518a
fd5282
fd537b
fd5474
fd556d
fd5666
fd575f
fd5858
fd5951
fd5a4a
fd5b43
fd5c3c
fd5d35
fd5e2e
fd5f27
fd6020
fd6119
fd6212
fd630b
fd6405
fd64fe
fd65f7
fd66f0
fd67ea
fd68e3
fd69dc
fd6ad5
fd6bcf
fd6cc8
fd6dc2
fd6ebb
fd6fb4
fd70ae
fd71a7
fd72a1
fd739a
fd7494
fd758d
fd7687
fd7780
fd787a
fd7974
fd7a6d
fd7b67
fd7c61
fd7d5a
fd7e54
fd7f4e
fd8047
fd8141
fd823b
fd8335
fd842f
fd8528
fd8622
fd871c
fd8816
fd8910
fd8a0a
fd8b04
fd8bfe
fd8cf8
fd8df2
fd8eec
fd8fe6
fd90e0
fd91da
fd92d4
fd93ce
fd94c8
fd95c3
fd96bd
fd97b7
fd98b1
fd99ab
fd9aa6
fd9ba0
fd9c9a
fd9d95
fd9e8f
fd9f89
fda084
fda17e
fda278
fda373
fda46d
fda568
fda662
fda75d
fda857
fda952
fdaa4c
fdab47
fdac41
fdad3c
fdae36
fdaf31
fdb02c
fdb126
fdb221
fdb31c
fdb417
fdb511
fdb60c
fdb707
fdb802
fdb8fc
fdb9f7
fdbaf2
fdbbed
fdbce8
fdbde3
fdbede
fdbfd8
fdc0d3
fdc1ce
fdc2c9
fdc3c4
fdc4bf
fdc5ba
fdc6b5
fdc7b1
fdc8ac
fdc9a7
fdcaa2
fdcb9d
fdcc98
fdcd93
fdce8e
fdcf8a
fdd085
fdd180
fdd27b
fdd377
fdd472
fdd56d
fdd668
fdd764
fdd85f
fdd95b
fdda56
fddb51
fddc4d
fddd48
fdde44
fddf3f
fde03b
fde136
fde232
fde32d
fde429
fde524
fde620
fde71b
fde817
fde913
fdea0e
fdeb0a
fdec06
fded01
fdedfd
fdeef9
fdeff4
fdf0f0
fdf1ec
fdf2e8
fdf3e4
fdf4df
fdf5db
fdf6d7
fdf7d3
fdf8cf
fdf9cb
fdfac7
fdfbc3
fdfcbe
fdfdba
fdfeb6
fdffb2
fe00ae
fe01aa
fe02a6
fe03a2
fe049f
fe059b
fe0697
fe0793
fe088f
fe098b
fe0a87
fe0b83
fe0c80
fe0d7c
fe0e78
fe0f74
fe1070
fe116d
fe1269
fe1365
fe1462
fe155e
fe165a
fe1757
fe1853
fe194f
fe1a4c
fe1b48
fe1c45
fe1d41
fe1e3d
fe1f3a
fe2036
fe2133
fe222f
fe232c
fe2428
fe2525
fe2622
fe271e
fe281b
fe2917
fe2a14
fe2b11
fe2c0d
fe2d0a
fe2e07
fe2f03
fe3000
fe30fd
fe31fa
fe32f6
fe33f3
fe34f0
fe35ed
fe36e9
fe37e6
fe38e3
fe39e0
fe3add
fe3bda
fe3cd7
fe3dd3
fe3ed0
fe3fcd
fe40ca
fe41c7
fe42c4
fe43c1
fe44be
fe45bb
fe46b8
fe47b5
fe48b2
fe49af
fe4aac
fe4ba9
fe4ca7
fe4da4
fe4ea1
fe4f9e
fe509b
fe5198
fe5295
fe5393
fe5490
fe558d
fe568a
fe5788
fe5885
fe5982
fe5a7f
fe5b7d
fe5c7a
fe5d77
fe5e75
fe5f72
fe606f
fe616d
fe626a
fe6367
fe6465
fe6562
fe6660
fe675d
fe685b
fe6958
fe6a56
fe6b53
fe6c51
fe6d4e
fe6e4c
fe6f49
fe7047
fe7144
fe7242
fe733f
fe743d
fe753b
fe7638
fe7736
fe7834
fe7931
fe7a2f
fe7b2d
fe7c2a
fe7d28
fe7e26
fe7f23
fe8021
fe811f
fe821d
fe831b
fe8418
fe8516
fe8614
fe8712
fe8810
fe890d
fe8a0b
fe8b09
fe8c07
fe8d05
fe8e03
fe8f01
fe8fff
fe90fd
fe91fb
fe92f9
fe93f7
fe94f5
fe95f3
fe96f1
fe97ef
fe98ed
fe99eb
fe9ae9
fe9be7
fe9ce5
fe9de3
fe9ee1
fe9fdf
fea0dd
fea1db
fea2d9
fea3d8
fea4d6
fea5d4
fea6d2
fea7d0
fea8ce
fea9cd
feaacb
feabc9
feacc7
feadc6
feaec4
feafc2
feb0c0
feb1bf
feb2bd
feb3bb
feb4ba
feb5b8
feb6b6
feb7b5
feb8b3
feb9b1
febab0
febbae
febcad
febdab
febea9
febfa8
fec0a6
fec1a5
fec2a3
fec3a2
fec4a0
fec59f
fec69d
fec79c
fec89a
fec999
feca97
fecb96
fecc94
fecd93
fece91
fecf90
fed08f
fed18d
fed28c
fed38a
fed489
fed588
fed686
fed785
fed884
fed982
feda81
fedb80
fedc7e
fedd7d
fede7c
fedf7b
fee079
fee178
fee277
fee376
fee474
fee573
fee672
fee771
fee86f
fee96e
feea6d
feeb6c
feec6b
feed6a
feee68
feef67
fef066
fef165
fef264
fef363
fef462
fef561
fef660
fef75e
fef85d
fef95c
fefa5b
fefb5a
fefc59
fefd58
fefe57
feff56
ff0055
ff0154
ff0253
ff0352
ff0451
ff0550
ff064f
ff074e
ff084d
ff094d
ff0a4c
ff0b4b
ff0c4a
ff0d49
ff0e48
ff0f47
ff1046
ff1145
ff1244
ff1344
ff1443
ff1542
ff1641
ff1740
ff183f
ff193f
ff1a3e
ff1b3d
ff1c3c
ff1d3b
ff1e3b
ff1f3a
ff2039
ff2138
ff2238
ff2337
ff2436
ff2535
ff2635
ff2734
ff2833
ff2932
ff2a32
ff2b31
ff2c30
ff2d30
ff2e2f
ff2f2e
ff302e
ff312d
ff322c
ff332c
ff342b
ff352b
ff362a
ff3729
ff3829
ff3928
ff3a27
ff3b27
ff3c26
ff3d26
ff3e25
ff3f25
ff4024
ff4123
ff4223
ff4322
ff4422
ff4521
ff4621
ff4720
ff4820
ff491f
ff4a1f
ff4b1e
ff4c1e
ff4d1d
ff4e1d
ff4f1c
ff501c
ff511b
ff521b
ff531a
ff541a
ff5519
ff5619
ff5719
ff5818
ff5918
ff5a17
ff5b17
ff5c16
ff5d16
ff5e16
ff5f15
ff6015
ff6114
ff6214
ff6314
ff6413
ff6513
ff6613
ff6712
ff6812
ff6912
ff6a11
ff6b11
ff6c10
ff6d10
ff6e10
ff6f0f
ff700f
ff710f
ff720f
ff730e
ff740e
ff750e
ff760d
ff770d
ff780d
ff790d
ff7a0c
ff7b0c
ff7c0c
ff7d0b
ff7e0b
ff7f0b
ff800b
ff810a
ff820a
ff830a
ff840a
ff8509
ff8609
ff8709
ff8809
ff8909
ff8a08
ff8b08
ff8c08
ff8d08
ff8e08
ff8f07
ff9007
ff9107
ff9207
ff9307
ff9406
ff9506
ff9606
ff9706
ff9806
ff9906
ff9a05
ff9b05
ff9c05
ff9d05
ff9e05
ff9f05
ffa004
ffa104
ffa204
ffa304
ffa404
ffa504
ffa604
ffa704
ffa803
ffa903
ffaa03
ffab03
ffac03
ffad03
ffae03
ffaf03
ffb003
ffb103
ffb202
ffb302
ffb402
ffb502
ffb602
ffb702
ffb802
ffb902
ffba02
ffbb02
ffbc02
ffbd02
ffbe01
ffbf01
ffc001
ffc101
ffc201
ffc301
ffc401
ffc501
ffc601
ffc701
ffc801
ffc901
ffca01
ffcb01
ffcc01
ffcd01
ffce01
ffcf01
ffd001
ffd101
ffd200
ffd300
ffd400
ffd500
ffd600
ffd700
ffd800
ffd900
ffda00
ffdb00
ffdc00
ffdd00
ffde00
ffdf00
ffe000
ffe100
ffe200
ffe300
ffe400
ffe500
ffe600
ffe700
ffe800
ffe900
ffea00
ffeb00
ffec00
ffed00
ffee00
ffef00
fff000
fff100
fff200
fff300
fff400
fff500
fff600
fff700
fff800
fff900
fffa00
fffb00
fffc00
fffd00
fffe00
ffff00
000000
000100
000200
000300
000400
000500
000600
000700
000800
000900
000a00
000b00
000c00
000d00
000e00
000f00
001000
001100
001200
001300
001400
001500
001600
001700
001800
001900
001a00
001b00
001c00
001d00
001e00
001f00
002000
002100
002200
002300
002400
002500
002600
002700
002800
002900
002a00
002b00
002c00
002d00
002e00
002eff
002fff
0030ff
0031ff
0032ff
0033ff
0034ff
0035ff
0036ff
0037ff
0038ff
0039ff
003aff
003bff
003cff
003dff
003eff
003fff
0040ff
0041ff
0042fe
0043fe
0044fe
0045fe
0046fe
0047fe
0048fe
0049fe
004afe
004bfe
004cfe
004dfe
004efd
004ffd
0050fd
0051fd
0052fd
0053fd
0054fd
0055fd
0056fd
0057fd
0058fc
0059fc
005afc
005bfc
005cfc
005dfc
005efc
005ffc
0060fb
0061fb
0062fb
0063fb
0064fb
0065fb
0066fa
0067fa
0068fa
0069fa
006afa
006bfa
006cf9
006df9
006ef9
006ff9
0070f9
0071f8
0072f8
0073f8
0074f8
0075f8
0076f7
0077f7
0078f7
0079f7
007af7
007bf6
007cf6
007df6
007ef6
007ff5
0080f5
0081f5
0082f5
0083f4
0084f4
0085f4
0086f3
0087f3
0088f3
0089f3
008af2
008bf2
008cf2
008df1
008ef1
008ff1
0090f1
0091f0
0092f0
0093f0
0094ef
0095ef
0096ee
0097ee
0098ee
0099ed
009aed
009bed
009cec
009dec
009eec
009feb
00a0eb
00a1ea
00a2ea
00a3ea
00a4e9
00a5e9
00a6e8
00a7e8
00a8e7
00a9e7
00aae7
00abe6
00ace6
00ade5
00aee5
00afe4
00b0e4
00b1e3
00b2e3
00b3e2
00b4e2
00b5e1
00b6e1
00b7e0
00b8e0
00b9df
00badf
00bbde
00bcde
00bddd
00bedd
00bfdc
00c0db
00c1db
00c2da
00c3da
00c4d9
00c5d9
00c6d8
00c7d7
00c8d7
00c9d6
00cad5
00cbd5
00ccd4
00cdd4
00ced3
00cfd2
00d0d2
00d1d1
00d2d0
00d3d0
00d4cf
00d5ce
00d6ce
00d7cd
00d8cc
00d9cb
00dacb
00dbca
00dcc9
00ddc8
00dec8
00dfc7
00e0c6
00e1c5
00e2c5
00e3c4
00e4c3
00e5c2
00e6c1
00e7c1
00e8c0
00e9bf
00eabe
00ebbd
00ecbc
00edbc
00eebb
00efba
00f0b9
00f1b8
00f2b7
00f3b6
00f4b5
00f5b4
00f6b3
00f7b3
00f8b2
00f9b1
00fab0
00fbaf
00fcae
00fdad
00feac
00ffab
0100aa
0101a9
0102a8
0103a7
0104a6
0105a5
0106a4
0107a3
0108a2
0109a0
010a9f
010b9e
010c9d
010d9c
010e9b
010f9a
011099
011198
011296
011395
011494
011593
011692
011791
01188f
01198e
011a8d
011b8c
011c8a
011d89
011e88
011f87
012085
012184
012283
012382
012480
01257f
01267e
01277c
01287b
01297a
012a78
012b77
012c76
012d74
012e73
012f71
013070
01316f
01326d
01336c
01346a
013569
013667
013766
013864
013963
013a61
013b60
013c5e
013d5d
013e5b
013f5a
014058
014157
014255
014353
014452
014550
01464f
01474d
01484b
01494a
014a48
014b46
014c45
014d43
014e41
014f40
01503e
01513c
01523a
015339
015437
015535
015633
015732
015830
01592e
015a2c
015b2a
015c28
015d27
015e25
015f23
016021
01611f
01621d
01631b
016419
016517
016615
016713
016811
01690f
016a0d
016b0b
016c09
016d07
016e05
016f03
017001
0170ff
0171fd
0172fb
0173f9
0174f7
0175f5
0176f3
0177f0
0178ee
0179ec
017aea
017be8
017ce5
017de3
017ee1
017fdf
0180dd
0181da
0182d8
0183d6
0184d3
0185d1
0186cf
0187cc
0188ca
0189c8
018ac5
018bc3
018cc1
018dbe
018ebc
018fb9
0190b7
0191b4
0192b2
0193af
0194ad
0195aa
0196a8
0197a5
0198a3
0199a0
019a9e
019b9b
019c99
019d96
019e93
019f91
01a08e
01a18b
01a289
01a386
01a483
01a581
01a67e
01a77b
01a878
01a976
01aa73
01ab70
01ac6d
01ad6b
01ae68
01af65
01b062
01b15f
01b25c
01b359
01b457
01b554
01b651
01b74e
01b84b
01b948
01ba45
01bb42
01bc3f
01bd3c
01be39
01bf36
01c033
01c130
01c22d
01c329
01c426
01c523
01c620
01c71d
01c81a
01c917
01ca13
01cb10
01cc0d
01cd0a
01ce06
01cf03
01d000
01d0fd
01d1f9
01d2f6
01d3f3
01d4ef
01d5ec
01d6e9
01d7e5
01d8e2
01d9de
01dadb
01dbd8
01dcd4
01ddd1
01decd
01dfca
01e0c6
01e1c3
01e2bf
01e3bb
01e4b8
01e5b4
01e6b1
01e7ad
01e8a9
01e9a6
01eaa2
01eb9e
01ec9b
01ed97
01ee93
01ef90
01f08c
01f188
01f284
01f380
01f47d
01f579
01f675
01f771
01f86d
01f969
01fa65
01fb61
01fc5e
01fd5a
01fe56
01ff52
02004e
02014a
020246
020342
02043d
020539
020635
020731
02082d
020929
020a25
020b21
020c1c
020d18
020e14
020f10
02100c
021107
021203
0212ff
0213fa
0214f6
0215f2
0216ed
0217e9
0218e5
0219e0
021adc
021bd7
021cd3
021dce
021eca
021fc5
0220c1
0221bc
0222b8
0223b3
0224af
0225aa
0226a5
0227a1
02289c
022998
022a93
022b8e
022c89
022d85
022e80
022f7b
023076
023172
02326d
023368
023463
02355e
023659
023754
02384f
02394b
023a46
023b41
023c3c
023d37
023e32
023f2d
024028
024122
02421d
024318
024413
02450e
024609
024704
0247fe
0248f9
0249f4
024aef
024be9
024ce4
024ddf
024eda
024fd4
0250cf
0251ca
0252c4
0253bf
0254b9
0255b4
0256ae
0257a9
0258a3
02599e
025a98
025b93
025c8d
025d88
025e82
025f7c
026077
026171
02626b
026366
026460
02655a
026655
02674f
026849
026943
026a3d
026b38
026c32
026d2c
026e26
026f20
02701a
027114
02720e
027308
027402
0274fc
0275f6
0276f0
0277ea
0278e4
0279de
027ad8
027bd1
027ccb
027dc5
027ebf
027fb9
0280b2
0281ac
0282a6
02839f
028499
028593
02868c
028786
028880
028979
028a73
028b6c
028c66
028d5f
028e59
028f52
02904c
029145
02923e
029338
029431
02952b
029624
02971d
029816
029910
029a09
029b02
029bfb
029cf5
029dee
029ee7
029fe0
02a0d9
02a1d2
02a2cb
02a3c4
02a4bd
02a5b6
02a6af
02a7a8
02a8a1
02a99a
02aa93
02ab8c
02ac85
02ad7e
02ae76
02af6f
02b068
02b161
02b259
02b352
02b44b
02b544
02b63c
02b735
02b82d
02b926
02ba1f
02bb17
02bc10
02bd08
02be01
02bef9
02bff2
02c0ea
02c1e2
02c2db
02c3d3
02c4cc
02c5c4
02c6bc
02c7b4
02c8ad
02c9a5
02ca9d
02cb95
02cc8e
02cd86
02ce7e
02cf76
02d06e
02d166
02d25e
02d356
02d44e
02d546
02d63e
02d736
02d82e
02d926
02da1e
02db16
02dc0d
02dd05
02ddfd
02def5
02dfed
02e0e4
02e1dc
02e2d4
02e3cb
02e4c3
02e5bb
02e6b2
02e7aa
02e8a1
02e999
02ea90
02eb88
02ec7f
02ed77
02ee6e
02ef66
02f05d
02f154
02f24c
02f343
02f43a
02f531
02f629
02f720
02f817
02f90e
02fa05
02fafd
02fbf4
02fceb
02fde2
02fed9
02ffd0
0300c7
0301be
0302b5
0303ac
0304a3
03059a
030690
030787
03087e
030975
030a6c
030b62
030c59
030d50
030e46
030f3d
031034
03112a
031221
031317
03140e
031504
0315fb
0316f1
0317e8
0318de
0319d5
031acb
031bc1
031cb8
031dae
031ea4
031f9b
032091
032187
03227d
032373
03246a
032560
032656
03274c
032842
032938
032a2e
032b24
032c1a
032d10
032e06
032efb
032ff1
0330e7
0331dd
0332d3
0333c8
0334be
0335b4
0336aa
03379f
033895
03398b
033a80
033b76
033c6b
033d61
033e56
033f4c
034041
034137
03422c
034321
034417
03450c
034601
0346f7
0347ec
0348e1
0349d6
034acb
034bc1
034cb6
034dab
034ea0
034f95
03508a
03517f
035274
035369
03545e
035553
035648
03573c
035831
035926
035a1b
035b10
035c04
035cf9
035dee
035ee2
035fd7
0360cc
0361c0
0362b5
0363a9
03649e
036592
036687
03677b
03686f
036964
036a58
036b4c
036c41
036d35
036e29
036f1e
037012
037106
0371fa
0372ee
0373e2
0374d6
0375ca
0376be
0377b2
0378a6
03799a
037a8e
037b82
037c76
037d6a
037e5e
037f51
038045
038139
03822d
038320
038414
038507
0385fb
0386ef
0387e2
0388d6
0389c9
038abd
038bb0
038ca4
038d97
038e8a
038f7e
039071
039164
039257
03934b
03943e
039531
039624
039717
03980a
0398fe
0399f1
039ae4
039bd7
039cca
039dbc
039eaf
039fa2
03a095
03a188
03a27b
03a36e
03a460
03a553
03a646
03a738
03a82b
03a91e
03aa10
03ab03
03abf5
03ace8
03adda
03aecd
03afbf
03b0b2
03b1a4
03b296
03b389
03b47b
03b56d
03b65f
03b752
03b844
03b936
03ba28
03bb1a
03bc0c
03bcfe
03bdf0
03bee2
03bfd4
03c0c6
03c1b8
03c2aa
03c39c
03c48e
03c57f
03c671
03c763
03c855
03c946
03ca38
03cb29
03cc1b
03cd0d
03cdfe
03cef0
03cfe1
03d0d3
03d1c4
03d2b5
03d3a7
03d498
03d589
03d67b
03d76c
03d85d
03d94e
03da40
03db31
03dc22
03dd13
03de04
03def5
03dfe6
03e0d7
03e1c8
03e2b9
03e3aa
03e49b
03e58b
03e67c
03e76d
03e85e
03e94e
03ea3f
03eb30
03ec20
03ed11
03ee02
03eef2
03efe3
03f0d3
03f1c4
03f2b4
03f3a4
03f495
03f585
03f675
03f766
03f856
03f946
03fa36
03fb27
03fc17
03fd07
03fdf7
03fee7
03ffd7
0400c7
0401b7
0402a7
040397
040487
040576
040666
040756
040846
040936
040a25
040b15
040c05
040cf4
040de4
040ed3
040fc3
0410b2
0411a2
041291
041381
041470
04155f
04164f
04173e
04182d
04191c
041a0c
041afb
041bea
041cd9
041dc8
041eb7
041fa6
042095
042184
042273
042362
042451
042540
04262e
04271d
04280c
0428fb
0429e9
042ad8
042bc6
042cb5
042da4
042e92
042f81
04306f
04315e
04324c
04333a
043429
043517
043605
0436f4
0437e2
0438d0
0439be
043aac
043b9a
043c88
043d76
043e64
043f52
044040
04412e
04421c
04430a
0443f8
0444e6
0445d3
0446c1
0447af
04489c
04498a
044a78
044b65
044c53
044d40
044e2e
044f1b
045009
0450f6
0451e3
0452d1
0453be
0454ab
045599
045686
045773
045860
04594d
045a3a
045b27
045c14
045d01
045dee
045edb
045fc8
0460b5
0461a2
04628e
04637b
046468
046555
046641
04672e
04681a
046907
0469f4
046ae0
046bcd
046cb9
046da5
046e92
046f7e
04706a
047157
047243
04732f
04741b
047507
0475f4
0476e0
0477cc
0478b8
0479a4
047a90
047b7c
047c68
047d53
047e3f
047f2b
048017
048102
0481ee
0482da
0483c5
0484b1
04859d
048688
048774
04885f
04894b
048a36
048b21
048c0d
048cf8
048de3
048ecf
048fba
0490a5
049190
04927b
049366
049451
04953c
049627
049712
0497fd
0498e8
0499d3
049abe
049ba9
049c93
049d7e
049e69
049f53
04a03e
04a129
04a213
04a2fe
04a3e8
04a4d3
04a5bd
04a6a7
04a792
04a87c
04a966
04aa51
04ab3b
04ac25
04ad0f
04adf9
04aee3
04afcd
04b0b7
04b1a1
04b28b
04b375
04b45f
04b549
04b633
04b71d
04b806
04b8f0
04b9da
04bac3
04bbad
04bc97
04bd80
04be6a
04bf53
04c03d
04c126
04c20f
04c2f9
04c3e2
04c4cb
04c5b4
04c69e
04c787
04c870
04c959
04ca42
04cb2b
04cc14
04ccfd
04cde6
04cecf
04cfb8
04d0a1
04d18a
04d272
04d35b
04d444
04d52c
04d615
04d6fe
04d7e6
04d8cf
04d9b7
04daa0
04db88
04dc70
04dd59
04de41
04df29
04e012
04e0fa
04e1e2
04e2ca
04e3b2
04e49a
04e582
04e66a
04e752
04e83a
04e922
04ea0a
04eaf2
04ebda
04ecc1
04eda9
04ee91
04ef79
04f060
04f148
04f22f
04f317
04f3fe
04f4e6
04f5cd
04f6b5
04f79c
04f883
04f96b
04fa52
04fb39
04fc20
04fd07
04fdee
04fed5
04ffbc
0500a3
05018a
050271
050358
05043f
050526
05060d
0506f3
0507da
0508c1
0509a7
050a8e
050b75
050c5b
050d42
050e28
050f0f
050ff5
0510db
0511c2
0512a8
05138e
051474
05155a
051641
051727
05180d
0518f3
0519d9
051abf
051ba5
051c8b
051d70
051e56
051f3c
052022
052108
0521ed
0522d3
0523b8
05249e
052584
052669
05274f
052834
052919
0529ff
052ae4
052bc9
052caf
052d94
052e79
052f5e
053043
053128
05320d
0532f2
0533d7
0534bc
0535a1
053686
05376b
05384f
053934
053a19
053afd
053be2
053cc7
053dab
053e90
053f74
054059
05413d
054221
054306
0543ea
0544ce
0545b3
054697
05477b
05485f
054943
054a27
054b0b
054bef
054cd3
054db7
054e9b
054f7f
055062
055146
05522a
05530d
0553f1
0554d5
0555b8
05569c
05577f
055863
055946
055a29
055b0d
055bf0
055cd3
055db7
055e9a
055f7d
056060
056143
056226
056309
0563ec
0564cf
0565b2
056695
056778
05685a
05693d
056a20
056b02
056be5
056cc8
056daa
056e8d
056f6f
057052
057134
057216
0572f9
0573db
0574bd
05759f
057682
057764
057846
057928
057a0a
057aec
057bce
057cb0
057d92
057e74
057f55
058037
058119
0581fb
0582dc
0583be
05849f
058581
058662
058744
058825
058907
0589e8
058ac9
058bab
058c8c
058d6d
058e4e
058f2f
059010
0590f1
0591d2
0592b3
059394
059475
059556
059637
059718
0597f8
0598d9
0599ba
059a9a
059b7b
059c5b
059d3c
059e1c
059efd
059fdd
05a0bd
05a19e
05a27e
05a35e
05a43e
05a51f
05a5ff
05a6df
05a7bf
05a89f
05a97f
05aa5f
05ab3f
05ac1e
05acfe
05adde
05aebe
05af9d
05b07d
05b15d
05b23c
05b31c
05b3fb
05b4db
05b5ba
05b69a
05b779
05b858
05b937
05ba17
05baf6
05bbd5
05bcb4
05bd93
05be72
05bf51
05c030
05c10f
05c1ee
05c2cd
05c3ac
05c48a
05c569
05c648
05c726
05c805
05c8e3
05c9c2
05caa0
05cb7f
05cc5d
05cd3c
05ce1a
05cef8
05cfd6
05d0b5
05d193
05d271
05d34f
05d42d
05d50b
05d5e9
05d6c7
05d7a5
05d883
05d961
05da3e
05db1c
05dbfa
05dcd7
05ddb5
05de93
05df70
05e04e
05e12b
05e208
05e2e6
05e3c3
05e4a0
05e57e
05e65b
05e738
05e815
05e8f2
05e9cf
05eaac
05eb89
05ec66
05ed43
05ee20
05eefd
05efda
05f0b6
05f193
05f270
05f34c
05f429
05f505
05f5e2
05f6be
05f79b
05f877
05f953
05fa30
05fb0c
05fbe8
05fcc4
05fda0
05fe7d
05ff59
060035
060111
0601ed
0602c8
0603a4
060480
06055c
060638
060713
0607ef
0608cb
0609a6
060a82
060b5d
060c39
060d14
060def
060ecb
060fa6
061081
06115c
061238
061313
0613ee
0614c9
0615a4
06167f
06175a
061835
06190f
0619ea
061ac5
061ba0
061c7a
061d55
061e30
061f0a
061fe5
0620bf
062199
062274
06234e
062429
062503
0625dd
0626b7
062791
06286b
062946
062a20
062af9
062bd3
062cad
062d87
062e61
062f3b
063015
0630ee
0631c8
0632a1
06337b
063455
06352e
063607
0636e1
0637ba
063894
06396d
063a46
063b1f
063bf8
063cd2
063dab
063e84
063f5d
064036
06410e
0641e7
0642c0
064399
064472
06454a
064623
0646fc
0647d4
0648ad
064985
064a5e
064b36
064c0e
064ce7
064dbf
064e97
064f70
065048
065120
0651f8
0652d0
0653a8
065480
065558
065630
065707
0657df
0658b7
06598f
065a66
065b3e
065c16
065ced
065dc5
065e9c
065f73
06604b
066122
0661f9
0662d1
0663a8
06647f
066556
06662d
066704
0667db
0668b2
066989
066a60
066b37
066c0e
066ce4
066dbb
066e92
066f68
06703f
067115
0671ec
0672c2
067399
06746f
067545
06761c
0676f2
0677c8
06789e
067974
067a4a
067b20
067bf6
067ccc
067da2
067e78
067f4e
068024
0680f9
0681cf
0682a5
06837a
068450
068525
0685fb
0686d0
0687a6
06887b
068950
068a25
068afb
068bd0
068ca5
068d7a
068e4f
068f24
068ff9
0690ce
0691a3
069278
06934c
069421
0694f6
0695ca
06969f
069774
069848
06991d
0699f1
069ac6
069b9a
069c6e
069d42
069e17
069eeb
069fbf
06a093
06a167
06a23b
06a30f
06a3e3
06a4b7
06a58b
06a65f
06a732
06a806
06a8da
06a9ad
06aa81
06ab55
06ac28
06acfb
06adcf
06aea2
06af76
06b049
06b11c
06b1ef
06b2c2
06b396
06b469
06b53c
06b60f
06b6e2
06b7b5
06b887
06b95a
06ba2d
06bb00
06bbd2
06bca5
06bd78
06be4a
06bf1d
06bfef
06c0c2
06c194
06c266
06c339
06c40b
06c4dd
06c5af
06c681
06c753
06c825
06c8f7
06c9c9
06ca9b
06cb6d
06cc3f
06cd11
06cde2
06ceb4
06cf86
06d057
06d129
06d1fa
06d2cc
06d39d
06d46f
06d540
06d611
06d6e2
06d7b4
06d885
06d956
06da27
06daf8
06dbc9
06dc9a
06dd6b
06de3c
06df0c
06dfdd
06e0ae
06e17f
06e24f
06e320
06e3f0
06e4c1
06e591
06e662
06e732
06e802
06e8d3
06e9a3
06ea73
06eb43
06ec13
06ece3
06edb3
06ee83
06ef53
06f023
06f0f3
06f1c3
06f293
06f362
06f432
06f502
06f5d1
06f6a1
06f770
06f840
06f90f
06f9de
06faae
06fb7d
06fc4c
06fd1b
06fdeb
06feba
06ff89
070058
070127
0701f6
0702c4
070393
070462
070531
070600
0706ce
07079d
07086b
07093a
070a08
070ad7
070ba5
070c73
070d42
070e10
070ede
070fac
07107a
071149
071217
0712e5
0713b3
071480
07154e
07161c
0716ea
0717b8
071885
071953
071a20
071aee
071bbb
071c89
071d56
071e24
071ef1
071fbe
07208b
072159
072226
0722f3
0723c0
07248d
07255a
072627
0726f4
0727c1
07288d
07295a
072a27
072af3
072bc0
072c8d
072d59
072e25
072ef2
072fbe
07308b
073157
073223
0732ef
0733bb
073488
073554
073620
0736ec
0737b8
073883
07394f
073a1b
073ae7
073bb3
073c7e
073d4a
073e15
073ee1
073fac
074078
074143
07420f
0742da
0743a5
074470
07453b
074607
0746d2
07479d
074868
074933
0749fe
074ac8
074b93
074c5e
074d29
074df3
074ebe
074f89
075053
07511e
0751e8
0752b2
07537d
075447
075511
0755db
0756a6
075770
07583a
075904
0759ce
075a98
075b62
075c2c
075cf5
075dbf
075e89
075f53
07601c
0760e6
0761af
076279
076342
07640c
0764d5
07659e
076668
076731
0767fa
0768c3
07698c
076a55
076b1e
076be7
076cb0
076d79
076e42
076f0a
076fd3
07709c
077164
07722d
0772f6
0773be
077486
07754f
077617
0776e0
0777a8
077870
077938
077a00
077ac8
077b90
077c58
077d20
077de8
077eb0
077f78
078040
078107
0781cf
078297
07835e
078426
0784ed
0785b5
07867c
078743
07880b
0788d2
078999
078a60
078b27
078bef
078cb6
078d7d
078e43
078f0a
078fd1
079098
07915f
079225
0792ec
0793b3
079479
079540
079606
0796cd
079793
079859
079920
0799e6
079aac
079b72
079c38
079cfe
079dc5
079e8a
079f50
07a016
07a0dc
07a1a2
07a268
07a32d
07a3f3
07a4b9
07a57e
07a644
07a709
07a7cf
07a894
07a959
07aa1e
07aae4
07aba9
07ac6e
07ad33
07adf8
07aebd
07af82
07b047
07b10c
07b1d1
07b296
07b35a
07b41f
07b4e4
07b5a8
07b66d
07b731
07b7f6
07b8ba
07b97e
07ba43
07bb07
07bbcb
07bc8f
07bd53
07be18
07bedc
07bfa0
07c063
07c127
07c1eb
07c2af
07c373
07c436
07c4fa
07c5be
07c681
07c745
07c808
07c8cc
07c98f
07ca52
07cb16
07cbd9
07cc9c
07cd5f
07ce22
07cee5
07cfa8
07d06b
07d12e
07d1f1
07d2b4
07d377
07d43a
07d4fc
07d5bf
07d681
07d744
07d806
07d8c9
07d98b
07da4e
07db10
07dbd2
07dc94
07dd57
07de19
07dedb
07df9d
07e05f
07e121
07e1e3
07e2a5
07e366
07e428
07e4ea
07e5ab
07e66d
07e72f
07e7f0
07e8b2
07e973
07ea34
07eaf6
07ebb7
07ec78
07ed39
07edfb
07eebc
07ef7d
07f03e
07f0ff
07f1c0
07f281
07f341
07f402
07f4c3
07f584
07f644
07f705
07f7c5
07f886
07f946
07fa07
07fac7
07fb87
07fc47
07fd08
07fdc8
07fe88
07ff48
080008
0800c8
080188
080248
080308
0803c7
080487
080547
080607
0806c6
080786
080845
080905
0809c4
080a83
080b43
080c02
080cc1
080d80
080e40
080eff
080fbe
08107d
08113c
0811fb
0812b9
081378
081437
0814f6
0815b4
081673
081731
0817f0
0818ae
08196d
081a2b
081aea
081ba8
081c66
081d24
081de2
081ea1
081f5f
08201d
0820db
082198
082256
082314
0823d2
082490
08254d
08260b
0826c8
082786
082843
082901
0829be
082a7c
082b39
082bf6
082cb3
082d71
082e2e
082eeb
082fa8
083065
083122
0831de
08329b
083358
083415
0834d1
08358e
08364b
083707
0837c4
083880
08393d
0839f9
083ab5
083b71
083c2e
083cea
083da6
083e62
083f1e
083fda
084096
084152
08420e
0842c9
084385
084441
0844fc
0845b8
084674
08472f
0847eb
0848a6
084961
084a1d
084ad8
084b93
084c4e
084d09
084dc4
084e7f
084f3a
084ff5
0850b0
08516b
085226
0852e1
08539b
085456
085511
0855cb
085686
085740
0857fa
0858b5
08596f
085a29
085ae4
085b9e
085c58
085d12
085dcc
085e86
085f40
085ffa
0860b4
08616d
086227
0862e1
08639a
086454
08650e
0865c7
086681
08673a
0867f3
0868ad
086966
086a1f
086ad8
086b91
086c4b
086d04
086dbd
086e76
086f2e
086fe7
0870a0
087159
087211
0872ca
087383
08743b
0874f4
0875ac
087665
08771d
0877d5
08788e
087946
0879fe
087ab6
087b6e
087c26
087cde
087d96
087e4e
087f06
087fbe
088075
08812d
0881e5
08829c
088354
08840b
0884c3
08857a
088632
0886e9
0887a0
088857
08890f
0889c6
088a7d
088b34
088beb
088ca2
088d59
088e0f
088ec6
088f7d
089034
0890ea
0891a1
089257
08930e
0893c4
08947b
089531
0895e7
08969e
089754
08980a
0898c0
089976
089a2c
089ae2
089b98
089c4e
089d04
089dba
089e70
089f25
089fdb
08a090
08a146
08a1fb
08a2b1
08a366
08a41c
08a4d1
08a586
08a63b
08a6f1
08a7a6
08a85b
08a910
08a9c5
08aa7a
08ab2f
08abe3
08ac98
08ad4d
08ae02
08aeb6
08af6b
08b01f
08b0d4
08b188
08b23d
08b2f1
08b3a5
08b45a
08b50e
08b5c2
08b676
08b72a
08b7de
08b892
08b946
08b9fa
08baae
08bb62
08bc15
08bcc9
08bd7d
08be30
08bee4
08bf97
08c04b
08c0fe
08c1b1
08c265
08c318
08c3cb
08c47e
08c531
08c5e5
08c698
08c74a
08c7fd
08c8b0
08c963
08ca16
08cac9
08cb7b
08cc2e
08cce0
08cd93
08ce45
08cef8
08cfaa
08d05d
08d10f
08d1c1
08d273
08d326
08d3d8
08d48a
08d53c
08d5ee
08d6a0
08d751
08d803
08d8b5
08d967
08da18
08daca
08db7c
08dc2d
08dcdf
08dd90
08de41
08def3
08dfa4
08e055
08e106
08e1b8
08e269
08e31a
08e3cb
08e47c
08e52c
08e5dd
08e68e
08e73f
08e7f0
08e8a0
08e951
08ea01
08eab2
08eb62
08ec13
08ecc3
08ed74
08ee24
08eed4
08ef84
08f034
08f0e4
08f194
08f244
08f2f4
08f3a4
08f454
08f504
08f5b4
08f663
08f713
08f7c3
08f872
08f922
08f9d1
08fa81
08fb30
08fbdf
08fc8e
08fd3e
08fded
08fe9c
08ff4b
08fffa
0900a9
090158
090207
0902b6
090365
090413
0904c2
090571
09061f
0906ce
09077c
09082b
0908d9
090987
090a36
090ae4
090b92
090c40
090cee
090d9d
090e4b
090ef9
090fa6
091054
091102
0911b0
09125e
09130b
0913b9
091467
091514
0915c2
09166f
09171c
0917ca
091877
091924
0919d1
091a7f
091b2c
091bd9
091c86
091d33
091de0
091e8c
091f39
091fe6
092093
09213f
0921ec
092299
092345
0923f2
09249e
09254a
0925f7
0926a3
09274f
0927fc
0928a8
092954
092a00
092aac
092b58
092c04
092caf
092d5b
092e07
092eb3
092f5e
09300a
0930b6
093161
09320d
0932b8
093363
09340f
0934ba
093565
093610
0936bb
093767
093812
0938bd
093968
093a12
093abd
093b68
093c13
093cbd
093d68
093e13
093ebd
093f68
094012
0940bd
094167
094211
0942bc
094366
094410
0944ba
094564
09460e
0946b8
094762
09480c
0948b6
094960
094a09
094ab3
094b5d
094c06
094cb0
094d59
094e03
094eac
094f55
094fff
0950a8
095151
0951fa
0952a3
09534d
0953f6
09549f
095547
0955f0
095699
095742
0957eb
095893
09593c
0959e5
095a8d
095b36
095bde
095c86
095d2f
095dd7
095e7f
095f27
095fd0
096078
096120
0961c8
096270
096318
0963bf
096467
09650f
0965b7
09665e
096706
0967ae
096855
0968fd
0969a4
096a4b
096af3
096b9a
096c41
096ce8
096d90
096e37
096ede
096f85
09702c
0970d3
097179
097220
0972c7
09736e
097414
0974bb
097561
097608
0976ae
097755
0977fb
0978a2
097948
0979ee
097a94
097b3a
097be0
097c86
097d2c
097dd2
097e78
097f1e
097fc4
09806a
09810f
0981b5
09825b
098300
0983a6
09844b
0984f0
098596
09863b
0986e0
098786
09882b
0988d0
098975
098a1a
098abf
098b64
098c09
098cae
098d52
098df7
098e9c
098f40
098fe5
09908a
09912e
0991d3
099277
09931b
0993c0
099464
099508
0995ac
099650
0996f4
099798
09983c
0998e0
099984
099a28
099acc
099b6f
099c13
099cb7
099d5a
099dfe
099ea1
099f45
099fe8
09a08c
09a12f
09a1d2
09a275
09a318
09a3bc
09a45f
09a502
09a5a5
09a647
09a6ea
09a78d
09a830
09a8d3
09a975
09aa18
09aabb
09ab5d
09ac00
09aca2
09ad44
09ade7
09ae89
09af2b
09afcd
09b070
09b112
09b1b4
09b256
09b2f8
09b39a
09b43b
09b4dd
09b57f
09b621
09b6c2
09b764
09b806
09b8a7
09b949
09b9ea
09ba8b
09bb2d
09bbce
09bc6f
09bd10
09bdb1
09be53
09bef4
09bf95
09c036
09c0d6
09c177
09c218
09c2b9
09c35a
09c3fa
09c49b
09c53b
09c5dc
09c67c
09c71d
09c7bd
09c85d
09c8fe
09c99e
09ca3e
09cade
09cb7e
09cc1e
09ccbe
09cd5e
09cdfe
09ce9e
09cf3e
09cfde
09d07d
09d11d
09d1bd
09d25c
09d2fc
09d39b
09d43b
09d4da
09d579
09d618
09d6b8
09d757
09d7f6
09d895
09d934
09d9d3
09da72
09db11
09dbb0
09dc4f
09dced
09dd8c
09de2b
09dec9
09df68
09e006
09e0a5
09e143
09e1e2
09e280
09e31e
09e3bc
09e45b
09e4f9
09e597
09e635
09e6d3
09e771
09e80f
09e8ac
09e94a
09e9e8
09ea86
09eb23
09ebc1
09ec5e
09ecfc
09ed99
09ee37
09eed4
09ef71
09f00f
09f0ac
09f149
09f1e6
09f283
09f320
09f3bd
09f45a
09f4f7
09f594
09f631
09f6ce
09f76a
09f807
09f8a3
09f940
09f9dc
09fa79
09fb15
09fbb2
09fc4e
09fcea
09fd87
09fe23
09febf
09ff5b
09fff7
0a0093
0a012f
0a01cb
0a0267
0a0302
0a039e
0a043a
0a04d5
0a0571
0a060d
0a06a8
0a0744
0a07df
0a087a
0a0916
0a09b1
0a0a4c
0a0ae7
0a0b82
0a0c1d
0a0cb8
0a0d53
0a0dee
0a0e89
0a0f24
0a0fbf
0a105a
0a10f4
0a118f
0a122a
0a12c4
0a135f
0a13f9
0a1494
0a152e
0a15c8
0a1662
0a16fd
0a1797
0a1831
0a18cb
0a1965
0a19ff
0a1a99
0a1b33
0a1bcd
0a1c67
0a1d00
0a1d9a
0a1e34
0a1ecd
0a1f67
0a2000
0a209a
0a2133
0a21cd
0a2266
0a22ff
0a2398
0a2431
0a24cb
0a2564
0a25fd
0a2696
0a272f
0a27c8
0a2860
0a28f9
0a2992
0a2a2b
0a2ac3
0a2b5c
0a2bf4
0a2c8d
0a2d25
0a2dbe
0a2e56
0a2eef
0a2f87
0a301f
0a30b7
0a314f
0a31e7
0a3280
0a3318
0a33af
0a3447
0a34df
0a3577
0a360f
0a36a6
0a373e
0a37d6
0a386d
0a3905
0a399c
0a3a34
0a3acb
0a3b62
0a3bfa
0a3c91
0a3d28
0a3dbf
0a3e56
0a3eed
0a3f84
0a401b
0a40b2
0a4149
0a41e0
0a4277
0a430d
0a43a4
0a443b
0a44d1
0a4568
0a45fe
0a4695
0a472b
0a47c1
0a4858
0a48ee
0a4984
0a4a1a
0a4ab0
0a4b47
0a4bdd
0a4c72
0a4d08
0a4d9e
0a4e34
0a4eca
0a4f60
0a4ff5
0a508b
0a5120
0a51b6
0a524c
0a52e1
0a5376
0a540c
0a54a1
0a5536
0a55cb
0a5661
0a56f6
0a578b
0a5820
0a58b5
0a594a
0a59df
0a5a73
0a5b08
0a5b9d
0a5c32
0a5cc6
0a5d5b
0a5def
0a5e84
0a5f18
0a5fad
0a6041
0a60d5
0a616a
0a61fe
0a6292
0a6326
0a63ba
0a644e
0a64e2
0a6576
0a660a
0a669e
0a6732
0a67c6
0a6859
0a68ed
0a6981
0a6a14
0a6aa8
0a6b3b
0a6bcf
0a6c62
0a6cf5
0a6d89
0a6e1c
0a6eaf
0a6f42
0a6fd5
0a7068
0a70fb
0a718e
0a7221
0a72b4
0a7347
0a73da
0a746c
0a74ff
0a7592
0a7624
0a76b7
0a7749
0a77dc
0a786e
0a7900
0a7993
0a7a25
0a7ab7
0a7b49
0a7bdb
0a7c6d
0a7cff
0a7d91
0a7e23
0a7eb5
0a7f47
0a7fd9
0a806b
0a80fc
0a818e
0a8220
0a82b1
0a8343
0a83d4
0a8465
0a84f7
0a8588
0a8619
0a86ab
0a873c
0a87cd
0a885e
0a88ef
0a8980
0a8a11
0a8aa2
0a8b33
0a8bc4
0a8c54
0a8ce5
0a8d76
0a8e06
0a8e97
0a8f27
0a8fb8
0a9048
0a90d9
0a9169
0a91f9
0a928a
0a931a
0a93aa
0a943a
0a94ca
0a955a
0a95ea
0a967a
0a970a
0a979a
0a982a
0a98b9
0a9949
0a99d9
0a9a68
0a9af8
0a9b87
0a9c17
0a9ca6
0a9d36
0a9dc5
0a9e54
0a9ee3
0a9f73
0aa002
0aa091
0aa120
0aa1af
0aa23e
0aa2cd
0aa35b
0aa3ea
0aa479
0aa508
0aa596
0aa625
0aa6b4
0aa742
0aa7d1
0aa85f
0aa8ed
0aa97c
0aaa0a
0aaa98
0aab27
0aabb5
0aac43
0aacd1
0aad5f
0aaded
0aae7b
0aaf09
0aaf97
0ab024
0ab0b2
0ab140
0ab1cd
0ab25b
0ab2e9
0ab376
0ab404
0ab491
0ab51e
0ab5ac
0ab639
0ab6c6
0ab753
0ab7e0
0ab86e
0ab8fb
0ab988
0aba15
0abaa2
0abb2e
0abbbb
0abc48
0abcd5
0abd61
0abdee
0abe7b
0abf07
0abf94
0ac020
0ac0ac
0ac139
0ac1c5
0ac251
0ac2de
0ac36a
0ac3f6
0ac482
0ac50e
0ac59a
0ac626
0ac6b2
0ac73e
0ac7ca
0ac855
0ac8e1
0ac96d
0ac9f8
0aca84
0acb0f
0acb9b
0acc26
0accb2
0acd3d
0acdc8
0ace54
0acedf
0acf6a
0acff5
0ad080
0ad10b
0ad196
0ad221
0ad2ac
0ad337
0ad3c2
0ad44c
0ad4d7
0ad562
0ad5ec
0ad677
0ad701
0ad78c
0ad816
0ad8a1
0ad92b
0ad9b5
0ada40
0adaca
0adb54
0adbde
0adc68
0adcf2
0add7c
0ade06
0ade90
0adf1a
0adfa4
0ae02d
0ae0b7
0ae141
0ae1ca
0ae254
0ae2dd
0ae367
0ae3f0
0ae47a
0ae503
0ae58c
0ae615
0ae69f
0ae728
0ae7b1
0ae83a
0ae8c3
0ae94c
0ae9d5
0aea5e
0aeae7
0aeb6f
0aebf8
0aec81
0aed09
0aed92
0aee1b
0aeea3
0aef2c
0aefb4
0af03c
0af0c5
0af14d
0af1d5
0af25d
0af2e6
0af36e
0af3f6
0af47e
0af506
0af58e
0af615
0af69d
0af725
0af7ad
0af834
0af8bc
0af944
0af9cb
0afa53
0afada
0afb62
0afbe9
0afc70
0afcf8
0afd7f
0afe06
0afe8d
0aff14
0aff9b
0b0022
0b00a9
0b0130
0b01b7
0b023e
0b02c5
0b034c
0b03d2
0b0459
0b04df
0b0566
0b05ed
0b0673
0b06f9
0b0780
0b0806
0b088c
0b0913
0b0999
0b0a1f
0b0aa5
0b0b2b
0b0bb1
0b0c37
0b0cbd
0b0d43
0b0dc9
0b0e4f
0b0ed4
0b0f5a
0b0fe0
0b1065
0b10eb
0b1170
0b11f6
0b127b
0b1301
0b1386
0b140b
0b1491
0b1516
0b159b
0b1620
0b16a5
0b172a
0b17af
0b1834
0b18b9
0b193e
0b19c3
0b1a47
0b1acc
0b1b51
0b1bd5
0b1c5a
0b1cde
0b1d63
0b1de7
0b1e6c
0b1ef0
0b1f74
0b1ff9
0b207d
0b2101
0b2185
0b2209
0b228d
0b2311
0b2395
0b2419
0b249d
0b2521
0b25a5
0b2628
0b26ac
0b2730
0b27b3
0b2837
0b28ba
0b293e
0b29c1
0b2a44
0b2ac8
0b2b4b
0b2bce
0b2c51
0b2cd5
0b2d58
0b2ddb
0b2e5e
0b2ee1
0b2f64
0b2fe6
0b3069
0b30ec
0b316f
0b31f2
0b3274
0b32f7
0b3379
0b33fc
0b347e
0b3501
0b3583
0b3605
0b3688
0b370a
0b378c
0b380e
0b3890
0b3913
0b3995
0b3a17
0b3a98
0b3b1a
0b3b9c
0b3c1e
0b3ca0
0b3d21
0b3da3
0b3e25
0b3ea6
0b3f28
0b3fa9
0b402b
0b40ac
0b412e
0b41af
0b4230
0b42b1
0b4333
0b43b4
0b4435
0b44b6
0b4537
0b45b8
0b4639
0b46ba
0b473a
0b47bb
0b483c
0b48bd
0b493d
0b49be
0b4a3e
0b4abf
0b4b3f
0b4bc0
0b4c40
0b4cc0
0b4d41
0b4dc1
0b4e41
0b4ec1
0b4f42
0b4fc2
0b5042
0b50c2
0b5142
0b51c1
0b5241
0b52c1
0b5341
0b53c1
0b5440
0b54c0
0b553f
0b55bf
0b563e
0b56be
0b573d
0b57bd
0b583c
0b58bb
0b593b
0b59ba
0b5a39
0b5ab8
0b5b37
0b5bb6
0b5c35
0b5cb4
0b5d33
0b5db2
0b5e30
0b5eaf
0b5f2e
0b5fad
0b602b
0b60aa
0b6128
0b61a7
0b6225
0b62a4
0b6322
0b63a0
0b641f
0b649d
0b651b
0b6599
0b6617
0b6695
0b6713
0b6791
0b680f
0b688d
0b690b
0b6989
0b6a06
0b6a84
0b6b02
0b6b7f
0b6bfd
0b6c7a
0b6cf8
0b6d75
0b6df3
0b6e70
0b6eed
0b6f6b
0b6fe8
0b7065
0b70e2
0b715f
0b71dc
0b7259
0b72d6
0b7353
0b73d0
0b744d
0b74c9
0b7546
0b75c3
0b7640
0b76bc
0b7739
0b77b5
0b7832
0b78ae
0b792b
0b79a7
0b7a23
0b7a9f
0b7b1c
0b7b98
0b7c14
0b7c90
0b7d0c
0b7d88
0b7e04
0b7e80
0b7efc
0b7f78
0b7ff3
0b806f
0b80eb
0b8166
0b81e2
0b825e
0b82d9
0b8355
0b83d0
0b844b
0b84c7
0b8542
0b85bd
0b8638
0b86b4
0b872f
0b87aa
0b8825
0b88a0
0b891b
0b8996
0b8a11
0b8a8b
0b8b06
0b8b81
0b8bfc
0b8c76
0b8cf1
0b8d6b
0b8de6
0b8e60
0b8edb
0b8f55
0b8fd0
0b904a
0b90c4
0b913e
0b91b9
0b9233
0b92ad
0b9327
0b93a1
0b941b
0b9495
0b950f
0b9588
0b9602
0b967c
0b96f6
0b976f
0b97e9
0b9862
0b98dc
0b9956
0b99cf
0b9a48
0b9ac2
0b9b3b
0b9bb4
0b9c2e
0b9ca7
0b9d20
0b9d99
0b9e12
0b9e8b
0b9f04
0b9f7d
0b9ff6
0ba06f
0ba0e7
0ba160
0ba1d9
0ba252
0ba2ca
0ba343
0ba3bb
0ba434
0ba4ac
0ba525
0ba59d
0ba615
0ba68e
0ba706
0ba77e
0ba7f6
0ba86e
0ba8e6
0ba95e
0ba9d6
0baa4e
0baac6
0bab3e
0babb6
0bac2e
0baca6
0bad1d
0bad95
0bae0c
0bae84
0baefc
0baf73
0bafea
0bb062
0bb0d9
0bb150
0bb1c8
0bb23f
0bb2b6
0bb32d
0bb3a4
0bb41b
0bb492
0bb509
0bb580
0bb5f7
0bb66e
0bb6e5
0bb75c
0bb7d2
0bb849
0bb8c0
0bb936
0bb9ad
0bba23
0bba9a
0bbb10
0bbb86
0bbbfd
0bbc73
0bbce9
0bbd5f
0bbdd6
0bbe4c
0bbec2
0bbf38
0bbfae
0bc024
0bc09a
0bc110
0bc185
0bc1fb
0bc271
0bc2e7
0bc35c
0bc3d2
0bc447
0bc4bd
0bc532
0bc5a8
0bc61d
0bc693
0bc708
0bc77d
0bc7f2
0bc868
0bc8dd
0bc952
0bc9c7
0bca3c
0bcab1
0bcb26
0bcb9b
0bcc10
0bcc84
0bccf9
0bcd6e
0bcde2
0bce57
0bcecc
0bcf40
0bcfb5
0bd029
0bd09e
0bd112
0bd186
0bd1fb
0bd26f
0bd2e3
0bd357
0bd3cc
0bd440
0bd4b4
0bd528
0bd59c
0bd610
0bd683
0bd6f7
0bd76b
0bd7df
0bd853
0bd8c6
0bd93a
0bd9ad
0bda21
0bda95
0bdb08
0bdb7b
0bdbef
0bdc62
0bdcd5
0bdd49
0bddbc
0bde2f
0bdea2
0bdf15
0bdf88
0bdffb
0be06e
0be0e1
0be154
0be1c7
0be23a
0be2ad
0be31f
0be392
0be405
0be477
0be4ea
0be55c
0be5cf
0be641
0be6b3
0be726
0be798
0be80a
0be87d
0be8ef
0be961
0be9d3
0bea45
0beab7
0beb29
0beb9b
0bec0d
0bec7f
0becf0
0bed62
0bedd4
0bee46
0beeb7
0bef29
0bef9a
0bf00c
0bf07d
0bf0ef
0bf160
0bf1d2
0bf243
0bf2b4
0bf325
0bf397
0bf408
0bf479
0bf4ea
0bf55b
0bf5cc
0bf63d
0bf6ae
0bf71f
0bf78f
0bf800
0bf871
0bf8e2
0bf952
0bf9c3
0bfa33
0bfaa4
0bfb14
0bfb85
0bfbf5
0bfc66
0bfcd6
0bfd46
0bfdb6
0bfe27
0bfe97
0bff07
0bff77
0bffe7
0c0057
0c00c7
0c0137
0c01a7
0c0216
0c0286
0c02f6
0c0366
0c03d5
0c0445
0c04b5
0c0524
0c0594
0c0603
0c0672
0c06e2
0c0751
0c07c0
0c0830
0c089f
0c090e
0c097d
0c09ec
0c0a5b
0c0aca
0c0b39
0c0ba8
0c0c17
0c0c86
0c0cf5
0c0d64
0c0dd2
0c0e41
0c0eb0
0c0f1e
0c0f8d
0c0ffb
0c106a
0c10d8
0c1147
0c11b5
0c1223
0c1292
0c1300
0c136e
0c13dc
0c144a
0c14b8
0c1526
0c1594
0c1602
0c1670
0c16de
0c174c
0c17ba
0c1827
0c1895
0c1903
0c1970
0c19de
0c1a4c
0c1ab9
0c1b26
0c1b94
0c1c01
0c1c6f
0c1cdc
0c1d49
0c1db6
0c1e24
0c1e91
0c1efe
0c1f6b
0c1fd8
0c2045
0c20b2
0c211f
0c218c
0c21f8
0c2265
0c22d2
0c233f
0c23ab
0c2418
0c2484
0c24f1
0c255d
0c25ca
0c2636
0c26a3
0c270f
0c277b
0c27e8
0c2854
0c28c0
0c292c
0c2998
0c2a04
0c2a70
0c2adc
0c2b48
0c2bb4
0c2c20
0c2c8c
0c2cf8
0c2d63
0c2dcf
0c2e3b
0c2ea6
0c2f12
0c2f7d
0c2fe9
0c3054
0c30c0
0c312b
0c3196
0c3202
0c326d
0c32d8
0c3343
0c33ae
0c341a
0c3485
0c34f0
0c355b
0c35c6
0c3630
0c369b
0c3706
0c3771
0c37dc
0c3846
0c38b1
0c391c
0c3986
0c39f1
0c3a5b
0c3ac6
0c3b30
0c3b9a
0c3c05
0c3c6f
0c3cd9
0c3d44
0c3dae
0c3e18
0c3e82
0c3eec
0c3f56
0c3fc0
0c402a
0c4094
0c40fe
0c4168
0c41d1
0c423b
0c42a5
0c430e
0c4378
0c43e2
0c444b
0c44b5
0c451e
0c4588
0c45f1
0c465a
0c46c4
0c472d
0c4796
0c47ff
0c4869
0c48d2
0c493b
0c49a4
0c4a0d
0c4a76
0c4adf
0c4b47
0c4bb0
0c4c19
0c4c82
0c4ceb
0c4d53
0c4dbc
0c4e25
0c4e8d
0c4ef6
0c4f5e
0c4fc7
0c502f
0c5097
0c5100
0c5168
0c51d0
0c5238
0c52a1
0c5309
0c5371
0c53d9
0c5441
0c54a9
0c5511
0c5579
0c55e0
0c5648
0c56b0
0c5718
0c5780
0c57e7
0c584f
0c58b6
0c591e
0c5985
0c59ed
0c5a54
0c5abc
0c5b23
0c5b8a
0c5bf2
0c5c59
0c5cc0
0c5d27
0c5d8e
0c5df5
0c5e5c
0c5ec3
0c5f2a
0c5f91
0c5ff8
0c605f
0c60c6
0c612d
0c6193
0c61fa
0c6261
0c62c7
0c632e
0c6394
0c63fb
0c6461
0c64c8
0c652e
0c6594
0c65fb
0c6661
0c66c7
0c672d
0c6794
0c67fa
0c6860
0c68c6
0c692c
0c6992
0c69f8
0c6a5e
0c6ac3
0c6b29
0c6b8f
0c6bf5
0c6c5a
0c6cc0
0c6d26
0c6d8b
0c6df1
0c6e56
0c6ebc
0c6f21
0c6f86
0c6fec
0c7051
0c70b6
0c711c
0c7181
0c71e6
0c724b
0c72b0
0c7315
0c737a
0c73df
0c7444
0c74a9
0c750e
0c7572
0c75d7
0c763c
0c76a1
0c7705
0c776a
0c77ce
0c7833
0c7897
0c78fc
0c7960
0c79c5
0c7a29
0c7a8d
0c7af2
0c7b56
0c7bba
0c7c1e
0c7c82
0c7ce6
0c7d4a
0c7dae
0c7e12
0c7e76
0c7eda
0c7f3e
0c7fa2
0c8005
0c8069
0c80cd
0c8131
0c8194
0c81f8
0c825b
0c82bf
0c8322
0c8386
0c83e9
0c844c
0c84b0
0c8513
0c8576
0c85d9
0c863d
0c86a0
0c8703
0c8766
0c87c9
0c882c
0c888f
0c88f2
0c8954
0c89b7
0c8a1a
0c8a7d
0c8ae0
0c8b42
0c8ba5
0c8c07
0c8c6a
0c8ccd
0c8d2f
0c8d91
0c8df4
0c8e56
0c8eb9
0c8f1b
0c8f7d
0c8fdf
0c9041
0c90a4
0c9106
0c9168
0c91ca
0c922c
0c928e
0c92f0
0c9352
0c93b3
0c9415
0c9477
0c94d9
0c953a
0c959c
0c95fe
0c965f
0c96c1
0c9722
0c9784
0c97e5
0c9847
0c98a8
0c9909
0c996a
0c99cc
0c9a2d
0c9a8e
0c9aef
0c9b50
0c9bb1
0c9c12
0c9c73
0c9cd4
0c9d35
0c9d96
0c9df7
0c9e58
0c9eb8
0c9f19
0c9f7a
0c9fda
0ca03b
0ca09c
0ca0fc
0ca15d
0ca1bd
0ca21e
0ca27e
0ca2de
0ca33f
0ca39f
0ca3ff
0ca45f
0ca4bf
0ca520
0ca580
0ca5e0
0ca640
0ca6a0
0ca700
0ca75f
0ca7bf
0ca81f
0ca87f
0ca8df
0ca93e
0ca99e
0ca9fe
0caa5d
0caabd
0cab1c
0cab7c
0cabdb
0cac3b
0cac9a
0cacfa
0cad59
0cadb8
0cae17
0cae77
0caed6
0caf35
0caf94
0caff3
0cb052
0cb0b1
0cb110
0cb16f
0cb1ce
0cb22d
0cb28b
0cb2ea
0cb349
0cb3a7
0cb406
0cb465
0cb4c3
0cb522
0cb580
0cb5df
0cb63d
0cb69c
0cb6fa
0cb758
0cb7b7
0cb815
0cb873
0cb8d1
0cb92f
0cb98d
0cb9eb
0cba4a
0cbaa7
0cbb05
0cbb63
0cbbc1
0cbc1f
0cbc7d
0cbcdb
0cbd38
0cbd96
0cbdf4
0cbe51
0cbeaf
0cbf0c
0cbf6a
0cbfc7
0cc025
0cc082
0cc0e0
0cc13d
0cc19a
0cc1f8
0cc255
0cc2b2
0cc30f
0cc36c
0cc3c9
0cc426
0cc483
0cc4e0
0cc53d
0cc59a
0cc5f7
0cc654
0cc6b1
0cc70d
0cc76a
0cc7c7
0cc823
0cc880
0cc8dd
0cc939
0cc996
0cc9f2
0cca4f
0ccaab
0ccb07
0ccb64
0ccbc0
0ccc1c
0ccc78
0cccd5
0ccd31
0ccd8d
0ccde9
0cce45
0ccea1
0ccefd
0ccf59
0ccfb5
0cd011
0cd06c
0cd0c8
0cd124
0cd180
0cd1db
0cd237
0cd292
0cd2ee
0cd34a
0cd3a5
0cd401
0cd45c
0cd4b7
0cd513
0cd56e
0cd5c9
0cd624
0cd680
0cd6db
0cd736
0cd791
0cd7ec
0cd847
0cd8a2
0cd8fd
0cd958
0cd9b3
0cda0e
0cda69
0cdac3
0cdb1e
0cdb79
0cdbd4
0cdc2e
0cdc89
0cdce3
0cdd3e
0cdd98
0cddf3
0cde4d
0cdea8
0cdf02
0cdf5c
0cdfb7
0ce011
0ce06b
0ce0c5
0ce11f
0ce179
0ce1d3
0ce22e
0ce288
0ce2e1
0ce33b
0ce395
0ce3ef
0ce449
0ce4a3
0ce4fd
0ce556
0ce5b0
0ce60a
0ce663
0ce6bd
0ce716
0ce770
0ce7c9
0ce823
0ce87c
0ce8d5
0ce92f
0ce988
0ce9e1
0cea3b
0cea94
0ceaed
0ceb46
0ceb9f
0cebf8
0cec51
0cecaa
0ced03
0ced5c
0cedb5
0cee0e
0cee66
0ceebf
0cef18
0cef71
0cefc9
0cf022
0cf07b
0cf0d3
0cf12c
0cf184
0cf1dd
0cf235
0cf28d
0cf2e6
0cf33e
0cf396
0cf3ef
0cf447
0cf49f
0cf4f7
0cf54f
0cf5a7
0cf5ff
0cf657
0cf6af
0cf707
0cf75f
0cf7b7
0cf80f
0cf866
0cf8be
0cf916
0cf96e
0cf9c5
0cfa1d
0cfa74
0cfacc
0cfb24
0cfb7b
0cfbd2
0cfc2a
0cfc81
0cfcd9
0cfd30
0cfd87
0cfdde
0cfe36
0cfe8d
0cfee4
0cff3b
0cff92
0cffe9
0d0040
0d0097
0d00ee
0d0145
0d019c
0d01f2
0d0249
0d02a0
0d02f7
0d034d
0d03a4
0d03fb
0d0451
0d04a8
0d04fe
0d0555
0d05ab
0d0602
0d0658
0d06ae
0d0705
0d075b
0d07b1
0d0807
0d085e
0d08b4
0d090a
0d0960
0d09b6
0d0a0c
0d0a62
0d0ab8
0d0b0e
0d0b63
0d0bb9
0d0c0f
0d0c65
0d0cbb
0d0d10
0d0d66
0d0dbc
0d0e11
0d0e67
0d0ebc
0d0f12
0d0f67
0d0fbd
0d1012
0d1067
0d10bd
0d1112
0d1167
0d11bc
0d1211
0d1267
0d12bc
0d1311
0d1366
0d13bb
0d1410
0d1465
0d14ba
0d150f
0d1563
0d15b8
0d160d
0d1662
0d16b6
0d170b
0d1760
0d17b4
0d1809
0d185d
0d18b2
0d1906
0d195b
0d19af
0d1a04
0d1a58
0d1aac
0d1b00
0d1b55
0d1ba9
0d1bfd
0d1c51
0d1ca5
0d1cf9
0d1d4d
0d1da1
0d1df5
0d1e49
0d1e9d
0d1ef1
0d1f45
0d1f99
0d1fec
0d2040
0d2094
0d20e7
0d213b
0d218f
0d21e2
0d2236
0d2289
0d22dd
0d2330
0d2383
0d23d7
0d242a
0d247d
0d24d1
0d2524
0d2577
0d25ca
0d261d
0d2671
0d26c4
0d2717
0d276a
0d27bd
0d280f
0d2862
0d28b5
0d2908
0d295b
0d29ae
0d2a00
0d2a53
0d2aa6
0d2af8
0d2b4b
0d2b9d
0d2bf0
0d2c42
0d2c95
0d2ce7
0d2d3a
0d2d8c
0d2dde
0d2e31
0d2e83
0d2ed5
0d2f27
0d2f7a
0d2fcc
0d301e
0d3070
0d30c2
0d3114
0d3166
0d31b8
0d320a
0d325b
0d32ad
0d32ff
0d3351
0d33a3
0d33f4
0d3446
0d3498
0d34e9
0d353b
0d358c
0d35de
0d362f
0d3681
0d36d2
0d3723
0d3775
0d37c6
0d3817
0d3869
0d38ba
0d390b
0d395c
0d39ad
0d39fe
0d3a4f
0d3aa0
0d3af1
0d3b42
0d3b93
0d3be4
0d3c35
0d3c86
0d3cd7
0d3d27
0d3d78
0d3dc9
0d3e19
0d3e6a
0d3ebb
0d3f0b
0d3f5c
0d3fac
0d3ffd
0d404d
0d409d
0d40ee
0d413e
0d418e
0d41df
0d422f
0d427f
0d42cf
0d431f
0d436f
0d43bf
0d4410
0d4460
0d44af
0d44ff
0d454f
0d459f
0d45ef
0d463f
0d468f
0d46de
0d472e
0d477e
0d47cd
0d481d
0d486d
0d48bc
0d490c
0d495b
0d49ab
0d49fa
0d4a49
0d4a99
0d4ae8
0d4b37
0d4b87
0d4bd6
0d4c25
0d4c74
0d4cc3
0d4d12
0d4d62
0d4db1
0d4e00
0d4e4f
0d4e9d
0d4eec
0d4f3b
0d4f8a
0d4fd9
0d5028
0d5076
0d50c5
0d5114
0d5162
0d51b1
0d5200
0d524e
0d529d
0d52eb
0d533a
0d5388
0d53d6
0d5425
0d5473
0d54c1
0d5510
0d555e
0d55ac
0d55fa
0d5648
0d5697
0d56e5
0d5733
0d5781
0d57cf
0d581d
0d586b
0d58b8
0d5906
0d5954
0d59a2
0d59f0
0d5a3d
0d5a8b
0d5ad9
0d5b26
0d5b74
0d5bc2
0d5c0f
0d5c5d
0d5caa
0d5cf8
0d5d45
0d5d92
0d5de0
0d5e2d
0d5e7a
0d5ec8
0d5f15
0d5f62
0d5faf
0d5ffc
0d6049
0d6096
0d60e3
0d6130
0d617d
0d61ca
0d6217
0d6264
0d62b1
0d62fe
0d634b
0d6397
0d63e4
0d6431
0d647d
0d64ca
0d6517
0d6563
0d65b0
0d65fc
0d6649
0d6695
0d66e1
0d672e
0d677a
0d67c6
0d6813
0d685f
0d68ab
0d68f7
0d6944
0d6990
0d69dc
0d6a28
0d6a74
0d6ac0
0d6b0c
0d6b58
0d6ba4
0d6bf0
0d6c3b
0d6c87
0d6cd3
0d6d1f
0d6d6a
0d6db6
0d6e02
0d6e4d
0d6e99
0d6ee5
0d6f30
0d6f7c
0d6fc7
0d7013
0d705e
0d70a9
0d70f5
0d7140
0d718b
0d71d7
0d7222
0d726d
0d72b8
0d7303
0d734e
0d7399
0d73e4
0d7430
0d747a
0d74c5
0d7510
0d755b
0d75a6
0d75f1
0d763c
0d7686
0d76d1
0d771c
0d7767
0d77b1
0d77fc
0d7846
0d7891
0d78db
0d7926
0d7970
0d79bb
0d7a05
0d7a50
0d7a9a
0d7ae4
0d7b2f
0d7b79
0d7bc3
0d7c0d
0d7c57
0d7ca1
0d7cec
0d7d36
0d7d80
0d7dca
0d7e14
0d7e5e
0d7ea7
0d7ef1
0d7f3b
0d7f85
0d7fcf
0d8018
0d8062
0d80ac
0d80f6
0d813f
0d8189
0d81d2
0d821c
0d8265
0d82af
0d82f8
0d8342
0d838b
0d83d5
0d841e
0d8467
0d84b0
0d84fa
0d8543
0d858c
0d85d5
0d861e
0d8667
0d86b0
0d86fa
0d8743
0d878b
0d87d4
0d881d
0d8866
0d88af
0d88f8
0d8941
0d8989
0d89d2
0d8a1b
0d8a64
0d8aac
0d8af5
0d8b3d
0d8b86
0d8bce
0d8c17
0d8c5f
0d8ca8
0d8cf0
0d8d39
0d8d81
0d8dc9
0d8e11
0d8e5a
0d8ea2
0d8eea
0d8f32
0d8f7a
0d8fc3
0d900b
0d9053
0d909b
0d90e3
0d912b
0d9172
0d91ba
0d9202
0d924a
0d9292
0d92da
0d9321
0d9369
0d93b1
0d93f8
0d9440
0d9488
0d94cf
0d9517
0d955e
0d95a6
0d95ed
0d9635
0d967c
0d96c3
0d970b
0d9752
0d9799
0d97e0
0d9828
0d986f
0d98b6
0d98fd
0d9944
0d998b
0d99d2
0d9a19
0d9a60
0d9aa7
0d9aee
0d9b35
0d9b7c
0d9bc3
0d9c09
0d9c50
0d9c97
0d9cde
0d9d24
0d9d6b
0d9db2
0d9df8
0d9e3f
0d9e85
0d9ecc
0d9f12
0d9f59
0d9f9f
0d9fe6
0da02c
0da072
0da0b9
0da0ff
0da145
0da18b
0da1d1
0da218
0da25e
0da2a4
0da2ea
0da330
0da376
0da3bc
0da402
0da448
0da48e
0da4d3
0da519
0da55f
0da5a5
0da5eb
0da630
0da676
0da6bc
0da701
0da747
0da78c
0da7d2
0da818
0da85d
0da8a2
0da8e8
0da92d
0da973
0da9b8
0da9fd
0daa43
0daa88
0daacd
0dab12
0dab57
0dab9d
0dabe2
0dac27
0dac6c
0dacb1
0dacf6
0dad3b
0dad80
0dadc5
0dae09
0dae4e
0dae93
0daed8
0daf1d
0daf61
0dafa6
0dafeb
0db02f
0db074
0db0b9
0db0fd
0db142
0db186
0db1cb
0db20f
0db254
0db298
0db2dc
0db321
0db365
0db3a9
0db3ed
0db432
0db476
0db4ba
0db4fe
0db542
0db586
0db5ca
0db60e
0db652
0db696
0db6da
0db71e
0db762
0db7a6
0db7ea
0db82e
0db871
0db8b5
0db8f9
0db93c
0db980
0db9c4
0dba07
0dba4b
0dba8e
0dbad2
0dbb15
0dbb59
0dbb9c
0dbbe0
0dbc23
0dbc66
0dbcaa
0dbced
0dbd30
0dbd73
0dbdb7
0dbdfa
0dbe3d
0dbe80
0dbec3
0dbf06
0dbf49
0dbf8c
0dbfcf
0dc012
0dc055
0dc098
0dc0db
0dc11e
0dc160
0dc1a3
0dc1e6
0dc229
0dc26b
0dc2ae
0dc2f1
0dc333
0dc376
0dc3b8
0dc3fb
0dc43d
0dc480
0dc4c2
0dc505
0dc547
0dc589
0dc5cc
0dc60e
0dc650
0dc693
0dc6d5
0dc717
0dc759
0dc79b
0dc7dd
0dc820
0dc862
0dc8a4
0dc8e6
0dc928
0dc969
0dc9ab
0dc9ed
0dca2f
0dca71
0dcab3
0dcaf5
0dcb36
0dcb78
0dcbba
0dcbfb
0dcc3d
0dcc7f
0dccc0
0dcd02
0dcd43
0dcd85
0dcdc6
0dce08
0dce49
0dce8a
0dcecc
0dcf0d
0dcf4e
0dcf90
0dcfd1
0dd012
0dd053
0dd095
0dd0d6
0dd117
0dd158
0dd199
0dd1da
0dd21b
0dd25c
0dd29d
0dd2de
0dd31f
0dd360
0dd3a0
0dd3e1
0dd422
0dd463
0dd4a3
0dd4e4
0dd525
0dd566
0dd5a6
0dd5e7
0dd627
0dd668
0dd6a8
0dd6e9
0dd729
0dd76a
0dd7aa
0dd7ea
0dd82b
0dd86b
0dd8ab
0dd8ec
0dd92c
0dd96c
0dd9ac
0dd9ec
0dda2d
0dda6d
0ddaad
0ddaed
0ddb2d
0ddb6d
0ddbad
0ddbed
0ddc2d
0ddc6d
0ddcac
0ddcec
0ddd2c
0ddd6c
0dddac
0dddeb
0dde2b
0dde6b
0ddeaa
0ddeea
0ddf29
0ddf69
0ddfa9
0ddfe8
0de028
0de067
0de0a6
0de0e6
0de125
0de165
0de1a4
0de1e3
0de222
0de262
0de2a1
0de2e0
0de31f
0de35e
0de39d
0de3dd
0de41c
0de45b
0de49a
0de4d9
0de518
0de556
0de595
0de5d4
0de613
0de652
0de691
0de6cf
0de70e
0de74d
0de78c
0de7ca
0de809
0de847
0de886
0de8c5
0de903
0de942
0de980
0de9be
0de9fd
0dea3b
0dea7a
0deab8
0deaf6
0deb35
0deb73
0debb1
0debef
0dec2d
0dec6c
0decaa
0dece8
0ded26
0ded64
0deda2
0dede0
0dee1e
0dee5c
0dee9a
0deed8
0def15
0def53
0def91
0defcf
0df00d
0df04a
0df088
0df0c6
0df103
0df141
0df17f
0df1bc
0df1fa
0df237
0df275
0df2b2
0df2f0
0df32d
0df36a
0df3a8
0df3e5
0df422
0df460
0df49d
0df4da
0df517
0df555
0df592
0df5cf
0df60c
0df649
0df686
0df6c3
0df700
0df73d
0df77a
0df7b7
0df7f4
0df831
0df86e
0df8aa
0df8e7
0df924
0df961
0df99d
0df9da
0dfa17
0dfa53
0dfa90
0dfacd
0dfb09
0dfb46
0dfb82
0dfbbf
0dfbfb
0dfc37
0dfc74
0dfcb0
0dfced
0dfd29
0dfd65
0dfda1
0dfdde
0dfe1a
0dfe56
0dfe92
0dfece
0dff0b
0dff47
0dff83
0dffbf
0dfffb
0e0037
0e0073
0e00af
0e00eb
0e0126
0e0162
0e019e
0e01da
0e0216
0e0252
0e028d
0e02c9
0e0305
0e0340
0e037c
0e03b8
0e03f3
0e042f
0e046a
0e04a6
0e04e1
0e051d
0e0558
0e0593
0e05cf
0e060a
0e0646
0e0681
0e06bc
0e06f7
0e0733
0e076e
0e07a9
0e07e4
0e081f
0e085a
0e0895
0e08d0
0e090b
0e0946
0e0981
0e09bc
0e09f7
0e0a32
0e0a6d
0e0aa8
0e0ae3
0e0b1e
0e0b58
0e0b93
0e0bce
0e0c08
0e0c43
0e0c7e
0e0cb8
0e0cf3
0e0d2e
0e0d68
0e0da3
0e0ddd
0e0e18
0e0e52
0e0e8c
0e0ec7
0e0f01
0e0f3c
0e0f76
0e0fb0
0e0fea
0e1025
0e105f
0e1099
0e10d3
0e110d
0e1148
0e1182
0e11bc
0e11f6
0e1230
0e126a
0e12a4
0e12de
0e1318
0e1351
0e138b
0e13c5
0e13ff
0e1439
0e1473
0e14ac
0e14e6
0e1520
0e1559
0e1593
0e15cd
0e1606
0e1640
0e1679
0e16b3
0e16ec
0e1726
0e175f
0e1799
0e17d2
0e180b
0e1845
0e187e
0e18b7
0e18f1
0e192a
0e1963
0e199c
0e19d6
0e1a0f
0e1a48
0e1a81
0e1aba
0e1af3
0e1b2c
0e1b65
0e1b9e
0e1bd7
0e1c10
0e1c49
0e1c82
0e1cbb
0e1cf3
0e1d2c
0e1d65
0e1d9e
0e1dd7
0e1e0f
0e1e48
0e1e81
0e1eb9
0e1ef2
0e1f2a
0e1f63
0e1f9c
0e1fd4
0e200d
0e2045
0e207d
0e20b6
0e20ee
0e2127
0e215f
0e2197
0e21d0
0e2208
0e2240
0e2278
0e22b1
0e22e9
0e2321
0e2359
0e2391
0e23c9
0e2401
0e2439
0e2471
0e24a9
0e24e1
0e2519
0e2551
0e2589
0e25c1
0e25f9
0e2630
0e2668
0e26a0
0e26d8
0e270f
0e2747
0e277f
0e27b6
0e27ee
0e2826
0e285d
0e2895
0e28cc
0e2904
0e293b
0e2973
0e29aa
0e29e2
0e2a19
0e2a50
0e2a88
0e2abf
0e2af6
0e2b2e
0e2b65
0e2b9c
0e2bd3
0e2c0a
0e2c41
0e2c79
0e2cb0
0e2ce7
0e2d1e
0e2d55
0e2d8c
0e2dc3
0e2dfa
0e2e31
0e2e68
0e2e9e
0e2ed5
0e2f0c
0e2f43
0e2f7a
0e2fb1
0e2fe7
0e301e
0e3055
0e308b
0e30c2
0e30f9
0e312f
0e3166
0e319c
0e31d3
0e3209
0e3240
0e3276
0e32ad
0e32e3
0e3319
0e3350
0e3386
0e33bc
0e33f3
0e3429
0e345f
0e3495
0e34cc
0e3502
0e3538
0e356e
0e35a4
0e35da
0e3610
0e3646
0e367c
0e36b2
0e36e8
0e371e
0e3754
0e378a
0e37c0
0e37f6
0e382c
0e3861
0e3897
0e38cd
0e3903
0e3938
0e396e
0e39a4
0e39d9
0e3a0f
0e3a45
0e3a7a
0e3ab0
0e3ae5
0e3b1b
0e3b50
0e3b86
0e3bbb
0e3bf0
0e3c26
0e3c5b
0e3c90
0e3cc6
0e3cfb
0e3d30
0e3d66
0e3d9b
0e3dd0
0e3e05
0e3e3a
0e3e6f
0e3ea4
0e3eda
0e3f0f
0e3f44
0e3f79
0e3fae
0e3fe3
0e4018
0e404c
0e4081
0e40b6
0e40eb
0e4120
0e4155
0e4189
0e41be
0e41f3
0e4228
0e425c
0e4291
0e42c6
0e42fa
0e432f
0e4363
0e4398
0e43cd
0e4401
0e4436
0e446a
0e449e
0e44d3
0e4507
0e453c
0e4570
0e45a4
0e45d9
0e460d
0e4641
0e4675
0e46a9
0e46de
0e4712
0e4746
0e477a
0e47ae
0e47e2
0e4816
0e484a
0e487e
0e48b2
0e48e6
0e491a
0e494e
0e4982
0e49b6
0e49ea
0e4a1e
0e4a51
0e4a85
0e4ab9
0e4aed
0e4b20
0e4b54
0e4b88
0e4bbb
0e4bef
0e4c22
0e4c56
0e4c8a
0e4cbd
0e4cf1
0e4d24
0e4d58
0e4d8b
0e4dbe
0e4df2
0e4e25
0e4e59
0e4e8c
0e4ebf
0e4ef2
0e4f26
0e4f59
0e4f8c
0e4fbf
0e4ff3
0e5026
0e5059
0e508c
0e50bf
0e50f2
0e5125
0e5158
0e518b
0e51be
0e51f1
0e5224
0e5257
0e528a
0e52bd
0e52ef
0e5322
0e5355
0e5388
0e53bb
0e53ed
0e5420
0e5453
0e5485
0e54b8
0e54eb
0e551d
0e5550
0e5582
0e55b5
0e55e7
0e561a
0e564c
0e567f
0e56b1
0e56e3
0e5716
0e5748
0e577b
0e57ad
0e57df
0e5811
0e5844
0e5876
0e58a8
0e58da
0e590c
0e593e
0e5971
0e59a3
0e59d5
0e5a07
0e5a39
0e5a6b
0e5a9d
0e5acf
0e5b01
0e5b33
0e5b64
0e5b96
0e5bc8
0e5bfa
0e5c2c
0e5c5e
0e5c8f
0e5cc1
0e5cf3
0e5d24
0e5d56
0e5d88
0e5db9
0e5deb
0e5e1d
0e5e4e
0e5e80
0e5eb1
0e5ee3
0e5f14
0e5f46
0e5f77
0e5fa8
0e5fda
0e600b
0e603d
0e606e
0e609f
0e60d0
0e6102
0e6133
0e6164
0e6195
0e61c6
0e61f8
0e6229
0e625a
0e628b
0e62bc
0e62ed
0e631e
0e634f
0e6380
0e63b1
0e63e2
0e6413
0e6444
0e6475
0e64a5
0e64d6
0e6507
0e6538
0e6569
0e6599
0e65ca
0e65fb
0e662b
0e665c
0e668d
0e66bd
0e66ee
0e671f
0e674f
0e6780
0e67b0
0e67e1
0e6811
0e6842
0e6872
0e68a2
0e68d3
0e6903
0e6933
0e6964
0e6994
0e69c4
0e69f5
0e6a25
0e6a55
0e6a85
0e6ab5
0e6ae5
0e6b16
0e6b46
0e6b76
0e6ba6
0e6bd6
0e6c06
0e6c36
0e6c66
0e6c96
0e6cc6
0e6cf6
0e6d26
0e6d55
0e6d85
0e6db5
0e6de5
0e6e15
0e6e44
0e6e74
0e6ea4
0e6ed4
0e6f03
0e6f33
0e6f63
0e6f92
0e6fc2
0e6ff1
0e7021
0e7050
0e7080
0e70af
0e70df
0e710e
0e713e
0e716d
0e719d
0e71cc
0e71fb
0e722b
0e725a
0e7289
0e72b9
0e72e8
0e7317
0e7346
0e7375
0e73a5
0e73d4
0e7403
0e7432
0e7461
0e7490
0e74bf
0e74ee
0e751d
0e754c
0e757b
0e75aa
0e75d9
0e7608
0e7637
0e7665
0e7694
0e76c3
0e76f2
0e7721
0e774f
0e777e
0e77ad
0e77db
0e780a
0e7839
0e7867
0e7896
0e78c5
0e78f3
0e7922
0e7950
0e797f
0e79ad
0e79dc
0e7a0a
0e7a38
0e7a67
0e7a95
0e7ac4
0e7af2
0e7b20
0e7b4e
0e7b7d
0e7bab
0e7bd9
0e7c07
0e7c36
0e7c64
0e7c92
0e7cc0
0e7cee
0e7d1c
0e7d4a
0e7d78
0e7da6
0e7dd4
0e7e02
0e7e30
0e7e5e
0e7e8c
0e7eba
0e7ee8
0e7f16
0e7f44
0e7f72
0e7f9f
0e7fcd
0e7ffb
0e8029
0e8056
0e8084
0e80b2
0e80df
0e810d
0e813b
0e8168
0e8196
0e81c3
0e81f1
0e821e
0e824c
0e8279
0e82a7
0e82d4
0e8302
0e832f
0e835d
0e838a
0e83b7
0e83e5
0e8412
0e843f
0e846c
0e849a
0e84c7
0e84f4
0e8521
0e854e
0e857c
0e85a9
0e85d6
0e8603
0e8630
0e865d
0e868a
0e86b7
0e86e4
0e8711
0e873e
0e876b
0e8798
0e87c5
0e87f1
0e881e
0e884b
0e8878
0e88a5
0e88d1
0e88fe
0e892b
0e8958
0e8984
0e89b1
0e89de
0e8a0a
0e8a37
0e8a63
0e8a90
0e8abc
0e8ae9
0e8b15
0e8b42
0e8b6e
0e8b9b
0e8bc7
0e8bf4
0e8c20
0e8c4c
0e8c79
0e8ca5
0e8cd1
0e8cfe
0e8d2a
0e8d56
0e8d82
0e8daf
0e8ddb
0e8e07
0e8e33
0e8e5f
0e8e8b
0e8eb7
0e8ee4
0e8f10
0e8f3c
0e8f68
0e8f94
0e8fc0
0e8fec
0e9017
0e9043
0e906f
0e909b
0e90c7
0e90f3
0e911f
0e914a
0e9176
0e91a2
0e91ce
0e91f9
0e9225
0e9251
0e927c
0e92a8
0e92d4
0e92ff
0e932b
0e9356
0e9382
0e93ae
0e93d9
0e9405
0e9430
0e945b
0e9487
0e94b2
0e94de
0e9509
0e9534
0e9560
0e958b
0e95b6
0e95e2
0e960d
0e9638
0e9663
0e968f
0e96ba
0e96e5
0e9710
0e973b
0e9766
0e9791
0e97bc
0e97e7
0e9812
0e983d
0e9868
0e9893
0e98be
0e98e9
0e9914
0e993f
0e996a
0e9995
0e99c0
0e99ea
0e9a15
0e9a40
0e9a6b
0e9a95
0e9ac0
0e9aeb
0e9b16
0e9b40
0e9b6b
0e9b95
0e9bc0
0e9beb
0e9c15
0e9c40
0e9c6a
0e9c95
0e9cbf
0e9cea
0e9d14
0e9d3f
0e9d69
0e9d93
0e9dbe
0e9de8
0e9e13
0e9e3d
0e9e67
0e9e91
0e9ebc
0e9ee6
0e9f10
0e9f3a
0e9f65
0e9f8f
0e9fb9
0e9fe3
0ea00d
0ea037
0ea061
0ea08b
0ea0b5
0ea0df
0ea109
0ea133
0ea15d
0ea187
0ea1b1
0ea1db
0ea205
0ea22f
0ea259
0ea283
0ea2ac
0ea2d6
0ea300
0ea32a
0ea353
0ea37d
0ea3a7
0ea3d1
0ea3fa
0ea424
0ea44e
0ea477
0ea4a1
0ea4ca
0ea4f4
0ea51d
0ea547
0ea570
0ea59a
0ea5c3
0ea5ed
0ea616
0ea640
0ea669
0ea692
0ea6bc
0ea6e5
0ea70e
0ea738
0ea761
0ea78a
0ea7b3
0ea7dd
0ea806
0ea82f
0ea858
0ea881
0ea8aa
0ea8d4
0ea8fd
0ea926
0ea94f
0ea978
0ea9a1
0ea9ca
0ea9f3
0eaa1c
0eaa45
0eaa6e
0eaa97
0eaabf
0eaae8
0eab11
0eab3a
0eab63
0eab8c
0eabb4
0eabdd
0eac06
0eac2f
0eac57
0eac80
0eaca9
0eacd1
0eacfa
0ead23
0ead4b
0ead74
0ead9c
0eadc5
0eaded
0eae16
0eae3e
0eae67
0eae8f
0eaeb8
0eaee0
0eaf09
0eaf31
0eaf59
0eaf82
0eafaa
0eafd2
0eaffb
0eb023
0eb04b
0eb073
0eb09c
0eb0c4
0eb0ec
0eb114
0eb13c
0eb164
0eb18c
0eb1b5
0eb1dd
0eb205
0eb22d
0eb255
0eb27d
0eb2a5
0eb2cd
0eb2f5
0eb31d
0eb344
0eb36c
0eb394
0eb3bc
0eb3e4
0eb40c
0eb434
0eb45b
0eb483
0eb4ab
0eb4d3
0eb4fa
0eb522
0eb54a
0eb571
0eb599
0eb5c1
0eb5e8
0eb610
0eb637
0eb65f
0eb686
0eb6ae
0eb6d5
0eb6fd
0eb724
0eb74c
0eb773
0eb79b
0eb7c2
0eb7e9
0eb811
0eb838
0eb860
0eb887
0eb8ae
0eb8d5
0eb8fd
0eb924
0eb94b
0eb972
0eb999
0eb9c1
0eb9e8
0eba0f
0eba36
0eba5d
0eba84
0ebaab
0ebad2
0ebaf9
0ebb20
0ebb47
0ebb6e
0ebb95
0ebbbc
0ebbe3
0ebc0a
0ebc31
0ebc58
0ebc7f
0ebca5
0ebccc
0ebcf3
0ebd1a
0ebd41
0ebd67
0ebd8e
0ebdb5
0ebddb
0ebe02
0ebe29
0ebe4f
0ebe76
0ebe9d
0ebec3
0ebeea
0ebf10
0ebf37
0ebf5d
0ebf84
0ebfaa
0ebfd1
0ebff7
0ec01e
0ec044
0ec06b
0ec091
0ec0b7
0ec0de
0ec104
0ec12a
0ec151
0ec177
0ec19d
0ec1c3
0ec1ea
0ec210
0ec236
0ec25c
0ec282
0ec2a9
0ec2cf
0ec2f5
0ec31b
0ec341
0ec367
0ec38d
0ec3b3
0ec3d9
0ec3ff
0ec425
0ec44b
0ec471
0ec497
0ec4bd
0ec4e3
0ec508
0ec52e
0ec554
0ec57a
0ec5a0
0ec5c5
0ec5eb
0ec611
0ec637
0ec65c
0ec682
0ec6a8
0ec6cd
0ec6f3
0ec719
0ec73e
0ec764
0ec78a
0ec7af
0ec7d5
0ec7fa
0ec820
0ec845
0ec86b
0ec890
0ec8b6
0ec8db
0ec900
0ec926
0ec94b
0ec970
0ec996
0ec9bb
0ec9e0
0eca06
0eca2b
0eca50
0eca76
0eca9b
0ecac0
0ecae5
0ecb0a
0ecb2f
0ecb55
0ecb7a
0ecb9f
0ecbc4
0ecbe9
0ecc0e
0ecc33
0ecc58
0ecc7d
0ecca2
0eccc7
0eccec
0ecd11
0ecd36
0ecd5b
0ecd80
0ecda5
0ecdc9
0ecdee
0ece13
0ece38
0ece5d
0ece81
0ecea6
0ececb
0ecef0
0ecf14
0ecf39
0ecf5e
0ecf82
0ecfa7
0ecfcc
0ecff0
0ed015
0ed039
0ed05e
0ed082
0ed0a7
0ed0cb
0ed0f0
0ed114
0ed139
0ed15d
0ed182
0ed1a6
0ed1cb
0ed1ef
0ed213
0ed238
0ed25c
0ed280
0ed2a5
0ed2c9
0ed2ed
0ed311
0ed336
0ed35a
0ed37e
0ed3a2
0ed3c6
0ed3ea
0ed40f
0ed433
0ed457
0ed47b
0ed49f
0ed4c3
0ed4e7
0ed50b
0ed52f
0ed553
0ed577
0ed59b
0ed5bf
0ed5e3
0ed607
0ed62b
0ed64e
0ed672
0ed696
0ed6ba
0ed6de
0ed702
0ed725
0ed749
0ed76d
0ed790
0ed7b4
0ed7d8
0ed7fc
0ed81f
0ed843
0ed866
0ed88a
0ed8ae
0ed8d1
0ed8f5
0ed918
0ed93c
0ed95f
0ed983
0ed9a6
0ed9ca
0ed9ed
0eda11
0eda34
0eda58
0eda7b
0eda9e
0edac2
0edae5
0edb08
0edb2c
0edb4f
0edb72
0edb95
0edbb9
0edbdc
0edbff
0edc22
0edc45
0edc69
0edc8c
0edcaf
0edcd2
0edcf5
0edd18
0edd3b
0edd5e
0edd81
0edda4
0eddc7
0eddea
0ede0d
0ede30
0ede53
0ede76
0ede99
0edebc
0ededf
0edf02
0edf24
0edf47
0edf6a
0edf8d
0edfb0
0edfd2
0edff5
0ee018
0ee03b
0ee05d
0ee080
0ee0a3
0ee0c5
0ee0e8
0ee10b
0ee12d
0ee150
0ee172
0ee195
0ee1b7
0ee1da
0ee1fd
0ee21f
0ee241
0ee264
0ee286
0ee2a9
0ee2cb
0ee2ee
0ee310
0ee332
0ee355
0ee377
0ee399
0ee3bc
0ee3de
0ee400
0ee423
0ee445
0ee467
0ee489
0ee4ab
0ee4ce
0ee4f0
0ee512
0ee534
0ee556
0ee578
0ee59a
0ee5bc
0ee5df
0ee601
0ee623
0ee645
0ee667
0ee689
0ee6ab
0ee6cd
0ee6ee
0ee710
0ee732
0ee754
0ee776
0ee798
0ee7ba
0ee7dc
0ee7fd
0ee81f
0ee841
0ee863
0ee884
0ee8a6
0ee8c8
0ee8ea
0ee90b
0ee92d
0ee94f
0ee970
0ee992
0ee9b4
0ee9d5
0ee9f7
0eea18
0eea3a
0eea5b
0eea7d
0eea9e
0eeac0
0eeae1
0eeb03
0eeb24
0eeb46
0eeb67
0eeb89
0eebaa
0eebcb
0eebed
0eec0e
0eec2f
0eec51
0eec72
0eec93
0eecb4
0eecd6
0eecf7
0eed18
0eed39
0eed5b
0eed7c
0eed9d
0eedbe
0eeddf
0eee00
0eee21
0eee42
0eee63
0eee85
0eeea6
0eeec7
0eeee8
0eef09
0eef2a
0eef4b
0eef6b
0eef8c
0eefad
0eefce
0eefef
0ef010
0ef031
0ef052
0ef073
0ef093
0ef0b4
0ef0d5
0ef0f6
0ef116
0ef137
0ef158
0ef179
0ef199
0ef1ba
0ef1db
0ef1fb
0ef21c
0ef23d
0ef25d
0ef27e
0ef29e
0ef2bf
0ef2df
0ef300
0ef320
0ef341
0ef361
0ef382
0ef3a2
0ef3c3
0ef3e3
0ef404
0ef424
0ef444
0ef465
0ef485
0ef4a5
0ef4c6
0ef4e6
0ef506
0ef527
0ef547
0ef567
0ef587
0ef5a8
0ef5c8
0ef5e8
0ef608
0ef628
0ef648
0ef669
0ef689
0ef6a9
0ef6c9
0ef6e9
0ef709
0ef729
0ef749
0ef769
0ef789
0ef7a9
0ef7c9
0ef7e9
0ef809
0ef829
0ef849
0ef869
0ef889
0ef8a8
0ef8c8
0ef8e8
0ef908
0ef928
0ef948
0ef967
0ef987
0ef9a7
0ef9c7
0ef9e6
0efa06
0efa26
0efa45
0efa65
0efa85
0efaa4
0efac4
0efae4
0efb03
0efb23
0efb42
0efb62
0efb81
0efba1
0efbc0
0efbe0
0efbff
0efc1f
0efc3e
0efc5e
0efc7d
0efc9d
0efcbc
0efcdb
0efcfb
0efd1a
0efd39
0efd59
0efd78
0efd97
0efdb7
0efdd6
0efdf5
0efe14
0efe33
0efe53
0efe72
0efe91
0efeb0
0efecf
0efeee
0eff0e
0eff2d
0eff4c
0eff6b
0eff8a
0effa9
0effc8
0effe7
0f0006
0f0025
0f0044
0f0063
0f0082
0f00a1
0f00c0
0f00df
0f00fe
0f011c
0f013b
0f015a
0f0179
0f0198
0f01b7
0f01d5
0f01f4
0f0213
0f0232
0f0250
0f026f
0f028e
0f02ad
0f02cb
0f02ea
0f0309
0f0327
0f0346
0f0364
0f0383
0f03a2
0f03c0
0f03df
0f03fd
0f041c
0f043a
0f0459
0f0477
0f0496
0f04b4
0f04d3
0f04f1
0f050f
0f052e
0f054c
0f056b
0f0589
0f05a7
0f05c6
0f05e4
0f0602
0f0621
0f063f
0f065d
0f067b
0f069a
0f06b8
0f06d6
0f06f4
0f0712
0f0731
0f074f
0f076d
0f078b
0f07a9
0f07c7
0f07e5
0f0803
0f0821
0f083f
0f085d
0f087b
0f0899
0f08b7
0f08d5
0f08f3
0f0911
0f092f
0f094d
0f096b
0f0989
0f09a7
0f09c5
0f09e2
0f0a00
0f0a1e
0f0a3c
0f0a5a
0f0a78
0f0a95
0f0ab3
0f0ad1
0f0aee
0f0b0c
0f0b2a
0f0b48
0f0b65
0f0b83
0f0ba1
0f0bbe
0f0bdc
0f0bf9
0f0c17
0f0c35
0f0c52
0f0c70
0f0c8d
0f0cab
0f0cc8
0f0ce6
0f0d03
0f0d21
0f0d3e
0f0d5c
0f0d79
0f0d96
0f0db4
0f0dd1
0f0def
0f0e0c
0f0e29
0f0e47
0f0e64
0f0e81
0f0e9e
0f0ebc
0f0ed9
0f0ef6
0f0f14
0f0f31
0f0f4e
0f0f6b
0f0f88
0f0fa5
0f0fc3
0f0fe0
0f0ffd
0f101a
0f1037
0f1054
0f1071
0f108e
0f10ab
0f10c8
0f10e5
0f1102
0f111f
0f113c
0f1159
0f1176
0f1193
0f11b0
0f11cd
0f11ea
0f1207
0f1224
0f1241
0f125e
0f127a
0f1297
0f12b4
0f12d1
0f12ee
0f130a
0f1327
0f1344
0f1361
0f137d
0f139a
0f13b7
0f13d3
0f13f0
0f140d
0f1429
0f1446
0f1463
0f147f
0f149c
0f14b8
0f14d5
0f14f1
0f150e
0f152a
0f1547
0f1563
0f1580
0f159c
0f15b9
0f15d5
0f15f2
0f160e
0f162b
0f1647
0f1663
0f1680
0f169c
0f16b8
0f16d5
0f16f1
0f170d
0f172a
0f1746
0f1762
0f177e
0f179b
0f17b7
0f17d3
0f17ef
0f180b
0f1828
0f1844
0f1860
0f187c
0f1898
0f18b4
0f18d0
0f18ec
0f1908
0f1924
0f1941
0f195d
0f1979
0f1995
0f19b1
0f19cd
0f19e8
0f1a04
0f1a20
0f1a3c
0f1a58
0f1a74
0f1a90
0f1aac
0f1ac8
0f1ae4
0f1aff
0f1b1b
0f1b37
0f1b53
0f1b6f
0f1b8a
0f1ba6
0f1bc2
0f1bde
0f1bf9
0f1c15
0f1c31
0f1c4c
0f1c68
0f1c84
0f1c9f
0f1cbb
0f1cd7
0f1cf2
0f1d0e
0f1d29
0f1d45
0f1d60
0f1d7c
0f1d97
0f1db3
0f1dcf
0f1dea
0f1e05
0f1e21
0f1e3c
0f1e58
0f1e73
0f1e8f
0f1eaa
0f1ec5
0f1ee1
0f1efc
0f1f18
0f1f33
0f1f4e
0f1f69
0f1f85
0f1fa0
0f1fbb
0f1fd7
0f1ff2
0f200d
0f2028
0f2044
0f205f
0f207a
0f2095
0f20b0
0f20cb
0f20e7
0f2102
0f211d
0f2138
0f2153
0f216e
0f2189
0f21a4
0f21bf
0f21da
0f21f5
0f2210
0f222b
0f2246
0f2261
0f227c
0f2297
0f22b2
0f22cd
0f22e8
0f2303
0f231d
0f2338
0f2353
0f236e
0f2389
0f23a4
0f23be
0f23d9
0f23f4
0f240f
0f2429
0f2444
0f245f
0f247a
0f2494
0f24af
0f24ca
0f24e4
0f24ff
0f251a
0f2534
0f254f
0f256a
0f2584
0f259f
0f25b9
0f25d4
0f25ee
0f2609
0f2623
0f263e
0f2658
0f2673
0f268d
0f26a8
0f26c2
0f26dd
0f26f7
0f2711
0f272c
0f2746
0f2761
0f277b
0f2795
0f27b0
0f27ca
0f27e4
0f27ff
0f2819
0f2833
0f284d
0f2868
0f2882
0f289c
0f28b6
0f28d0
0f28eb
0f2905
0f291f
0f2939
0f2953
0f296d
0f2988
0f29a2
0f29bc
0f29d6
0f29f0
0f2a0a
0f2a24
0f2a3e
0f2a58
0f2a72
0f2a8c
0f2aa6
0f2ac0
0f2ada
0f2af4
0f2b0e
0f2b28
0f2b42
0f2b5b
0f2b75
0f2b8f
0f2ba9
0f2bc3
0f2bdd
0f2bf7
0f2c10
0f2c2a
0f2c44
0f2c5e
0f2c78
0f2c91
0f2cab
0f2cc5
0f2cde
0f2cf8
0f2d12
0f2d2c
0f2d45
0f2d5f
0f2d79
0f2d92
0f2dac
0f2dc5
0f2ddf
0f2df9
0f2e12
0f2e2c
0f2e45
0f2e5f
0f2e78
0f2e92
0f2eab
0f2ec5
0f2ede
0f2ef8
0f2f11
0f2f2b
0f2f44
0f2f5e
0f2f77
0f2f90
0f2faa
0f2fc3
0f2fdc
0f2ff6
0f300f
0f3029
0f3042
0f305b
0f3074
0f308e
0f30a7
0f30c0
0f30d9
0f30f3
0f310c
0f3125
0f313e
0f3158
0f3171
0f318a
0f31a3
0f31bc
0f31d5
0f31ee
0f3207
0f3221
0f323a
0f3253
0f326c
0f3285
0f329e
0f32b7
0f32d0
0f32e9
0f3302
0f331b
0f3334
0f334d
0f3366
0f337f
0f3398
0f33b0
0f33c9
0f33e2
0f33fb
0f3414
0f342d
0f3446
0f345f
0f3477
0f3490
0f34a9
0f34c2
0f34da
0f34f3
0f350c
0f3525
0f353d
0f3556
0f356f
0f3588
0f35a0
0f35b9
0f35d2
0f35ea
0f3603
0f361b
0f3634
0f364d
0f3665
0f367e
0f3696
0f36af
0f36c7
0f36e0
0f36f9
0f3711
0f372a
0f3742
0f375a
0f3773
0f378b
0f37a4
0f37bc
0f37d5
0f37ed
0f3805
0f381e
0f3836
0f384f
0f3867
0f387f
0f3898
0f38b0
0f38c8
0f38e0
0f38f9
0f3911
0f3929
0f3942
0f395a
0f3972
0f398a
0f39a2
0f39bb
0f39d3
0f39eb
0f3a03
0f3a1b
0f3a33
0f3a4c
0f3a64
0f3a7c
0f3a94
0f3aac
0f3ac4
0f3adc
0f3af4
0f3b0c
0f3b24
0f3b3c
0f3b54
0f3b6c
0f3b84
0f3b9c
0f3bb4
0f3bcc
0f3be4
0f3bfc
0f3c14
0f3c2c
0f3c43
0f3c5b
0f3c73
0f3c8b
0f3ca3
0f3cbb
0f3cd3
0f3cea
0f3d02
0f3d1a
0f3d32
0f3d4a
0f3d61
0f3d79
0f3d91
0f3da8
0f3dc0
0f3dd8
0f3df0
0f3e07
0f3e1f
0f3e37
0f3e4e
0f3e66
0f3e7d
0f3e95
0f3ead
0f3ec4
0f3edc
0f3ef3
0f3f0b
0f3f23
0f3f3a
0f3f52
0f3f69
0f3f81
0f3f98
0f3fb0
0f3fc7
0f3fdf
0f3ff6
0f400d
0f4025
0f403c
0f4054
0f406b
0f4082
0f409a
0f40b1
0f40c8
0f40e0
0f40f7
0f410e
0f4126
0f413d
0f4154
0f416c
0f4183
0f419a
0f41b1
0f41c9
0f41e0
0f41f7
0f420e
0f4225
0f423d
0f4254
0f426b
0f4282
0f4299
0f42b0
0f42c7
0f42df
0f42f6
0f430d
0f4324
0f433b
0f4352
0f4369
0f4380
0f4397
0f43ae
0f43c5
0f43dc
0f43f3
0f440a
0f4421
0f4438
0f444f
0f4466
0f447d
0f4493
0f44aa
0f44c1
0f44d8
0f44ef
0f4506
0f451d
0f4533
0f454a
0f4561
0f4578
0f458f
0f45a5
0f45bc
0f45d3
0f45ea
0f4600
0f4617
0f462e
0f4644
0f465b
0f4672
0f4688
0f469f
0f46b6
0f46cc
0f46e3
0f46fa
0f4710
0f4727
0f473d
0f4754
0f476b
0f4781
0f4798
0f47ae
0f47c5
0f47db
0f47f2
0f4808
0f481f
0f4835
0f484c
0f4862
0f4878
0f488f
0f48a5
0f48bc
0f48d2
0f48e8
0f48ff
0f4915
0f492b
0f4942
0f4958
0f496e
0f4985
0f499b
0f49b1
0f49c8
0f49de
0f49f4
0f4a0a
0f4a21
0f4a37
0f4a4d
0f4a63
0f4a79
0f4a90
0f4aa6
0f4abc
0f4ad2
0f4ae8
0f4afe
0f4b15
0f4b2b
0f4b41
0f4b57
0f4b6d
0f4b83
0f4b99
0f4baf
0f4bc5
0f4bdb
0f4bf1
0f4c07
0f4c1d
0f4c33
0f4c49
0f4c5f
0f4c75
0f4c8b
0f4ca1
0f4cb7
0f4ccd
0f4ce3
0f4cf9
0f4d0e
0f4d24
0f4d3a
0f4d50
0f4d66
0f4d7c
0f4d92
0f4da7
0f4dbd
0f4dd3
0f4de9
0f4dff
0f4e14
0f4e2a
0f4e40
0f4e56
0f4e6b
0f4e81
0f4e97
0f4eac
0f4ec2
0f4ed8
0f4eed
0f4f03
0f4f19
0f4f2e
0f4f44
0f4f5a
0f4f6f
0f4f85
0f4f9a
0f4fb0
0f4fc5
0f4fdb
0f4ff1
0f5006
0f501c
0f5031
0f5047
0f505c
0f5072
0f5087
0f509c
0f50b2
0f50c7
0f50dd
0f50f2
0f5108
0f511d
0f5132
0f5148
0f515d
0f5172
0f5188
0f519d
0f51b3
0f51c8
0f51dd
0f51f2
0f5208
0f521d
0f5232
0f5248
0f525d
0f5272
0f5287
0f529c
0f52b2
0f52c7
0f52dc
0f52f1
0f5306
0f531c
0f5331
0f5346
0f535b
0f5370
0f5385
0f539a
0f53af
0f53c5
0f53da
0f53ef
0f5404
0f5419
0f542e
0f5443
0f5458
0f546d
0f5482
0f5497
0f54ac
0f54c1
0f54d6
0f54eb
0f5500
0f5514
0f5529
0f553e
0f5553
0f5568
0f557d
0f5592
0f55a7
0f55bc
0f55d0
0f55e5
0f55fa
0f560f
0f5624
0f5638
0f564d
0f5662
0f5677
0f568b
0f56a0
0f56b5
0f56ca
0f56de
0f56f3
0f5708
0f571c
0f5731
0f5746
0f575a
0f576f
0f5784
0f5798
0f57ad
0f57c2
0f57d6
0f57eb
0f57ff
0f5814
0f5828
0f583d
0f5851
0f5866
0f587b
0f588f
0f58a4
0f58b8
0f58cc
0f58e1
0f58f5
0f590a
0f591e
0f5933
0f5947
0f595c
0f5970
0f5984
0f5999
0f59ad
0f59c1
0f59d6
0f59ea
0f59ff
0f5a13
0f5a27
0f5a3b
0f5a50
0f5a64
0f5a78
0f5a8d
0f5aa1
0f5ab5
0f5ac9
0f5ade
0f5af2
0f5b06
0f5b1a
0f5b2e
0f5b43
0f5b57
0f5b6b
0f5b7f
0f5b93
0f5ba7
0f5bbb
0f5bd0
0f5be4
0f5bf8
0f5c0c
0f5c20
0f5c34
0f5c48
0f5c5c
0f5c70
0f5c84
0f5c98
0f5cac
0f5cc0
0f5cd4
0f5ce8
0f5cfc
0f5d10
0f5d24
0f5d38
0f5d4c
0f5d60
0f5d74
0f5d88
0f5d9c
0f5db0
0f5dc3
0f5dd7
0f5deb
0f5dff
0f5e13
0f5e27
0f5e3b
0f5e4e
0f5e62
0f5e76
0f5e8a
0f5e9e
0f5eb1
0f5ec5
0f5ed9
0f5eed
0f5f00
0f5f14
0f5f28
0f5f3b
0f5f4f
0f5f63
0f5f77
0f5f8a
0f5f9e
0f5fb2
0f5fc5
0f5fd9
0f5fec
0f6000
0f6014
0f6027
0f603b
0f604e
0f6062
0f6076
0f6089
0f609d
0f60b0
0f60c4
0f60d7
0f60eb
0f60fe
0f6112
0f6125
0f6139
0f614c
0f6160
0f6173
0f6186
0f619a
0f61ad
0f61c1
0f61d4
0f61e7
0f61fb
0f620e
0f6221
0f6235
0f6248
0f625c
0f626f
0f6282
0f6295
0f62a9
0f62bc
0f62cf
0f62e3
0f62f6
0f6309
0f631c
0f6330
0f6343
0f6356
0f6369
0f637c
0f6390
0f63a3
0f63b6
0f63c9
0f63dc
0f63ef
0f6402
0f6416
0f6429
0f643c
0f644f
0f6462
0f6475
0f6488
0f649b
0f64ae
0f64c1
0f64d4
0f64e7
0f64fa
0f650d
0f6520
0f6533
0f6546
0f6559
0f656c
0f657f
0f6592
0f65a5
0f65b8
0f65cb
0f65de
0f65f1
0f6604
0f6617
0f6629
0f663c
0f664f
0f6662
0f6675
0f6688
0f669a
0f66ad
0f66c0
0f66d3
0f66e6
0f66f8
0f670b
0f671e
0f6731
0f6743
0f6756
0f6769
0f677c
0f678e
0f67a1
0f67b4
0f67c6
0f67d9
0f67ec
0f67fe
0f6811
0f6824
0f6836
0f6849
0f685c
0f686e
0f6881
0f6893
0f68a6
0f68b8
0f68cb
0f68de
0f68f0
0f6903
0f6915
0f6928
0f693a
0f694d
0f695f
0f6972
0f6984
0f6997
0f69a9
0f69bb
0f69ce
0f69e0
0f69f3
0f6a05
0f6a18
0f6a2a
0f6a3c
0f6a4f
0f6a61
0f6a73
0f6a86
0f6a98
0f6aaa
0f6abd
0f6acf
0f6ae1
0f6af4
0f6b06
0f6b18
0f6b2a
0f6b3d
0f6b4f
0f6b61
0f6b73
0f6b86
0f6b98
0f6baa
0f6bbc
0f6bcf
0f6be1
0f6bf3
0f6c05
0f6c17
0f6c29
0f6c3c
0f6c4e
0f6c60
0f6c72
0f6c84
0f6c96
0f6ca8
0f6cba
0f6ccc
0f6cde
0f6cf0
0f6d03
0f6d15
0f6d27
0f6d39
0f6d4b
0f6d5d
0f6d6f
0f6d81
0f6d93
0f6da5
0f6db7
0f6dc8
0f6dda
0f6dec
0f6dfe
0f6e10
0f6e22
0f6e34
0f6e46
0f6e58
0f6e6a
0f6e7c
0f6e8d
0f6e9f
0f6eb1
0f6ec3
0f6ed5
0f6ee7
0f6ef8
0f6f0a
0f6f1c
0f6f2e
0f6f40
0f6f51
0f6f63
0f6f75
0f6f87
0f6f98
0f6faa
0f6fbc
0f6fce
0f6fdf
0f6ff1
0f7003
0f7014
0f7026
0f7038
0f7049
0f705b
0f706d
0f707e
0f7090
0f70a1
0f70b3
0f70c5
0f70d6
0f70e8
0f70f9
0f710b
0f711c
0f712e
0f7140
0f7151
0f7163
0f7174
0f7186
0f7197
0f71a9
0f71ba
0f71cc
0f71dd
0f71ee
0f7200
0f7211
0f7223
0f7234
0f7246
0f7257
0f7268
0f727a
0f728b
0f729d
0f72ae
0f72bf
0f72d1
0f72e2
0f72f3
0f7305
0f7316
0f7327
0f7339
0f734a
0f735b
0f736c
0f737e
0f738f
0f73a0
0f73b1
0f73c3
0f73d4
0f73e5
0f73f6
0f7407
0f7419
0f742a
0f743b
0f744c
0f745d
0f746f
0f7480
0f7491
0f74a2
0f74b3
0f74c4
0f74d5
0f74e6
0f74f7
0f7509
0f751a
0f752b
0f753c
0f754d
0f755e
0f756f
0f7580
0f7591
0f75a2
0f75b3
0f75c4
0f75d5
0f75e6
0f75f7
0f7608
0f7619
0f762a
0f763b
0f764c
0f765c
0f766d
0f767e
0f768f
0f76a0
0f76b1
0f76c2
0f76d3
0f76e4
0f76f4
0f7705
0f7716
0f7727
0f7738
0f7749
0f7759
0f776a
0f777b
0f778c
0f779c
0f77ad
0f77be
0f77cf
0f77df
0f77f0
0f7801
0f7812
0f7822
0f7833
0f7844
0f7854
0f7865
0f7876
0f7886
0f7897
0f78a8
0f78b8
0f78c9
0f78da
0f78ea
0f78fb
0f790b
0f791c
0f792d
0f793d
0f794e
0f795e
0f796f
0f797f
0f7990
0f79a0
0f79b1
0f79c1
0f79d2
0f79e2
0f79f3
0f7a03
0f7a14
0f7a24
0f7a35
0f7a45
0f7a56
0f7a66
0f7a76
0f7a87
0f7a97
0f7aa8
0f7ab8
0f7ac8
0f7ad9
0f7ae9
0f7afa
0f7b0a
0f7b1a
0f7b2b
0f7b3b
0f7b4b
0f7b5c
0f7b6c
0f7b7c
0f7b8c
0f7b9d
0f7bad
0f7bbd
0f7bce
0f7bde
0f7bee
0f7bfe
0f7c0f
0f7c1f
0f7c2f
0f7c3f
0f7c4f
0f7c60
0f7c70
0f7c80
0f7c90
0f7ca0
0f7cb0
0f7cc1
0f7cd1
0f7ce1
0f7cf1
0f7d01
0f7d11
0f7d21
0f7d31
0f7d41
0f7d52
0f7d62
0f7d72
0f7d82
0f7d92
0f7da2
0f7db2
0f7dc2
0f7dd2
0f7de2
0f7df2
0f7e02
0f7e12
0f7e22
0f7e32
0f7e42
0f7e52
0f7e62
0f7e72
0f7e82
0f7e92
0f7ea1
0f7eb1
0f7ec1
0f7ed1
0f7ee1
0f7ef1
0f7f01
0f7f11
0f7f21
0f7f30
0f7f40
0f7f50
0f7f60
0f7f70
0f7f80
0f7f8f
0f7f9f
0f7faf
0f7fbf
0f7fcf
0f7fde
0f7fee
0f7ffe
0f800e
0f801d
0f802d
0f803d
0f804c
0f805c
0f806c
0f807c
0f808b
0f809b
0f80ab
0f80ba
0f80ca
0f80da
0f80e9
0f80f9
0f8108
0f8118
0f8128
0f8137
0f8147
0f8157
0f8166
0f8176
0f8185
0f8195
0f81a4
0f81b4
0f81c3
0f81d3
0f81e3
0f81f2
0f8202
0f8211
0f8221
0f8230
0f8240
0f824f
0f825e
0f826e
0f827d
0f828d
0f829c
0f82ac
0f82bb
0f82cb
0f82da
0f82e9
0f82f9
0f8308
0f8317
0f8327
0f8336
0f8346
0f8355
0f8364
0f8374
0f8383
0f8392
0f83a2
0f83b1
0f83c0
0f83cf
0f83df
0f83ee
0f83fd
0f840d
0f841c
0f842b
0f843a
0f844a
0f8459
0f8468
0f8477
0f8486
0f8496
0f84a5
0f84b4
0f84c3
0f84d2
0f84e1
0f84f1
0f8500
0f850f
0f851e
0f852d
0f853c
0f854b
0f855b
0f856a
0f8579
0f8588
0f8597
0f85a6
0f85b5
0f85c4
0f85d3
0f85e2
0f85f1
0f8600
0f860f
0f861e
0f862d
0f863c
0f864b
0f865a
0f8669
0f8678
0f8687
0f8696
0f86a5
0f86b4
0f86c3
0f86d2
0f86e1
0f86f0
0f86ff
0f870d
0f871c
0f872b
0f873a
0f8749
0f8758
0f8767
0f8776
0f8784
0f8793
0f87a2
0f87b1
0f87c0
0f87cf
0f87dd
0f87ec
0f87fb
0f880a
0f8818
0f8827
0f8836
0f8845
0f8853
0f8862
0f8871
0f8880
0f888e
0f889d
0f88ac
0f88ba
0f88c9
0f88d8
0f88e7
0f88f5
0f8904
0f8913
0f8921
0f8930
0f893e
0f894d
0f895c
0f896a
0f8979
0f8987
0f8996
0f89a5
0f89b3
0f89c2
0f89d0
0f89df
0f89ed
0f89fc
0f8a0b
0f8a19
0f8a28
0f8a36
0f8a45
0f8a53
0f8a62
0f8a70
0f8a7f
0f8a8d
0f8a9c
0f8aaa
0f8ab8
0f8ac7
0f8ad5
0f8ae4
0f8af2
0f8b01
0f8b0f
0f8b1d
0f8b2c
0f8b3a
0f8b49
0f8b57
0f8b65
0f8b74
0f8b82
0f8b90
0f8b9f
0f8bad
0f8bbb
0f8bca
0f8bd8
0f8be6
0f8bf5
0f8c03
0f8c11
0f8c20
0f8c2e
0f8c3c
0f8c4a
0f8c59
0f8c67
0f8c75
0f8c83
0f8c92
0f8ca0
0f8cae
0f8cbc
0f8cca
0f8cd9
0f8ce7
0f8cf5
0f8d03
0f8d11
0f8d20
0f8d2e
0f8d3c
0f8d4a
0f8d58
0f8d66
0f8d74
0f8d82
0f8d91
0f8d9f
0f8dad
0f8dbb
0f8dc9
0f8dd7
0f8de5
0f8df3
0f8e01
0f8e0f
0f8e1d
0f8e2b
0f8e39
0f8e47
0f8e55
0f8e63
0f8e71
0f8e7f
0f8e8d
0f8e9b
0f8ea9
0f8eb7
0f8ec5
0f8ed3
0f8ee1
0f8eef
0f8efd
0f8f0b
0f8f19
0f8f27
0f8f35
0f8f43
0f8f50
0f8f5e
0f8f6c
0f8f7a
0f8f88
0f8f96
0f8fa4
0f8fb2
0f8fbf
0f8fcd
0f8fdb
0f8fe9
0f8ff7
0f9005
0f9012
0f9020
0f902e
0f903c
0f9049
0f9057
0f9065
0f9073
0f9081
0f908e
0f909c
0f90aa
0f90b7
0f90c5
0f90d3
0f90e1
0f90ee
0f90fc
0f910a
0f9117
0f9125
0f9133
0f9140
0f914e
0f915c
0f9169
0f9177
0f9185
0f9192
0f91a0
0f91ad
0f91bb
0f91c9
0f91d6
0f91e4
0f91f1
0f91ff
0f920c
0f921a
0f9228
0f9235
0f9243
0f9250
0f925e
0f926b
0f9279
0f9286
0f9294
0f92a1
0f92af
0f92bc
0f92ca
0f92d7
0f92e5
0f92f2
0f9300
0f930d
0f931a
0f9328
0f9335
0f9343
0f9350
0f935d
0f936b
0f9378
0f9386
0f9393
0f93a0
0f93ae
0f93bb
0f93c8
0f93d6
0f93e3
0f93f0
0f93fe
0f940b
0f9418
0f9426
0f9433
0f9440
0f944e
0f945b
0f9468
0f9475
0f9483
0f9490
0f949d
0f94aa
0f94b8
0f94c5
0f94d2
0f94df
0f94ed
0f94fa
0f9507
0f9514
0f9521
0f952f
0f953c
0f9549
0f9556
0f9563
0f9570
0f957e
0f958b
0f9598
0f95a5
0f95b2
0f95bf
0f95cc
0f95d9
0f95e6
0f95f4
0f9601
0f960e
0f961b
0f9628
0f9635
0f9642
0f964f
0f965c
0f9669
0f9676
0f9683
0f9690
0f969d
0f96aa
0f96b7
0f96c4
0f96d1
0f96de
0f96eb
0f96f8
0f9705
0f9712
0f971f
0f972c
0f9739
0f9746
0f9753
0f975f
0f976c
0f9779
0f9786
0f9793
0f97a0
0f97ad
0f97ba
0f97c7
0f97d3
0f97e0
0f97ed
0f97fa
0f9807
0f9814
0f9820
0f982d
0f983a
0f9847
0f9854
0f9860
0f986d
0f987a
0f9887
0f9894
0f98a0
0f98ad
0f98ba
0f98c7
0f98d3
0f98e0
0f98ed
0f98f9
0f9906
0f9913
0f9920
0f992c
0f9939
0f9946
0f9952
0f995f
0f996c
0f9978
0f9985
0f9992
0f999e
0f99ab
0f99b8
0f99c4
0f99d1
0f99dd
0f99ea
0f99f7
0f9a03
0f9a10
0f9a1c
0f9a29
0f9a36
0f9a42
0f9a4f
0f9a5b
0f9a68
0f9a74
0f9a81
0f9a8d
0f9a9a
0f9aa6
0f9ab3
0f9abf
0f9acc
0f9ad8
0f9ae5
0f9af1
0f9afe
0f9b0a
0f9b17
0f9b23
0f9b30
0f9b3c
0f9b49
0f9b55
0f9b61
0f9b6e
0f9b7a
0f9b87
0f9b93
0f9b9f
0f9bac
0f9bb8
0f9bc5
0f9bd1
0f9bdd
0f9bea
0f9bf6
0f9c02
0f9c0f
0f9c1b
0f9c27
0f9c34
0f9c40
0f9c4c
0f9c59
0f9c65
0f9c71
0f9c7e
0f9c8a
0f9c96
0f9ca2
0f9caf
0f9cbb
0f9cc7
0f9cd3
0f9ce0
0f9cec
0f9cf8
0f9d04
0f9d11
0f9d1d
0f9d29
0f9d35
0f9d41
0f9d4e
0f9d5a
0f9d66
0f9d72
0f9d7e
0f9d8a
0f9d97
0f9da3
0f9daf
0f9dbb
0f9dc7
0f9dd3
0f9ddf
0f9dec
0f9df8
0f9e04
0f9e10
0f9e1c
0f9e28
0f9e34
0f9e40
0f9e4c
0f9e58
0f9e64
0f9e70
0f9e7c
0f9e89
0f9e95
0f9ea1
0f9ead
0f9eb9
0f9ec5
0f9ed1
0f9edd
0f9ee9
0f9ef5
0f9f01
0f9f0d
0f9f19
0f9f25
0f9f31
0f9f3c
0f9f48
0f9f54
0f9f60
0f9f6c
0f9f78
0f9f84
0f9f90
0f9f9c
0f9fa8
0f9fb4
0f9fc0
0f9fcb
0f9fd7
0f9fe3
0f9fef
0f9ffb
0fa007
0fa013
0fa01f
0fa02a
0fa036
0fa042
0fa04e
0fa05a
0fa066
0fa071
0fa07d
0fa089
0fa095
0fa0a0
0fa0ac
0fa0b8
0fa0c4
0fa0d0
0fa0db
0fa0e7
0fa0f3
0fa0ff
0fa10a
0fa116
0fa122
0fa12d
0fa139
0fa145
0fa151
0fa15c
0fa168
0fa174
0fa17f
0fa18b
0fa197
0fa1a2
0fa1ae
0fa1ba
0fa1c5
0fa1d1
0fa1dd
0fa1e8
0fa1f4
0fa1ff
0fa20b
0fa217
0fa222
0fa22e
0fa239
0fa245
0fa251
0fa25c
0fa268
0fa273
0fa27f
0fa28a
0fa296
0fa2a2
0fa2ad
0fa2b9
0fa2c4
0fa2d0
0fa2db
0fa2e7
0fa2f2
0fa2fe
0fa309
0fa315
0fa320
0fa32c
0fa337
0fa343
0fa34e
0fa359
0fa365
0fa370
0fa37c
0fa387
0fa393
0fa39e
0fa3a9
0fa3b5
0fa3c0
0fa3cc
0fa3d7
0fa3e2
0fa3ee
0fa3f9
0fa405
0fa410
0fa41b
0fa427
0fa432
0fa43d
0fa449
0fa454
0fa45f
0fa46b
0fa476
0fa481
0fa48d
0fa498
0fa4a3
0fa4ae
0fa4ba
0fa4c5
0fa4d0
0fa4dc
0fa4e7
0fa4f2
0fa4fd
0fa509
0fa514
0fa51f
0fa52a
0fa536
0fa541
0fa54c
0fa557
0fa562
0fa56e
0fa579
0fa584
0fa58f
0fa59a
0fa5a6
0fa5b1
0fa5bc
0fa5c7
0fa5d2
0fa5dd
0fa5e8
0fa5f4
0fa5ff
0fa60a
0fa615
0fa620
0fa62b
0fa636
0fa641
0fa64c
0fa658
0fa663
0fa66e
0fa679
0fa684
0fa68f
0fa69a
0fa6a5
0fa6b0
0fa6bb
0fa6c6
0fa6d1
0fa6dc
0fa6e7
0fa6f2
0fa6fd
0fa708
0fa713
0fa71e
0fa729
0fa734
0fa73f
0fa74a
0fa755
0fa760
0fa76b
0fa776
0fa781
0fa78c
0fa797
0fa7a2
0fa7ad
0fa7b8
0fa7c2
0fa7cd
0fa7d8
0fa7e3
0fa7ee
0fa7f9
0fa804
0fa80f
0fa81a
0fa824
0fa82f
0fa83a
0fa845
0fa850
0fa85b
0fa866
0fa870
0fa87b
0fa886
0fa891
0fa89c
0fa8a6
0fa8b1
0fa8bc
0fa8c7
0fa8d2
0fa8dc
0fa8e7
0fa8f2
0fa8fd
0fa907
0fa912
0fa91d
0fa928
0fa932
0fa93d
0fa948
0fa953
0fa95d
0fa968
0fa973
0fa97d
0fa988
0fa993
0fa99e
0fa9a8
0fa9b3
0fa9be
0fa9c8
0fa9d3
0fa9de
0fa9e8
0fa9f3
0fa9fe
0faa08
0faa13
0faa1d
0faa28
0faa33
0faa3d
0faa48
0faa52
0faa5d
0faa68
0faa72
0faa7d
0faa87
0faa92
0faa9d
0faaa7
0faab2
0faabc
0faac7
0faad1
0faadc
0faae6
0faaf1
0faafb
0fab06
0fab10
0fab1b
0fab25
0fab30
0fab3a
0fab45
0fab4f
0fab5a
0fab64
0fab6f
0fab79
0fab84
0fab8e
0fab99
0faba3
0fabad
0fabb8
0fabc2
0fabcd
0fabd7
0fabe2
0fabec
0fabf6
0fac01
0fac0b
0fac16
0fac20
0fac2a
0fac35
0fac3f
0fac49
0fac54
0fac5e
0fac68
0fac73
0fac7d
0fac87
0fac92
0fac9c
0faca6
0facb1
0facbb
0facc5
0facd0
0facda
0face4
0facee
0facf9
0fad03
0fad0d
0fad18
0fad22
0fad2c
0fad36
0fad41
0fad4b
0fad55
0fad5f
0fad69
0fad74
0fad7e
0fad88
0fad92
0fad9c
0fada7
0fadb1
0fadbb
0fadc5
0fadcf
0fadda
0fade4
0fadee
0fadf8
0fae02
0fae0c
0fae16
0fae21
0fae2b
0fae35
0fae3f
0fae49
0fae53
0fae5d
0fae67
0fae71
0fae7c
0fae86
0fae90
0fae9a
0faea4
0faeae
0faeb8
0faec2
0faecc
0faed6
0faee0
0faeea
0faef4
0faefe
0faf08
0faf12
0faf1c
0faf26
0faf30
0faf3a
0faf44
0faf4e
0faf58
0faf62
0faf6c
0faf76
0faf80
0faf8a
0faf94
0faf9e
0fafa8
0fafb2
0fafbc
0fafc6
0fafd0
0fafda
0fafe4
0fafee
0faff7
0fb001
0fb00b
0fb015
0fb01f
0fb029
0fb033
0fb03d
0fb047
0fb050
0fb05a
0fb064
0fb06e
0fb078
0fb082
0fb08c
0fb095
0fb09f
0fb0a9
0fb0b3
0fb0bd
0fb0c6
0fb0d0
0fb0da
0fb0e4
0fb0ee
0fb0f7
0fb101
0fb10b
0fb115
0fb11f
0fb128
0fb132
0fb13c
0fb146
0fb14f
0fb159
0fb163
0fb16d
0fb176
0fb180
0fb18a
0fb193
0fb19d
0fb1a7
0fb1b0
0fb1ba
0fb1c4
0fb1ce
0fb1d7
0fb1e1
0fb1eb
0fb1f4
0fb1fe
0fb208
0fb211
0fb21b
0fb224
0fb22e
0fb238
0fb241
0fb24b
0fb255
0fb25e
0fb268
0fb271
0fb27b
0fb285
0fb28e
0fb298
0fb2a1
0fb2ab
0fb2b5
0fb2be
0fb2c8
0fb2d1
0fb2db
0fb2e4
0fb2ee
0fb2f7
0fb301
0fb30b
0fb314
0fb31e
0fb327
0fb331
0fb33a
0fb344
0fb34d
0fb357
0fb360
0fb36a
0fb373
0fb37d
0fb386
0fb38f
0fb399
0fb3a2
0fb3ac
0fb3b5
0fb3bf
0fb3c8
0fb3d2
0fb3db
0fb3e4
0fb3ee
0fb3f7
0fb401
0fb40a
0fb414
0fb41d
0fb426
0fb430
0fb439
0fb443
0fb44c
0fb455
0fb45f
0fb468
0fb471
0fb47b
0fb484
0fb48d
0fb497
0fb4a0
0fb4a9
0fb4b3
0fb4bc
0fb4c5
0fb4cf
0fb4d8
0fb4e1
0fb4eb
0fb4f4
0fb4fd
0fb507
0fb510
0fb519
0fb522
0fb52c
0fb535
0fb53e
0fb547
0fb551
0fb55a
0fb563
0fb56c
0fb576
0fb57f
0fb588
0fb591
0fb59b
0fb5a4
0fb5ad
0fb5b6
0fb5bf
0fb5c9
0fb5d2
0fb5db
0fb5e4
0fb5ed
0fb5f6
0fb600
0fb609
0fb612
0fb61b
0fb624
0fb62d
0fb637
0fb640
0fb649
0fb652
0fb65b
0fb664
0fb66d
0fb676
0fb680
0fb689
0fb692
0fb69b
0fb6a4
0fb6ad
0fb6b6
0fb6bf
0fb6c8
0fb6d1
0fb6da
0fb6e3
0fb6ec
0fb6f6
0fb6ff
0fb708
0fb711
0fb71a
0fb723
0fb72c
0fb735
0fb73e
0fb747
0fb750
0fb759
0fb762
0fb76b
0fb774
0fb77d
0fb786
0fb78f
0fb798
0fb7a1
0fb7aa
0fb7b3
0fb7bc
0fb7c5
0fb7cd
0fb7d6
0fb7df
0fb7e8
0fb7f1
0fb7fa
0fb803
0fb80c
0fb815
0fb81e
0fb827
0fb830
0fb838
0fb841
0fb84a
0fb853
0fb85c
0fb865
0fb86e
0fb877
0fb87f
0fb888
0fb891
0fb89a
0fb8a3
0fb8ac
0fb8b5
0fb8bd
0fb8c6
0fb8cf
0fb8d8
0fb8e1
0fb8ea
0fb8f2
0fb8fb
0fb904
0fb90d
0fb916
0fb91e
0fb927
0fb930
0fb939
0fb941
0fb94a
0fb953
0fb95c
0fb964
0fb96d
0fb976
0fb97f
0fb987
0fb990
0fb999
0fb9a2
0fb9aa
0fb9b3
0fb9bc
0fb9c4
0fb9cd
0fb9d6
0fb9df
0fb9e7
0fb9f0
0fb9f9
0fba01
0fba0a
0fba13
0fba1b
0fba24
0fba2d
0fba35
0fba3e
0fba47
0fba4f
0fba58
0fba60
0fba69
0fba72
0fba7a
0fba83
0fba8c
0fba94
0fba9d
0fbaa5
0fbaae
0fbab6
0fbabf
0fbac8
0fbad0
0fbad9
0fbae1
0fbaea
0fbaf3
0fbafb
0fbb04
0fbb0c
0fbb15
0fbb1d
0fbb26
0fbb2e
0fbb37
0fbb3f
0fbb48
0fbb50
0fbb59
0fbb61
0fbb6a
0fbb72
0fbb7b
0fbb83
0fbb8c
0fbb94
0fbb9d
0fbba5
0fbbae
0fbbb6
0fbbbf
0fbbc7
0fbbd0
0fbbd8
0fbbe1
0fbbe9
0fbbf1
0fbbfa
0fbc02
0fbc0b
0fbc13
0fbc1c
0fbc24
0fbc2c
0fbc35
0fbc3d
0fbc46
0fbc4e
0fbc56
0fbc5f
0fbc67
0fbc70
0fbc78
0fbc80
0fbc89
0fbc91
0fbc99
0fbca2
0fbcaa
0fbcb2
0fbcbb
0fbcc3
0fbccb
0fbcd4
0fbcdc
0fbce4
0fbced
0fbcf5
0fbcfd
0fbd06
0fbd0e
0fbd16
0fbd1f
0fbd27
0fbd2f
0fbd37
0fbd40
0fbd48
0fbd50
0fbd58
0fbd61
0fbd69
0fbd71
0fbd7a
0fbd82
0fbd8a
0fbd92
0fbd9a
0fbda3
0fbdab
0fbdb3
0fbdbb
0fbdc4
0fbdcc
0fbdd4
0fbddc
0fbde4
0fbded
0fbdf5
0fbdfd
0fbe05
0fbe0d
0fbe16
0fbe1e
0fbe26
0fbe2e
0fbe36
0fbe3e
0fbe46
0fbe4f
0fbe57
0fbe5f
0fbe67
0fbe6f
0fbe77
0fbe7f
0fbe88
0fbe90
0fbe98
0fbea0
0fbea8
0fbeb0
0fbeb8
0fbec0
0fbec8
0fbed0
0fbed9
0fbee1
0fbee9
0fbef1
0fbef9
0fbf01
0fbf09
0fbf11
0fbf19
0fbf21
0fbf29
0fbf31
0fbf39
0fbf41
0fbf49
0fbf51
0fbf59
0fbf61
0fbf69
0fbf71
0fbf79
0fbf81
0fbf89
0fbf91
0fbf99
0fbfa1
0fbfa9
0fbfb1
0fbfb9
0fbfc1
0fbfc9
0fbfd1
0fbfd9
0fbfe1
0fbfe9
0fbff1
0fbff9
0fc001
0fc009
0fc011
0fc019
0fc021
0fc028
0fc030
0fc038
0fc040
0fc048
0fc050
0fc058
0fc060
0fc068
0fc070
0fc077
0fc07f
0fc087
0fc08f
0fc097
0fc09f
0fc0a7
0fc0af
0fc0b6
0fc0be
0fc0c6
0fc0ce
0fc0d6
0fc0de
0fc0e5
0fc0ed
0fc0f5
0fc0fd
0fc105
0fc10d
0fc114
0fc11c
0fc124
0fc12c
0fc133
0fc13b
0fc143
0fc14b
0fc153
0fc15a
0fc162
0fc16a
0fc172
0fc179
0fc181
0fc189
0fc191
0fc198
0fc1a0
0fc1a8
0fc1b0
0fc1b7
0fc1bf
0fc1c7
0fc1cf
0fc1d6
0fc1de
0fc1e6
0fc1ed
0fc1f5
0fc1fd
0fc204
0fc20c
0fc214
0fc21c
0fc223
0fc22b
0fc233
0fc23a
0fc242
0fc24a
0fc251
0fc259
0fc260
0fc268
0fc270
0fc277
0fc27f
0fc287
0fc28e
0fc296
0fc29e
0fc2a5
0fc2ad
0fc2b4
0fc2bc
0fc2c4
0fc2cb
0fc2d3
0fc2da
0fc2e2
0fc2e9
0fc2f1
0fc2f9
0fc300
0fc308
0fc30f
0fc317
0fc31e
0fc326
0fc32e
0fc335
0fc33d
0fc344
0fc34c
0fc353
0fc35b
0fc362
0fc36a
0fc371
0fc379
0fc380
0fc388
0fc38f
0fc397
0fc39e
0fc3a6
0fc3ad
0fc3b5
0fc3bc
0fc3c4
0fc3cb
0fc3d3
0fc3da
0fc3e2
0fc3e9
0fc3f1
0fc3f8
0fc3ff
0fc407
0fc40e
0fc416
0fc41d
0fc425
0fc42c
0fc433
0fc43b
0fc442
0fc44a
0fc451
0fc459
0fc460
0fc467
0fc46f
0fc476
0fc47d
0fc485
0fc48c
0fc494
0fc49b
0fc4a2
0fc4aa
0fc4b1
0fc4b8
0fc4c0
0fc4c7
0fc4ce
0fc4d6
0fc4dd
0fc4e5
0fc4ec
0fc4f3
0fc4fb
0fc502
0fc509
0fc510
0fc518
0fc51f
0fc526
0fc52e
0fc535
0fc53c
0fc544
0fc54b
0fc552
0fc559
0fc561
0fc568
0fc56f
0fc577
0fc57e
0fc585
0fc58c
0fc594
0fc59b
0fc5a2
0fc5a9
0fc5b1
0fc5b8
0fc5bf
0fc5c6
0fc5cd
0fc5d5
0fc5dc
0fc5e3
0fc5ea
0fc5f2
0fc5f9
0fc600
0fc607
0fc60e
0fc615
0fc61d
0fc624
0fc62b
0fc632
0fc639
0fc641
0fc648
0fc64f
0fc656
0fc65d
0fc664
0fc66c
0fc673
0fc67a
0fc681
0fc688
0fc68f
0fc696
0fc69d
0fc6a5
0fc6ac
0fc6b3
0fc6ba
0fc6c1
0fc6c8
0fc6cf
0fc6d6
0fc6dd
0fc6e5
0fc6ec
0fc6f3
0fc6fa
0fc701
0fc708
0fc70f
0fc716
0fc71d
0fc724
0fc72b
0fc732
0fc739
0fc740
0fc747
0fc74e
0fc755
0fc75d
0fc764
0fc76b
0fc772
0fc779
0fc780
0fc787
0fc78e
0fc795
0fc79c
0fc7a3
0fc7aa
0fc7b1
0fc7b8
0fc7bf
0fc7c6
0fc7cd
0fc7d4
0fc7db
0fc7e2
0fc7e8
0fc7ef
0fc7f6
0fc7fd
0fc804
0fc80b
0fc812
0fc819
0fc820
0fc827
0fc82e
0fc835
0fc83c
0fc843
0fc84a
0fc851
0fc857
0fc85e
0fc865
0fc86c
0fc873
0fc87a
0fc881
0fc888
0fc88f
0fc896
0fc89c
0fc8a3
0fc8aa
0fc8b1
0fc8b8
0fc8bf
0fc8c6
0fc8cc
0fc8d3
0fc8da
0fc8e1
0fc8e8
0fc8ef
0fc8f6
0fc8fc
0fc903
0fc90a
0fc911
0fc918
0fc91e
0fc925
0fc92c
0fc933
0fc93a
0fc940
0fc947
0fc94e
0fc955
0fc95c
0fc962
0fc969
0fc970
0fc977
0fc97e
0fc984
0fc98b
0fc992
0fc999
0fc99f
0fc9a6
0fc9ad
0fc9b4
0fc9ba
0fc9c1
0fc9c8
0fc9cf
0fc9d5
0fc9dc
0fc9e3
0fc9e9
0fc9f0
0fc9f7
0fc9fe
0fca04
0fca0b
0fca12
0fca18
0fca1f
0fca26
0fca2c
0fca33
0fca3a
0fca40
0fca47
0fca4e
0fca54
0fca5b
0fca62
0fca68
0fca6f
0fca76
0fca7c
0fca83
0fca8a
0fca90
0fca97
0fca9e
0fcaa4
0fcaab
0fcab1
0fcab8
0fcabf
0fcac5
0fcacc
0fcad3
0fcad9
0fcae0
0fcae6
0fcaed
0fcaf3
0fcafa
0fcb01
0fcb07
0fcb0e
0fcb14
0fcb1b
0fcb22
0fcb28
0fcb2f
0fcb35
0fcb3c
0fcb42
0fcb49
0fcb4f
0fcb56
0fcb5c
0fcb63
0fcb6a
0fcb70
0fcb77
0fcb7d
0fcb84
0fcb8a
0fcb91
0fcb97
0fcb9e
0fcba4
0fcbab
0fcbb1
0fcbb8
0fcbbe
0fcbc5
0fcbcb
0fcbd2
0fcbd8
0fcbdf
0fcbe5
0fcbec
0fcbf2
0fcbf8
0fcbff
0fcc05
0fcc0c
0fcc12
0fcc19
0fcc1f
0fcc26
0fcc2c
0fcc33
0fcc39
0fcc3f
0fcc46
0fcc4c
0fcc53
0fcc59
0fcc5f
0fcc66
0fcc6c
0fcc73
0fcc79
0fcc80
0fcc86
0fcc8c
0fcc93
0fcc99
0fcc9f
0fcca6
0fccac
0fccb3
0fccb9
0fccbf
0fccc6
0fcccc
0fccd2
0fccd9
0fccdf
0fcce5
0fccec
0fccf2
0fccf9
0fccff
0fcd05
0fcd0c
0fcd12
0fcd18
0fcd1e
0fcd25
0fcd2b
0fcd31
0fcd38
0fcd3e
0fcd44
0fcd4b
0fcd51
0fcd57
0fcd5e
0fcd64
0fcd6a
0fcd70
0fcd77
0fcd7d
0fcd83
0fcd8a
0fcd90
0fcd96
0fcd9c
0fcda3
0fcda9
0fcdaf
0fcdb5
0fcdbc
0fcdc2
0fcdc8
0fcdce
0fcdd5
0fcddb
0fcde1
0fcde7
0fcded
0fcdf4
0fcdfa
0fce00
0fce06
0fce0c
0fce13
0fce19
0fce1f
0fce25
0fce2b
0fce32
0fce38
0fce3e
0fce44
0fce4a
0fce51
0fce57
0fce5d
0fce63
0fce69
0fce6f
0fce76
0fce7c
0fce82
0fce88
0fce8e
0fce94
0fce9a
0fcea1
0fcea7
0fcead
0fceb3
0fceb9
0fcebf
0fcec5
0fcecb
0fced2
0fced8
0fcede
0fcee4
0fceea
0fcef0
0fcef6
0fcefc
0fcf02
0fcf08
0fcf0f
0fcf15
0fcf1b
0fcf21
0fcf27
0fcf2d
0fcf33
0fcf39
0fcf3f
0fcf45
0fcf4b
0fcf51
0fcf57
0fcf5d
0fcf63
0fcf69
0fcf6f
0fcf75
0fcf7b
0fcf82
0fcf88
0fcf8e
0fcf94
0fcf9a
0fcfa0
0fcfa6
0fcfac
0fcfb2
0fcfb8
0fcfbe
0fcfc4
0fcfca
0fcfd0
0fcfd6
0fcfdc
0fcfe2
0fcfe8
0fcfee
0fcff3
0fcff9
0fcfff
0fd005
0fd00b
0fd011
0fd017
0fd01d
0fd023
0fd029
0fd02f
0fd035
0fd03b
0fd041
0fd047
0fd04d
0fd053
0fd059
0fd05f
0fd064
0fd06a
0fd070
0fd076
0fd07c
0fd082
0fd088
0fd08e
0fd094
0fd09a
0fd09f
0fd0a5
0fd0ab
0fd0b1
0fd0b7
0fd0bd
0fd0c3
0fd0c9
0fd0ce
0fd0d4
0fd0da
0fd0e0
0fd0e6
0fd0ec
0fd0f2
0fd0f7
0fd0fd
0fd103
0fd109
0fd10f
0fd115
0fd11a
0fd120
0fd126
0fd12c
0fd132
0fd138
0fd13d
0fd143
0fd149
0fd14f
0fd155
0fd15a
0fd160
0fd166
0fd16c
0fd172
0fd177
0fd17d
0fd183
0fd189
0fd18e
0fd194
0fd19a
0fd1a0
0fd1a6
0fd1ab
0fd1b1
0fd1b7
0fd1bd
0fd1c2
0fd1c8
0fd1ce
0fd1d4
0fd1d9
0fd1df
0fd1e5
0fd1ea
0fd1f0
0fd1f6
0fd1fc
0fd201
0fd207
0fd20d
0fd213
0fd218
0fd21e
0fd224
0fd229
0fd22f
0fd235
0fd23a
0fd240
0fd246
0fd24b
0fd251
0fd257
0fd25c
0fd262
0fd268
0fd26d
0fd273
0fd279
0fd27e
0fd284
0fd28a
0fd28f
0fd295
0fd29b
0fd2a0
0fd2a6
0fd2ac
0fd2b1
0fd2b7
0fd2bd
0fd2c2
0fd2c8
0fd2cd
0fd2d3
0fd2d9
0fd2de
0fd2e4
0fd2e9
0fd2ef
0fd2f5
0fd2fa
0fd300
0fd305
0fd30b
0fd311
0fd316
0fd31c
0fd321
0fd327
0fd32d
0fd332
0fd338
0fd33d
0fd343
0fd348
0fd34e
0fd353
0fd359
0fd35f
0fd364
0fd36a
0fd36f
0fd375
0fd37a
0fd380
0fd385
0fd38b
0fd390
0fd396
0fd39b
0fd3a1
0fd3a6
0fd3ac
0fd3b1
0fd3b7
0fd3bd
0fd3c2
0fd3c8
0fd3cd
0fd3d3
0fd3d8
0fd3dd
0fd3e3
0fd3e8
0fd3ee
0fd3f3
0fd3f9
0fd3fe
0fd404
0fd409
0fd40f
0fd414
0fd41a
0fd41f
0fd425
0fd42a
0fd42f
0fd435
0fd43a
0fd440
0fd445
0fd44b
0fd450
0fd456
0fd45b
0fd460
0fd466
0fd46b
0fd471
0fd476
0fd47b
0fd481
0fd486
0fd48c
0fd491
0fd497
0fd49c
0fd4a1
0fd4a7
0fd4ac
0fd4b1
0fd4b7
0fd4bc
0fd4c2
0fd4c7
0fd4cc
0fd4d2
0fd4d7
0fd4dc
0fd4e2
0fd4e7
0fd4ed
0fd4f2
0fd4f7
0fd4fd
0fd502
0fd507
0fd50d
0fd512
0fd517
0fd51d
0fd522
0fd527
0fd52d
0fd532
0fd537
0fd53d
0fd542
0fd547
0fd54d
0fd552
0fd557
0fd55c
0fd562
0fd567
0fd56c
0fd572
0fd577
0fd57c
0fd582
0fd587
0fd58c
0fd591
0fd597
0fd59c
0fd5a1
0fd5a6
0fd5ac
0fd5b1
0fd5b6
0fd5bb
0fd5c1
0fd5c6
0fd5cb
0fd5d0
0fd5d6
0fd5db
0fd5e0
0fd5e5
0fd5eb
0fd5f0
0fd5f5
0fd5fa
0fd600
0fd605
0fd60a
0fd60f
0fd614
0fd61a
0fd61f
0fd624
0fd629
0fd62f
0fd634
0fd639
0fd63e
0fd643
0fd648
0fd64e
0fd653
0fd658
0fd65d
0fd662
0fd668
0fd66d
0fd672
0fd677
0fd67c
0fd681
0fd687
0fd68c
0fd691
0fd696
0fd69b
0fd6a0
0fd6a5
0fd6ab
0fd6b0
0fd6b5
0fd6ba
0fd6bf
0fd6c4
0fd6c9
0fd6cf
0fd6d4
0fd6d9
0fd6de
0fd6e3
0fd6e8
0fd6ed
0fd6f2
0fd6f7
0fd6fd
0fd702
0fd707
0fd70c
0fd711
0fd716
0fd71b
0fd720
0fd725
0fd72a
0fd72f
0fd734
0fd73a
0fd73f
0fd744
0fd749
0fd74e
0fd753
0fd758
0fd75d
0fd762
0fd767
0fd76c
0fd771
0fd776
0fd77b
0fd780
0fd785
0fd78a
0fd78f
0fd794
0fd799
0fd79f
0fd7a4
0fd7a9
0fd7ae
0fd7b3
0fd7b8
0fd7bd
0fd7c2
0fd7c7
0fd7cc
0fd7d1
0fd7d6
0fd7db
0fd7e0
0fd7e5
0fd7ea
0fd7ef
0fd7f4
0fd7f9
0fd7fe
0fd802
0fd807
0fd80c
0fd811
0fd816
0fd81b
0fd820
0fd825
0fd82a
0fd82f
0fd834
0fd839
0fd83e
0fd843
0fd848
0fd84d
0fd852
0fd857
0fd85c
0fd861
0fd865
0fd86a
0fd86f
0fd874
0fd879
0fd87e
0fd883
0fd888
0fd88d
0fd892
0fd897
0fd89c
0fd8a0
0fd8a5
0fd8aa
0fd8af
0fd8b4
0fd8b9
0fd8be
0fd8c3
0fd8c8
0fd8cc
0fd8d1
0fd8d6
0fd8db
0fd8e0
0fd8e5
0fd8ea
0fd8ef
0fd8f3
0fd8f8
0fd8fd
0fd902
0fd907
0fd90c
0fd910
0fd915
0fd91a
0fd91f
0fd924
0fd929
0fd92d
0fd932
0fd937
0fd93c
0fd941
0fd946
0fd94a
0fd94f
0fd954
0fd959
0fd95e
0fd962
0fd967
0fd96c
0fd971
0fd976
0fd97a
0fd97f
0fd984
0fd989
0fd98e
0fd992
0fd997
0fd99c
0fd9a1
0fd9a6
0fd9aa
0fd9af
0fd9b4
0fd9b9
0fd9bd
0fd9c2
0fd9c7
0fd9cc
0fd9d0
0fd9d5
0fd9da
0fd9df
0fd9e3
0fd9e8
0fd9ed
0fd9f2
0fd9f6
0fd9fb
0fda00
0fda04
0fda09
0fda0e
0fda13
0fda17
0fda1c
0fda21
0fda26
0fda2a
0fda2f
0fda34
0fda38
0fda3d
0fda42
0fda46
0fda4b
0fda50
0fda54
0fda59
0fda5e
0fda63
0fda67
0fda6c
0fda71
0fda75
0fda7a
0fda7f
0fda83
0fda88
0fda8d
0fda91
0fda96
0fda9b
0fda9f
0fdaa4
0fdaa8
0fdaad
0fdab2
0fdab6
0fdabb
0fdac0
0fdac4
0fdac9
0fdace
0fdad2
0fdad7
0fdadb
0fdae0
0fdae5
0fdae9
0fdaee
0fdaf3
0fdaf7
0fdafc
0fdb00
0fdb05
0fdb0a
0fdb0e
0fdb13
0fdb17
0fdb1c
0fdb21
0fdb25
0fdb2a
0fdb2e
0fdb33
0fdb37
0fdb3c
0fdb41
0fdb45
0fdb4a
0fdb4e
0fdb53
0fdb57
0fdb5c
0fdb61
0fdb65
0fdb6a
0fdb6e
0fdb73
0fdb77
0fdb7c
0fdb80
0fdb85
0fdb89
0fdb8e
0fdb93
0fdb97
0fdb9c
0fdba0
0fdba5
0fdba9
0fdbae
0fdbb2
0fdbb7
0fdbbb
0fdbc0
0fdbc4
0fdbc9
0fdbcd
0fdbd2
0fdbd6
0fdbdb
0fdbdf
0fdbe4
0fdbe8
0fdbed
0fdbf1
0fdbf6
0fdbfa
0fdbff
0fdc03
0fdc08
0fdc0c
0fdc11
0fdc15
0fdc1a
0fdc1e
0fdc23
0fdc27
0fdc2b
0fdc30
0fdc34
0fdc39
0fdc3d
0fdc42
0fdc46
0fdc4b
0fdc4f
0fdc53
0fdc58
0fdc5c
0fdc61
0fdc65
0fdc6a
0fdc6e
0fdc72
0fdc77
0fdc7b
0fdc80
0fdc84
0fdc89
0fdc8d
0fdc91
0fdc96
0fdc9a
0fdc9f
0fdca3
0fdca7
0fdcac
0fdcb0
0fdcb5
0fdcb9
0fdcbd
0fdcc2
0fdcc6
0fdccb
0fdccf
0fdcd3
0fdcd8
0fdcdc
0fdce0
0fdce5
0fdce9
0fdcee
0fdcf2
0fdcf6
0fdcfb
0fdcff
0fdd03
0fdd08
0fdd0c
0fdd10
0fdd15
0fdd19
0fdd1d
0fdd22
0fdd26
0fdd2a
0fdd2f
0fdd33
0fdd37
0fdd3c
0fdd40
0fdd44
0fdd49
0fdd4d
0fdd51
0fdd56
0fdd5a
0fdd5e
0fdd63
0fdd67
0fdd6b
0fdd70
0fdd74
0fdd78
0fdd7c
0fdd81
0fdd85
0fdd89
0fdd8e
0fdd92
0fdd96
0fdd9a
0fdd9f
0fdda3
0fdda7
0fddac
0fddb0
0fddb4
0fddb8
0fddbd
0fddc1
0fddc5
0fddc9
0fddce
0fddd2
0fddd6
0fddda
0fdddf
0fdde3
0fdde7
0fddeb
0fddf0
0fddf4
0fddf8
0fddfc
0fde01
0fde05
0fde09
0fde0d
0fde12
0fde16
0fde1a
0fde1e
0fde22
0fde27
0fde2b
0fde2f
0fde33
0fde37
0fde3c
0fde40
0fde44
0fde48
0fde4c
0fde51
0fde55
0fde59
0fde5d
0fde61
0fde66
0fde6a
0fde6e
0fde72
0fde76
0fde7b
0fde7f
0fde83
0fde87
0fde8b
0fde8f
0fde94
0fde98
0fde9c
0fdea0
0fdea4
0fdea8
0fdeac
0fdeb1
0fdeb5
0fdeb9
0fdebd
0fdec1
0fdec5
0fdec9
0fdece
0fded2
0fded6
0fdeda
0fdede
0fdee2
0fdee6
0fdeea
0fdeef
0fdef3
0fdef7
0fdefb
0fdeff
0fdf03
0fdf07
0fdf0b
0fdf0f
0fdf14
0fdf18
0fdf1c
0fdf20
0fdf24
0fdf28
0fdf2c
0fdf30
0fdf34
0fdf38
0fdf3c
0fdf41
0fdf45
0fdf49
0fdf4d
0fdf51
0fdf55
0fdf59
0fdf5d
0fdf61
0fdf65
0fdf69
0fdf6d
0fdf71
0fdf75
0fdf79
0fdf7d
0fdf81
0fdf86
0fdf8a
0fdf8e
0fdf92
0fdf96
0fdf9a
0fdf9e
0fdfa2
0fdfa6
0fdfaa
0fdfae
0fdfb2
0fdfb6
0fdfba
0fdfbe
0fdfc2
0fdfc6
0fdfca
0fdfce
0fdfd2
0fdfd6
0fdfda
0fdfde
0fdfe2
0fdfe6
0fdfea
0fdfee
0fdff2
0fdff6
0fdffa
0fdffe
0fe002
0fe006
0fe00a
0fe00e
0fe012
0fe016
0fe01a
0fe01e
0fe022
0fe026
0fe02a
0fe02e
0fe032
0fe036
0fe03a
0fe03d
0fe041
0fe045
0fe049
0fe04d
0fe051
0fe055
0fe059
0fe05d
0fe061
0fe065
0fe069
0fe06d
0fe071
0fe075
0fe079
0fe07d
0fe080
0fe084
0fe088
0fe08c
0fe090
0fe094
0fe098
0fe09c
0fe0a0
0fe0a4
0fe0a8
0fe0ab
0fe0af
0fe0b3
0fe0b7
0fe0bb
0fe0bf
0fe0c3
0fe0c7
0fe0cb
0fe0cf
0fe0d2
0fe0d6
0fe0da
0fe0de
0fe0e2
0fe0e6
0fe0ea
0fe0ee
0fe0f1
0fe0f5
0fe0f9
0fe0fd
0fe101
0fe105
0fe109
0fe10c
0fe110
0fe114
0fe118
0fe11c
0fe120
0fe124
0fe127
0fe12b
0fe12f
0fe133
0fe137
0fe13b
0fe13e
0fe142
0fe146
0fe14a
0fe14e
0fe151
0fe155
0fe159
0fe15d
0fe161
0fe165
0fe168
0fe16c
0fe170
0fe174
0fe178
0fe17b
0fe17f
0fe183
0fe187
0fe18b
0fe18e
0fe192
0fe196
0fe19a
0fe19e
0fe1a1
0fe1a5
0fe1a9
0fe1ad
0fe1b0
0fe1b4
0fe1b8
0fe1bc
0fe1c0
0fe1c3
0fe1c7
0fe1cb
0fe1cf
0fe1d2
0fe1d6
0fe1da
0fe1de
0fe1e1
0fe1e5
0fe1e9
0fe1ed
0fe1f0
0fe1f4
0fe1f8
0fe1fc
0fe1ff
0fe203
0fe207
0fe20b
0fe20e
0fe212
0fe216
0fe219
0fe21d
0fe221
0fe225
0fe228
0fe22c
0fe230
0fe233
0fe237
0fe23b
0fe23f
0fe242
0fe246
0fe24a
0fe24d
0fe251
0fe255
0fe258
0fe25c
0fe260
0fe264
0fe267
0fe26b
0fe26f
0fe272
0fe276
0fe27a
0fe27d
0fe281
0fe285
0fe288
0fe28c
0fe290
0fe293
0fe297
0fe29b
0fe29e
0fe2a2
0fe2a6
0fe2a9
0fe2ad
0fe2b1
0fe2b4
0fe2b8
0fe2bc
0fe2bf
0fe2c3
0fe2c6
0fe2ca
0fe2ce
0fe2d1
0fe2d5
0fe2d9
0fe2dc
0fe2e0
0fe2e4
0fe2e7
0fe2eb
0fe2ee
0fe2f2
0fe2f6
0fe2f9
0fe2fd
0fe300
0fe304
0fe308
0fe30b
0fe30f
0fe313
0fe316
0fe31a
0fe31d
0fe321
0fe325
0fe328
0fe32c
0fe32f
0fe333
0fe336
0fe33a
0fe33e
0fe341
0fe345
0fe348
0fe34c
0fe350
0fe353
0fe357
0fe35a
0fe35e
0fe361
0fe365
0fe368
0fe36c
0fe370
0fe373
0fe377
0fe37a
0fe37e
0fe381
0fe385
0fe388
0fe38c
0fe390
0fe393
0fe397
0fe39a
0fe39e
0fe3a1
0fe3a5
0fe3a8
0fe3ac
0fe3af
0fe3b3
0fe3b6
0fe3ba
0fe3bd
0fe3c1
0fe3c5
0fe3c8
0fe3cc
0fe3cf
0fe3d3
0fe3d6
0fe3da
0fe3dd
0fe3e1
0fe3e4
0fe3e8
0fe3eb
0fe3ef
0fe3f2
0fe3f6
0fe3f9
0fe3fd
0fe400
0fe404
0fe407
0fe40b
0fe40e
0fe411
0fe415
0fe418
0fe41c
0fe41f
0fe423
0fe426
0fe42a
0fe42d
0fe431
0fe434
0fe438
0fe43b
0fe43f
0fe442
0fe445
0fe449
0fe44c
0fe450
0fe453
0fe457
0fe45a
0fe45e
0fe461
0fe465
0fe468
0fe46b
0fe46f
0fe472
0fe476
0fe479
0fe47d
0fe480
0fe483
0fe487
0fe48a
0fe48e
0fe491
0fe494
0fe498
0fe49b
0fe49f
0fe4a2
0fe4a6
0fe4a9
0fe4ac
0fe4b0
0fe4b3
0fe4b7
0fe4ba
0fe4bd
0fe4c1
0fe4c4
0fe4c8
0fe4cb
0fe4ce
0fe4d2
0fe4d5
0fe4d8
0fe4dc
0fe4df
0fe4e3
0fe4e6
0fe4e9
0fe4ed
0fe4f0
0fe4f3
0fe4f7
0fe4fa
0fe4fe
0fe501
0fe504
0fe508
0fe50b
0fe50e
0fe512
0fe515
0fe518
0fe51c
0fe51f
0fe523
0fe526
0fe529
0fe52d
0fe530
0fe533
0fe537
0fe53a
0fe53d
0fe541
0fe544
0fe547
0fe54b
0fe54e
0fe551
0fe555
0fe558
0fe55b
0fe55e
0fe562
0fe565
0fe568
0fe56c
0fe56f
0fe572
0fe576
0fe579
0fe57c
0fe580
0fe583
0fe586
0fe589
0fe58d
0fe590
0fe593
0fe597
0fe59a
0fe59d
0fe5a1
0fe5a4
0fe5a7
0fe5aa
0fe5ae
0fe5b1
0fe5b4
0fe5b7
0fe5bb
0fe5be
0fe5c1
0fe5c5
0fe5c8
0fe5cb
0fe5ce
0fe5d2
0fe5d5
0fe5d8
0fe5db
0fe5df
0fe5e2
0fe5e5
0fe5e8
0fe5ec
0fe5ef
0fe5f2
0fe5f5
0fe5f9
0fe5fc
0fe5ff
0fe602
0fe606
0fe609
0fe60c
0fe60f
0fe613
0fe616
0fe619
0fe61c
0fe61f
0fe623
0fe626
0fe629
0fe62c
0fe630
0fe633
0fe636
0fe639
0fe63c
0fe640
0fe643
0fe646
0fe649
0fe64c
0fe650
0fe653
0fe656
0fe659
0fe65c
0fe660
0fe663
0fe666
0fe669
0fe66c
0fe670
0fe673
0fe676
0fe679
0fe67c
0fe680
0fe683
0fe686
0fe689
0fe68c
0fe68f
0fe693
0fe696
0fe699
0fe69c
0fe69f
0fe6a2
0fe6a6
0fe6a9
0fe6ac
0fe6af
0fe6b2
0fe6b5
0fe6b8
0fe6bc
0fe6bf
0fe6c2
0fe6c5
0fe6c8
0fe6cb
0fe6ce
0fe6d2
0fe6d5
0fe6d8
0fe6db
0fe6de
0fe6e1
0fe6e4
0fe6e8
0fe6eb
0fe6ee
0fe6f1
0fe6f4
0fe6f7
0fe6fa
0fe6fd
0fe701
0fe704
0fe707
0fe70a
0fe70d
0fe710
0fe713
0fe716
0fe719
0fe71c
0fe720
0fe723
0fe726
0fe729
0fe72c
0fe72f
0fe732
0fe735
0fe738
0fe73b
0fe73f
0fe742
0fe745
0fe748
0fe74b
0fe74e
0fe751
0fe754
0fe757
0fe75a
0fe75d
0fe760
0fe763
0fe767
0fe76a
0fe76d
0fe770
0fe773
0fe776
0fe779
0fe77c
0fe77f
0fe782
0fe785
0fe788
0fe78b
0fe78e
0fe791
0fe794
0fe797
0fe79a
0fe79d
0fe7a0
0fe7a4
0fe7a7
0fe7aa
0fe7ad
0fe7b0
0fe7b3
0fe7b6
0fe7b9
0fe7bc
0fe7bf
0fe7c2
0fe7c5
0fe7c8
0fe7cb
0fe7ce
0fe7d1
0fe7d4
0fe7d7
0fe7da
0fe7dd
0fe7e0
0fe7e3
0fe7e6
0fe7e9
0fe7ec
0fe7ef
0fe7f2
0fe7f5
0fe7f8
0fe7fb
0fe7fe
0fe801
0fe804
0fe807
0fe80a
0fe80d
0fe810
0fe813
0fe816
0fe819
0fe81c
0fe81f
0fe822
0fe825
0fe828
0fe82b
0fe82e
0fe831
0fe834
0fe837
0fe839
0fe83c
0fe83f
0fe842
0fe845
0fe848
0fe84b
0fe84e
0fe851
0fe854
0fe857
0fe85a
0fe85d
0fe860
0fe863
0fe866
0fe869
0fe86c
0fe86f
0fe872
0fe874
0fe877
0fe87a
0fe87d
0fe880
0fe883
0fe886
0fe889
0fe88c
0fe88f
0fe892
0fe895
0fe898
0fe89b
0fe89d
0fe8a0
0fe8a3
0fe8a6
0fe8a9
0fe8ac
0fe8af
0fe8b2
0fe8b5
0fe8b8
0fe8bb
0fe8bd
0fe8c0
0fe8c3
0fe8c6
0fe8c9
0fe8cc
0fe8cf
0fe8d2
0fe8d5
0fe8d7
0fe8da
0fe8dd
0fe8e0
0fe8e3
0fe8e6
0fe8e9
0fe8ec
0fe8ee
0fe8f1
0fe8f4
0fe8f7
0fe8fa
0fe8fd
0fe900
0fe903
0fe905
0fe908
0fe90b
0fe90e
0fe911
0fe914
0fe917
0fe919
0fe91c
0fe91f
0fe922
0fe925
0fe928
0fe92b
0fe92d
0fe930
0fe933
0fe936
0fe939
0fe93c
0fe93e
0fe941
0fe944
0fe947
0fe94a
0fe94d
0fe94f
0fe952
0fe955
0fe958
0fe95b
0fe95e
0fe960
0fe963
0fe966
0fe969
0fe96c
0fe96e
0fe971
0fe974
0fe977
0fe97a
0fe97d
0fe97f
0fe982
0fe985
0fe988
0fe98b
0fe98d
0fe990
0fe993
0fe996
0fe999
0fe99b
0fe99e
0fe9a1
0fe9a4
0fe9a6
0fe9a9
0fe9ac
0fe9af
0fe9b2
0fe9b4
0fe9b7
0fe9ba
0fe9bd
0fe9bf
0fe9c2
0fe9c5
0fe9c8
0fe9cb
0fe9cd
0fe9d0
0fe9d3
0fe9d6
0fe9d8
0fe9db
0fe9de
0fe9e1
0fe9e3
0fe9e6
0fe9e9
0fe9ec
0fe9ee
0fe9f1
0fe9f4
0fe9f7
0fe9f9
0fe9fc
0fe9ff
0fea02
0fea04
0fea07
0fea0a
0fea0d
0fea0f
0fea12
0fea15
0fea18
0fea1a
0fea1d
0fea20
0fea22
0fea25
0fea28
0fea2b
0fea2d
0fea30
0fea33
0fea36
0fea38
0fea3b
0fea3e
0fea40
0fea43
0fea46
0fea49
0fea4b
0fea4e
0fea51
0fea53
0fea56
0fea59
0fea5b
0fea5e
0fea61
0fea64
0fea66
0fea69
0fea6c
0fea6e
0fea71
0fea74
0fea76
0fea79
0fea7c
0fea7e
0fea81
0fea84
0fea86
0fea89
0fea8c
0fea8e
0fea91
0fea94
0fea96
0fea99
0fea9c
0fea9e
0feaa1
0feaa4
0feaa6
0feaa9
0feaac
0feaae
0feab1
0feab4
0feab6
0feab9
0feabc
0feabe
0feac1
0feac4
0feac6
0feac9
0feacc
0feace
0fead1
0fead4
0fead6
0fead9
0feadb
0feade
0feae1
0feae3
0feae6
0feae9
0feaeb
0feaee
0feaf0
0feaf3
0feaf6
0feaf8
0feafb
0feafe
0feb00
0feb03
0feb05
0feb08
0feb0b
0feb0d
0feb10
0feb13
0feb15
0feb18
0feb1a
0feb1d
0feb20
0feb22
0feb25
0feb27
0feb2a
0feb2d
0feb2f
0feb32
0feb34
0feb37
0feb3a
0feb3c
0feb3f
0feb41
0feb44
0feb46
0feb49
0feb4c
0feb4e
0feb51
0feb53
0feb56
0feb59
0feb5b
0feb5e
0feb60
0feb63
0feb65
0feb68
0feb6b
0feb6d
0feb70
0feb72
0feb75
0feb77
0feb7a
0feb7c
0feb7f
0feb82
0feb84
0feb87
0feb89
0feb8c
0feb8e
0feb91
0feb93
0feb96
0feb99
0feb9b
0feb9e
0feba0
0feba3
0feba5
0feba8
0febaa
0febad
0febaf
0febb2
0febb4
0febb7
0febb9
0febbc
0febbf
0febc1
0febc4
0febc6
0febc9
0febcb
0febce
0febd0
0febd3
0febd5
0febd8
0febda
0febdd
0febdf
0febe2
0febe4
0febe7
0febe9
0febec
0febee
0febf1
0febf3
0febf6
0febf8
0febfb
0febfd
0fec00
0fec02
0fec05
0fec07
0fec0a
0fec0c
0fec0f
0fec11
0fec14
0fec16
0fec19
0fec1b
0fec1e
0fec20
0fec23
0fec25
0fec28
0fec2a
0fec2c
0fec2f
0fec31
0fec34
0fec36
0fec39
0fec3b
0fec3e
0fec40
0fec43
0fec45
0fec48
0fec4a
0fec4d
0fec4f
0fec51
0fec54
0fec56
0fec59
0fec5b
0fec5e
0fec60
0fec63
0fec65
0fec67
0fec6a
0fec6c
0fec6f
0fec71
0fec74
0fec76
0fec79
0fec7b
0fec7d
0fec80
0fec82
0fec85
0fec87
0fec8a
0fec8c
0fec8e
0fec91
0fec93
0fec96
0fec98
0fec9b
0fec9d
0fec9f
0feca2
0feca4
0feca7
0feca9
0fecab
0fecae
0fecb0
0fecb3
0fecb5
0fecb7
0fecba
0fecbc
0fecbf
0fecc1
0fecc3
0fecc6
0fecc8
0feccb
0feccd
0feccf
0fecd2
0fecd4
0fecd7
0fecd9
0fecdb
0fecde
0fece0
0fece3
0fece5
0fece7
0fecea
0fecec
0fecee
0fecf1
0fecf3
0fecf6
0fecf8
0fecfa
0fecfd
0fecff
0fed01
0fed04
0fed06
0fed09
0fed0b
0fed0d
0fed10
0fed12
0fed14
0fed17
0fed19
0fed1b
0fed1e
0fed20
0fed23
0fed25
0fed27
0fed2a
0fed2c
0fed2e
0fed31
0fed33
0fed35
0fed38
0fed3a
0fed3c
0fed3f
0fed41
0fed43
0fed46
0fed48
0fed4a
0fed4d
0fed4f
0fed51
0fed54
0fed56
0fed58
0fed5b
0fed5d
0fed5f
0fed62
0fed64
0fed66
0fed69
0fed6b
0fed6d
0fed70
0fed72
0fed74
0fed76
0fed79
0fed7b
0fed7d
0fed80
0fed82
0fed84
0fed87
0fed89
0fed8b
0fed8e
0fed90
0fed92
0fed94
0fed97
0fed99
0fed9b
0fed9e
0feda0
0feda2
0feda4
0feda7
0feda9
0fedab
0fedae
0fedb0
0fedb2
0fedb4
0fedb7
0fedb9
0fedbb
0fedbe
0fedc0
0fedc2
0fedc4
0fedc7
0fedc9
0fedcb
0fedce
0fedd0
0fedd2
0fedd4
0fedd7
0fedd9
0feddb
0feddd
0fede0
0fede2
0fede4
0fede6
0fede9
0fedeb
0feded
0fedef
0fedf2
0fedf4
0fedf6
0fedf8
0fedfb
0fedfd
0fedff
0fee01
0fee04
0fee06
0fee08
0fee0a
0fee0d
0fee0f
0fee11
0fee13
0fee16
0fee18
0fee1a
0fee1c
0fee1f
0fee21
0fee23
0fee25
0fee27
0fee2a
0fee2c
0fee2e
0fee30
0fee33
0fee35
0fee37
0fee39
0fee3b
0fee3e
0fee40
0fee42
0fee44
0fee46
0fee49
0fee4b
0fee4d
0fee4f
0fee52
0fee54
0fee56
0fee58
0fee5a
0fee5d
0fee5f
0fee61
0fee63
0fee65
0fee68
0fee6a
0fee6c
0fee6e
0fee70
0fee72
0fee75
0fee77
0fee79
0fee7b
0fee7d
0fee80
0fee82
0fee84
0fee86
0fee88
0fee8b
0fee8d
0fee8f
0fee91
0fee93
0fee95
0fee98
0fee9a
0fee9c
0fee9e
0feea0
0feea2
0feea5
0feea7
0feea9
0feeab
0feead
0feeaf
0feeb2
0feeb4
0feeb6
0feeb8
0feeba
0feebc
0feebe
0feec1
0feec3
0feec5
0feec7
0feec9
0feecb
0feece
0feed0
0feed2
0feed4
0feed6
0feed8
0feeda
0feedc
0feedf
0feee1
0feee3
0feee5
0feee7
0feee9
0feeeb
0feeee
0feef0
0feef2
0feef4
0feef6
0feef8
0feefa
0feefc
0feeff
0fef01
0fef03
0fef05
0fef07
0fef09
0fef0b
0fef0d
0fef10
0fef12
0fef14
0fef16
0fef18
0fef1a
0fef1c
0fef1e
0fef20
0fef22
0fef25
0fef27
0fef29
0fef2b
0fef2d
0fef2f
0fef31
0fef33
0fef35
0fef37
0fef3a
0fef3c
0fef3e
0fef40
0fef42
0fef44
0fef46
0fef48
0fef4a
0fef4c
0fef4e
0fef51
0fef53
0fef55
0fef57
0fef59
0fef5b
0fef5d
0fef5f
0fef61
0fef63
0fef65
0fef67
0fef69
0fef6b
0fef6e
0fef70
0fef72
0fef74
0fef76
0fef78
0fef7a
0fef7c
0fef7e
0fef80
0fef82
0fef84
0fef86
0fef88
0fef8a
0fef8c
0fef8f
0fef91
0fef93
0fef95
0fef97
0fef99
0fef9b
0fef9d
0fef9f
0fefa1
0fefa3
0fefa5
0fefa7
0fefa9
0fefab
0fefad
0fefaf
0fefb1
0fefb3
0fefb5
0fefb7
0fefb9
0fefbb
0fefbd
0fefbf
0fefc1
0fefc4
0fefc6
0fefc8
0fefca
0fefcc
0fefce
0fefd0
0fefd2
0fefd4
0fefd6
0fefd8
0fefda
0fefdc
0fefde
0fefe0
0fefe2
0fefe4
0fefe6
0fefe8
0fefea
0fefec
0fefee
0feff0
0feff2
0feff4
0feff6
0feff8
0feffa
0feffc
0feffe
0ff000
0ff002
0ff004
0ff006
0ff008
0ff00a
0ff00c
0ff00e
0ff010
0ff012
0ff014
0ff016
0ff018
0ff01a
0ff01c
0ff01e
0ff020
0ff022
0ff024
0ff026
0ff028
0ff02a
0ff02c
0ff02d
0ff02f
0ff031
0ff033
0ff035
0ff037
0ff039
0ff03b
0ff03d
0ff03f
0ff041
0ff043
0ff045
0ff047
0ff049
0ff04b
0ff04d
0ff04f
0ff051
0ff053
0ff055
0ff057
0ff059
0ff05b
0ff05d
0ff05f
0ff060
0ff062
0ff064
0ff066
0ff068
0ff06a
0ff06c
0ff06e
0ff070
0ff072
0ff074
0ff076
0ff078
0ff07a
0ff07c
0ff07e
0ff080
0ff081
0ff083
0ff085
0ff087
0ff089
0ff08b
0ff08d
0ff08f
0ff091
0ff093
0ff095
0ff097
0ff099
0ff09b
0ff09c
0ff09e
0ff0a0
0ff0a2
0ff0a4
0ff0a6
0ff0a8
0ff0aa
0ff0ac
0ff0ae
0ff0b0
0ff0b2
0ff0b3
0ff0b5
0ff0b7
0ff0b9
0ff0bb
0ff0bd
0ff0bf
0ff0c1
0ff0c3
0ff0c5
0ff0c6
0ff0c8
0ff0ca
0ff0cc
0ff0ce
0ff0d0
0ff0d2
0ff0d4
0ff0d6
0ff0d8
0ff0d9
0ff0db
0ff0dd
0ff0df
0ff0e1
0ff0e3
0ff0e5
0ff0e7
0ff0e9
0ff0ea
0ff0ec
0ff0ee
0ff0f0
0ff0f2
0ff0f4
0ff0f6
0ff0f8
0ff0f9
0ff0fb
0ff0fd
0ff0ff
0ff101
0ff103
0ff105
0ff107
0ff108
0ff10a
0ff10c
0ff10e
0ff110
0ff112
0ff114
0ff115
0ff117
0ff119
0ff11b
0ff11d
0ff11f
0ff121
0ff122
0ff124
0ff126
0ff128
0ff12a
0ff12c
0ff12e
0ff12f
0ff131
0ff133
0ff135
0ff137
0ff139
0ff13a
0ff13c
0ff13e
0ff140
0ff142
0ff144
0ff146
0ff147
0ff149
0ff14b
0ff14d
0ff14f
0ff151
0ff152
0ff154
0ff156
0ff158
0ff15a
0ff15c
0ff15d
0ff15f
0ff161
0ff163
0ff165
0ff166
0ff168
0ff16a
0ff16c
0ff16e
0ff170
0ff171
0ff173
0ff175
0ff177
0ff179
0ff17a
0ff17c
0ff17e
0ff180
0ff182
0ff183
0ff185
0ff187
0ff189
0ff18b
0ff18d
0ff18e
0ff190
0ff192
0ff194
0ff196
0ff197
0ff199
0ff19b
0ff19d
0ff19f
0ff1a0
0ff1a2
0ff1a4
0ff1a6
0ff1a7
0ff1a9
0ff1ab
0ff1ad
0ff1af
0ff1b0
0ff1b2
0ff1b4
0ff1b6
0ff1b8
0ff1b9
0ff1bb
0ff1bd
0ff1bf
0ff1c0
0ff1c2
0ff1c4
0ff1c6
0ff1c8
0ff1c9
0ff1cb
0ff1cd
0ff1cf
0ff1d0
0ff1d2
0ff1d4
0ff1d6
0ff1d7
0ff1d9
0ff1db
0ff1dd
0ff1df
0ff1e0
0ff1e2
0ff1e4
0ff1e6
0ff1e7
0ff1e9
0ff1eb
0ff1ed
0ff1ee
0ff1f0
0ff1f2
0ff1f4
0ff1f5
0ff1f7
0ff1f9
0ff1fb
0ff1fc
0ff1fe
0ff200
0ff202
0ff203
0ff205
0ff207
0ff209
0ff20a
0ff20c
0ff20e
0ff210
0ff211
0ff213
0ff215
0ff217
0ff218
0ff21a
0ff21c
0ff21d
0ff21f
0ff221
0ff223
0ff224
0ff226
0ff228
0ff22a
0ff22b
0ff22d
0ff22f
0ff230
0ff232
0ff234
0ff236
0ff237
0ff239
0ff23b
0ff23d
0ff23e
0ff240
0ff242
0ff243
0ff245
0ff247
0ff249
0ff24a
0ff24c
0ff24e
0ff24f
0ff251
0ff253
0ff254
0ff256
0ff258
0ff25a
0ff25b
0ff25d
0ff25f
0ff260
0ff262
0ff264
0ff266
0ff267
0ff269
0ff26b
0ff26c
0ff26e
0ff270
0ff271
0ff273
0ff275
0ff276
0ff278
0ff27a
0ff27c
0ff27d
0ff27f
0ff281
0ff282
0ff284
0ff286
0ff287
0ff289
0ff28b
0ff28c
0ff28e
0ff290
0ff291
0ff293
0ff295
0ff296
0ff298
0ff29a
0ff29b
0ff29d
0ff29f
0ff2a0
0ff2a2
0ff2a4
0ff2a5
0ff2a7
0ff2a9
0ff2aa
0ff2ac
0ff2ae
0ff2af
0ff2b1
0ff2b3
0ff2b4
0ff2b6
0ff2b8
0ff2b9
0ff2bb
0ff2bd
0ff2be
0ff2c0
0ff2c2
0ff2c3
0ff2c5
0ff2c7
0ff2c8
0ff2ca
0ff2cc
0ff2cd
0ff2cf
0ff2d0
0ff2d2
0ff2d4
0ff2d5
0ff2d7
0ff2d9
0ff2da
0ff2dc
0ff2de
0ff2df
0ff2e1
0ff2e3
0ff2e4
0ff2e6
0ff2e7
0ff2e9
0ff2eb
0ff2ec
0ff2ee
0ff2f0
0ff2f1
0ff2f3
0ff2f4
0ff2f6
0ff2f8
0ff2f9
0ff2fb
0ff2fd
0ff2fe
0ff300
0ff301
0ff303
0ff305
0ff306
0ff308
0ff30a
0ff30b
0ff30d
0ff30e
0ff310
0ff312
0ff313
0ff315
0ff317
0ff318
0ff31a
0ff31b
0ff31d
0ff31f
0ff320
0ff322
0ff323
0ff325
0ff327
0ff328
0ff32a
0ff32b
0ff32d
0ff32f
0ff330
0ff332
0ff333
0ff335
0ff337
0ff338
0ff33a
0ff33b
0ff33d
0ff33f
0ff340
0ff342
0ff343
0ff345
0ff346
0ff348
0ff34a
0ff34b
0ff34d
0ff34e
0ff350
0ff352
0ff353
0ff355
0ff356
0ff358
0ff359
0ff35b
0ff35d
0ff35e
0ff360
0ff361
0ff363
0ff365
0ff366
0ff368
0ff369
0ff36b
0ff36c
0ff36e
0ff370
0ff371
0ff373
0ff374
0ff376
0ff377
0ff379
0ff37a
0ff37c
0ff37e
0ff37f
0ff381
0ff382
0ff384
0ff385
0ff387
0ff389
0ff38a
0ff38c
0ff38d
0ff38f
0ff390
0ff392
0ff393
0ff395
0ff396
0ff398
0ff39a
0ff39b
0ff39d
0ff39e
0ff3a0
0ff3a1
0ff3a3
0ff3a4
0ff3a6
0ff3a7
0ff3a9
0ff3ab
0ff3ac
0ff3ae
0ff3af
0ff3b1
0ff3b2
0ff3b4
0ff3b5
0ff3b7
0ff3b8
0ff3ba
0ff3bb
0ff3bd
0ff3bf
0ff3c0
0ff3c2
0ff3c3
0ff3c5
0ff3c6
0ff3c8
0ff3c9
0ff3cb
0ff3cc
0ff3ce
0ff3cf
0ff3d1
0ff3d2
0ff3d4
0ff3d5
0ff3d7
0ff3d8
0ff3da
0ff3db
0ff3dd
0ff3de
0ff3e0
0ff3e2
0ff3e3
0ff3e5
0ff3e6
0ff3e8
0ff3e9
0ff3eb
0ff3ec
0ff3ee
0ff3ef
0ff3f1
0ff3f2
0ff3f4
0ff3f5
0ff3f7
0ff3f8
0ff3fa
0ff3fb
0ff3fd
0ff3fe
0ff400
0ff401
0ff403
0ff404
0ff406
0ff407
0ff409
0ff40a
0ff40c
0ff40d
0ff40f
0ff410
0ff412
0ff413
0ff415
0ff416
0ff417
0ff419
0ff41a
0ff41c
0ff41d
0ff41f
0ff420
0ff422
0ff423
0ff425
0ff426
0ff428
0ff429
0ff42b
0ff42c
0ff42e
0ff42f
0ff431
0ff432
0ff434
0ff435
0ff437
0ff438
0ff439
0ff43b
0ff43c
0ff43e
0ff43f
0ff441
0ff442
0ff444
0ff445
0ff447
0ff448
0ff44a
0ff44b
0ff44d
0ff44e
0ff44f
0ff451
0ff452
0ff454
0ff455
0ff457
0ff458
0ff45a
0ff45b
0ff45d
0ff45e
0ff45f
0ff461
0ff462
0ff464
0ff465
0ff467
0ff468
0ff46a
0ff46b
0ff46c
0ff46e
0ff46f
0ff471
0ff472
0ff474
0ff475
0ff477
0ff478
0ff479
0ff47b
0ff47c
0ff47e
0ff47f
0ff481
0ff482
0ff484
0ff485
0ff486
0ff488
0ff489
0ff48b
0ff48c
0ff48e
0ff48f
0ff490
0ff492
0ff493
0ff495
0ff496
0ff498
0ff499
0ff49a
0ff49c
0ff49d
0ff49f
0ff4a0
0ff4a1
0ff4a3
0ff4a4
0ff4a6
0ff4a7
0ff4a9
0ff4aa
0ff4ab
0ff4ad
0ff4ae
0ff4b0
0ff4b1
0ff4b2
0ff4b4
0ff4b5
0ff4b7
0ff4b8
0ff4ba
0ff4bb
0ff4bc
0ff4be
0ff4bf
0ff4c1
0ff4c2
0ff4c3
0ff4c5
0ff4c6
0ff4c8
0ff4c9
0ff4ca
0ff4cc
0ff4cd
0ff4cf
0ff4d0
0ff4d1
0ff4d3
0ff4d4
0ff4d6
0ff4d7
0ff4d8
0ff4da
0ff4db
0ff4dc
0ff4de
0ff4df
0ff4e1
0ff4e2
0ff4e3
0ff4e5
0ff4e6
0ff4e8
0ff4e9
0ff4ea
0ff4ec
0ff4ed
0ff4ee
0ff4f0
0ff4f1
0ff4f3
0ff4f4
0ff4f5
0ff4f7
0ff4f8
0ff4fa
0ff4fb
0ff4fc
0ff4fe
0ff4ff
0ff500
0ff502
0ff503
0ff505
0ff506
0ff507
0ff509
0ff50a
0ff50b
0ff50d
0ff50e
0ff50f
0ff511
0ff512
0ff514
0ff515
0ff516
0ff518
0ff519
0ff51a
0ff51c
0ff51d
0ff51e
0ff520
0ff521
0ff523
0ff524
0ff525
0ff527
0ff528
0ff529
0ff52b
0ff52c
0ff52d
0ff52f
0ff530
0ff531
0ff533
0ff534
0ff535
0ff537
0ff538
0ff539
0ff53b
0ff53c
0ff53e
0ff53f
0ff540
0ff542
0ff543
0ff544
0ff546
0ff547
0ff548
0ff54a
0ff54b
0ff54c
0ff54e
0ff54f
0ff550
0ff552
0ff553
0ff554
0ff556
0ff557
0ff558
0ff55a
0ff55b
0ff55c
0ff55e
0ff55f
0ff560
0ff562
0ff563
0ff564
0ff566
0ff567
0ff568
0ff569
0ff56b
0ff56c
0ff56d
0ff56f
0ff570
0ff571
0ff573
0ff574
0ff575
0ff577
0ff578
0ff579
0ff57b
0ff57c
0ff57d
0ff57f
0ff580
0ff581
0ff582
0ff584
0ff585
0ff586
0ff588
0ff589
0ff58a
0ff58c
0ff58d
0ff58e
0ff590
0ff591
0ff592
0ff593
0ff595
0ff596
0ff597
0ff599
0ff59a
0ff59b
0ff59d
0ff59e
0ff59f
0ff5a0
0ff5a2
0ff5a3
0ff5a4
0ff5a6
0ff5a7
0ff5a8
0ff5a9
0ff5ab
0ff5ac
0ff5ad
0ff5af
0ff5b0
0ff5b1
0ff5b3
0ff5b4
0ff5b5
0ff5b6
0ff5b8
0ff5b9
0ff5ba
0ff5bb
0ff5bd
0ff5be
0ff5bf
0ff5c1
0ff5c2
0ff5c3
0ff5c4
0ff5c6
0ff5c7
0ff5c8
0ff5ca
0ff5cb
0ff5cc
0ff5cd
0ff5cf
0ff5d0
0ff5d1
0ff5d2
0ff5d4
0ff5d5
0ff5d6
0ff5d8
0ff5d9
0ff5da
0ff5db
0ff5dd
0ff5de
0ff5df
0ff5e0
0ff5e2
0ff5e3
0ff5e4
0ff5e5
0ff5e7
0ff5e8
0ff5e9
0ff5ea
0ff5ec
0ff5ed
0ff5ee
0ff5f0
0ff5f1
0ff5f2
0ff5f3
0ff5f5
0ff5f6
0ff5f7
0ff5f8
0ff5fa
0ff5fb
0ff5fc
0ff5fd
0ff5ff
0ff600
0ff601
0ff602
0ff604
0ff605
0ff606
0ff607
0ff609
0ff60a
0ff60b
0ff60c
0ff60e
0ff60f
0ff610
0ff611
0ff612
0ff614
0ff615
0ff616
0ff617
0ff619
0ff61a
0ff61b
0ff61c
0ff61e
0ff61f
0ff620
0ff621
0ff623
0ff624
0ff625
0ff626
0ff627
0ff629
0ff62a
0ff62b
0ff62c
0ff62e
0ff62f
0ff630
0ff631
0ff632
0ff634
0ff635
0ff636
0ff637
0ff639
0ff63a
0ff63b
0ff63c
0ff63d
0ff63f
0ff640
0ff641
0ff642
0ff644
0ff645
0ff646
0ff647
0ff648
0ff64a
0ff64b
0ff64c
0ff64d
0ff64e
0ff650
0ff651
0ff652
0ff653
0ff655
0ff656
0ff657
0ff658
0ff659
0ff65b
0ff65c
0ff65d
0ff65e
0ff65f
0ff661
0ff662
0ff663
0ff664
0ff665
0ff667
0ff668
0ff669
0ff66a
0ff66b
0ff66d
0ff66e
0ff66f
0ff670
0ff671
0ff673
0ff674
0ff675
0ff676
0ff677
0ff678
0ff67a
0ff67b
0ff67c
0ff67d
0ff67e
0ff680
0ff681
0ff682
0ff683
0ff684
0ff686
0ff687
0ff688
0ff689
0ff68a
0ff68b
0ff68d
0ff68e
0ff68f
0ff690
0ff691
0ff693
0ff694
0ff695
0ff696
0ff697
0ff698
0ff69a
0ff69b
0ff69c
0ff69d
0ff69e
0ff69f
0ff6a1
0ff6a2
0ff6a3
0ff6a4
0ff6a5
0ff6a6
0ff6a8
0ff6a9
0ff6aa
0ff6ab
0ff6ac
0ff6ad
0ff6af
0ff6b0
0ff6b1
0ff6b2
0ff6b3
0ff6b4
0ff6b6
0ff6b7
0ff6b8
0ff6b9
0ff6ba
0ff6bb
0ff6bd
0ff6be
0ff6bf
0ff6c0
0ff6c1
0ff6c2
0ff6c3
0ff6c5
0ff6c6
0ff6c7
0ff6c8
0ff6c9
0ff6ca
0ff6cc
0ff6cd
0ff6ce
0ff6cf
0ff6d0
0ff6d1
0ff6d2
0ff6d4
0ff6d5
0ff6d6
0ff6d7
0ff6d8
0ff6d9
0ff6da
0ff6dc
0ff6dd
0ff6de
0ff6df
0ff6e0
0ff6e1
0ff6e2
0ff6e4
0ff6e5
0ff6e6
0ff6e7
0ff6e8
0ff6e9
0ff6ea
0ff6eb
0ff6ed
0ff6ee
0ff6ef
0ff6f0
0ff6f1
0ff6f2
0ff6f3
0ff6f5
0ff6f6
0ff6f7
0ff6f8
0ff6f9
0ff6fa
0ff6fb
0ff6fc
0ff6fe
0ff6ff
0ff700
0ff701
0ff702
0ff703
0ff704
0ff705
0ff707
0ff708
0ff709
0ff70a
0ff70b
0ff70c
0ff70d
0ff70e
0ff70f
0ff711
0ff712
0ff713
0ff714
0ff715
0ff716
0ff717
0ff718
0ff719
0ff71b
0ff71c
0ff71d
0ff71e
0ff71f
0ff720
0ff721
0ff722
0ff723
0ff725
0ff726
0ff727
0ff728
0ff729
0ff72a
0ff72b
0ff72c
0ff72d
0ff72f
0ff730
0ff731
0ff732
0ff733
0ff734
0ff735
0ff736
0ff737
0ff738
0ff73a
0ff73b
0ff73c
0ff73d
0ff73e
0ff73f
0ff740
0ff741
0ff742
0ff743
0ff744
0ff746
0ff747
0ff748
0ff749
0ff74a
0ff74b
0ff74c
0ff74d
0ff74e
0ff74f
0ff750
0ff751
0ff753
0ff754
0ff755
0ff756
0ff757
0ff758
0ff759
0ff75a
0ff75b
0ff75c
0ff75d
0ff75e
0ff760
0ff761
0ff762
0ff763
0ff764
0ff765
0ff766
0ff767
0ff768
0ff769
0ff76a
0ff76b
0ff76c
0ff76d
0ff76f
0ff770
0ff771
0ff772
0ff773
0ff774
0ff775
0ff776
0ff777
0ff778
0ff779
0ff77a
0ff77b
0ff77c
0ff77d
0ff77f
0ff780
0ff781
0ff782
0ff783
0ff784
0ff785
0ff786
0ff787
0ff788
0ff789
0ff78a
0ff78b
0ff78c
0ff78d
0ff78e
0ff78f
0ff791
0ff792
0ff793
0ff794
0ff795
0ff796
0ff797
0ff798
0ff799
0ff79a
0ff79b
0ff79c
0ff79d
0ff79e
0ff79f
0ff7a0
0ff7a1
0ff7a2
0ff7a3
0ff7a4
0ff7a5
0ff7a7
0ff7a8
0ff7a9
0ff7aa
0ff7ab
0ff7ac
0ff7ad
0ff7ae
0ff7af
0ff7b0
0ff7b1
0ff7b2
0ff7b3
0ff7b4
0ff7b5
0ff7b6
0ff7b7
0ff7b8
0ff7b9
0ff7ba
0ff7bb
0ff7bc
0ff7bd
0ff7be
0ff7bf
0ff7c0
0ff7c1
0ff7c3
0ff7c4
0ff7c5
0ff7c6
0ff7c7
0ff7c8
0ff7c9
0ff7ca
0ff7cb
0ff7cc
0ff7cd
0ff7ce
0ff7cf
0ff7d0
0ff7d1
0ff7d2
0ff7d3
0ff7d4
0ff7d5
0ff7d6
0ff7d7
0ff7d8
0ff7d9
0ff7da
0ff7db
0ff7dc
0ff7dd
0ff7de
0ff7df
0ff7e0
0ff7e1
0ff7e2
0ff7e3
0ff7e4
0ff7e5
0ff7e6
0ff7e7
0ff7e8
0ff7e9
0ff7ea
0ff7eb
0ff7ec
0ff7ed
0ff7ee
0ff7ef
0ff7f0
0ff7f1
0ff7f2
0ff7f3
0ff7f4
0ff7f5
0ff7f6
0ff7f7
0ff7f8
0ff7f9
0ff7fa
0ff7fb
0ff7fc
0ff7fd
0ff7fe
0ff7ff
0ff800
0ff801
0ff802
0ff803
0ff804
0ff805
0ff806
0ff807
0ff808
0ff809
0ff80a
0ff80b
0ff80c
0ff80d
0ff80e
0ff80f
0ff810
0ff811
0ff812
0ff813
0ff814
0ff815
0ff816
0ff817
0ff818
0ff819
0ff81a
0ff81b
0ff81c
0ff81d
0ff81e
0ff81f
0ff820
0ff821
0ff822
0ff823
0ff824
0ff825
0ff826
0ff827
0ff828
0ff829
0ff82a
0ff82b
0ff82c
0ff82d
0ff82e
0ff82f
0ff830
0ff831
0ff832
0ff833
0ff834
0ff835
0ff836
0ff837
0ff838
0ff838
0ff839
0ff83a
0ff83b
0ff83c
0ff83d
0ff83e
0ff83f
0ff840
0ff841
0ff842
0ff843
0ff844
0ff845
0ff846
0ff847
0ff848
0ff849
0ff84a
0ff84b
0ff84c
0ff84d
0ff84e
0ff84f
0ff850
0ff851
0ff852
0ff853
0ff854
0ff854
0ff855
0ff856
0ff857
0ff858
0ff859
0ff85a
0ff85b
0ff85c
0ff85d
0ff85e
0ff85f
0ff860
0ff861
0ff862
0ff863
0ff864
0ff865
0ff866
0ff867
0ff868
0ff868
0ff869
0ff86a
0ff86b
0ff86c
0ff86d
0ff86e
0ff86f
0ff870
0ff871
0ff872
0ff873
0ff874
0ff875
0ff876
0ff877
0ff878
0ff879
0ff879
0ff87a
0ff87b
0ff87c
0ff87d
0ff87e
0ff87f
0ff880
0ff881
0ff882
0ff883
0ff884
0ff885
0ff886
0ff887
0ff888
0ff888
0ff889
0ff88a
0ff88b
0ff88c
0ff88d
0ff88e
0ff88f
0ff890
0ff891
0ff892
0ff893
0ff894
0ff895
0ff895
0ff896
0ff897
0ff898
0ff899
0ff89a
0ff89b
0ff89c
0ff89d
0ff89e
0ff89f
0ff8a0
0ff8a1
0ff8a1
0ff8a2
0ff8a3
0ff8a4
0ff8a5
0ff8a6
0ff8a7
0ff8a8
0ff8a9
0ff8aa
0ff8ab
0ff8ac
0ff8ac
0ff8ad
0ff8ae
0ff8af
0ff8b0
0ff8b1
0ff8b2
0ff8b3
0ff8b4
0ff8b5
0ff8b6
0ff8b7
0ff8b7
0ff8b8
0ff8b9
0ff8ba
0ff8bb
0ff8bc
0ff8bd
0ff8be
0ff8bf
0ff8c0
0ff8c1
0ff8c1
0ff8c2
0ff8c3
0ff8c4
0ff8c5
0ff8c6
0ff8c7
0ff8c8
0ff8c9
0ff8ca
0ff8ca
0ff8cb
0ff8cc
0ff8cd
0ff8ce
0ff8cf
0ff8d0
0ff8d1
0ff8d2
0ff8d3
0ff8d3
0ff8d4
0ff8d5
0ff8d6
0ff8d7
0ff8d8
0ff8d9
0ff8da
0ff8db
0ff8db
0ff8dc
0ff8dd
0ff8de
0ff8df
0ff8e0
0ff8e1
0ff8e2
0ff8e3
0ff8e3
0ff8e4
0ff8e5
0ff8e6
0ff8e7
0ff8e8
0ff8e9
0ff8ea
0ff8eb
0ff8eb
0ff8ec
0ff8ed
0ff8ee
0ff8ef
0ff8f0
0ff8f1
0ff8f2
0ff8f3
0ff8f3
0ff8f4
0ff8f5
0ff8f6
0ff8f7
0ff8f8
0ff8f9
0ff8fa
0ff8fa
0ff8fb
0ff8fc
0ff8fd
0ff8fe
0ff8ff
0ff900
0ff901
0ff901
0ff902
0ff903
0ff904
0ff905
0ff906
0ff907
0ff908
0ff908
0ff909
0ff90a
0ff90b
0ff90c
0ff90d
0ff90e
0ff90e
0ff90f
0ff910
0ff911
0ff912
0ff913
0ff914
0ff915
0ff915
0ff916
0ff917
0ff918
0ff919
0ff91a
0ff91b
0ff91b
0ff91c
0ff91d
0ff91e
0ff91f
0ff920
0ff921
0ff921
0ff922
0ff923
0ff924
0ff925
0ff926
0ff927
0ff927
0ff928
0ff929
0ff92a
0ff92b
0ff92c
0ff92d
0ff92d
0ff92e
0ff92f
0ff930
0ff931
0ff932
0ff933
0ff933
0ff934
0ff935
0ff936
0ff937
0ff938
0ff938
0ff939
0ff93a
0ff93b
0ff93c
0ff93d
0ff93e
0ff93e
0ff93f
0ff940
0ff941
0ff942
0ff943
0ff943
0ff944
0ff945
0ff946
0ff947
0ff948
0ff948
0ff949
0ff94a
0ff94b
0ff94c
0ff94d
0ff94e
0ff94e
0ff94f
0ff950
0ff951
0ff952
0ff953
0ff953
0ff954
0ff955
0ff956
0ff957
0ff958
0ff958
0ff959
0ff95a
0ff95b
0ff95c
0ff95c
0ff95d
0ff95e
0ff95f
0ff960
0ff961
0ff961
0ff962
0ff963
0ff964
0ff965
0ff966
0ff966
0ff967
0ff968
0ff969
0ff96a
0ff96b
0ff96b
0ff96c
0ff96d
0ff96e
0ff96f
0ff96f
0ff970
0ff971
0ff972
0ff973
0ff974
0ff974
0ff975
0ff976
0ff977
0ff978
0ff978
0ff979
0ff97a
0ff97b
0ff97c
0ff97d
0ff97d
0ff97e
0ff97f
0ff980
0ff981
0ff981
0ff982
0ff983
0ff984
0ff985
0ff985
0ff986
0ff987
0ff988
0ff989
0ff989
0ff98a
0ff98b
0ff98c
0ff98d
0ff98e
0ff98e
0ff98f
0ff990
0ff991
0ff992
0ff992
0ff993
0ff994
0ff995
0ff996
0ff996
0ff997
0ff998
0ff999
0ff99a
0ff99a
0ff99b
0ff99c
0ff99d
0ff99e
0ff99e
0ff99f
0ff9a0
0ff9a1
0ff9a2
0ff9a2
0ff9a3
0ff9a4
0ff9a5
0ff9a6
0ff9a6
0ff9a7
0ff9a8
0ff9a9
0ff9a9
0ff9aa
0ff9ab
0ff9ac
0ff9ad
0ff9ad
0ff9ae
0ff9af
0ff9b0
0ff9b1
0ff9b1
0ff9b2
0ff9b3
0ff9b4
0ff9b5
0ff9b5
0ff9b6
0ff9b7
0ff9b8
0ff9b8
0ff9b9
0ff9ba
0ff9bb
0ff9bc
0ff9bc
0ff9bd
0ff9be
0ff9bf
0ff9bf
0ff9c0
0ff9c1
0ff9c2
0ff9c3
0ff9c3
0ff9c4
0ff9c5
0ff9c6
0ff9c6
0ff9c7
0ff9c8
0ff9c9
0ff9ca
0ff9ca
0ff9cb
0ff9cc
0ff9cd
0ff9cd
0ff9ce
0ff9cf
0ff9d0
0ff9d1
0ff9d1
0ff9d2
0ff9d3
0ff9d4
0ff9d4
0ff9d5
0ff9d6
0ff9d7
0ff9d8
0ff9d8
0ff9d9
0ff9da
0ff9db
0ff9db
0ff9dc
0ff9dd
0ff9de
0ff9de
0ff9df
0ff9e0
0ff9e1
0ff9e1
0ff9e2
0ff9e3
0ff9e4
0ff9e5
0ff9e5
0ff9e6
0ff9e7
0ff9e8
0ff9e8
0ff9e9
0ff9ea
0ff9eb
0ff9eb
0ff9ec
0ff9ed
0ff9ee
0ff9ee
0ff9ef
0ff9f0
0ff9f1
0ff9f1
0ff9f2
0ff9f3
0ff9f4
0ff9f4
0ff9f5
0ff9f6
0ff9f7
0ff9f7
0ff9f8
0ff9f9
0ff9fa
0ff9fa
0ff9fb
0ff9fc
0ff9fd
0ff9fe
0ff9fe
0ff9ff
0ffa00
0ffa01
0ffa01
0ffa02
0ffa03
0ffa03
0ffa04
0ffa05
0ffa06
0ffa06
0ffa07
0ffa08
0ffa09
0ffa09
0ffa0a
0ffa0b
0ffa0c
0ffa0c
0ffa0d
0ffa0e
0ffa0f
0ffa0f
0ffa10
0ffa11
0ffa12
0ffa12
0ffa13
0ffa14
0ffa15
0ffa15
0ffa16
0ffa17
0ffa18
0ffa18
0ffa19
0ffa1a
0ffa1b
0ffa1b
0ffa1c
0ffa1d
0ffa1d
0ffa1e
0ffa1f
0ffa20
0ffa20
0ffa21
0ffa22
0ffa23
0ffa23
0ffa24
0ffa25
0ffa26
0ffa26
0ffa27
0ffa28
0ffa28
0ffa29
0ffa2a
0ffa2b
0ffa2b
0ffa2c
0ffa2d
0ffa2e
0ffa2e
0ffa2f
0ffa30
0ffa30
0ffa31
0ffa32
0ffa33
0ffa33
0ffa34
0ffa35
0ffa36
0ffa36
0ffa37
0ffa38
0ffa38
0ffa39
0ffa3a
0ffa3b
0ffa3b
0ffa3c
0ffa3d
0ffa3d
0ffa3e
0ffa3f
0ffa40
0ffa40
0ffa41
0ffa42
0ffa42
0ffa43
0ffa44
0ffa45
0ffa45
0ffa46
0ffa47
0ffa47
0ffa48
0ffa49
0ffa4a
0ffa4a
0ffa4b
0ffa4c
0ffa4c
0ffa4d
0ffa4e
0ffa4f
0ffa4f
0ffa50
0ffa51
0ffa51
0ffa52
0ffa53
0ffa54
0ffa54
0ffa55
0ffa56
0ffa56
0ffa57
0ffa58
0ffa59
0ffa59
0ffa5a
0ffa5b
0ffa5b
0ffa5c
0ffa5d
0ffa5d
0ffa5e
0ffa5f
0ffa60
0ffa60
0ffa61
0ffa62
0ffa62
0ffa63
0ffa64
0ffa64
0ffa65
0ffa66
0ffa67
0ffa67
0ffa68
0ffa69
0ffa69
0ffa6a
0ffa6b
0ffa6b
0ffa6c
0ffa6d
0ffa6e
0ffa6e
0ffa6f
0ffa70
0ffa70
0ffa71
0ffa72
0ffa72
0ffa73
0ffa74
0ffa75
0ffa75
0ffa76
0ffa77
0ffa77
0ffa78
0ffa79
0ffa79
0ffa7a
0ffa7b
0ffa7b
0ffa7c
0ffa7d
0ffa7d
0ffa7e
0ffa7f
0ffa80
0ffa80
0ffa81
0ffa82
0ffa82
0ffa83
0ffa84
0ffa84
0ffa85
0ffa86
0ffa86
0ffa87
0ffa88
0ffa88
0ffa89
0ffa8a
0ffa8b
0ffa8b
0ffa8c
0ffa8d
0ffa8d
0ffa8e
0ffa8f
0ffa8f
0ffa90
0ffa91
0ffa91
0ffa92
0ffa93
0ffa93
0ffa94
0ffa95
0ffa95
0ffa96
0ffa97
0ffa97
0ffa98
0ffa99
0ffa99
0ffa9a
0ffa9b
0ffa9b
0ffa9c
0ffa9d
0ffa9d
0ffa9e
0ffa9f
0ffa9f
0ffaa0
0ffaa1
0ffaa1
0ffaa2
0ffaa3
0ffaa4
0ffaa4
0ffaa5
0ffaa6
0ffaa6
0ffaa7
0ffaa8
0ffaa8
0ffaa9
0ffaaa
0ffaaa
0ffaab
0ffaac
0ffaac
0ffaad
0ffaae
0ffaae
0ffaaf
0ffab0
0ffab0
0ffab1
0ffab2
0ffab2
0ffab3
0ffab3
0ffab4
0ffab5
0ffab5
0ffab6
0ffab7
0ffab7
0ffab8
0ffab9
0ffab9
0ffaba
0ffabb
0ffabb
0ffabc
0ffabd
0ffabd
0ffabe
0ffabf
0ffabf
0ffac0
0ffac1
0ffac1
0ffac2
0ffac3
0ffac3
0ffac4
0ffac5
0ffac5
0ffac6
0ffac7
0ffac7
0ffac8
0ffac9
0ffac9
0ffaca
0ffaca
0ffacb
0ffacc
0ffacc
0ffacd
0fface
0fface
0ffacf
0ffad0
0ffad0
0ffad1
0ffad2
0ffad2
0ffad3
0ffad4
0ffad4
0ffad5
0ffad5
0ffad6
0ffad7
0ffad7
0ffad8
0ffad9
0ffad9
0ffada
0ffadb
0ffadb
0ffadc
0ffadd
0ffadd
0ffade
0ffade
0ffadf
0ffae0
0ffae0
0ffae1
0ffae2
0ffae2
0ffae3
0ffae4
0ffae4
0ffae5
0ffae6
0ffae6
0ffae7
0ffae7
0ffae8
0ffae9
0ffae9
0ffaea
0ffaeb
0ffaeb
0ffaec
0ffaed
0ffaed
0ffaee
0ffaee
0ffaef
0ffaf0
0ffaf0
0ffaf1
0ffaf2
0ffaf2
0ffaf3
0ffaf3
0ffaf4
0ffaf5
0ffaf5
0ffaf6
0ffaf7
0ffaf7
0ffaf8
0ffaf9
0ffaf9
0ffafa
0ffafa
0ffafb
0ffafc
0ffafc
0ffafd
0ffafe
0ffafe
0ffaff
0ffaff
0ffb00
0ffb01
0ffb01
0ffb02
0ffb03
0ffb03
0ffb04
0ffb04
0ffb05
0ffb06
0ffb06
0ffb07
0ffb07
0ffb08
0ffb09
0ffb09
0ffb0a
0ffb0b
0ffb0b
0ffb0c
0ffb0c
0ffb0d
0ffb0e
0ffb0e
0ffb0f
0ffb10
0ffb10
0ffb11
0ffb11
0ffb12
0ffb13
0ffb13
0ffb14
0ffb14
0ffb15
0ffb16
0ffb16
0ffb17
0ffb18
0ffb18
0ffb19
0ffb19
0ffb1a
0ffb1b
0ffb1b
0ffb1c
0ffb1c
0ffb1d
0ffb1e
0ffb1e
0ffb1f
0ffb1f
0ffb20
0ffb21
0ffb21
0ffb22
0ffb23
0ffb23
0ffb24
0ffb24
0ffb25
0ffb26
0ffb26
0ffb27
0ffb27
0ffb28
0ffb29
0ffb29
0ffb2a
0ffb2a
0ffb2b
0ffb2c
0ffb2c
0ffb2d
0ffb2d
0ffb2e
0ffb2f
0ffb2f
0ffb30
0ffb30
0ffb31
0ffb32
0ffb32
0ffb33
0ffb33
0ffb34
0ffb35
0ffb35
0ffb36
0ffb36
0ffb37
0ffb38
0ffb38
0ffb39
0ffb39
0ffb3a
0ffb3b
0ffb3b
0ffb3c
0ffb3c
0ffb3d
0ffb3e
0ffb3e
0ffb3f
0ffb3f
0ffb40
0ffb41
0ffb41
0ffb42
0ffb42
0ffb43
0ffb44
0ffb44
0ffb45
0ffb45
0ffb46
0ffb46
0ffb47
0ffb48
0ffb48
0ffb49
0ffb49
0ffb4a
0ffb4b
0ffb4b
0ffb4c
0ffb4c
0ffb4d
0ffb4e
0ffb4e
0ffb4f
0ffb4f
0ffb50
0ffb50
0ffb51
0ffb52
0ffb52
0ffb53
0ffb53
0ffb54
0ffb55
0ffb55
0ffb56
0ffb56
0ffb57
0ffb57
0ffb58
0ffb59
0ffb59
0ffb5a
0ffb5a
0ffb5b
0ffb5c
0ffb5c
0ffb5d
0ffb5d
0ffb5e
0ffb5e
0ffb5f
0ffb60
0ffb60
0ffb61
0ffb61
0ffb62
0ffb62
0ffb63
0ffb64
0ffb64
0ffb65
0ffb65
0ffb66
0ffb66
0ffb67
0ffb68
0ffb68
0ffb69
0ffb69
0ffb6a
0ffb6b
0ffb6b
0ffb6c
0ffb6c
0ffb6d
0ffb6d
0ffb6e
0ffb6f
0ffb6f
0ffb70
0ffb70
0ffb71
0ffb71
0ffb72
0ffb72
0ffb73
0ffb74
0ffb74
0ffb75
0ffb75
0ffb76
0ffb76
0ffb77
0ffb78
0ffb78
0ffb79
0ffb79
0ffb7a
0ffb7a
0ffb7b
0ffb7c
0ffb7c
0ffb7d
0ffb7d
0ffb7e
0ffb7e
0ffb7f
0ffb80
0ffb80
0ffb81
0ffb81
0ffb82
0ffb82
0ffb83
0ffb83
0ffb84
0ffb85
0ffb85
0ffb86
0ffb86
0ffb87
0ffb87
0ffb88
0ffb88
0ffb89
0ffb8a
0ffb8a
0ffb8b
0ffb8b
0ffb8c
0ffb8c
0ffb8d
0ffb8d
0ffb8e
0ffb8f
0ffb8f
0ffb90
0ffb90
0ffb91
0ffb91
0ffb92
0ffb92
0ffb93
0ffb94
0ffb94
0ffb95
0ffb95
0ffb96
0ffb96
0ffb97
0ffb97
0ffb98
0ffb99
0ffb99
0ffb9a
0ffb9a
0ffb9b
0ffb9b
0ffb9c
0ffb9c
0ffb9d
0ffb9d
0ffb9e
0ffb9f
0ffb9f
0ffba0
0ffba0
0ffba1
0ffba1
0ffba2
0ffba2
0ffba3
0ffba3
0ffba4
0ffba5
0ffba5
0ffba6
0ffba6
0ffba7
0ffba7
0ffba8
0ffba8
0ffba9
0ffba9
0ffbaa
0ffbab
0ffbab
0ffbac
0ffbac
0ffbad
0ffbad
0ffbae
0ffbae
0ffbaf
0ffbaf
0ffbb0
0ffbb0
0ffbb1
0ffbb2
0ffbb2
0ffbb3
0ffbb3
0ffbb4
0ffbb4
0ffbb5
0ffbb5
0ffbb6
0ffbb6
0ffbb7
0ffbb7
0ffbb8
0ffbb9
0ffbb9
0ffbba
0ffbba
0ffbbb
0ffbbb
0ffbbc
0ffbbc
0ffbbd
0ffbbd
0ffbbe
0ffbbe
0ffbbf
0ffbbf
0ffbc0
0ffbc1
0ffbc1
0ffbc2
0ffbc2
0ffbc3
0ffbc3
0ffbc4
0ffbc4
0ffbc5
0ffbc5
0ffbc6
0ffbc6
0ffbc7
0ffbc7
0ffbc8
0ffbc8
0ffbc9
0ffbca
0ffbca
0ffbcb
0ffbcb
0ffbcc
0ffbcc
0ffbcd
0ffbcd
0ffbce
0ffbce
0ffbcf
0ffbcf
0ffbd0
0ffbd0
0ffbd1
0ffbd1
0ffbd2
0ffbd2
0ffbd3
0ffbd3
0ffbd4
0ffbd5
0ffbd5
0ffbd6
0ffbd6
0ffbd7
0ffbd7
0ffbd8
0ffbd8
0ffbd9
0ffbd9
0ffbda
0ffbda
0ffbdb
0ffbdb
0ffbdc
0ffbdc
0ffbdd
0ffbdd
0ffbde
0ffbde
0ffbdf
0ffbdf
0ffbe0
0ffbe0
0ffbe1
0ffbe1
0ffbe2
0ffbe2
0ffbe3
0ffbe4
0ffbe4
0ffbe5
0ffbe5
0ffbe6
0ffbe6
0ffbe7
0ffbe7
0ffbe8
0ffbe8
0ffbe9
0ffbe9
0ffbea
0ffbea
0ffbeb
0ffbeb
0ffbec
0ffbec
0ffbed
0ffbed
0ffbee
0ffbee
0ffbef
0ffbef
0ffbf0
0ffbf0
0ffbf1
0ffbf1
0ffbf2
0ffbf2
0ffbf3
0ffbf3
0ffbf4
0ffbf4
0ffbf5
0ffbf5
0ffbf6
0ffbf6
0ffbf7
0ffbf7
0ffbf8
0ffbf8
0ffbf9
0ffbf9
0ffbfa
0ffbfa
0ffbfb
0ffbfb
0ffbfc
0ffbfc
0ffbfd
0ffbfd
0ffbfe
0ffbfe
0ffbff
0ffbff
0ffc00
0ffc00
0ffc01
0ffc01
0ffc02
0ffc02
0ffc03
0ffc03
0ffc04
0ffc04
0ffc05
0ffc05
0ffc06
0ffc06
0ffc07
0ffc07
0ffc08
0ffc08
0ffc09
0ffc09
0ffc0a
0ffc0a
0ffc0b
0ffc0b
0ffc0c
0ffc0c
0ffc0d
0ffc0d
0ffc0e
0ffc0e
0ffc0f
0ffc0f
0ffc10
0ffc10
0ffc11
0ffc11
0ffc12
0ffc12
0ffc13
0ffc13
0ffc14
0ffc14
0ffc15
0ffc15
0ffc16
0ffc16
0ffc17
0ffc17
0ffc18
0ffc18
0ffc19
0ffc19
0ffc1a
0ffc1a
0ffc1b
0ffc1b
0ffc1c
0ffc1c
0ffc1c
0ffc1d
0ffc1d
0ffc1e
0ffc1e
0ffc1f
0ffc1f
0ffc20
0ffc20
0ffc21
0ffc21
0ffc22
0ffc22
0ffc23
0ffc23
0ffc24
0ffc24
0ffc25
0ffc25
0ffc26
0ffc26
0ffc27
0ffc27
0ffc28
0ffc28
0ffc29
0ffc29
0ffc2a
0ffc2a
0ffc2a
0ffc2b
0ffc2b
0ffc2c
0ffc2c
0ffc2d
0ffc2d
0ffc2e
0ffc2e
0ffc2f
0ffc2f
0ffc30
0ffc30
0ffc31
0ffc31
0ffc32
0ffc32
0ffc33
0ffc33
0ffc34
0ffc34
0ffc34
0ffc35
0ffc35
0ffc36
0ffc36
0ffc37
0ffc37
0ffc38
0ffc38
0ffc39
0ffc39
0ffc3a
0ffc3a
0ffc3b
0ffc3b
0ffc3c
0ffc3c
0ffc3c
0ffc3d
0ffc3d
0ffc3e
0ffc3e
0ffc3f
0ffc3f
0ffc40
0ffc40
0ffc41
0ffc41
0ffc42
0ffc42
0ffc43
0ffc43
0ffc44
0ffc44
0ffc44
0ffc45
0ffc45
0ffc46
0ffc46
0ffc47
0ffc47
0ffc48
0ffc48
0ffc49
0ffc49
0ffc4a
0ffc4a
0ffc4b
0ffc4b
0ffc4b
0ffc4c
0ffc4c
0ffc4d
0ffc4d
0ffc4e
0ffc4e
0ffc4f
0ffc4f
0ffc50
0ffc50
0ffc51
0ffc51
0ffc51
0ffc52
0ffc52
0ffc53
0ffc53
0ffc54
0ffc54
0ffc55
0ffc55
0ffc56
0ffc56
0ffc56
0ffc57
0ffc57
0ffc58
0ffc58
0ffc59
0ffc59
0ffc5a
0ffc5a
0ffc5b
0ffc5b
0ffc5b
0ffc5c
0ffc5c
0ffc5d
0ffc5d
0ffc5e
0ffc5e
0ffc5f
0ffc5f
0ffc60
0ffc60
0ffc60
0ffc61
0ffc61
0ffc62
0ffc62
0ffc63
0ffc63
0ffc64
0ffc64
0ffc65
0ffc65
0ffc65
0ffc66
0ffc66
0ffc67
0ffc67
0ffc68
0ffc68
0ffc69
0ffc69
0ffc69
0ffc6a
0ffc6a
0ffc6b
0ffc6b
0ffc6c
0ffc6c
0ffc6d
0ffc6d
0ffc6e
0ffc6e
0ffc6e
0ffc6f
0ffc6f
0ffc70
0ffc70
0ffc71
0ffc71
0ffc72
0ffc72
0ffc72
0ffc73
0ffc73
0ffc74
0ffc74
0ffc75
0ffc75
0ffc76
0ffc76
0ffc76
0ffc77
0ffc77
0ffc78
0ffc78
0ffc79
0ffc79
0ffc79
0ffc7a
0ffc7a
0ffc7b
0ffc7b
0ffc7c
0ffc7c
0ffc7d
0ffc7d
0ffc7d
0ffc7e
0ffc7e
0ffc7f
0ffc7f
0ffc80
0ffc80
0ffc81
0ffc81
0ffc81
0ffc82
0ffc82
0ffc83
0ffc83
0ffc84
0ffc84
0ffc84
0ffc85
0ffc85
0ffc86
0ffc86
0ffc87
0ffc87
0ffc87
0ffc88
0ffc88
0ffc89
0ffc89
0ffc8a
0ffc8a
0ffc8b
0ffc8b
0ffc8b
0ffc8c
0ffc8c
0ffc8d
0ffc8d
0ffc8e
0ffc8e
0ffc8e
0ffc8f
0ffc8f
0ffc90
0ffc90
0ffc91
0ffc91
0ffc91
0ffc92
0ffc92
0ffc93
0ffc93
0ffc94
0ffc94
0ffc94
0ffc95
0ffc95
0ffc96
0ffc96
0ffc97
0ffc97
0ffc97
0ffc98
0ffc98
0ffc99
0ffc99
0ffc9a
0ffc9a
0ffc9a
0ffc9b
0ffc9b
0ffc9c
0ffc9c
0ffc9c
0ffc9d
0ffc9d
0ffc9e
0ffc9e
0ffc9f
0ffc9f
0ffc9f
0ffca0
0ffca0
0ffca1
0ffca1
0ffca2
0ffca2
0ffca2
0ffca3
0ffca3
0ffca4
0ffca4
0ffca4
0ffca5
0ffca5
0ffca6
0ffca6
0ffca7
0ffca7
0ffca7
0ffca8
0ffca8
0ffca9
0ffca9
0ffcaa
0ffcaa
0ffcaa
0ffcab
0ffcab
0ffcac
0ffcac
0ffcac
0ffcad
0ffcad
0ffcae
0ffcae
0ffcae
0ffcaf
0ffcaf
0ffcb0
0ffcb0
0ffcb1
0ffcb1
0ffcb1
0ffcb2
0ffcb2
0ffcb3
0ffcb3
0ffcb3
0ffcb4
0ffcb4
0ffcb5
0ffcb5
0ffcb6
0ffcb6
0ffcb6
0ffcb7
0ffcb7
0ffcb8
0ffcb8
0ffcb8
0ffcb9
0ffcb9
0ffcba
0ffcba
0ffcba
0ffcbb
0ffcbb
0ffcbc
0ffcbc
0ffcbc
0ffcbd
0ffcbd
0ffcbe
0ffcbe
0ffcbf
0ffcbf
0ffcbf
0ffcc0
0ffcc0
0ffcc1
0ffcc1
0ffcc1
0ffcc2
0ffcc2
0ffcc3
0ffcc3
0ffcc3
0ffcc4
0ffcc4
0ffcc5
0ffcc5
0ffcc5
0ffcc6
0ffcc6
0ffcc7
0ffcc7
0ffcc7
0ffcc8
0ffcc8
0ffcc9
0ffcc9
0ffcc9
0ffcca
0ffcca
0ffccb
0ffccb
0ffccb
0ffccc
0ffccc
0ffccd
0ffccd
0ffccd
0ffcce
0ffcce
0ffccf
0ffccf
0ffccf
0ffcd0
0ffcd0
0ffcd1
0ffcd1
0ffcd1
0ffcd2
0ffcd2
0ffcd3
0ffcd3
0ffcd3
0ffcd4
0ffcd4
0ffcd5
0ffcd5
0ffcd5
0ffcd6
0ffcd6
0ffcd7
0ffcd7
0ffcd7
0ffcd8
0ffcd8
0ffcd9
0ffcd9
0ffcd9
0ffcda
0ffcda
0ffcdb
0ffcdb
0ffcdb
0ffcdc
0ffcdc
0ffcdc
0ffcdd
0ffcdd
0ffcde
0ffcde
0ffcde
0ffcdf
0ffcdf
0ffce0
0ffce0
0ffce0
0ffce1
0ffce1
0ffce2
0ffce2
0ffce2
0ffce3
0ffce3
0ffce4
0ffce4
0ffce4
0ffce5
0ffce5
0ffce5
0ffce6
0ffce6
0ffce7
0ffce7
0ffce7
0ffce8
0ffce8
0ffce9
0ffce9
0ffce9
0ffcea
0ffcea
0ffcea
0ffceb
0ffceb
0ffcec
0ffcec
0ffcec
0ffced
0ffced
0ffcee
0ffcee
0ffcee
0ffcef
0ffcef
0ffcef
0ffcf0
0ffcf0
0ffcf1
0ffcf1
0ffcf1
0ffcf2
0ffcf2
0ffcf3
0ffcf3
0ffcf3
0ffcf4
0ffcf4
0ffcf4
0ffcf5
0ffcf5
0ffcf6
0ffcf6
0ffcf6
0ffcf7
0ffcf7
0ffcf7
0ffcf8
0ffcf8
0ffcf9
0ffcf9
0ffcf9
0ffcfa
0ffcfa
0ffcfa
0ffcfb
0ffcfb
0ffcfc
0ffcfc
0ffcfc
0ffcfd
0ffcfd
0ffcfe
0ffcfe
0ffcfe
0ffcff
0ffcff
0ffcff
0ffd00
0ffd00
0ffd01
0ffd01
0ffd01
0ffd02
0ffd02
0ffd02
0ffd03
0ffd03
0ffd03
0ffd04
0ffd04
0ffd05
0ffd05
0ffd05
0ffd06
0ffd06
0ffd06
0ffd07
0ffd07
0ffd08
0ffd08
0ffd08
0ffd09
0ffd09
0ffd09
0ffd0a
0ffd0a
0ffd0b
0ffd0b
0ffd0b
0ffd0c
0ffd0c
0ffd0c
0ffd0d
0ffd0d
0ffd0e
0ffd0e
0ffd0e
0ffd0f
0ffd0f
0ffd0f
0ffd10
0ffd10
0ffd10
0ffd11
0ffd11
0ffd12
0ffd12
0ffd12
0ffd13
0ffd13
0ffd13
0ffd14
0ffd14
0ffd14
0ffd15
0ffd15
0ffd16
0ffd16
0ffd16
0ffd17
0ffd17
0ffd17
0ffd18
0ffd18
0ffd18
0ffd19
0ffd19
0ffd1a
0ffd1a
0ffd1a
0ffd1b
0ffd1b
0ffd1b
0ffd1c
0ffd1c
0ffd1c
0ffd1d
0ffd1d
0ffd1e
0ffd1e
0ffd1e
0ffd1f
0ffd1f
0ffd1f
0ffd20
0ffd20
0ffd20
0ffd21
0ffd21
0ffd21
0ffd22
0ffd22
0ffd23
0ffd23
0ffd23
0ffd24
0ffd24
0ffd24
0ffd25
0ffd25
0ffd25
0ffd26
0ffd26
0ffd26
0ffd27
0ffd27
0ffd28
0ffd28
0ffd28
0ffd29
0ffd29
0ffd29
0ffd2a
0ffd2a
0ffd2a
0ffd2b
0ffd2b
0ffd2b
0ffd2c
0ffd2c
0ffd2d
0ffd2d
0ffd2d
0ffd2e
0ffd2e
0ffd2e
0ffd2f
0ffd2f
0ffd2f
0ffd30
0ffd30
0ffd30
0ffd31
0ffd31
0ffd31
0ffd32
0ffd32
0ffd33
0ffd33
0ffd33
0ffd34
0ffd34
0ffd34
0ffd35
0ffd35
0ffd35
0ffd36
0ffd36
0ffd36
0ffd37
0ffd37
0ffd37
0ffd38
0ffd38
0ffd38
0ffd39
0ffd39
0ffd39
0ffd3a
0ffd3a
0ffd3b
0ffd3b
0ffd3b
0ffd3c
0ffd3c
0ffd3c
0ffd3d
0ffd3d
0ffd3d
0ffd3e
0ffd3e
0ffd3e
0ffd3f
0ffd3f
0ffd3f
0ffd40
0ffd40
0ffd40
0ffd41
