Net: _09218_
  Pin:   fanout911/A (gf180mcu_as_sc_mcu7t3v3__buff_2)
    Layer: Via1
      Partial area ratio:    0.10
      Required ratio:   20.00 (Gate area) 
      Cumulative area ratio:    0.10
      Required ratio:    0.00 (Cumulative area) 

    Layer: Metal2
      Partial area ratio:  106.22
      Required ratio:    0.00 (Gate area) 
      Cumulative area ratio:  106.22
      Required ratio:    0.00 (Cumulative area) 
      Partial area ratio:  410.15
      Required ratio:  400.00 (Side area) (VIOLATED)
      Cumulative area ratio:  410.15
      Required ratio:    0.00 (Cumulative side area) 

    Layer: Via2
      Partial area ratio:    0.20
      Required ratio:   20.00 (Gate area) 
      Cumulative area ratio:    0.30
      Required ratio:    0.00 (Cumulative area) 

    Layer: Metal3
      Partial area ratio:    9.10
      Required ratio:    0.00 (Gate area) 
      Cumulative area ratio:  115.32
      Required ratio:    0.00 (Cumulative area) 
      Partial area ratio:   35.58
      Required ratio:  400.00 (Side area) 
      Cumulative area ratio:  445.74
      Required ratio:    0.00 (Cumulative side area) 


  Pin:   fanout912/A (gf180mcu_as_sc_mcu7t3v3__buff_2)
    Layer: Via1
      Partial area ratio:    0.10
      Required ratio:   20.00 (Gate area) 
      Cumulative area ratio:    0.10
      Required ratio:    0.00 (Cumulative area) 

    Layer: Metal2
      Partial area ratio:    1.49
      Required ratio:    0.00 (Gate area) 
      Cumulative area ratio:    1.49
      Required ratio:    0.00 (Cumulative area) 
      Partial area ratio:    6.21
      Required ratio:  400.00 (Side area) 
      Cumulative area ratio:    6.21
      Required ratio:    0.00 (Cumulative side area) 

    Layer: Via2
      Partial area ratio:    0.20
      Required ratio:   20.00 (Gate area) 
      Cumulative area ratio:    0.30
      Required ratio:    0.00 (Cumulative area) 

    Layer: Metal3
      Partial area ratio:    9.10
      Required ratio:    0.00 (Gate area) 
      Cumulative area ratio:   10.60
      Required ratio:    0.00 (Cumulative area) 
      Partial area ratio:   35.58
      Required ratio:  400.00 (Side area) 
      Cumulative area ratio:   41.79
      Required ratio:    0.00 (Cumulative side area) 


  Pin:   fanout913/A (gf180mcu_as_sc_mcu7t3v3__buff_2)
    Layer: Via1
      Partial area ratio:    0.10
      Required ratio:   20.00 (Gate area) 
      Cumulative area ratio:    0.10
      Required ratio:    0.00 (Cumulative area) 

    Layer: Metal2
      Partial area ratio:   59.39
      Required ratio:    0.00 (Gate area) 
      Cumulative area ratio:   59.39
      Required ratio:    0.00 (Cumulative area) 
      Partial area ratio:  229.53
      Required ratio:  400.00 (Side area) 
      Cumulative area ratio:  229.53
      Required ratio:    0.00 (Cumulative side area) 

    Layer: Via2
      Partial area ratio:    0.30
      Required ratio:   20.00 (Gate area) 
      Cumulative area ratio:    0.41
      Required ratio:    0.00 (Cumulative area) 

    Layer: Metal3
      Partial area ratio:    9.10
      Required ratio:    0.00 (Gate area) 
      Cumulative area ratio:   68.49
      Required ratio:    0.00 (Cumulative area) 
      Partial area ratio:   35.58
      Required ratio:  400.00 (Side area) 
      Cumulative area ratio:  265.11
      Required ratio:    0.00 (Cumulative side area) 



Net: _09248_
  Pin:   _40027_/A (gf180mcu_as_sc_mcu7t3v3__and2_2)
    Layer: Via1
      Partial area ratio:    0.10
      Required ratio:   20.00 (Gate area) 
      Cumulative area ratio:    0.10
      Required ratio:    0.00 (Cumulative area) 

    Layer: Metal2
      Partial area ratio:    0.84
      Required ratio:    0.00 (Gate area) 
      Cumulative area ratio:    0.84
      Required ratio:    0.00 (Cumulative area) 
      Partial area ratio:    3.60
      Required ratio:  400.00 (Side area) 
      Cumulative area ratio:    3.60
      Required ratio:    0.00 (Cumulative side area) 

    Layer: Via2
      Partial area ratio:    0.17
      Required ratio:   20.00 (Gate area) 
      Cumulative area ratio:    0.28
      Required ratio:    0.00 (Cumulative area) 

    Layer: Metal3
      Partial area ratio:    0.27
      Required ratio:    0.00 (Gate area) 
      Cumulative area ratio:    1.11
      Required ratio:    0.00 (Cumulative area) 
      Partial area ratio:    1.37
      Required ratio:  400.00 (Side area) 
      Cumulative area ratio:    4.97
      Required ratio:    0.00 (Cumulative side area) 

    Layer: Via3
      Partial area ratio:    0.10
      Required ratio:   20.00 (Gate area) 
      Cumulative area ratio:    0.38
      Required ratio:    0.00 (Cumulative area) 

    Layer: Metal4
      Partial area ratio:    0.16
      Required ratio:    0.00 (Gate area) 
      Cumulative area ratio:    1.27
      Required ratio:    0.00 (Cumulative area) 
      Partial area ratio:    1.07
      Required ratio:  400.00 (Side area) 
      Cumulative area ratio:    6.04
      Required ratio:    0.00 (Cumulative side area) 

    Layer: Via4
      Partial area ratio:    0.10
      Required ratio:   20.00 (Gate area) 
      Cumulative area ratio:    0.48
      Required ratio:    0.00 (Cumulative area) 

    Layer: Metal5
      Partial area ratio:   11.45
      Required ratio:    0.00 (Gate area) 
      Cumulative area ratio:   12.72
      Required ratio:    0.00 (Cumulative area) 
      Partial area ratio:   62.19
      Required ratio:  400.00 (Side area) 
      Cumulative area ratio:   68.23
      Required ratio:    0.00 (Cumulative side area) 


  Pin:   fanout900/A (gf180mcu_as_sc_mcu7t3v3__buff_2)
    Layer: Via1
      Partial area ratio:    0.10
      Required ratio:   20.00 (Gate area) 
      Cumulative area ratio:    0.10
      Required ratio:    0.00 (Cumulative area) 

    Layer: Metal2
      Partial area ratio:    2.41
      Required ratio:    0.00 (Gate area) 
      Cumulative area ratio:    2.41
      Required ratio:    0.00 (Cumulative area) 
      Partial area ratio:    9.74
      Required ratio:  400.00 (Side area) 
      Cumulative area ratio:    9.74
      Required ratio:    0.00 (Cumulative side area) 

    Layer: Via2
      Partial area ratio:    0.20
      Required ratio:   20.00 (Gate area) 
      Cumulative area ratio:    0.30
      Required ratio:    0.00 (Cumulative area) 

    Layer: Metal3
      Partial area ratio:    7.38
      Required ratio:    0.00 (Gate area) 
      Cumulative area ratio:    9.78
      Required ratio:    0.00 (Cumulative area) 
      Partial area ratio:   29.37
      Required ratio:  400.00 (Side area) 
      Cumulative area ratio:   39.10
      Required ratio:    0.00 (Cumulative side area) 

    Layer: Via3
      Partial area ratio:    0.10
      Required ratio:   20.00 (Gate area) 
      Cumulative area ratio:    0.41
      Required ratio:    0.00 (Cumulative area) 

    Layer: Metal4
      Partial area ratio:  116.67
      Required ratio:    0.00 (Gate area) 
      Cumulative area ratio:  126.46
      Required ratio:    0.00 (Cumulative area) 
      Partial area ratio:  450.48
      Required ratio:  400.00 (Side area) (VIOLATED)
      Cumulative area ratio:  489.58
      Required ratio:    0.00 (Cumulative side area) 

    Layer: Via4
      Partial area ratio:    0.10
      Required ratio:   20.00 (Gate area) 
      Cumulative area ratio:    0.51
      Required ratio:    0.00 (Cumulative area) 

    Layer: Metal5
      Partial area ratio:   11.45
      Required ratio:    0.00 (Gate area) 
      Cumulative area ratio:  137.91
      Required ratio:    0.00 (Cumulative area) 
      Partial area ratio:   62.19
      Required ratio:  400.00 (Side area) 
      Cumulative area ratio:  551.77
      Required ratio:    0.00 (Cumulative side area) 



Net: _14561_
  Pin:   _42820_/B (gf180mcu_as_sc_mcu7t3v3__mux2_2)
    Layer: Metal1
      Partial area ratio:    0.02
      Required ratio:    0.00 (Gate area) 
      Cumulative area ratio:    0.02
      Required ratio:    0.00 (Cumulative area) 
      Partial area ratio:    0.92
      Required ratio:  400.00 (Side area) 
      Cumulative area ratio:    0.92
      Required ratio:    0.00 (Cumulative side area) 

    Layer: Via1
      Partial area ratio:    0.10
      Required ratio:   20.00 (Gate area) 
      Cumulative area ratio:    0.10
      Required ratio:    0.00 (Cumulative area) 

    Layer: Metal2
      Partial area ratio:    2.46
      Required ratio:    0.00 (Gate area) 
      Cumulative area ratio:    2.47
      Required ratio:    0.00 (Cumulative area) 
      Partial area ratio:    9.93
      Required ratio:  400.00 (Side area) 
      Cumulative area ratio:   10.85
      Required ratio:    0.00 (Cumulative side area) 

    Layer: Via2
      Partial area ratio:    0.20
      Required ratio:   20.00 (Gate area) 
      Cumulative area ratio:    0.30
      Required ratio:    0.00 (Cumulative area) 

    Layer: Metal3
      Partial area ratio:  159.30
      Required ratio:    0.00 (Gate area) 
      Cumulative area ratio:  161.78
      Required ratio:    0.00 (Cumulative area) 
      Partial area ratio:  615.81
      Required ratio:  400.00 (Side area) (VIOLATED)
      Cumulative area ratio:  626.66
      Required ratio:    0.00 (Cumulative side area) 

    Layer: Via3
      Partial area ratio:    0.20
      Required ratio:   20.00 (Gate area) 
      Cumulative area ratio:    0.51
      Required ratio:    0.00 (Cumulative area) 

    Layer: Metal4
      Partial area ratio:    4.32
      Required ratio:    0.00 (Gate area) 
      Cumulative area ratio:  166.10
      Required ratio:    0.00 (Cumulative area) 
      Partial area ratio:   16.77
      Required ratio:  400.00 (Side area) 
      Cumulative area ratio:  643.43
      Required ratio:    0.00 (Cumulative side area) 


  Pin:   fanout172/A (gf180mcu_as_sc_mcu7t3v3__buff_2)
    Layer: Via1
      Partial area ratio:    0.10
      Required ratio:   20.00 (Gate area) 
      Cumulative area ratio:    0.10
      Required ratio:    0.00 (Cumulative area) 

    Layer: Metal2
      Partial area ratio:    1.97
      Required ratio:    0.00 (Gate area) 
      Cumulative area ratio:    1.97
      Required ratio:    0.00 (Cumulative area) 
      Partial area ratio:    8.05
      Required ratio:  400.00 (Side area) 
      Cumulative area ratio:    8.05
      Required ratio:    0.00 (Cumulative side area) 

    Layer: Via2
      Partial area ratio:    0.20
      Required ratio:   20.00 (Gate area) 
      Cumulative area ratio:    0.30
      Required ratio:    0.00 (Cumulative area) 

    Layer: Metal3
      Partial area ratio:    3.85
      Required ratio:    0.00 (Gate area) 
      Cumulative area ratio:    5.82
      Required ratio:    0.00 (Cumulative area) 
      Partial area ratio:   15.75
      Required ratio:  400.00 (Side area) 
      Cumulative area ratio:   23.80
      Required ratio:    0.00 (Cumulative side area) 

    Layer: Via3
      Partial area ratio:    0.10
      Required ratio:   20.00 (Gate area) 
      Cumulative area ratio:    0.41
      Required ratio:    0.00 (Cumulative area) 

    Layer: Metal4
      Partial area ratio:    4.32
      Required ratio:    0.00 (Gate area) 
      Cumulative area ratio:   10.14
      Required ratio:    0.00 (Cumulative area) 
      Partial area ratio:   16.77
      Required ratio:  400.00 (Side area) 
      Cumulative area ratio:   40.57
      Required ratio:    0.00 (Cumulative side area) 


  Pin:   fanout173/A (gf180mcu_as_sc_mcu7t3v3__buff_2)
    Layer: Via1
      Partial area ratio:    0.10
      Required ratio:   20.00 (Gate area) 
      Cumulative area ratio:    0.10
      Required ratio:    0.00 (Cumulative area) 

    Layer: Metal2
      Partial area ratio:    2.20
      Required ratio:    0.00 (Gate area) 
      Cumulative area ratio:    2.20
      Required ratio:    0.00 (Cumulative area) 
      Partial area ratio:    8.96
      Required ratio:  400.00 (Side area) 
      Cumulative area ratio:    8.96
      Required ratio:    0.00 (Cumulative side area) 

    Layer: Via2
      Partial area ratio:    0.20
      Required ratio:   20.00 (Gate area) 
      Cumulative area ratio:    0.30
      Required ratio:    0.00 (Cumulative area) 

    Layer: Metal3
      Partial area ratio:    0.32
      Required ratio:    0.00 (Gate area) 
      Cumulative area ratio:    2.52
      Required ratio:    0.00 (Cumulative area) 
      Partial area ratio:    2.14
      Required ratio:  400.00 (Side area) 
      Cumulative area ratio:   11.10
      Required ratio:    0.00 (Cumulative side area) 

    Layer: Via3
      Partial area ratio:    0.10
      Required ratio:   20.00 (Gate area) 
      Cumulative area ratio:    0.41
      Required ratio:    0.00 (Cumulative area) 

    Layer: Metal4
      Partial area ratio:    4.32
      Required ratio:    0.00 (Gate area) 
      Cumulative area ratio:    6.84
      Required ratio:    0.00 (Cumulative area) 
      Partial area ratio:   16.77
      Required ratio:  400.00 (Side area) 
      Cumulative area ratio:   27.87
      Required ratio:    0.00 (Cumulative side area) 



Net: _17804_
  Pin:   _25542_/B (gf180mcu_as_sc_mcu7t3v3__ao22_2)
    Layer: Via1
      Partial area ratio:    0.10
      Required ratio:   20.00 (Gate area) 
      Cumulative area ratio:    0.10
      Required ratio:    0.00 (Cumulative area) 

    Layer: Metal2
      Partial area ratio:    1.72
      Required ratio:    0.00 (Gate area) 
      Cumulative area ratio:    1.72
      Required ratio:    0.00 (Cumulative area) 
      Partial area ratio:    7.09
      Required ratio:  400.00 (Side area) 
      Cumulative area ratio:    7.09
      Required ratio:    0.00 (Cumulative side area) 

    Layer: Via2
      Partial area ratio:    0.20
      Required ratio:   20.00 (Gate area) 
      Cumulative area ratio:    0.30
      Required ratio:    0.00 (Cumulative area) 

    Layer: Metal3
      Partial area ratio:  124.01
      Required ratio:    0.00 (Gate area) 
      Cumulative area ratio:  125.73
      Required ratio:    0.00 (Cumulative area) 
      Partial area ratio:  479.68
      Required ratio:  400.00 (Side area) (VIOLATED)
      Cumulative area ratio:  486.77
      Required ratio:    0.00 (Cumulative side area) 

    Layer: Via3
      Partial area ratio:    0.10
      Required ratio:   20.00 (Gate area) 
      Cumulative area ratio:    0.41
      Required ratio:    0.00 (Cumulative area) 

    Layer: Metal4
      Partial area ratio:    2.29
      Required ratio:    0.00 (Gate area) 
      Cumulative area ratio:  128.02
      Required ratio:    0.00 (Cumulative area) 
      Partial area ratio:    8.92
      Required ratio:  400.00 (Side area) 
      Cumulative area ratio:  495.70
      Required ratio:    0.00 (Cumulative side area) 

    Layer: Via4
      Partial area ratio:    0.10
      Required ratio:    0.00 (Gate area) 
      Cumulative area ratio:    0.51
      Required ratio:    0.00 (Cumulative area) 

    Layer: Metal5
      Partial area ratio:    3.35
      Required ratio:    0.00 (Gate area) 
      Cumulative area ratio:  131.37
      Required ratio:    0.00 (Cumulative area) 
      Partial area ratio:   18.34
      Required ratio:  400.00 (Side area) 
      Cumulative area ratio:  514.04
      Required ratio:    0.00 (Cumulative side area) 


  Pin:   fanout640/A (gf180mcu_as_sc_mcu7t3v3__buff_2)
    Layer: Via1
      Partial area ratio:    0.10
      Required ratio:   20.00 (Gate area) 
      Cumulative area ratio:    0.10
      Required ratio:    0.00 (Cumulative area) 

    Layer: Metal2
      Partial area ratio:    1.50
      Required ratio:    0.00 (Gate area) 
      Cumulative area ratio:    1.50
      Required ratio:    0.00 (Cumulative area) 
      Partial area ratio:    6.24
      Required ratio:  400.00 (Side area) 
      Cumulative area ratio:    6.24
      Required ratio:    0.00 (Cumulative side area) 

    Layer: Via2
      Partial area ratio:    0.20
      Required ratio:   20.00 (Gate area) 
      Cumulative area ratio:    0.30
      Required ratio:    0.00 (Cumulative area) 

    Layer: Metal3
      Partial area ratio:    0.32
      Required ratio:    0.00 (Gate area) 
      Cumulative area ratio:    1.82
      Required ratio:    0.00 (Cumulative area) 
      Partial area ratio:    2.14
      Required ratio:  400.00 (Side area) 
      Cumulative area ratio:    8.37
      Required ratio:    0.00 (Cumulative side area) 

    Layer: Via3
      Partial area ratio:    0.10
      Required ratio:   20.00 (Gate area) 
      Cumulative area ratio:    0.41
      Required ratio:    0.00 (Cumulative area) 

    Layer: Metal4
      Partial area ratio:   81.58
      Required ratio:    0.00 (Gate area) 
      Cumulative area ratio:   83.40
      Required ratio:    0.00 (Cumulative area) 
      Partial area ratio:  315.57
      Required ratio:  400.00 (Side area) 
      Cumulative area ratio:  323.95
      Required ratio:    0.00 (Cumulative side area) 

    Layer: Via4
      Partial area ratio:    0.10
      Required ratio:   20.00 (Gate area) 
      Cumulative area ratio:    0.51
      Required ratio:    0.00 (Cumulative area) 

    Layer: Metal5
      Partial area ratio:    3.35
      Required ratio:    0.00 (Gate area) 
      Cumulative area ratio:   86.75
      Required ratio:    0.00 (Cumulative area) 
      Partial area ratio:   18.34
      Required ratio:  400.00 (Side area) 
      Cumulative area ratio:  342.29
      Required ratio:    0.00 (Cumulative side area) 


  Pin:   fanout641/A (gf180mcu_as_sc_mcu7t3v3__buff_2)
    Layer: Via1
      Partial area ratio:    0.10
      Required ratio:   20.00 (Gate area) 
      Cumulative area ratio:    0.10
      Required ratio:    0.00 (Cumulative area) 

    Layer: Metal2
      Partial area ratio:    2.47
      Required ratio:    0.00 (Gate area) 
      Cumulative area ratio:    2.47
      Required ratio:    0.00 (Cumulative area) 
      Partial area ratio:    9.97
      Required ratio:  400.00 (Side area) 
      Cumulative area ratio:    9.97
      Required ratio:    0.00 (Cumulative side area) 

    Layer: Via2
      Partial area ratio:    0.20
      Required ratio:   20.00 (Gate area) 
      Cumulative area ratio:    0.30
      Required ratio:    0.00 (Cumulative area) 

    Layer: Metal3
      Partial area ratio:    0.32
      Required ratio:    0.00 (Gate area) 
      Cumulative area ratio:    2.79
      Required ratio:    0.00 (Cumulative area) 
      Partial area ratio:    2.14
      Required ratio:  400.00 (Side area) 
      Cumulative area ratio:   12.11
      Required ratio:    0.00 (Cumulative side area) 

    Layer: Via3
      Partial area ratio:    0.10
      Required ratio:   20.00 (Gate area) 
      Cumulative area ratio:    0.41
      Required ratio:    0.00 (Cumulative area) 

    Layer: Metal4
      Partial area ratio:    0.16
      Required ratio:    0.00 (Gate area) 
      Cumulative area ratio:    2.95
      Required ratio:    0.00 (Cumulative area) 
      Partial area ratio:    1.07
      Required ratio:  400.00 (Side area) 
      Cumulative area ratio:   13.18
      Required ratio:    0.00 (Cumulative side area) 

    Layer: Via4
      Partial area ratio:    0.10
      Required ratio:   20.00 (Gate area) 
      Cumulative area ratio:    0.51
      Required ratio:    0.00 (Cumulative area) 

    Layer: Metal5
      Partial area ratio:    3.35
      Required ratio:    0.00 (Gate area) 
      Cumulative area ratio:    6.29
      Required ratio:    0.00 (Cumulative area) 
      Partial area ratio:   18.34
      Required ratio:  400.00 (Side area) 
      Cumulative area ratio:   31.52
      Required ratio:    0.00 (Cumulative side area) 



Net: met_last_acc\[22\]
  Pin:   _34743_/A (gf180mcu_as_sc_mcu7t3v3__mux2_2)
    Layer: Metal1
      Partial area ratio:    0.01
      Required ratio:    0.00 (Gate area) 
      Cumulative area ratio:    0.01
      Required ratio:    0.00 (Cumulative area) 
      Partial area ratio:    0.88
      Required ratio:  400.00 (Side area) 
      Cumulative area ratio:    0.88
      Required ratio:    0.00 (Cumulative side area) 

    Layer: Via1
      Partial area ratio:    0.10
      Required ratio:   20.00 (Gate area) 
      Cumulative area ratio:    0.10
      Required ratio:    0.00 (Cumulative area) 

    Layer: Metal2
      Partial area ratio:    2.07
      Required ratio:    0.00 (Gate area) 
      Cumulative area ratio:    2.08
      Required ratio:    0.00 (Cumulative area) 
      Partial area ratio:    8.44
      Required ratio:  400.00 (Side area) 
      Cumulative area ratio:    9.31
      Required ratio:    0.00 (Cumulative side area) 

    Layer: Via2
      Partial area ratio:    0.20
      Required ratio:   20.00 (Gate area) 
      Cumulative area ratio:    0.30
      Required ratio:    0.00 (Cumulative area) 

    Layer: Metal3
      Partial area ratio:  180.48
      Required ratio:    0.00 (Gate area) 
      Cumulative area ratio:  182.56
      Required ratio:    0.00 (Cumulative area) 
      Partial area ratio:  697.49
      Required ratio:  400.00 (Side area) (VIOLATED)
      Cumulative area ratio:  706.81
      Required ratio:    0.00 (Cumulative side area) 

    Layer: Via3
      Partial area ratio:    0.10
      Required ratio:   20.00 (Gate area) 
      Cumulative area ratio:    0.41
      Required ratio:    0.00 (Cumulative area) 

    Layer: Metal4
      Partial area ratio:    2.86
      Required ratio:    0.00 (Gate area) 
      Cumulative area ratio:  185.41
      Required ratio:    0.00 (Cumulative area) 
      Partial area ratio:   11.08
      Required ratio:  400.00 (Side area) 
      Cumulative area ratio:  717.88
      Required ratio:    0.00 (Cumulative side area) 


  Pin:   _37055_/A (gf180mcu_as_sc_mcu7t3v3__aoi21b_2)
    Layer: Via1
      Partial area ratio:    0.10
      Required ratio:   20.00 (Gate area) 
      Cumulative area ratio:    0.10
      Required ratio:    0.00 (Cumulative area) 

    Layer: Metal2
      Partial area ratio:    2.06
      Required ratio:    0.00 (Gate area) 
      Cumulative area ratio:    2.06
      Required ratio:    0.00 (Cumulative area) 
      Partial area ratio:    8.41
      Required ratio:  400.00 (Side area) 
      Cumulative area ratio:    8.41
      Required ratio:    0.00 (Cumulative side area) 

    Layer: Via2
      Partial area ratio:    0.20
      Required ratio:   20.00 (Gate area) 
      Cumulative area ratio:    0.30
      Required ratio:    0.00 (Cumulative area) 

    Layer: Metal3
      Partial area ratio:    5.59
      Required ratio:    0.00 (Gate area) 
      Cumulative area ratio:    7.66
      Required ratio:    0.00 (Cumulative area) 
      Partial area ratio:   21.87
      Required ratio:  400.00 (Side area) 
      Cumulative area ratio:   30.28
      Required ratio:    0.00 (Cumulative side area) 

    Layer: Via3
      Partial area ratio:    0.03
      Required ratio:    0.00 (Gate area) 
      Cumulative area ratio:    0.33
      Required ratio:    0.00 (Cumulative area) 

    Layer: Metal4
      Partial area ratio:    2.86
      Required ratio:    0.00 (Gate area) 
      Cumulative area ratio:   10.51
      Required ratio:    0.00 (Cumulative area) 
      Partial area ratio:   11.08
      Required ratio:  400.00 (Side area) 
      Cumulative area ratio:   41.36
      Required ratio:    0.00 (Cumulative side area) 


  Pin:   _42980_/A (gf180mcu_as_sc_mcu7t3v3__nor2_2)
    Layer: Via1
      Partial area ratio:    0.05
      Required ratio:   20.00 (Gate area) 
      Cumulative area ratio:    0.05
      Required ratio:    0.00 (Cumulative area) 

    Layer: Metal2
      Partial area ratio:    4.00
      Required ratio:    0.00 (Gate area) 
      Cumulative area ratio:    4.00
      Required ratio:    0.00 (Cumulative area) 
      Partial area ratio:   15.67
      Required ratio:  400.00 (Side area) 
      Cumulative area ratio:   15.67
      Required ratio:    0.00 (Cumulative side area) 

    Layer: Via2
      Partial area ratio:    0.10
      Required ratio:   20.00 (Gate area) 
      Cumulative area ratio:    0.15
      Required ratio:    0.00 (Cumulative area) 

    Layer: Metal3
      Partial area ratio:    5.59
      Required ratio:    0.00 (Gate area) 
      Cumulative area ratio:    9.60
      Required ratio:    0.00 (Cumulative area) 
      Partial area ratio:   21.87
      Required ratio:  400.00 (Side area) 
      Cumulative area ratio:   37.54
      Required ratio:    0.00 (Cumulative side area) 

    Layer: Via3
      Partial area ratio:    0.03
      Required ratio:    0.00 (Gate area) 
      Cumulative area ratio:    0.18
      Required ratio:    0.00 (Cumulative area) 

    Layer: Metal4
      Partial area ratio:    2.86
      Required ratio:    0.00 (Gate area) 
      Cumulative area ratio:   12.46
      Required ratio:    0.00 (Cumulative area) 
      Partial area ratio:   11.08
      Required ratio:  400.00 (Side area) 
      Cumulative area ratio:   48.62
      Required ratio:    0.00 (Cumulative side area) 


  Pin:   _42999_/A (gf180mcu_as_sc_mcu7t3v3__mux2_2)
    Layer: Metal1
      Partial area ratio:    0.01
      Required ratio:    0.00 (Gate area) 
      Cumulative area ratio:    0.01
      Required ratio:    0.00 (Cumulative area) 
      Partial area ratio:    0.88
      Required ratio:  400.00 (Side area) 
      Cumulative area ratio:    0.88
      Required ratio:    0.00 (Cumulative side area) 

    Layer: Via1
      Partial area ratio:    0.10
      Required ratio:   20.00 (Gate area) 
      Cumulative area ratio:    0.10
      Required ratio:    0.00 (Cumulative area) 

    Layer: Metal2
      Partial area ratio:    2.15
      Required ratio:    0.00 (Gate area) 
      Cumulative area ratio:    2.16
      Required ratio:    0.00 (Cumulative area) 
      Partial area ratio:    8.74
      Required ratio:  400.00 (Side area) 
      Cumulative area ratio:    9.62
      Required ratio:    0.00 (Cumulative side area) 

    Layer: Via2
      Partial area ratio:    0.20
      Required ratio:   20.00 (Gate area) 
      Cumulative area ratio:    0.30
      Required ratio:    0.00 (Cumulative area) 

    Layer: Metal3
      Partial area ratio:    5.59
      Required ratio:    0.00 (Gate area) 
      Cumulative area ratio:    7.75
      Required ratio:    0.00 (Cumulative area) 
      Partial area ratio:   21.87
      Required ratio:  400.00 (Side area) 
      Cumulative area ratio:   31.49
      Required ratio:    0.00 (Cumulative side area) 

    Layer: Via3
      Partial area ratio:    0.03
      Required ratio:    0.00 (Gate area) 
      Cumulative area ratio:    0.33
      Required ratio:    0.00 (Cumulative area) 

    Layer: Metal4
      Partial area ratio:    2.86
      Required ratio:    0.00 (Gate area) 
      Cumulative area ratio:   10.61
      Required ratio:    0.00 (Cumulative area) 
      Partial area ratio:   11.08
      Required ratio:  400.00 (Side area) 
      Cumulative area ratio:   42.57
      Required ratio:    0.00 (Cumulative side area) 



Net: met_score_y\[7\]
  Pin:   _42404_/A (gf180mcu_as_sc_mcu7t3v3__mux2_2)
    Layer: Metal1
      Partial area ratio:    0.01
      Required ratio:    0.00 (Gate area) 
      Cumulative area ratio:    0.01
      Required ratio:    0.00 (Cumulative area) 
      Partial area ratio:    0.88
      Required ratio:  400.00 (Side area) 
      Cumulative area ratio:    0.88
      Required ratio:    0.00 (Cumulative side area) 

    Layer: Via1
      Partial area ratio:    0.10
      Required ratio:   20.00 (Gate area) 
      Cumulative area ratio:    0.10
      Required ratio:    0.00 (Cumulative area) 

    Layer: Metal2
      Partial area ratio:    2.72
      Required ratio:    0.00 (Gate area) 
      Cumulative area ratio:    2.73
      Required ratio:    0.00 (Cumulative area) 
      Partial area ratio:   10.96
      Required ratio:  400.00 (Side area) 
      Cumulative area ratio:   11.84
      Required ratio:    0.00 (Cumulative side area) 

    Layer: Via2
      Partial area ratio:    0.20
      Required ratio:   20.00 (Gate area) 
      Cumulative area ratio:    0.30
      Required ratio:    0.00 (Cumulative area) 

    Layer: Metal3
      Partial area ratio:    0.32
      Required ratio:    0.00 (Gate area) 
      Cumulative area ratio:    3.05
      Required ratio:    0.00 (Cumulative area) 
      Partial area ratio:    2.14
      Required ratio:  400.00 (Side area) 
      Cumulative area ratio:   13.98
      Required ratio:    0.00 (Cumulative side area) 

    Layer: Via3
      Partial area ratio:    0.10
      Required ratio:   20.00 (Gate area) 
      Cumulative area ratio:    0.41
      Required ratio:    0.00 (Cumulative area) 

    Layer: Metal4
      Partial area ratio:    3.73
      Required ratio:    0.00 (Gate area) 
      Cumulative area ratio:    6.78
      Required ratio:    0.00 (Cumulative area) 
      Partial area ratio:   14.85
      Required ratio:  400.00 (Side area) 
      Cumulative area ratio:   28.82
      Required ratio:    0.00 (Cumulative side area) 

    Layer: Via4
      Partial area ratio:    0.10
      Required ratio:   20.00 (Gate area) 
      Cumulative area ratio:    0.51
      Required ratio:    0.00 (Cumulative area) 

    Layer: Metal5
      Partial area ratio:   73.87
      Required ratio:    0.00 (Gate area) 
      Cumulative area ratio:   80.65
      Required ratio:    0.00 (Cumulative area) 
      Partial area ratio:  400.10
      Required ratio:  400.00 (Side area) (VIOLATED)
      Cumulative area ratio:  428.92
      Required ratio:    0.00 (Cumulative side area) 


  Pin:   fanout2090/A (gf180mcu_as_sc_mcu7t3v3__buff_2)
    Layer: Via1
      Partial area ratio:    0.10
      Required ratio:   20.00 (Gate area) 
      Cumulative area ratio:    0.10
      Required ratio:    0.00 (Cumulative area) 

    Layer: Metal2
      Partial area ratio:    2.64
      Required ratio:    0.00 (Gate area) 
      Cumulative area ratio:    2.64
      Required ratio:    0.00 (Cumulative area) 
      Partial area ratio:   10.64
      Required ratio:  400.00 (Side area) 
      Cumulative area ratio:   10.64
      Required ratio:    0.00 (Cumulative side area) 

    Layer: Via2
      Partial area ratio:    0.20
      Required ratio:   20.00 (Gate area) 
      Cumulative area ratio:    0.30
      Required ratio:    0.00 (Cumulative area) 

    Layer: Metal3
      Partial area ratio:    0.32
      Required ratio:    0.00 (Gate area) 
      Cumulative area ratio:    2.96
      Required ratio:    0.00 (Cumulative area) 
      Partial area ratio:    2.14
      Required ratio:  400.00 (Side area) 
      Cumulative area ratio:   12.78
      Required ratio:    0.00 (Cumulative side area) 

    Layer: Via3
      Partial area ratio:    0.10
      Required ratio:   20.00 (Gate area) 
      Cumulative area ratio:    0.41
      Required ratio:    0.00 (Cumulative area) 

    Layer: Metal4
      Partial area ratio:    3.73
      Required ratio:    0.00 (Gate area) 
      Cumulative area ratio:    6.69
      Required ratio:    0.00 (Cumulative area) 
      Partial area ratio:   14.85
      Required ratio:  400.00 (Side area) 
      Cumulative area ratio:   27.63
      Required ratio:    0.00 (Cumulative side area) 

    Layer: Via4
      Partial area ratio:    0.10
      Required ratio:   20.00 (Gate area) 
      Cumulative area ratio:    0.51
      Required ratio:    0.00 (Cumulative area) 

    Layer: Metal5
      Partial area ratio:   73.87
      Required ratio:    0.00 (Gate area) 
      Cumulative area ratio:   80.56
      Required ratio:    0.00 (Cumulative area) 
      Partial area ratio:  400.10
      Required ratio:  400.00 (Side area) (VIOLATED)
      Cumulative area ratio:  427.73
      Required ratio:    0.00 (Cumulative side area) 



Net: net81
  Pin:   output81/A (gf180mcu_as_sc_mcu7t3v3__buff_2)
    Layer: Via1
      Partial area ratio:    0.10
      Required ratio:   20.00 (Gate area) 
      Cumulative area ratio:    0.10
      Required ratio:    0.00 (Cumulative area) 

    Layer: Metal2
      Partial area ratio:    2.43
      Required ratio:    0.00 (Gate area) 
      Cumulative area ratio:    2.43
      Required ratio:    0.00 (Cumulative area) 
      Partial area ratio:    9.84
      Required ratio:  400.00 (Side area) 
      Cumulative area ratio:    9.84
      Required ratio:    0.00 (Cumulative side area) 

    Layer: Via2
      Partial area ratio:    0.20
      Required ratio:   20.00 (Gate area) 
      Cumulative area ratio:    0.30
      Required ratio:    0.00 (Cumulative area) 

    Layer: Metal3
      Partial area ratio:    0.32
      Required ratio:    0.00 (Gate area) 
      Cumulative area ratio:    2.75
      Required ratio:    0.00 (Cumulative area) 
      Partial area ratio:    2.14
      Required ratio:  400.00 (Side area) 
      Cumulative area ratio:   11.98
      Required ratio:    0.00 (Cumulative side area) 

    Layer: Via3
      Partial area ratio:    0.10
      Required ratio:   20.00 (Gate area) 
      Cumulative area ratio:    0.41
      Required ratio:    0.00 (Cumulative area) 

    Layer: Metal4
      Partial area ratio:    3.73
      Required ratio:    0.00 (Gate area) 
      Cumulative area ratio:    6.48
      Required ratio:    0.00 (Cumulative area) 
      Partial area ratio:   14.85
      Required ratio:  400.00 (Side area) 
      Cumulative area ratio:   26.83
      Required ratio:    0.00 (Cumulative side area) 

    Layer: Via4
      Partial area ratio:    0.10
      Required ratio:   20.00 (Gate area) 
      Cumulative area ratio:    0.51
      Required ratio:    0.00 (Cumulative area) 

    Layer: Metal5
      Partial area ratio:   76.59
      Required ratio:    0.00 (Gate area) 
      Cumulative area ratio:   83.08
      Required ratio:    0.00 (Cumulative area) 
      Partial area ratio:  414.97
      Required ratio:  400.00 (Side area) (VIOLATED)
      Cumulative area ratio:  441.80
      Required ratio:    0.00 (Cumulative side area) 



Net: net86
  Pin:   output86/A (gf180mcu_as_sc_mcu7t3v3__buff_2)
    Layer: Via1
      Partial area ratio:    0.10
      Required ratio:   20.00 (Gate area) 
      Cumulative area ratio:    0.10
      Required ratio:    0.00 (Cumulative area) 

    Layer: Metal2
      Partial area ratio:    1.23
      Required ratio:    0.00 (Gate area) 
      Cumulative area ratio:    1.23
      Required ratio:    0.00 (Cumulative area) 
      Partial area ratio:    5.20
      Required ratio:  400.00 (Side area) 
      Cumulative area ratio:    5.20
      Required ratio:    0.00 (Cumulative side area) 

    Layer: Via2
      Partial area ratio:    0.20
      Required ratio:   20.00 (Gate area) 
      Cumulative area ratio:    0.30
      Required ratio:    0.00 (Cumulative area) 

    Layer: Metal3
      Partial area ratio:    0.32
      Required ratio:    0.00 (Gate area) 
      Cumulative area ratio:    1.55
      Required ratio:    0.00 (Cumulative area) 
      Partial area ratio:    2.14
      Required ratio:  400.00 (Side area) 
      Cumulative area ratio:    7.34
      Required ratio:    0.00 (Cumulative side area) 

    Layer: Via3
      Partial area ratio:    0.10
      Required ratio:   20.00 (Gate area) 
      Cumulative area ratio:    0.41
      Required ratio:    0.00 (Cumulative area) 

    Layer: Metal4
      Partial area ratio:    3.73
      Required ratio:    0.00 (Gate area) 
      Cumulative area ratio:    5.28
      Required ratio:    0.00 (Cumulative area) 
      Partial area ratio:   14.85
      Required ratio:  400.00 (Side area) 
      Cumulative area ratio:   22.18
      Required ratio:    0.00 (Cumulative side area) 

    Layer: Via4
      Partial area ratio:    0.10
      Required ratio:   20.00 (Gate area) 
      Cumulative area ratio:    0.51
      Required ratio:    0.00 (Cumulative area) 

    Layer: Metal5
      Partial area ratio:   76.53
      Required ratio:    0.00 (Gate area) 
      Cumulative area ratio:   81.81
      Required ratio:    0.00 (Cumulative area) 
      Partial area ratio:  414.30
      Required ratio:  400.00 (Side area) (VIOLATED)
      Cumulative area ratio:  436.49
      Required ratio:    0.00 (Cumulative side area) 



Net: net87
  Pin:   output87/A (gf180mcu_as_sc_mcu7t3v3__buff_2)
    Layer: Via1
      Partial area ratio:    0.10
      Required ratio:   20.00 (Gate area) 
      Cumulative area ratio:    0.10
      Required ratio:    0.00 (Cumulative area) 

    Layer: Metal2
      Partial area ratio:    1.47
      Required ratio:    0.00 (Gate area) 
      Cumulative area ratio:    1.47
      Required ratio:    0.00 (Cumulative area) 
      Partial area ratio:    6.11
      Required ratio:  400.00 (Side area) 
      Cumulative area ratio:    6.11
      Required ratio:    0.00 (Cumulative side area) 

    Layer: Via2
      Partial area ratio:    0.20
      Required ratio:   20.00 (Gate area) 
      Cumulative area ratio:    0.30
      Required ratio:    0.00 (Cumulative area) 

    Layer: Metal3
      Partial area ratio:    0.32
      Required ratio:    0.00 (Gate area) 
      Cumulative area ratio:    1.78
      Required ratio:    0.00 (Cumulative area) 
      Partial area ratio:    2.14
      Required ratio:  400.00 (Side area) 
      Cumulative area ratio:    8.25
      Required ratio:    0.00 (Cumulative side area) 

    Layer: Via3
      Partial area ratio:    0.10
      Required ratio:   20.00 (Gate area) 
      Cumulative area ratio:    0.41
      Required ratio:    0.00 (Cumulative area) 

    Layer: Metal4
      Partial area ratio:    0.16
      Required ratio:    0.00 (Gate area) 
      Cumulative area ratio:    1.94
      Required ratio:    0.00 (Cumulative area) 
      Partial area ratio:    1.07
      Required ratio:  400.00 (Side area) 
      Cumulative area ratio:    9.31
      Required ratio:    0.00 (Cumulative side area) 

    Layer: Via4
      Partial area ratio:    0.10
      Required ratio:   20.00 (Gate area) 
      Cumulative area ratio:    0.51
      Required ratio:    0.00 (Cumulative area) 

    Layer: Metal5
      Partial area ratio:   74.18
      Required ratio:    0.00 (Gate area) 
      Cumulative area ratio:   76.12
      Required ratio:    0.00 (Cumulative area) 
      Partial area ratio:  401.58
      Required ratio:  400.00 (Side area) (VIOLATED)
      Cumulative area ratio:  410.89
      Required ratio:    0.00 (Cumulative side area) 



Net: net88
  Pin:   output88/A (gf180mcu_as_sc_mcu7t3v3__buff_2)
    Layer: Via1
      Partial area ratio:    0.10
      Required ratio:   20.00 (Gate area) 
      Cumulative area ratio:    0.10
      Required ratio:    0.00 (Cumulative area) 

    Layer: Metal2
      Partial area ratio:    2.17
      Required ratio:    0.00 (Gate area) 
      Cumulative area ratio:    2.17
      Required ratio:    0.00 (Cumulative area) 
      Partial area ratio:    8.83
      Required ratio:  400.00 (Side area) 
      Cumulative area ratio:    8.83
      Required ratio:    0.00 (Cumulative side area) 

    Layer: Via2
      Partial area ratio:    0.20
      Required ratio:   20.00 (Gate area) 
      Cumulative area ratio:    0.30
      Required ratio:    0.00 (Cumulative area) 

    Layer: Metal3
      Partial area ratio:    0.32
      Required ratio:    0.00 (Gate area) 
      Cumulative area ratio:    2.49
      Required ratio:    0.00 (Cumulative area) 
      Partial area ratio:    2.14
      Required ratio:  400.00 (Side area) 
      Cumulative area ratio:   10.97
      Required ratio:    0.00 (Cumulative side area) 

    Layer: Via3
      Partial area ratio:    0.10
      Required ratio:   20.00 (Gate area) 
      Cumulative area ratio:    0.41
      Required ratio:    0.00 (Cumulative area) 

    Layer: Metal4
      Partial area ratio:    3.73
      Required ratio:    0.00 (Gate area) 
      Cumulative area ratio:    6.22
      Required ratio:    0.00 (Cumulative area) 
      Partial area ratio:   14.85
      Required ratio:  400.00 (Side area) 
      Cumulative area ratio:   25.81
      Required ratio:    0.00 (Cumulative side area) 

    Layer: Via4
      Partial area ratio:    0.10
      Required ratio:   20.00 (Gate area) 
      Cumulative area ratio:    0.51
      Required ratio:    0.00 (Cumulative area) 

    Layer: Metal5
      Partial area ratio:   87.12
      Required ratio:    0.00 (Gate area) 
      Cumulative area ratio:   93.34
      Required ratio:    0.00 (Cumulative area) 
      Partial area ratio:  471.58
      Required ratio:  400.00 (Side area) (VIOLATED)
      Cumulative area ratio:  497.39
      Required ratio:    0.00 (Cumulative side area) 



Net: net89
  Pin:   output89/A (gf180mcu_as_sc_mcu7t3v3__buff_2)
    Layer: Via1
      Partial area ratio:    0.10
      Required ratio:   20.00 (Gate area) 
      Cumulative area ratio:    0.10
      Required ratio:    0.00 (Cumulative area) 

    Layer: Metal2
      Partial area ratio:    2.41
      Required ratio:    0.00 (Gate area) 
      Cumulative area ratio:    2.41
      Required ratio:    0.00 (Cumulative area) 
      Partial area ratio:    9.74
      Required ratio:  400.00 (Side area) 
      Cumulative area ratio:    9.74
      Required ratio:    0.00 (Cumulative side area) 

    Layer: Via2
      Partial area ratio:    0.20
      Required ratio:   20.00 (Gate area) 
      Cumulative area ratio:    0.30
      Required ratio:    0.00 (Cumulative area) 

    Layer: Metal3
      Partial area ratio:    0.32
      Required ratio:    0.00 (Gate area) 
      Cumulative area ratio:    2.73
      Required ratio:    0.00 (Cumulative area) 
      Partial area ratio:    2.14
      Required ratio:  400.00 (Side area) 
      Cumulative area ratio:   11.88
      Required ratio:    0.00 (Cumulative side area) 

    Layer: Via3
      Partial area ratio:    0.10
      Required ratio:   20.00 (Gate area) 
      Cumulative area ratio:    0.41
      Required ratio:    0.00 (Cumulative area) 

    Layer: Metal4
      Partial area ratio:    0.16
      Required ratio:    0.00 (Gate area) 
      Cumulative area ratio:    2.89
      Required ratio:    0.00 (Cumulative area) 
      Partial area ratio:    1.07
      Required ratio:  400.00 (Side area) 
      Cumulative area ratio:   12.94
      Required ratio:    0.00 (Cumulative side area) 

    Layer: Via4
      Partial area ratio:    0.10
      Required ratio:   20.00 (Gate area) 
      Cumulative area ratio:    0.51
      Required ratio:    0.00 (Cumulative area) 

    Layer: Metal5
      Partial area ratio:   89.47
      Required ratio:    0.00 (Gate area) 
      Cumulative area ratio:   92.36
      Required ratio:    0.00 (Cumulative area) 
      Partial area ratio:  484.30
      Required ratio:  400.00 (Side area) (VIOLATED)
      Cumulative area ratio:  497.25
      Required ratio:    0.00 (Cumulative side area) 



Net: u_dla.c_wr_data\[10\]
  Pin:   hold4801/A (gf180mcu_as_sc_mcu7t3v3__dlybuff_2)
    Layer: Via1
      Partial area ratio:    0.25
      Required ratio:   20.00 (Gate area) 
      Cumulative area ratio:    0.25
      Required ratio:    0.00 (Cumulative area) 

    Layer: Metal2
      Partial area ratio:    5.01
      Required ratio:    0.00 (Gate area) 
      Cumulative area ratio:    5.01
      Required ratio:    0.00 (Cumulative area) 
      Partial area ratio:   20.44
      Required ratio:  400.00 (Side area) 
      Cumulative area ratio:   20.44
      Required ratio:    0.00 (Cumulative side area) 

    Layer: Via2
      Partial area ratio:    0.51
      Required ratio:   20.00 (Gate area) 
      Cumulative area ratio:    0.76
      Required ratio:    0.00 (Cumulative area) 

    Layer: Metal3
      Partial area ratio:  133.83
      Required ratio:    0.00 (Gate area) 
      Cumulative area ratio:  138.84
      Required ratio:    0.00 (Cumulative area) 
      Partial area ratio:  519.62
      Required ratio:  400.00 (Side area) (VIOLATED)
      Cumulative area ratio:  540.06
      Required ratio:    0.00 (Cumulative side area) 

    Layer: Via3
      Partial area ratio:    0.25
      Required ratio:   20.00 (Gate area) 
      Cumulative area ratio:    1.02
      Required ratio:    0.00 (Cumulative area) 

    Layer: Metal4
      Partial area ratio:   13.31
      Required ratio:    0.00 (Gate area) 
      Cumulative area ratio:  152.15
      Required ratio:    0.00 (Cumulative area) 
      Partial area ratio:   51.46
      Required ratio:  400.00 (Side area) 
      Cumulative area ratio:  591.53
      Required ratio:    0.00 (Cumulative side area) 



Net: u_dla.c_wr_data\[1\]
  Pin:   hold4846/A (gf180mcu_as_sc_mcu7t3v3__dlybuff_2)
    Layer: Via1
      Partial area ratio:    0.25
      Required ratio:   20.00 (Gate area) 
      Cumulative area ratio:    0.25
      Required ratio:    0.00 (Cumulative area) 

    Layer: Metal2
      Partial area ratio:  378.57
      Required ratio:    0.00 (Gate area) 
      Cumulative area ratio:  378.57
      Required ratio:    0.00 (Cumulative area) 
      Partial area ratio: 1461.35
      Required ratio:  400.00 (Side area) (VIOLATED)
      Cumulative area ratio: 1461.35
      Required ratio:    0.00 (Cumulative side area) 

    Layer: Via2
      Partial area ratio:    0.51
      Required ratio:   20.00 (Gate area) 
      Cumulative area ratio:    0.76
      Required ratio:    0.00 (Cumulative area) 

    Layer: Metal3
      Partial area ratio:   25.86
      Required ratio:    0.00 (Gate area) 
      Cumulative area ratio:  404.43
      Required ratio:    0.00 (Cumulative area) 
      Partial area ratio:  100.16
      Required ratio:  400.00 (Side area) 
      Cumulative area ratio: 1561.51
      Required ratio:    0.00 (Cumulative side area) 



Net: u_dla.c_wr_data\[3\]
  Pin:   u_dla.u_c_buffer.GEN_SRAM.GEN_D64.u_sram0.u_sram/D[3] (gf180mcu_ocd_ip_sram__sram64x8m8wm1)
    Layer: Metal2
      Partial area ratio:    0.57
      Required ratio:    0.00 (Gate area) 
      Cumulative area ratio:    0.57
      Required ratio:    0.00 (Cumulative area) 
      Partial area ratio:    2.46
      Required ratio:  400.00 (Side area) 
      Cumulative area ratio:    2.46
      Required ratio:    0.00 (Cumulative side area) 

    Layer: Via2
      Partial area ratio:    0.27
      Required ratio:    0.00 (Gate area) 
      Cumulative area ratio:    0.27
      Required ratio:    0.00 (Cumulative area) 

    Layer: Metal3
      Partial area ratio:    0.09
      Required ratio:    0.00 (Gate area) 
      Cumulative area ratio:    0.66
      Required ratio:    0.00 (Cumulative area) 
      Partial area ratio:    0.58
      Required ratio:  400.00 (Side area) 
      Cumulative area ratio:    3.04
      Required ratio:    0.00 (Cumulative side area) 

    Layer: Via3
      Partial area ratio:    0.27
      Required ratio:    0.00 (Gate area) 
      Cumulative area ratio:    0.54
      Required ratio:    0.00 (Cumulative area) 

    Layer: Metal4
      Partial area ratio:  187.66
      Required ratio:    0.00 (Gate area) 
      Cumulative area ratio:  188.32
      Required ratio:    0.00 (Cumulative area) 
      Partial area ratio:  724.32
      Required ratio:  400.00 (Side area) (VIOLATED)
      Cumulative area ratio:  727.36
      Required ratio:    0.00 (Cumulative side area) 

    Layer: Via4
      Partial area ratio:    0.27
      Required ratio:    0.00 (Gate area) 
      Cumulative area ratio:    0.81
      Required ratio:    0.00 (Cumulative area) 

    Layer: Metal5
      Partial area ratio:   32.15
      Required ratio:    0.00 (Gate area) 
      Cumulative area ratio:  220.47
      Required ratio:    0.00 (Cumulative area) 
      Partial area ratio:  174.16
      Required ratio:  400.00 (Side area) 
      Cumulative area ratio:  901.52
      Required ratio:    0.00 (Cumulative side area) 



Net: u_dla.c_wr_data\[4\]
  Pin:   u_dla.u_c_buffer.GEN_SRAM.GEN_D64.u_sram0.u_sram/D[4] (gf180mcu_ocd_ip_sram__sram64x8m8wm1)
    Layer: Metal2
      Partial area ratio:    2.62
      Required ratio:    0.00 (Gate area) 
      Cumulative area ratio:    2.62
      Required ratio:    0.00 (Cumulative area) 
      Partial area ratio:   10.34
      Required ratio:  400.00 (Side area) 
      Cumulative area ratio:   10.34
      Required ratio:    0.00 (Cumulative side area) 

    Layer: Via2
      Partial area ratio:    0.27
      Required ratio:    0.00 (Gate area) 
      Cumulative area ratio:    0.27
      Required ratio:    0.00 (Cumulative area) 

    Layer: Metal3
      Partial area ratio:   19.21
      Required ratio:    0.00 (Gate area) 
      Cumulative area ratio:   21.83
      Required ratio:    0.00 (Cumulative area) 
      Partial area ratio:   74.35
      Required ratio:  400.00 (Side area) 
      Cumulative area ratio:   84.69
      Required ratio:    0.00 (Cumulative side area) 

    Layer: Via3
      Partial area ratio:    0.27
      Required ratio:    0.00 (Gate area) 
      Cumulative area ratio:    0.54
      Required ratio:    0.00 (Cumulative area) 

    Layer: Metal4
      Partial area ratio:  185.64
      Required ratio:    0.00 (Gate area) 
      Cumulative area ratio:  207.47
      Required ratio:    0.00 (Cumulative area) 
      Partial area ratio:  716.28
      Required ratio:  400.00 (Side area) (VIOLATED)
      Cumulative area ratio:  800.97
      Required ratio:    0.00 (Cumulative side area) 

    Layer: Via4
      Partial area ratio:    0.27
      Required ratio:    0.00 (Gate area) 
      Cumulative area ratio:    0.81
      Required ratio:    0.00 (Cumulative area) 

    Layer: Metal5
      Partial area ratio:   35.06
      Required ratio:    0.00 (Gate area) 
      Cumulative area ratio:  242.53
      Required ratio:    0.00 (Cumulative area) 
      Partial area ratio:  189.94
      Required ratio:  400.00 (Side area) 
      Cumulative area ratio:  990.91
      Required ratio:    0.00 (Cumulative side area) 



Net: u_dla.c_wr_data\[6\]
  Pin:   u_dla.u_c_buffer.GEN_SRAM.GEN_D64.u_sram0.u_sram/D[6] (gf180mcu_ocd_ip_sram__sram64x8m8wm1)
    Layer: Metal2
      Partial area ratio:   34.80
      Required ratio:    0.00 (Gate area) 
      Cumulative area ratio:   34.80
      Required ratio:    0.00 (Cumulative area) 
      Partial area ratio:  134.48
      Required ratio:  400.00 (Side area) 
      Cumulative area ratio:  134.48
      Required ratio:    0.00 (Cumulative side area) 

    Layer: Via2
      Partial area ratio:    0.27
      Required ratio:    0.00 (Gate area) 
      Cumulative area ratio:    0.27
      Required ratio:    0.00 (Cumulative area) 

    Layer: Metal3
      Partial area ratio:   17.30
      Required ratio:    0.00 (Gate area) 
      Cumulative area ratio:   52.10
      Required ratio:    0.00 (Cumulative area) 
      Partial area ratio:   66.98
      Required ratio:  400.00 (Side area) 
      Cumulative area ratio:  201.45
      Required ratio:    0.00 (Cumulative side area) 

    Layer: Via3
      Partial area ratio:    0.27
      Required ratio:    0.00 (Gate area) 
      Cumulative area ratio:    0.54
      Required ratio:    0.00 (Cumulative area) 

    Layer: Metal4
      Partial area ratio:  151.21
      Required ratio:    0.00 (Gate area) 
      Cumulative area ratio:  203.31
      Required ratio:    0.00 (Cumulative area) 
      Partial area ratio:  583.48
      Required ratio:  400.00 (Side area) (VIOLATED)
      Cumulative area ratio:  784.93
      Required ratio:    0.00 (Cumulative side area) 

    Layer: Via4
      Partial area ratio:    0.27
      Required ratio:    0.00 (Gate area) 
      Cumulative area ratio:    0.81
      Required ratio:    0.00 (Cumulative area) 

    Layer: Metal5
      Partial area ratio:   37.98
      Required ratio:    0.00 (Gate area) 
      Cumulative area ratio:  241.29
      Required ratio:    0.00 (Cumulative area) 
      Partial area ratio:  205.73
      Required ratio:  400.00 (Side area) 
      Cumulative area ratio:  990.66
      Required ratio:    0.00 (Cumulative side area) 



Net: u_dla.u_a_buffer.GEN_SRAM.GEN_A_ROWS\[0\].sram_q_raw\[5\]
  Pin:   _45473_/A (gf180mcu_as_sc_mcu7t3v3__or2_2)
    Layer: Via1
      Partial area ratio:    0.10
      Required ratio:   20.00 (Gate area) 
      Cumulative area ratio:    0.10
      Required ratio:    0.00 (Cumulative area) 

    Layer: Metal2
      Partial area ratio:    0.49
      Required ratio:    0.00 (Gate area) 
      Cumulative area ratio:    0.49
      Required ratio:    0.00 (Cumulative area) 
      Partial area ratio:    2.33
      Required ratio:  400.00 (Side area) 
      Cumulative area ratio:    2.33
      Required ratio:    0.00 (Cumulative side area) 

    Layer: Via2
      Partial area ratio:    0.20
      Required ratio:   20.00 (Gate area) 
      Cumulative area ratio:    0.30
      Required ratio:    0.00 (Cumulative area) 

    Layer: Metal3
      Partial area ratio:    0.32
      Required ratio:    0.00 (Gate area) 
      Cumulative area ratio:    0.81
      Required ratio:    0.00 (Cumulative area) 
      Partial area ratio:    2.14
      Required ratio:  400.00 (Side area) 
      Cumulative area ratio:    4.47
      Required ratio:    0.00 (Cumulative side area) 

    Layer: Via3
      Partial area ratio:    0.10
      Required ratio:   20.00 (Gate area) 
      Cumulative area ratio:    0.41
      Required ratio:    0.00 (Cumulative area) 

    Layer: Metal4
      Partial area ratio:  130.79
      Required ratio:    0.00 (Gate area) 
      Cumulative area ratio:  131.60
      Required ratio:    0.00 (Cumulative area) 
      Partial area ratio:  504.93
      Required ratio:  400.00 (Side area) (VIOLATED)
      Cumulative area ratio:  509.40
      Required ratio:    0.00 (Cumulative side area) 

    Layer: Via4
      Partial area ratio:    0.10
      Required ratio:   20.00 (Gate area) 
      Cumulative area ratio:    0.51
      Required ratio:    0.00 (Cumulative area) 

    Layer: Metal5
      Partial area ratio:    4.70
      Required ratio:    0.00 (Gate area) 
      Cumulative area ratio:  136.29
      Required ratio:    0.00 (Cumulative area) 
      Partial area ratio:   25.49
      Required ratio:  400.00 (Side area) 
      Cumulative area ratio:  534.89
      Required ratio:    0.00 (Cumulative side area) 


  Pin:   fanout1831/A (gf180mcu_as_sc_mcu7t3v3__buff_2)
    Layer: Via1
      Partial area ratio:    0.10
      Required ratio:   20.00 (Gate area) 
      Cumulative area ratio:    0.10
      Required ratio:    0.00 (Cumulative area) 

    Layer: Metal2
      Partial area ratio:    1.76
      Required ratio:    0.00 (Gate area) 
      Cumulative area ratio:    1.76
      Required ratio:    0.00 (Cumulative area) 
      Partial area ratio:    7.25
      Required ratio:  400.00 (Side area) 
      Cumulative area ratio:    7.25
      Required ratio:    0.00 (Cumulative side area) 

    Layer: Via2
      Partial area ratio:    0.20
      Required ratio:   20.00 (Gate area) 
      Cumulative area ratio:    0.30
      Required ratio:    0.00 (Cumulative area) 

    Layer: Metal3
      Partial area ratio:    0.24
      Required ratio:    0.00 (Gate area) 
      Cumulative area ratio:    2.00
      Required ratio:    0.00 (Cumulative area) 
      Partial area ratio:    0.99
      Required ratio:  400.00 (Side area) 
      Cumulative area ratio:    8.24
      Required ratio:    0.00 (Cumulative side area) 

    Layer: Via3
      Partial area ratio:    0.10
      Required ratio:    0.00 (Gate area) 
      Cumulative area ratio:    0.41
      Required ratio:    0.00 (Cumulative area) 

    Layer: Metal4
      Partial area ratio:    0.01
      Required ratio:    0.00 (Gate area) 
      Cumulative area ratio:    2.01
      Required ratio:    0.00 (Cumulative area) 
      Partial area ratio:    0.06
      Required ratio:  400.00 (Side area) 
      Cumulative area ratio:    8.30
      Required ratio:    0.00 (Cumulative side area) 

    Layer: Via4
      Partial area ratio:    0.10
      Required ratio:    0.00 (Gate area) 
      Cumulative area ratio:    0.51
      Required ratio:    0.00 (Cumulative area) 

    Layer: Metal5
      Partial area ratio:    4.70
      Required ratio:    0.00 (Gate area) 
      Cumulative area ratio:    6.70
      Required ratio:    0.00 (Cumulative area) 
      Partial area ratio:   25.49
      Required ratio:  400.00 (Side area) 
      Cumulative area ratio:   33.80
      Required ratio:    0.00 (Cumulative side area) 


  Pin:   fanout1835/A (gf180mcu_as_sc_mcu7t3v3__buff_2)
    Layer: Via1
      Partial area ratio:    0.10
      Required ratio:   20.00 (Gate area) 
      Cumulative area ratio:    0.10
      Required ratio:    0.00 (Cumulative area) 

    Layer: Metal2
      Partial area ratio:    2.20
      Required ratio:    0.00 (Gate area) 
      Cumulative area ratio:    2.20
      Required ratio:    0.00 (Cumulative area) 
      Partial area ratio:    8.93
      Required ratio:  400.00 (Side area) 
      Cumulative area ratio:    8.93
      Required ratio:    0.00 (Cumulative side area) 

    Layer: Via2
      Partial area ratio:    0.20
      Required ratio:   20.00 (Gate area) 
      Cumulative area ratio:    0.30
      Required ratio:    0.00 (Cumulative area) 

    Layer: Metal3
      Partial area ratio:    0.32
      Required ratio:    0.00 (Gate area) 
      Cumulative area ratio:    2.52
      Required ratio:    0.00 (Cumulative area) 
      Partial area ratio:    2.14
      Required ratio:  400.00 (Side area) 
      Cumulative area ratio:   11.07
      Required ratio:    0.00 (Cumulative side area) 

    Layer: Via3
      Partial area ratio:    0.10
      Required ratio:   20.00 (Gate area) 
      Cumulative area ratio:    0.41
      Required ratio:    0.00 (Cumulative area) 

    Layer: Metal4
      Partial area ratio:    0.16
      Required ratio:    0.00 (Gate area) 
      Cumulative area ratio:    2.68
      Required ratio:    0.00 (Cumulative area) 
      Partial area ratio:    1.07
      Required ratio:  400.00 (Side area) 
      Cumulative area ratio:   12.14
      Required ratio:    0.00 (Cumulative side area) 

    Layer: Via4
      Partial area ratio:    0.10
      Required ratio:   20.00 (Gate area) 
      Cumulative area ratio:    0.51
      Required ratio:    0.00 (Cumulative area) 

    Layer: Metal5
      Partial area ratio:    4.70
      Required ratio:    0.00 (Gate area) 
      Cumulative area ratio:    7.37
      Required ratio:    0.00 (Cumulative area) 
      Partial area ratio:   25.49
      Required ratio:  400.00 (Side area) 
      Cumulative area ratio:   37.63
      Required ratio:    0.00 (Cumulative side area) 



Net: u_dla.u_a_buffer.GEN_SRAM.GEN_A_ROWS\[0\].sram_q_raw\[7\]
  Pin:   fanout1815/A (gf180mcu_as_sc_mcu7t3v3__buff_2)
    Layer: Via1
      Partial area ratio:    0.10
      Required ratio:   20.00 (Gate area) 
      Cumulative area ratio:    0.10
      Required ratio:    0.00 (Cumulative area) 

    Layer: Metal2
      Partial area ratio:    1.53
      Required ratio:    0.00 (Gate area) 
      Cumulative area ratio:    1.53
      Required ratio:    0.00 (Cumulative area) 
      Partial area ratio:    6.34
      Required ratio:  400.00 (Side area) 
      Cumulative area ratio:    6.34
      Required ratio:    0.00 (Cumulative side area) 

    Layer: Via2
      Partial area ratio:    0.20
      Required ratio:   20.00 (Gate area) 
      Cumulative area ratio:    0.30
      Required ratio:    0.00 (Cumulative area) 

    Layer: Metal3
      Partial area ratio:    0.32
      Required ratio:    0.00 (Gate area) 
      Cumulative area ratio:    1.85
      Required ratio:    0.00 (Cumulative area) 
      Partial area ratio:    2.14
      Required ratio:  400.00 (Side area) 
      Cumulative area ratio:    8.48
      Required ratio:    0.00 (Cumulative side area) 

    Layer: Via3
      Partial area ratio:    0.10
      Required ratio:   20.00 (Gate area) 
      Cumulative area ratio:    0.41
      Required ratio:    0.00 (Cumulative area) 

    Layer: Metal4
      Partial area ratio:    0.16
      Required ratio:    0.00 (Gate area) 
      Cumulative area ratio:    2.01
      Required ratio:    0.00 (Cumulative area) 
      Partial area ratio:    1.07
      Required ratio:  400.00 (Side area) 
      Cumulative area ratio:    9.55
      Required ratio:    0.00 (Cumulative side area) 

    Layer: Via4
      Partial area ratio:    0.10
      Required ratio:   20.00 (Gate area) 
      Cumulative area ratio:    0.51
      Required ratio:    0.00 (Cumulative area) 

    Layer: Metal5
      Partial area ratio:    3.74
      Required ratio:    0.00 (Gate area) 
      Cumulative area ratio:    5.74
      Required ratio:    0.00 (Cumulative area) 
      Partial area ratio:   20.40
      Required ratio:  400.00 (Side area) 
      Cumulative area ratio:   29.95
      Required ratio:    0.00 (Cumulative side area) 


  Pin:   fanout1823/A (gf180mcu_as_sc_mcu7t3v3__buff_2)
    Layer: Via1
      Partial area ratio:    0.10
      Required ratio:   20.00 (Gate area) 
      Cumulative area ratio:    0.10
      Required ratio:    0.00 (Cumulative area) 

    Layer: Metal2
      Partial area ratio:    2.20
      Required ratio:    0.00 (Gate area) 
      Cumulative area ratio:    2.20
      Required ratio:    0.00 (Cumulative area) 
      Partial area ratio:    8.93
      Required ratio:  400.00 (Side area) 
      Cumulative area ratio:    8.93
      Required ratio:    0.00 (Cumulative side area) 

    Layer: Via2
      Partial area ratio:    0.20
      Required ratio:   20.00 (Gate area) 
      Cumulative area ratio:    0.30
      Required ratio:    0.00 (Cumulative area) 

    Layer: Metal3
      Partial area ratio:    7.38
      Required ratio:    0.00 (Gate area) 
      Cumulative area ratio:    9.58
      Required ratio:    0.00 (Cumulative area) 
      Partial area ratio:   29.37
      Required ratio:  400.00 (Side area) 
      Cumulative area ratio:   38.30
      Required ratio:    0.00 (Cumulative side area) 

    Layer: Via3
      Partial area ratio:    0.10
      Required ratio:   20.00 (Gate area) 
      Cumulative area ratio:    0.41
      Required ratio:    0.00 (Cumulative area) 

    Layer: Metal4
      Partial area ratio:  137.89
      Required ratio:    0.00 (Gate area) 
      Cumulative area ratio:  147.47
      Required ratio:    0.00 (Cumulative area) 
      Partial area ratio:  532.32
      Required ratio:  400.00 (Side area) (VIOLATED)
      Cumulative area ratio:  570.62
      Required ratio:    0.00 (Cumulative side area) 

    Layer: Via4
      Partial area ratio:    0.20
      Required ratio:   20.00 (Gate area) 
      Cumulative area ratio:    0.61
      Required ratio:    0.00 (Cumulative area) 

    Layer: Metal5
      Partial area ratio:    3.74
      Required ratio:    0.00 (Gate area) 
      Cumulative area ratio:  151.21
      Required ratio:    0.00 (Cumulative area) 
      Partial area ratio:   20.40
      Required ratio:  400.00 (Side area) 
      Cumulative area ratio:  591.02
      Required ratio:    0.00 (Cumulative side area) 



Net: u_dla.u_a_buffer.GEN_SRAM.GEN_A_ROWS\[1\].sram_q_raw\[2\]
  Pin:   fanout1800/A (gf180mcu_as_sc_mcu7t3v3__buff_2)
    Layer: Via1
      Partial area ratio:    0.10
      Required ratio:   20.00 (Gate area) 
      Cumulative area ratio:    0.10
      Required ratio:    0.00 (Cumulative area) 

    Layer: Metal2
      Partial area ratio:    2.23
      Required ratio:    0.00 (Gate area) 
      Cumulative area ratio:    2.23
      Required ratio:    0.00 (Cumulative area) 
      Partial area ratio:    9.06
      Required ratio:  400.00 (Side area) 
      Cumulative area ratio:    9.06
      Required ratio:    0.00 (Cumulative side area) 

    Layer: Via2
      Partial area ratio:    0.20
      Required ratio:   20.00 (Gate area) 
      Cumulative area ratio:    0.30
      Required ratio:    0.00 (Cumulative area) 

    Layer: Metal3
      Partial area ratio:    0.32
      Required ratio:    0.00 (Gate area) 
      Cumulative area ratio:    2.55
      Required ratio:    0.00 (Cumulative area) 
      Partial area ratio:    2.14
      Required ratio:  400.00 (Side area) 
      Cumulative area ratio:   11.20
      Required ratio:    0.00 (Cumulative side area) 

    Layer: Via3
      Partial area ratio:    0.10
      Required ratio:   20.00 (Gate area) 
      Cumulative area ratio:    0.41
      Required ratio:    0.00 (Cumulative area) 

    Layer: Metal4
      Partial area ratio:   21.42
      Required ratio:    0.00 (Gate area) 
      Cumulative area ratio:   23.97
      Required ratio:    0.00 (Cumulative area) 
      Partial area ratio:   83.07
      Required ratio:  400.00 (Side area) 
      Cumulative area ratio:   94.28
      Required ratio:    0.00 (Cumulative side area) 

    Layer: Via4
      Partial area ratio:    0.20
      Required ratio:   20.00 (Gate area) 
      Cumulative area ratio:    0.61
      Required ratio:    0.00 (Cumulative area) 

    Layer: Metal5
      Partial area ratio:    9.10
      Required ratio:    0.00 (Gate area) 
      Cumulative area ratio:   33.07
      Required ratio:    0.00 (Cumulative area) 
      Partial area ratio:   49.40
      Required ratio:  400.00 (Side area) 
      Cumulative area ratio:  143.68
      Required ratio:    0.00 (Cumulative side area) 


  Pin:   fanout1801/A (gf180mcu_as_sc_mcu7t3v3__buff_2)
    Layer: Via1
      Partial area ratio:    0.10
      Required ratio:   20.00 (Gate area) 
      Cumulative area ratio:    0.10
      Required ratio:    0.00 (Cumulative area) 

    Layer: Metal2
      Partial area ratio:    1.97
      Required ratio:    0.00 (Gate area) 
      Cumulative area ratio:    1.97
      Required ratio:    0.00 (Cumulative area) 
      Partial area ratio:    8.05
      Required ratio:  400.00 (Side area) 
      Cumulative area ratio:    8.05
      Required ratio:    0.00 (Cumulative side area) 

    Layer: Via2
      Partial area ratio:    0.20
      Required ratio:   20.00 (Gate area) 
      Cumulative area ratio:    0.30
      Required ratio:    0.00 (Cumulative area) 

    Layer: Metal3
      Partial area ratio:    0.32
      Required ratio:    0.00 (Gate area) 
      Cumulative area ratio:    2.29
      Required ratio:    0.00 (Cumulative area) 
      Partial area ratio:    2.14
      Required ratio:  400.00 (Side area) 
      Cumulative area ratio:   10.19
      Required ratio:    0.00 (Cumulative side area) 

    Layer: Via3
      Partial area ratio:    0.10
      Required ratio:   20.00 (Gate area) 
      Cumulative area ratio:    0.41
      Required ratio:    0.00 (Cumulative area) 

    Layer: Metal4
      Partial area ratio:  113.14
      Required ratio:    0.00 (Gate area) 
      Cumulative area ratio:  115.43
      Required ratio:    0.00 (Cumulative area) 
      Partial area ratio:  436.86
      Required ratio:  400.00 (Side area) (VIOLATED)
      Cumulative area ratio:  447.05
      Required ratio:    0.00 (Cumulative side area) 

    Layer: Via4
      Partial area ratio:    0.10
      Required ratio:   20.00 (Gate area) 
      Cumulative area ratio:    0.51
      Required ratio:    0.00 (Cumulative area) 

    Layer: Metal5
      Partial area ratio:    9.10
      Required ratio:    0.00 (Gate area) 
      Cumulative area ratio:  124.53
      Required ratio:    0.00 (Cumulative area) 
      Partial area ratio:   49.40
      Required ratio:  400.00 (Side area) 
      Cumulative area ratio:  496.45
      Required ratio:    0.00 (Cumulative side area) 


  Pin:   fanout1802/A (gf180mcu_as_sc_mcu7t3v3__buff_2)
    Layer: Via1
      Partial area ratio:    0.10
      Required ratio:   20.00 (Gate area) 
      Cumulative area ratio:    0.10
      Required ratio:    0.00 (Cumulative area) 

    Layer: Metal2
      Partial area ratio:    1.94
      Required ratio:    0.00 (Gate area) 
      Cumulative area ratio:    1.94
      Required ratio:    0.00 (Cumulative area) 
      Partial area ratio:    7.92
      Required ratio:  400.00 (Side area) 
      Cumulative area ratio:    7.92
      Required ratio:    0.00 (Cumulative side area) 

    Layer: Via2
      Partial area ratio:    0.20
      Required ratio:   20.00 (Gate area) 
      Cumulative area ratio:    0.30
      Required ratio:    0.00 (Cumulative area) 

    Layer: Metal3
      Partial area ratio:    3.85
      Required ratio:    0.00 (Gate area) 
      Cumulative area ratio:    5.78
      Required ratio:    0.00 (Cumulative area) 
      Partial area ratio:   15.75
      Required ratio:  400.00 (Side area) 
      Cumulative area ratio:   23.67
      Required ratio:    0.00 (Cumulative side area) 

    Layer: Via3
      Partial area ratio:    0.10
      Required ratio:   20.00 (Gate area) 
      Cumulative area ratio:    0.41
      Required ratio:    0.00 (Cumulative area) 

    Layer: Metal4
      Partial area ratio:   67.26
      Required ratio:    0.00 (Gate area) 
      Cumulative area ratio:   73.05
      Required ratio:    0.00 (Cumulative area) 
      Partial area ratio:  259.89
      Required ratio:  400.00 (Side area) 
      Cumulative area ratio:  283.56
      Required ratio:    0.00 (Cumulative side area) 

    Layer: Via4
      Partial area ratio:    0.10
      Required ratio:   20.00 (Gate area) 
      Cumulative area ratio:    0.51
      Required ratio:    0.00 (Cumulative area) 

    Layer: Metal5
      Partial area ratio:    9.10
      Required ratio:    0.00 (Gate area) 
      Cumulative area ratio:   82.15
      Required ratio:    0.00 (Cumulative area) 
      Partial area ratio:   49.40
      Required ratio:  400.00 (Side area) 
      Cumulative area ratio:  332.96
      Required ratio:    0.00 (Cumulative side area) 



Net: u_dla.u_a_buffer.GEN_SRAM.GEN_A_ROWS\[1\].sram_q_raw\[5\]
  Pin:   fanout1783/A (gf180mcu_as_sc_mcu7t3v3__buff_2)
    Layer: Via1
      Partial area ratio:    0.10
      Required ratio:   20.00 (Gate area) 
      Cumulative area ratio:    0.10
      Required ratio:    0.00 (Cumulative area) 

    Layer: Metal2
      Partial area ratio:    2.94
      Required ratio:    0.00 (Gate area) 
      Cumulative area ratio:    2.94
      Required ratio:    0.00 (Cumulative area) 
      Partial area ratio:   11.79
      Required ratio:  400.00 (Side area) 
      Cumulative area ratio:   11.79
      Required ratio:    0.00 (Cumulative side area) 

    Layer: Via2
      Partial area ratio:    0.20
      Required ratio:   20.00 (Gate area) 
      Cumulative area ratio:    0.30
      Required ratio:    0.00 (Cumulative area) 

    Layer: Metal3
      Partial area ratio:    0.32
      Required ratio:    0.00 (Gate area) 
      Cumulative area ratio:    3.26
      Required ratio:    0.00 (Cumulative area) 
      Partial area ratio:    2.14
      Required ratio:  400.00 (Side area) 
      Cumulative area ratio:   13.93
      Required ratio:    0.00 (Cumulative side area) 

    Layer: Via3
      Partial area ratio:    0.10
      Required ratio:   20.00 (Gate area) 
      Cumulative area ratio:    0.41
      Required ratio:    0.00 (Cumulative area) 

    Layer: Metal4
      Partial area ratio:   16.00
      Required ratio:    0.00 (Gate area) 
      Cumulative area ratio:   19.26
      Required ratio:    0.00 (Cumulative area) 
      Partial area ratio:   61.96
      Required ratio:  400.00 (Side area) 
      Cumulative area ratio:   75.88
      Required ratio:    0.00 (Cumulative side area) 

    Layer: Via4
      Partial area ratio:    0.05
      Required ratio:   20.00 (Gate area) 
      Cumulative area ratio:    0.46
      Required ratio:    0.00 (Cumulative area) 

    Layer: Metal5
      Partial area ratio:    2.94
      Required ratio:    0.00 (Gate area) 
      Cumulative area ratio:   22.20
      Required ratio:    0.00 (Cumulative area) 
      Partial area ratio:   15.99
      Required ratio:  400.00 (Side area) 
      Cumulative area ratio:   91.88
      Required ratio:    0.00 (Cumulative side area) 


  Pin:   fanout1784/A (gf180mcu_as_sc_mcu7t3v3__buff_2)
    Layer: Via1
      Partial area ratio:    0.10
      Required ratio:   20.00 (Gate area) 
      Cumulative area ratio:    0.10
      Required ratio:    0.00 (Cumulative area) 

    Layer: Metal2
      Partial area ratio:    3.35
      Required ratio:    0.00 (Gate area) 
      Cumulative area ratio:    3.35
      Required ratio:    0.00 (Cumulative area) 
      Partial area ratio:   13.37
      Required ratio:  400.00 (Side area) 
      Cumulative area ratio:   13.37
      Required ratio:    0.00 (Cumulative side area) 

    Layer: Via2
      Partial area ratio:    0.20
      Required ratio:   20.00 (Gate area) 
      Cumulative area ratio:    0.30
      Required ratio:    0.00 (Cumulative area) 

    Layer: Metal3
      Partial area ratio:   11.07
      Required ratio:    0.00 (Gate area) 
      Cumulative area ratio:   14.41
      Required ratio:    0.00 (Cumulative area) 
      Partial area ratio:   44.05
      Required ratio:  400.00 (Side area) 
      Cumulative area ratio:   57.42
      Required ratio:    0.00 (Cumulative side area) 

    Layer: Via3
      Partial area ratio:    0.10
      Required ratio:   20.00 (Gate area) 
      Cumulative area ratio:    0.41
      Required ratio:    0.00 (Cumulative area) 

    Layer: Metal4
      Partial area ratio:   16.00
      Required ratio:    0.00 (Gate area) 
      Cumulative area ratio:   30.42
      Required ratio:    0.00 (Cumulative area) 
      Partial area ratio:   61.96
      Required ratio:  400.00 (Side area) 
      Cumulative area ratio:  119.37
      Required ratio:    0.00 (Cumulative side area) 

    Layer: Via4
      Partial area ratio:    0.05
      Required ratio:   20.00 (Gate area) 
      Cumulative area ratio:    0.46
      Required ratio:    0.00 (Cumulative area) 

    Layer: Metal5
      Partial area ratio:    2.94
      Required ratio:    0.00 (Gate area) 
      Cumulative area ratio:   33.36
      Required ratio:    0.00 (Cumulative area) 
      Partial area ratio:   15.99
      Required ratio:  400.00 (Side area) 
      Cumulative area ratio:  135.37
      Required ratio:    0.00 (Cumulative side area) 


  Pin:   fanout1787/A (gf180mcu_as_sc_mcu7t3v3__buff_2)
    Layer: Via1
      Partial area ratio:    0.10
      Required ratio:   20.00 (Gate area) 
      Cumulative area ratio:    0.10
      Required ratio:    0.00 (Cumulative area) 

    Layer: Metal2
      Partial area ratio:    1.47
      Required ratio:    0.00 (Gate area) 
      Cumulative area ratio:    1.47
      Required ratio:    0.00 (Cumulative area) 
      Partial area ratio:    6.11
      Required ratio:  400.00 (Side area) 
      Cumulative area ratio:    6.11
      Required ratio:    0.00 (Cumulative side area) 

    Layer: Via2
      Partial area ratio:    0.20
      Required ratio:   20.00 (Gate area) 
      Cumulative area ratio:    0.30
      Required ratio:    0.00 (Cumulative area) 

    Layer: Metal3
      Partial area ratio:    0.32
      Required ratio:    0.00 (Gate area) 
      Cumulative area ratio:    1.78
      Required ratio:    0.00 (Cumulative area) 
      Partial area ratio:    2.14
      Required ratio:  400.00 (Side area) 
      Cumulative area ratio:    8.25
      Required ratio:    0.00 (Cumulative side area) 

    Layer: Via3
      Partial area ratio:    0.10
      Required ratio:   20.00 (Gate area) 
      Cumulative area ratio:    0.41
      Required ratio:    0.00 (Cumulative area) 

    Layer: Metal4
      Partial area ratio:  113.14
      Required ratio:    0.00 (Gate area) 
      Cumulative area ratio:  114.93
      Required ratio:    0.00 (Cumulative area) 
      Partial area ratio:  436.86
      Required ratio:  400.00 (Side area) (VIOLATED)
      Cumulative area ratio:  445.11
      Required ratio:    0.00 (Cumulative side area) 

    Layer: Via4
      Partial area ratio:    0.10
      Required ratio:   20.00 (Gate area) 
      Cumulative area ratio:    0.51
      Required ratio:    0.00 (Cumulative area) 

    Layer: Metal5
      Partial area ratio:    2.94
      Required ratio:    0.00 (Gate area) 
      Cumulative area ratio:  117.87
      Required ratio:    0.00 (Cumulative area) 
      Partial area ratio:   15.99
      Required ratio:  400.00 (Side area) 
      Cumulative area ratio:  461.10
      Required ratio:    0.00 (Cumulative side area) 



Net: u_dla.u_a_buffer.GEN_SRAM.GEN_A_ROWS\[1\].sram_q_raw\[7\]
  Pin:   fanout1767/A (gf180mcu_as_sc_mcu7t3v3__buff_2)
    Layer: Via1
      Partial area ratio:    0.10
      Required ratio:   20.00 (Gate area) 
      Cumulative area ratio:    0.10
      Required ratio:    0.00 (Cumulative area) 

    Layer: Metal2
      Partial area ratio:    1.76
      Required ratio:    0.00 (Gate area) 
      Cumulative area ratio:    1.76
      Required ratio:    0.00 (Cumulative area) 
      Partial area ratio:    7.25
      Required ratio:  400.00 (Side area) 
      Cumulative area ratio:    7.25
      Required ratio:    0.00 (Cumulative side area) 

    Layer: Via2
      Partial area ratio:    0.20
      Required ratio:   20.00 (Gate area) 
      Cumulative area ratio:    0.30
      Required ratio:    0.00 (Cumulative area) 

    Layer: Metal3
      Partial area ratio:    0.32
      Required ratio:    0.00 (Gate area) 
      Cumulative area ratio:    2.08
      Required ratio:    0.00 (Cumulative area) 
      Partial area ratio:    2.14
      Required ratio:  400.00 (Side area) 
      Cumulative area ratio:    9.39
      Required ratio:    0.00 (Cumulative side area) 

    Layer: Via3
      Partial area ratio:    0.10
      Required ratio:   20.00 (Gate area) 
      Cumulative area ratio:    0.41
      Required ratio:    0.00 (Cumulative area) 

    Layer: Metal4
      Partial area ratio:    0.16
      Required ratio:    0.00 (Gate area) 
      Cumulative area ratio:    2.24
      Required ratio:    0.00 (Cumulative area) 
      Partial area ratio:    1.07
      Required ratio:  400.00 (Side area) 
      Cumulative area ratio:   10.46
      Required ratio:    0.00 (Cumulative side area) 

    Layer: Via4
      Partial area ratio:    0.10
      Required ratio:   20.00 (Gate area) 
      Cumulative area ratio:    0.51
      Required ratio:    0.00 (Cumulative area) 

    Layer: Metal5
      Partial area ratio:    3.72
      Required ratio:    0.00 (Gate area) 
      Cumulative area ratio:    5.96
      Required ratio:    0.00 (Cumulative area) 
      Partial area ratio:   20.23
      Required ratio:  400.00 (Side area) 
      Cumulative area ratio:   30.68
      Required ratio:    0.00 (Cumulative side area) 


  Pin:   fanout1775/A (gf180mcu_as_sc_mcu7t3v3__buff_2)
    Layer: Via1
      Partial area ratio:    0.10
      Required ratio:   20.00 (Gate area) 
      Cumulative area ratio:    0.10
      Required ratio:    0.00 (Cumulative area) 

    Layer: Metal2
      Partial area ratio:    1.76
      Required ratio:    0.00 (Gate area) 
      Cumulative area ratio:    1.76
      Required ratio:    0.00 (Cumulative area) 
      Partial area ratio:    7.25
      Required ratio:  400.00 (Side area) 
      Cumulative area ratio:    7.25
      Required ratio:    0.00 (Cumulative side area) 

    Layer: Via2
      Partial area ratio:    0.20
      Required ratio:   20.00 (Gate area) 
      Cumulative area ratio:    0.30
      Required ratio:    0.00 (Cumulative area) 

    Layer: Metal3
      Partial area ratio:    7.38
      Required ratio:    0.00 (Gate area) 
      Cumulative area ratio:    9.14
      Required ratio:    0.00 (Cumulative area) 
      Partial area ratio:   29.37
      Required ratio:  400.00 (Side area) 
      Cumulative area ratio:   36.61
      Required ratio:    0.00 (Cumulative side area) 

    Layer: Via3
      Partial area ratio:    0.10
      Required ratio:   20.00 (Gate area) 
      Cumulative area ratio:    0.41
      Required ratio:    0.00 (Cumulative area) 

    Layer: Metal4
      Partial area ratio:  137.85
      Required ratio:    0.00 (Gate area) 
      Cumulative area ratio:  146.99
      Required ratio:    0.00 (Cumulative area) 
      Partial area ratio:  532.16
      Required ratio:  400.00 (Side area) (VIOLATED)
      Cumulative area ratio:  568.77
      Required ratio:    0.00 (Cumulative side area) 

    Layer: Via4
      Partial area ratio:    0.10
      Required ratio:   20.00 (Gate area) 
      Cumulative area ratio:    0.51
      Required ratio:    0.00 (Cumulative area) 

    Layer: Metal5
      Partial area ratio:    3.72
      Required ratio:    0.00 (Gate area) 
      Cumulative area ratio:  150.71
      Required ratio:    0.00 (Cumulative area) 
      Partial area ratio:   20.23
      Required ratio:  400.00 (Side area) 
      Cumulative area ratio:  589.00
      Required ratio:    0.00 (Cumulative side area) 



Net: u_dla.u_b_buffer.GEN_SRAM.GEN_B_COLS\[0\].sram_q_raw\[3\]
  Pin:   fanout1650/A (gf180mcu_as_sc_mcu7t3v3__buff_2)
    Layer: Via1
      Partial area ratio:    0.10
      Required ratio:   20.00 (Gate area) 
      Cumulative area ratio:    0.10
      Required ratio:    0.00 (Cumulative area) 

    Layer: Metal2
      Partial area ratio:    1.97
      Required ratio:    0.00 (Gate area) 
      Cumulative area ratio:    1.97
      Required ratio:    0.00 (Cumulative area) 
      Partial area ratio:    8.05
      Required ratio:  400.00 (Side area) 
      Cumulative area ratio:    8.05
      Required ratio:    0.00 (Cumulative side area) 

    Layer: Via2
      Partial area ratio:    0.20
      Required ratio:   20.00 (Gate area) 
      Cumulative area ratio:    0.30
      Required ratio:    0.00 (Cumulative area) 

    Layer: Metal3
      Partial area ratio:    0.32
      Required ratio:    0.00 (Gate area) 
      Cumulative area ratio:    2.29
      Required ratio:    0.00 (Cumulative area) 
      Partial area ratio:    2.14
      Required ratio:  400.00 (Side area) 
      Cumulative area ratio:   10.19
      Required ratio:    0.00 (Cumulative side area) 

    Layer: Via3
      Partial area ratio:    0.10
      Required ratio:   20.00 (Gate area) 
      Cumulative area ratio:    0.41
      Required ratio:    0.00 (Cumulative area) 

    Layer: Metal4
      Partial area ratio:    2.30
      Required ratio:    0.00 (Gate area) 
      Cumulative area ratio:    4.59
      Required ratio:    0.00 (Cumulative area) 
      Partial area ratio:    8.91
      Required ratio:  400.00 (Side area) 
      Cumulative area ratio:   19.10
      Required ratio:    0.00 (Cumulative side area) 

    Layer: Via4
      Partial area ratio:    0.10
      Required ratio:    0.00 (Gate area) 
      Cumulative area ratio:    0.51
      Required ratio:    0.00 (Cumulative area) 

    Layer: Metal5
      Partial area ratio:   15.82
      Required ratio:    0.00 (Gate area) 
      Cumulative area ratio:   20.41
      Required ratio:    0.00 (Cumulative area) 
      Partial area ratio:   85.64
      Required ratio:  400.00 (Side area) 
      Cumulative area ratio:  104.74
      Required ratio:    0.00 (Cumulative side area) 


  Pin:   fanout1651/A (gf180mcu_as_sc_mcu7t3v3__buff_2)
    Layer: Via1
      Partial area ratio:    0.10
      Required ratio:   20.00 (Gate area) 
      Cumulative area ratio:    0.10
      Required ratio:    0.00 (Cumulative area) 

    Layer: Metal2
      Partial area ratio:    3.38
      Required ratio:    0.00 (Gate area) 
      Cumulative area ratio:    3.38
      Required ratio:    0.00 (Cumulative area) 
      Partial area ratio:   13.50
      Required ratio:  400.00 (Side area) 
      Cumulative area ratio:   13.50
      Required ratio:    0.00 (Cumulative side area) 

    Layer: Via2
      Partial area ratio:    0.20
      Required ratio:   20.00 (Gate area) 
      Cumulative area ratio:    0.30
      Required ratio:    0.00 (Cumulative area) 

    Layer: Metal3
      Partial area ratio:    0.32
      Required ratio:    0.00 (Gate area) 
      Cumulative area ratio:    3.70
      Required ratio:    0.00 (Cumulative area) 
      Partial area ratio:    2.14
      Required ratio:  400.00 (Side area) 
      Cumulative area ratio:   15.64
      Required ratio:    0.00 (Cumulative side area) 

    Layer: Via3
      Partial area ratio:    0.10
      Required ratio:   20.00 (Gate area) 
      Cumulative area ratio:    0.41
      Required ratio:    0.00 (Cumulative area) 

    Layer: Metal4
      Partial area ratio:    0.16
      Required ratio:    0.00 (Gate area) 
      Cumulative area ratio:    3.86
      Required ratio:    0.00 (Cumulative area) 
      Partial area ratio:    1.07
      Required ratio:  400.00 (Side area) 
      Cumulative area ratio:   16.70
      Required ratio:    0.00 (Cumulative side area) 

    Layer: Via4
      Partial area ratio:    0.10
      Required ratio:   20.00 (Gate area) 
      Cumulative area ratio:    0.51
      Required ratio:    0.00 (Cumulative area) 

    Layer: Metal5
      Partial area ratio:   15.82
      Required ratio:    0.00 (Gate area) 
      Cumulative area ratio:   19.68
      Required ratio:    0.00 (Cumulative area) 
      Partial area ratio:   85.64
      Required ratio:  400.00 (Side area) 
      Cumulative area ratio:  102.35
      Required ratio:    0.00 (Cumulative side area) 


  Pin:   fanout1654/A (gf180mcu_as_sc_mcu7t3v3__buff_2)
    Layer: Via1
      Partial area ratio:    0.10
      Required ratio:   20.00 (Gate area) 
      Cumulative area ratio:    0.10
      Required ratio:    0.00 (Cumulative area) 

    Layer: Metal2
      Partial area ratio:    1.96
      Required ratio:    0.00 (Gate area) 
      Cumulative area ratio:    1.96
      Required ratio:    0.00 (Cumulative area) 
      Partial area ratio:    8.03
      Required ratio:  400.00 (Side area) 
      Cumulative area ratio:    8.03
      Required ratio:    0.00 (Cumulative side area) 

    Layer: Via2
      Partial area ratio:    0.20
      Required ratio:   20.00 (Gate area) 
      Cumulative area ratio:    0.30
      Required ratio:    0.00 (Cumulative area) 

    Layer: Metal3
      Partial area ratio:  155.61
      Required ratio:    0.00 (Gate area) 
      Cumulative area ratio:  157.58
      Required ratio:    0.00 (Cumulative area) 
      Partial area ratio:  601.13
      Required ratio:  400.00 (Side area) (VIOLATED)
      Cumulative area ratio:  609.16
      Required ratio:    0.00 (Cumulative side area) 

    Layer: Via3
      Partial area ratio:    0.10
      Required ratio:   20.00 (Gate area) 
      Cumulative area ratio:    0.41
      Required ratio:    0.00 (Cumulative area) 

    Layer: Metal4
      Partial area ratio:   10.79
      Required ratio:    0.00 (Gate area) 
      Cumulative area ratio:  168.37
      Required ratio:    0.00 (Cumulative area) 
      Partial area ratio:   42.07
      Required ratio:  400.00 (Side area) 
      Cumulative area ratio:  651.23
      Required ratio:    0.00 (Cumulative side area) 

    Layer: Via4
      Partial area ratio:    0.10
      Required ratio:   20.00 (Gate area) 
      Cumulative area ratio:    0.51
      Required ratio:    0.00 (Cumulative area) 

    Layer: Metal5
      Partial area ratio:   15.82
      Required ratio:    0.00 (Gate area) 
      Cumulative area ratio:  184.18
      Required ratio:    0.00 (Cumulative area) 
      Partial area ratio:   85.64
      Required ratio:  400.00 (Side area) 
      Cumulative area ratio:  736.87
      Required ratio:    0.00 (Cumulative side area) 



Net: u_dla.u_b_buffer.GEN_SRAM.GEN_B_COLS\[0\].sram_q_raw\[7\]
  Pin:   _23878_/A (gf180mcu_as_sc_mcu7t3v3__inv_2)
    Layer: Via1
      Partial area ratio:    0.05
      Required ratio:   20.00 (Gate area) 
      Cumulative area ratio:    0.05
      Required ratio:    0.00 (Cumulative area) 

    Layer: Metal2
      Partial area ratio:    1.45
      Required ratio:    0.00 (Gate area) 
      Cumulative area ratio:    1.45
      Required ratio:    0.00 (Cumulative area) 
      Partial area ratio:    5.81
      Required ratio:  400.00 (Side area) 
      Cumulative area ratio:    5.81
      Required ratio:    0.00 (Cumulative side area) 

    Layer: Via2
      Partial area ratio:    0.10
      Required ratio:   20.00 (Gate area) 
      Cumulative area ratio:    0.15
      Required ratio:    0.00 (Cumulative area) 

    Layer: Metal3
      Partial area ratio:    0.16
      Required ratio:    0.00 (Gate area) 
      Cumulative area ratio:    1.61
      Required ratio:    0.00 (Cumulative area) 
      Partial area ratio:    1.07
      Required ratio:  400.00 (Side area) 
      Cumulative area ratio:    6.88
      Required ratio:    0.00 (Cumulative side area) 

    Layer: Via3
      Partial area ratio:    0.05
      Required ratio:   20.00 (Gate area) 
      Cumulative area ratio:    0.20
      Required ratio:    0.00 (Cumulative area) 

    Layer: Metal4
      Partial area ratio:    7.53
      Required ratio:    0.00 (Gate area) 
      Cumulative area ratio:    9.14
      Required ratio:    0.00 (Cumulative area) 
      Partial area ratio:   29.12
      Required ratio:  400.00 (Side area) 
      Cumulative area ratio:   36.00
      Required ratio:    0.00 (Cumulative side area) 


  Pin:   _27082_/A (gf180mcu_as_sc_mcu7t3v3__nor2b_2)
    Layer: Via1
      Partial area ratio:    0.10
      Required ratio:   20.00 (Gate area) 
      Cumulative area ratio:    0.10
      Required ratio:    0.00 (Cumulative area) 

    Layer: Metal2
      Partial area ratio:    2.17
      Required ratio:    0.00 (Gate area) 
      Cumulative area ratio:    2.17
      Required ratio:    0.00 (Cumulative area) 
      Partial area ratio:    8.84
      Required ratio:  400.00 (Side area) 
      Cumulative area ratio:    8.84
      Required ratio:    0.00 (Cumulative side area) 

    Layer: Via2
      Partial area ratio:    0.20
      Required ratio:   20.00 (Gate area) 
      Cumulative area ratio:    0.30
      Required ratio:    0.00 (Cumulative area) 

    Layer: Metal3
      Partial area ratio:  130.85
      Required ratio:    0.00 (Gate area) 
      Cumulative area ratio:  133.03
      Required ratio:    0.00 (Cumulative area) 
      Partial area ratio:  505.48
      Required ratio:  400.00 (Side area) (VIOLATED)
      Cumulative area ratio:  514.32
      Required ratio:    0.00 (Cumulative side area) 

    Layer: Via3
      Partial area ratio:    0.10
      Required ratio:   20.00 (Gate area) 
      Cumulative area ratio:    0.41
      Required ratio:    0.00 (Cumulative area) 

    Layer: Metal4
      Partial area ratio:    7.53
      Required ratio:    0.00 (Gate area) 
      Cumulative area ratio:  140.56
      Required ratio:    0.00 (Cumulative area) 
      Partial area ratio:   29.12
      Required ratio:  400.00 (Side area) 
      Cumulative area ratio:  543.44
      Required ratio:    0.00 (Cumulative side area) 


  Pin:   _27110_/A (gf180mcu_as_sc_mcu7t3v3__xnor2_2)
    Layer: Metal1
      Partial area ratio:    0.00
      Required ratio:    0.00 (Gate area) 
      Cumulative area ratio:    0.00
      Required ratio:    0.00 (Cumulative area) 
      Partial area ratio:    0.43
      Required ratio:  400.00 (Side area) 
      Cumulative area ratio:    0.43
      Required ratio:    0.00 (Cumulative side area) 

    Layer: Via1
      Partial area ratio:    0.05
      Required ratio:   20.00 (Gate area) 
      Cumulative area ratio:    0.05
      Required ratio:    0.00 (Cumulative area) 

    Layer: Metal2
      Partial area ratio:    5.53
      Required ratio:    0.00 (Gate area) 
      Cumulative area ratio:    5.53
      Required ratio:    0.00 (Cumulative area) 
      Partial area ratio:   21.56
      Required ratio:  400.00 (Side area) 
      Cumulative area ratio:   21.99
      Required ratio:    0.00 (Cumulative side area) 

    Layer: Via2
      Partial area ratio:    0.15
      Required ratio:   20.00 (Gate area) 
      Cumulative area ratio:    0.20
      Required ratio:    0.00 (Cumulative area) 

    Layer: Metal3
      Partial area ratio:  130.85
      Required ratio:    0.00 (Gate area) 
      Cumulative area ratio:  136.39
      Required ratio:    0.00 (Cumulative area) 
      Partial area ratio:  505.48
      Required ratio:  400.00 (Side area) (VIOLATED)
      Cumulative area ratio:  527.47
      Required ratio:    0.00 (Cumulative side area) 

    Layer: Via3
      Partial area ratio:    0.10
      Required ratio:   20.00 (Gate area) 
      Cumulative area ratio:    0.30
      Required ratio:    0.00 (Cumulative area) 

    Layer: Metal4
      Partial area ratio:    7.53
      Required ratio:    0.00 (Gate area) 
      Cumulative area ratio:  143.92
      Required ratio:    0.00 (Cumulative area) 
      Partial area ratio:   29.12
      Required ratio:  400.00 (Side area) 
      Cumulative area ratio:  556.59
      Required ratio:    0.00 (Cumulative side area) 


  Pin:   _31690_/A (gf180mcu_as_sc_mcu7t3v3__xnor2_2)
    Layer: Metal1
      Partial area ratio:    0.00
      Required ratio:    0.00 (Gate area) 
      Cumulative area ratio:    0.00
      Required ratio:    0.00 (Cumulative area) 
      Partial area ratio:    0.43
      Required ratio:  400.00 (Side area) 
      Cumulative area ratio:    0.43
      Required ratio:    0.00 (Cumulative side area) 

    Layer: Via1
      Partial area ratio:    0.05
      Required ratio:   20.00 (Gate area) 
      Cumulative area ratio:    0.05
      Required ratio:    0.00 (Cumulative area) 

    Layer: Metal2
      Partial area ratio:    0.54
      Required ratio:    0.00 (Gate area) 
      Cumulative area ratio:    0.54
      Required ratio:    0.00 (Cumulative area) 
      Partial area ratio:    2.31
      Required ratio:  400.00 (Side area) 
      Cumulative area ratio:    2.73
      Required ratio:    0.00 (Cumulative side area) 

    Layer: Via2
      Partial area ratio:    0.10
      Required ratio:   20.00 (Gate area) 
      Cumulative area ratio:    0.15
      Required ratio:    0.00 (Cumulative area) 

    Layer: Metal3
      Partial area ratio:    0.16
      Required ratio:    0.00 (Gate area) 
      Cumulative area ratio:    0.70
      Required ratio:    0.00 (Cumulative area) 
      Partial area ratio:    1.07
      Required ratio:  400.00 (Side area) 
      Cumulative area ratio:    3.80
      Required ratio:    0.00 (Cumulative side area) 

    Layer: Via3
      Partial area ratio:    0.05
      Required ratio:   20.00 (Gate area) 
      Cumulative area ratio:    0.20
      Required ratio:    0.00 (Cumulative area) 

    Layer: Metal4
      Partial area ratio:    7.53
      Required ratio:    0.00 (Gate area) 
      Cumulative area ratio:    8.23
      Required ratio:    0.00 (Cumulative area) 
      Partial area ratio:   29.12
      Required ratio:  400.00 (Side area) 
      Cumulative area ratio:   32.92
      Required ratio:    0.00 (Cumulative side area) 


  Pin:   _44754_/A (gf180mcu_as_sc_mcu7t3v3__xnor2_2)
    Layer: Metal1
      Partial area ratio:    0.00
      Required ratio:    0.00 (Gate area) 
      Cumulative area ratio:    0.00
      Required ratio:    0.00 (Cumulative area) 
      Partial area ratio:    0.43
      Required ratio:  400.00 (Side area) 
      Cumulative area ratio:    0.43
      Required ratio:    0.00 (Cumulative side area) 

    Layer: Via1
      Partial area ratio:    0.05
      Required ratio:   20.00 (Gate area) 
      Cumulative area ratio:    0.05
      Required ratio:    0.00 (Cumulative area) 

    Layer: Metal2
      Partial area ratio:    0.78
      Required ratio:    0.00 (Gate area) 
      Cumulative area ratio:    0.78
      Required ratio:    0.00 (Cumulative area) 
      Partial area ratio:    3.22
      Required ratio:  400.00 (Side area) 
      Cumulative area ratio:    3.64
      Required ratio:    0.00 (Cumulative side area) 

    Layer: Via2
      Partial area ratio:    0.10
      Required ratio:   20.00 (Gate area) 
      Cumulative area ratio:    0.15
      Required ratio:    0.00 (Cumulative area) 

    Layer: Metal3
      Partial area ratio:    1.92
      Required ratio:    0.00 (Gate area) 
      Cumulative area ratio:    2.70
      Required ratio:    0.00 (Cumulative area) 
      Partial area ratio:    7.88
      Required ratio:  400.00 (Side area) 
      Cumulative area ratio:   11.52
      Required ratio:    0.00 (Cumulative side area) 

    Layer: Via3
      Partial area ratio:    0.05
      Required ratio:   20.00 (Gate area) 
      Cumulative area ratio:    0.20
      Required ratio:    0.00 (Cumulative area) 

    Layer: Metal4
      Partial area ratio:    7.53
      Required ratio:    0.00 (Gate area) 
      Cumulative area ratio:   10.23
      Required ratio:    0.00 (Cumulative area) 
      Partial area ratio:   29.12
      Required ratio:  400.00 (Side area) 
      Cumulative area ratio:   40.64
      Required ratio:    0.00 (Cumulative side area) 



Net: u_dla.u_b_buffer.GEN_SRAM.GEN_B_COLS\[1\].sram_q_raw\[4\]
  Pin:   fanout1608/A (gf180mcu_as_sc_mcu7t3v3__buff_2)
    Layer: Via1
      Partial area ratio:    0.10
      Required ratio:   20.00 (Gate area) 
      Cumulative area ratio:    0.10
      Required ratio:    0.00 (Cumulative area) 

    Layer: Metal2
      Partial area ratio:    1.73
      Required ratio:    0.00 (Gate area) 
      Cumulative area ratio:    1.73
      Required ratio:    0.00 (Cumulative area) 
      Partial area ratio:    7.12
      Required ratio:  400.00 (Side area) 
      Cumulative area ratio:    7.12
      Required ratio:    0.00 (Cumulative side area) 

    Layer: Via2
      Partial area ratio:    0.20
      Required ratio:   20.00 (Gate area) 
      Cumulative area ratio:    0.30
      Required ratio:    0.00 (Cumulative area) 

    Layer: Metal3
      Partial area ratio:    0.32
      Required ratio:    0.00 (Gate area) 
      Cumulative area ratio:    2.05
      Required ratio:    0.00 (Cumulative area) 
      Partial area ratio:    2.14
      Required ratio:  400.00 (Side area) 
      Cumulative area ratio:    9.26
      Required ratio:    0.00 (Cumulative side area) 

    Layer: Via3
      Partial area ratio:    0.10
      Required ratio:   20.00 (Gate area) 
      Cumulative area ratio:    0.41
      Required ratio:    0.00 (Cumulative area) 

    Layer: Metal4
      Partial area ratio:   30.72
      Required ratio:    0.00 (Gate area) 
      Cumulative area ratio:   32.77
      Required ratio:    0.00 (Cumulative area) 
      Partial area ratio:  118.80
      Required ratio:  400.00 (Side area) 
      Cumulative area ratio:  128.06
      Required ratio:    0.00 (Cumulative side area) 

    Layer: Via4
      Partial area ratio:    0.03
      Required ratio:   20.00 (Gate area) 
      Cumulative area ratio:    0.44
      Required ratio:    0.00 (Cumulative area) 

    Layer: Metal5
      Partial area ratio:    0.89
      Required ratio:    0.00 (Gate area) 
      Cumulative area ratio:   33.66
      Required ratio:    0.00 (Cumulative area) 
      Partial area ratio:    4.91
      Required ratio:  400.00 (Side area) 
      Cumulative area ratio:  132.98
      Required ratio:    0.00 (Cumulative side area) 


  Pin:   fanout1609/A (gf180mcu_as_sc_mcu7t3v3__buff_2)
    Layer: Via1
      Partial area ratio:    0.10
      Required ratio:   20.00 (Gate area) 
      Cumulative area ratio:    0.10
      Required ratio:    0.00 (Cumulative area) 

    Layer: Metal2
      Partial area ratio:    1.22
      Required ratio:    0.00 (Gate area) 
      Cumulative area ratio:    1.22
      Required ratio:    0.00 (Cumulative area) 
      Partial area ratio:    5.14
      Required ratio:  400.00 (Side area) 
      Cumulative area ratio:    5.14
      Required ratio:    0.00 (Cumulative side area) 

    Layer: Via2
      Partial area ratio:    0.11
      Required ratio:   20.00 (Gate area) 
      Cumulative area ratio:    0.22
      Required ratio:    0.00 (Cumulative area) 

    Layer: Metal3
      Partial area ratio:   21.35
      Required ratio:    0.00 (Gate area) 
      Cumulative area ratio:   22.57
      Required ratio:    0.00 (Cumulative area) 
      Partial area ratio:   82.80
      Required ratio:  400.00 (Side area) 
      Cumulative area ratio:   87.94
      Required ratio:    0.00 (Cumulative side area) 

    Layer: Via3
      Partial area ratio:    0.20
      Required ratio:   20.00 (Gate area) 
      Cumulative area ratio:    0.42
      Required ratio:    0.00 (Cumulative area) 

    Layer: Metal4
      Partial area ratio:   30.72
      Required ratio:    0.00 (Gate area) 
      Cumulative area ratio:   53.30
      Required ratio:    0.00 (Cumulative area) 
      Partial area ratio:  118.80
      Required ratio:  400.00 (Side area) 
      Cumulative area ratio:  206.75
      Required ratio:    0.00 (Cumulative side area) 

    Layer: Via4
      Partial area ratio:    0.03
      Required ratio:   20.00 (Gate area) 
      Cumulative area ratio:    0.45
      Required ratio:    0.00 (Cumulative area) 

    Layer: Metal5
      Partial area ratio:    0.89
      Required ratio:    0.00 (Gate area) 
      Cumulative area ratio:   54.19
      Required ratio:    0.00 (Cumulative area) 
      Partial area ratio:    4.91
      Required ratio:  400.00 (Side area) 
      Cumulative area ratio:  211.66
      Required ratio:    0.00 (Cumulative side area) 


  Pin:   fanout1611/A (gf180mcu_as_sc_mcu7t3v3__buff_2)
    Layer: Via1
      Partial area ratio:    0.10
      Required ratio:   20.00 (Gate area) 
      Cumulative area ratio:    0.10
      Required ratio:    0.00 (Cumulative area) 

    Layer: Metal2
      Partial area ratio:    1.50
      Required ratio:    0.00 (Gate area) 
      Cumulative area ratio:    1.50
      Required ratio:    0.00 (Cumulative area) 
      Partial area ratio:    6.24
      Required ratio:  400.00 (Side area) 
      Cumulative area ratio:    6.24
      Required ratio:    0.00 (Cumulative side area) 

    Layer: Via2
      Partial area ratio:    0.20
      Required ratio:   20.00 (Gate area) 
      Cumulative area ratio:    0.30
      Required ratio:    0.00 (Cumulative area) 

    Layer: Metal3
      Partial area ratio:  127.38
      Required ratio:    0.00 (Gate area) 
      Cumulative area ratio:  128.88
      Required ratio:    0.00 (Cumulative area) 
      Partial area ratio:  492.22
      Required ratio:  400.00 (Side area) (VIOLATED)
      Cumulative area ratio:  498.46
      Required ratio:    0.00 (Cumulative side area) 

    Layer: Via3
      Partial area ratio:    0.10
      Required ratio:   20.00 (Gate area) 
      Cumulative area ratio:    0.41
      Required ratio:    0.00 (Cumulative area) 

    Layer: Metal4
      Partial area ratio:   30.72
      Required ratio:    0.00 (Gate area) 
      Cumulative area ratio:  159.60
      Required ratio:    0.00 (Cumulative area) 
      Partial area ratio:  118.80
      Required ratio:  400.00 (Side area) 
      Cumulative area ratio:  617.26
      Required ratio:    0.00 (Cumulative side area) 

    Layer: Via4
      Partial area ratio:    0.03
      Required ratio:   20.00 (Gate area) 
      Cumulative area ratio:    0.44
      Required ratio:    0.00 (Cumulative area) 

    Layer: Metal5
      Partial area ratio:    0.89
      Required ratio:    0.00 (Gate area) 
      Cumulative area ratio:  160.49
      Required ratio:    0.00 (Cumulative area) 
      Partial area ratio:    4.91
      Required ratio:  400.00 (Side area) 
      Cumulative area ratio:  622.18
      Required ratio:    0.00 (Cumulative side area) 



Net: u_dla.u_b_buffer.GEN_SRAM.GEN_B_COLS\[1\].sram_q_raw\[7\]
  Pin:   _23897_/A (gf180mcu_as_sc_mcu7t3v3__inv_2)
    Layer: Via1
      Partial area ratio:    0.05
      Required ratio:   20.00 (Gate area) 
      Cumulative area ratio:    0.05
      Required ratio:    0.00 (Cumulative area) 

    Layer: Metal2
      Partial area ratio:    1.46
      Required ratio:    0.00 (Gate area) 
      Cumulative area ratio:    1.46
      Required ratio:    0.00 (Cumulative area) 
      Partial area ratio:    5.86
      Required ratio:  400.00 (Side area) 
      Cumulative area ratio:    5.86
      Required ratio:    0.00 (Cumulative side area) 

    Layer: Via2
      Partial area ratio:    0.10
      Required ratio:   20.00 (Gate area) 
      Cumulative area ratio:    0.15
      Required ratio:    0.00 (Cumulative area) 

    Layer: Metal3
      Partial area ratio:  114.95
      Required ratio:    0.00 (Gate area) 
      Cumulative area ratio:  116.41
      Required ratio:    0.00 (Cumulative area) 
      Partial area ratio:  444.04
      Required ratio:  400.00 (Side area) (VIOLATED)
      Cumulative area ratio:  449.90
      Required ratio:    0.00 (Cumulative side area) 

    Layer: Via3
      Partial area ratio:    0.15
      Required ratio:   20.00 (Gate area) 
      Cumulative area ratio:    0.30
      Required ratio:    0.00 (Cumulative area) 

    Layer: Metal4
      Partial area ratio:   25.98
      Required ratio:    0.00 (Gate area) 
      Cumulative area ratio:  142.39
      Required ratio:    0.00 (Cumulative area) 
      Partial area ratio:  100.45
      Required ratio:  400.00 (Side area) 
      Cumulative area ratio:  550.35
      Required ratio:    0.00 (Cumulative side area) 

    Layer: Via4
      Partial area ratio:    0.03
      Required ratio:   20.00 (Gate area) 
      Cumulative area ratio:    0.34
      Required ratio:    0.00 (Cumulative area) 

    Layer: Metal5
      Partial area ratio:    9.98
      Required ratio:    0.00 (Gate area) 
      Cumulative area ratio:  152.37
      Required ratio:    0.00 (Cumulative area) 
      Partial area ratio:   54.12
      Required ratio:  400.00 (Side area) 
      Cumulative area ratio:  604.47
      Required ratio:    0.00 (Cumulative side area) 


  Pin:   _27682_/A (gf180mcu_as_sc_mcu7t3v3__xnor2_2)
    Layer: Metal1
      Partial area ratio:    0.00
      Required ratio:    0.00 (Gate area) 
      Cumulative area ratio:    0.00
      Required ratio:    0.00 (Cumulative area) 
      Partial area ratio:    0.43
      Required ratio:  400.00 (Side area) 
      Cumulative area ratio:    0.43
      Required ratio:    0.00 (Cumulative side area) 

    Layer: Via1
      Partial area ratio:    0.05
      Required ratio:   20.00 (Gate area) 
      Cumulative area ratio:    0.05
      Required ratio:    0.00 (Cumulative area) 

    Layer: Metal2
      Partial area ratio:    1.07
      Required ratio:    0.00 (Gate area) 
      Cumulative area ratio:    1.07
      Required ratio:    0.00 (Cumulative area) 
      Partial area ratio:    4.37
      Required ratio:  400.00 (Side area) 
      Cumulative area ratio:    4.79
      Required ratio:    0.00 (Cumulative side area) 

    Layer: Via2
      Partial area ratio:    0.10
      Required ratio:   20.00 (Gate area) 
      Cumulative area ratio:    0.15
      Required ratio:    0.00 (Cumulative area) 

    Layer: Metal3
      Partial area ratio:    0.16
      Required ratio:    0.00 (Gate area) 
      Cumulative area ratio:    1.23
      Required ratio:    0.00 (Cumulative area) 
      Partial area ratio:    1.07
      Required ratio:  400.00 (Side area) 
      Cumulative area ratio:    5.86
      Required ratio:    0.00 (Cumulative side area) 

    Layer: Via3
      Partial area ratio:    0.05
      Required ratio:   20.00 (Gate area) 
      Cumulative area ratio:    0.20
      Required ratio:    0.00 (Cumulative area) 

    Layer: Metal4
      Partial area ratio:   25.98
      Required ratio:    0.00 (Gate area) 
      Cumulative area ratio:   27.22
      Required ratio:    0.00 (Cumulative area) 
      Partial area ratio:  100.45
      Required ratio:  400.00 (Side area) 
      Cumulative area ratio:  106.31
      Required ratio:    0.00 (Cumulative side area) 

    Layer: Via4
      Partial area ratio:    0.03
      Required ratio:   20.00 (Gate area) 
      Cumulative area ratio:    0.24
      Required ratio:    0.00 (Cumulative area) 

    Layer: Metal5
      Partial area ratio:    9.98
      Required ratio:    0.00 (Gate area) 
      Cumulative area ratio:   37.20
      Required ratio:    0.00 (Cumulative area) 
      Partial area ratio:   54.12
      Required ratio:  400.00 (Side area) 
      Cumulative area ratio:  160.43
      Required ratio:    0.00 (Cumulative side area) 


  Pin:   _32261_/A (gf180mcu_as_sc_mcu7t3v3__xnor2_2)
    Layer: Metal1
      Partial area ratio:    0.00
      Required ratio:    0.00 (Gate area) 
      Cumulative area ratio:    0.00
      Required ratio:    0.00 (Cumulative area) 
      Partial area ratio:    0.43
      Required ratio:  400.00 (Side area) 
      Cumulative area ratio:    0.43
      Required ratio:    0.00 (Cumulative side area) 

    Layer: Via1
      Partial area ratio:    0.05
      Required ratio:   20.00 (Gate area) 
      Cumulative area ratio:    0.05
      Required ratio:    0.00 (Cumulative area) 

    Layer: Metal2
      Partial area ratio:    1.31
      Required ratio:    0.00 (Gate area) 
      Cumulative area ratio:    1.31
      Required ratio:    0.00 (Cumulative area) 
      Partial area ratio:    5.28
      Required ratio:  400.00 (Side area) 
      Cumulative area ratio:    5.70
      Required ratio:    0.00 (Cumulative side area) 

    Layer: Via2
      Partial area ratio:    0.10
      Required ratio:   20.00 (Gate area) 
      Cumulative area ratio:    0.15
      Required ratio:    0.00 (Cumulative area) 

    Layer: Metal3
      Partial area ratio:    0.16
      Required ratio:    0.00 (Gate area) 
      Cumulative area ratio:    1.47
      Required ratio:    0.00 (Cumulative area) 
      Partial area ratio:    1.07
      Required ratio:  400.00 (Side area) 
      Cumulative area ratio:    6.77
      Required ratio:    0.00 (Cumulative side area) 

    Layer: Via3
      Partial area ratio:    0.05
      Required ratio:   20.00 (Gate area) 
      Cumulative area ratio:    0.20
      Required ratio:    0.00 (Cumulative area) 

    Layer: Metal4
      Partial area ratio:   25.98
      Required ratio:    0.00 (Gate area) 
      Cumulative area ratio:   27.45
      Required ratio:    0.00 (Cumulative area) 
      Partial area ratio:  100.45
      Required ratio:  400.00 (Side area) 
      Cumulative area ratio:  107.22
      Required ratio:    0.00 (Cumulative side area) 

    Layer: Via4
      Partial area ratio:    0.03
      Required ratio:   20.00 (Gate area) 
      Cumulative area ratio:    0.24
      Required ratio:    0.00 (Cumulative area) 

    Layer: Metal5
      Partial area ratio:    9.98
      Required ratio:    0.00 (Gate area) 
      Cumulative area ratio:   37.43
      Required ratio:    0.00 (Cumulative area) 
      Partial area ratio:   54.12
      Required ratio:  400.00 (Side area) 
      Cumulative area ratio:  161.34
      Required ratio:    0.00 (Cumulative side area) 


  Pin:   _45322_/A (gf180mcu_as_sc_mcu7t3v3__xnor2_2)
    Layer: Metal1
      Partial area ratio:    0.00
      Required ratio:    0.00 (Gate area) 
      Cumulative area ratio:    0.00
      Required ratio:    0.00 (Cumulative area) 
      Partial area ratio:    0.43
      Required ratio:  400.00 (Side area) 
      Cumulative area ratio:    0.43
      Required ratio:    0.00 (Cumulative side area) 

    Layer: Via1
      Partial area ratio:    0.05
      Required ratio:   20.00 (Gate area) 
      Cumulative area ratio:    0.05
      Required ratio:    0.00 (Cumulative area) 

    Layer: Metal2
      Partial area ratio:    1.55
      Required ratio:    0.00 (Gate area) 
      Cumulative area ratio:    1.55
      Required ratio:    0.00 (Cumulative area) 
      Partial area ratio:    6.20
      Required ratio:  400.00 (Side area) 
      Cumulative area ratio:    6.63
      Required ratio:    0.00 (Cumulative side area) 

    Layer: Via2
      Partial area ratio:    0.10
      Required ratio:   20.00 (Gate area) 
      Cumulative area ratio:    0.15
      Required ratio:    0.00 (Cumulative area) 

    Layer: Metal3
      Partial area ratio:   16.04
      Required ratio:    0.00 (Gate area) 
      Cumulative area ratio:   17.59
      Required ratio:    0.00 (Cumulative area) 
      Partial area ratio:   62.33
      Required ratio:  400.00 (Side area) 
      Cumulative area ratio:   68.96
      Required ratio:    0.00 (Cumulative side area) 

    Layer: Via3
      Partial area ratio:    0.05
      Required ratio:   20.00 (Gate area) 
      Cumulative area ratio:    0.20
      Required ratio:    0.00 (Cumulative area) 

    Layer: Metal4
      Partial area ratio:   23.04
      Required ratio:    0.00 (Gate area) 
      Cumulative area ratio:   40.63
      Required ratio:    0.00 (Cumulative area) 
      Partial area ratio:   89.10
      Required ratio:  400.00 (Side area) 
      Cumulative area ratio:  158.06
      Required ratio:    0.00 (Cumulative side area) 

    Layer: Via4
      Partial area ratio:    0.05
      Required ratio:   20.00 (Gate area) 
      Cumulative area ratio:    0.25
      Required ratio:    0.00 (Cumulative area) 

    Layer: Metal5
      Partial area ratio:    9.98
      Required ratio:    0.00 (Gate area) 
      Cumulative area ratio:   50.62
      Required ratio:    0.00 (Cumulative area) 
      Partial area ratio:   54.12
      Required ratio:  400.00 (Side area) 
      Cumulative area ratio:  212.18
      Required ratio:    0.00 (Cumulative side area) 



Net: u_dla.u_b_buffer.GEN_SRAM.GEN_B_COLS\[2\].sram_q_raw\[3\]
  Pin:   fanout1579/A (gf180mcu_as_sc_mcu7t3v3__buff_2)
    Layer: Via1
      Partial area ratio:    0.10
      Required ratio:   20.00 (Gate area) 
      Cumulative area ratio:    0.10
      Required ratio:    0.00 (Cumulative area) 

    Layer: Metal2
      Partial area ratio:    3.41
      Required ratio:    0.00 (Gate area) 
      Cumulative area ratio:    3.41
      Required ratio:    0.00 (Cumulative area) 
      Partial area ratio:   13.60
      Required ratio:  400.00 (Side area) 
      Cumulative area ratio:   13.60
      Required ratio:    0.00 (Cumulative side area) 

    Layer: Via2
      Partial area ratio:    0.20
      Required ratio:   20.00 (Gate area) 
      Cumulative area ratio:    0.30
      Required ratio:    0.00 (Cumulative area) 

    Layer: Metal3
      Partial area ratio:    0.32
      Required ratio:    0.00 (Gate area) 
      Cumulative area ratio:    3.73
      Required ratio:    0.00 (Cumulative area) 
      Partial area ratio:    2.14
      Required ratio:  400.00 (Side area) 
      Cumulative area ratio:   15.74
      Required ratio:    0.00 (Cumulative side area) 

    Layer: Via3
      Partial area ratio:    0.10
      Required ratio:   20.00 (Gate area) 
      Cumulative area ratio:    0.41
      Required ratio:    0.00 (Cumulative area) 

    Layer: Metal4
      Partial area ratio:  134.52
      Required ratio:    0.00 (Gate area) 
      Cumulative area ratio:  138.25
      Required ratio:    0.00 (Cumulative area) 
      Partial area ratio:  519.77
      Required ratio:  400.00 (Side area) (VIOLATED)
      Cumulative area ratio:  535.51
      Required ratio:    0.00 (Cumulative side area) 

    Layer: Via4
      Partial area ratio:    0.10
      Required ratio:   20.00 (Gate area) 
      Cumulative area ratio:    0.51
      Required ratio:    0.00 (Cumulative area) 

    Layer: Metal5
      Partial area ratio:    0.67
      Required ratio:    0.00 (Gate area) 
      Cumulative area ratio:  138.92
      Required ratio:    0.00 (Cumulative area) 
      Partial area ratio:    3.72
      Required ratio:  400.00 (Side area) 
      Cumulative area ratio:  539.24
      Required ratio:    0.00 (Cumulative side area) 



Net: u_dla.u_b_buffer.GEN_SRAM.GEN_B_COLS\[3\].sram_q_raw\[6\]
  Pin:   fanout1518/A (gf180mcu_as_sc_mcu7t3v3__buff_2)
    Layer: Via1
      Partial area ratio:    0.10
      Required ratio:   20.00 (Gate area) 
      Cumulative area ratio:    0.10
      Required ratio:    0.00 (Cumulative area) 

    Layer: Metal2
      Partial area ratio:    5.04
      Required ratio:    0.00 (Gate area) 
      Cumulative area ratio:    5.04
      Required ratio:    0.00 (Cumulative area) 
      Partial area ratio:   19.90
      Required ratio:  400.00 (Side area) 
      Cumulative area ratio:   19.90
      Required ratio:    0.00 (Cumulative side area) 

    Layer: Via2
      Partial area ratio:    0.20
      Required ratio:   20.00 (Gate area) 
      Cumulative area ratio:    0.30
      Required ratio:    0.00 (Cumulative area) 

    Layer: Metal3
      Partial area ratio:  173.21
      Required ratio:    0.00 (Gate area) 
      Cumulative area ratio:  178.26
      Required ratio:    0.00 (Cumulative area) 
      Partial area ratio:  668.86
      Required ratio:  400.00 (Side area) (VIOLATED)
      Cumulative area ratio:  688.76
      Required ratio:    0.00 (Cumulative side area) 

    Layer: Via3
      Partial area ratio:    0.03
      Required ratio:   20.00 (Gate area) 
      Cumulative area ratio:    0.34
      Required ratio:    0.00 (Cumulative area) 

    Layer: Metal4
      Partial area ratio:    1.69
      Required ratio:    0.00 (Gate area) 
      Cumulative area ratio:  179.94
      Required ratio:    0.00 (Cumulative area) 
      Partial area ratio:    6.53
      Required ratio:  400.00 (Side area) 
      Cumulative area ratio:  695.29
      Required ratio:    0.00 (Cumulative side area) 


  Pin:   fanout1519/A (gf180mcu_as_sc_mcu7t3v3__buff_2)
    Layer: Via1
      Partial area ratio:    0.10
      Required ratio:   20.00 (Gate area) 
      Cumulative area ratio:    0.10
      Required ratio:    0.00 (Cumulative area) 

    Layer: Metal2
      Partial area ratio:    1.02
      Required ratio:    0.00 (Gate area) 
      Cumulative area ratio:    1.02
      Required ratio:    0.00 (Cumulative area) 
      Partial area ratio:    4.40
      Required ratio:  400.00 (Side area) 
      Cumulative area ratio:    4.40
      Required ratio:    0.00 (Cumulative side area) 

    Layer: Via2
      Partial area ratio:    0.20
      Required ratio:   20.00 (Gate area) 
      Cumulative area ratio:    0.30
      Required ratio:    0.00 (Cumulative area) 

    Layer: Metal3
      Partial area ratio:  173.21
      Required ratio:    0.00 (Gate area) 
      Cumulative area ratio:  174.24
      Required ratio:    0.00 (Cumulative area) 
      Partial area ratio:  668.86
      Required ratio:  400.00 (Side area) (VIOLATED)
      Cumulative area ratio:  673.26
      Required ratio:    0.00 (Cumulative side area) 

    Layer: Via3
      Partial area ratio:    0.03
      Required ratio:   20.00 (Gate area) 
      Cumulative area ratio:    0.34
      Required ratio:    0.00 (Cumulative area) 

    Layer: Metal4
      Partial area ratio:    1.69
      Required ratio:    0.00 (Gate area) 
      Cumulative area ratio:  175.92
      Required ratio:    0.00 (Cumulative area) 
      Partial area ratio:    6.53
      Required ratio:  400.00 (Side area) 
      Cumulative area ratio:  679.78
      Required ratio:    0.00 (Cumulative side area) 


  Pin:   fanout1523/A (gf180mcu_as_sc_mcu7t3v3__buff_2)
    Layer: Via1
      Partial area ratio:    0.10
      Required ratio:   20.00 (Gate area) 
      Cumulative area ratio:    0.10
      Required ratio:    0.00 (Cumulative area) 

    Layer: Metal2
      Partial area ratio:    1.93
      Required ratio:    0.00 (Gate area) 
      Cumulative area ratio:    1.93
      Required ratio:    0.00 (Cumulative area) 
      Partial area ratio:    7.86
      Required ratio:  400.00 (Side area) 
      Cumulative area ratio:    7.86
      Required ratio:    0.00 (Cumulative side area) 

    Layer: Via2
      Partial area ratio:    0.11
      Required ratio:   20.00 (Gate area) 
      Cumulative area ratio:    0.22
      Required ratio:    0.00 (Cumulative area) 

    Layer: Metal3
      Partial area ratio:  173.21
      Required ratio:    0.00 (Gate area) 
      Cumulative area ratio:  175.14
      Required ratio:    0.00 (Cumulative area) 
      Partial area ratio:  668.86
      Required ratio:  400.00 (Side area) (VIOLATED)
      Cumulative area ratio:  676.72
      Required ratio:    0.00 (Cumulative side area) 

    Layer: Via3
      Partial area ratio:    0.03
      Required ratio:   20.00 (Gate area) 
      Cumulative area ratio:    0.25
      Required ratio:    0.00 (Cumulative area) 

    Layer: Metal4
      Partial area ratio:    1.69
      Required ratio:    0.00 (Gate area) 
      Cumulative area ratio:  176.83
      Required ratio:    0.00 (Cumulative area) 
      Partial area ratio:    6.53
      Required ratio:  400.00 (Side area) 
      Cumulative area ratio:  683.25
      Required ratio:    0.00 (Cumulative side area) 



Net: u_met.nl_out\[13\]
  Pin:   _24390_/A (gf180mcu_as_sc_mcu7t3v3__ao22_2)
    Layer: Via1
      Partial area ratio:    0.10
      Required ratio:   20.00 (Gate area) 
      Cumulative area ratio:    0.10
      Required ratio:    0.00 (Cumulative area) 

    Layer: Metal2
      Partial area ratio:    0.94
      Required ratio:    0.00 (Gate area) 
      Cumulative area ratio:    0.94
      Required ratio:    0.00 (Cumulative area) 
      Partial area ratio:    4.06
      Required ratio:  400.00 (Side area) 
      Cumulative area ratio:    4.06
      Required ratio:    0.00 (Cumulative side area) 

    Layer: Via2
      Partial area ratio:    0.20
      Required ratio:   20.00 (Gate area) 
      Cumulative area ratio:    0.30
      Required ratio:    0.00 (Cumulative area) 

    Layer: Metal3
      Partial area ratio:    0.32
      Required ratio:    0.00 (Gate area) 
      Cumulative area ratio:    1.26
      Required ratio:    0.00 (Cumulative area) 
      Partial area ratio:    2.14
      Required ratio:  400.00 (Side area) 
      Cumulative area ratio:    6.20
      Required ratio:    0.00 (Cumulative side area) 

    Layer: Via3
      Partial area ratio:    0.10
      Required ratio:   20.00 (Gate area) 
      Cumulative area ratio:    0.41
      Required ratio:    0.00 (Cumulative area) 

    Layer: Metal4
      Partial area ratio:  250.79
      Required ratio:    0.00 (Gate area) 
      Cumulative area ratio:  252.05
      Required ratio:    0.00 (Cumulative area) 
      Partial area ratio:  967.79
      Required ratio:  400.00 (Side area) (VIOLATED)
      Cumulative area ratio:  973.99
      Required ratio:    0.00 (Cumulative side area) 

    Layer: Via4
      Partial area ratio:    0.20
      Required ratio:   20.00 (Gate area) 
      Cumulative area ratio:    0.61
      Required ratio:    0.00 (Cumulative area) 

    Layer: Metal5
      Partial area ratio:    7.95
      Required ratio:    0.00 (Gate area) 
      Cumulative area ratio:  260.00
      Required ratio:    0.00 (Cumulative area) 
      Partial area ratio:   43.24
      Required ratio:  400.00 (Side area) 
      Cumulative area ratio: 1017.23
      Required ratio:    0.00 (Cumulative side area) 


  Pin:   _24456_/A (gf180mcu_as_sc_mcu7t3v3__xnor2_2)
    Layer: Metal1
      Partial area ratio:    0.00
      Required ratio:    0.00 (Gate area) 
      Cumulative area ratio:    0.00
      Required ratio:    0.00 (Cumulative area) 
      Partial area ratio:    0.43
      Required ratio:  400.00 (Side area) 
      Cumulative area ratio:    0.43
      Required ratio:    0.00 (Cumulative side area) 

    Layer: Via1
      Partial area ratio:    0.05
      Required ratio:   20.00 (Gate area) 
      Cumulative area ratio:    0.05
      Required ratio:    0.00 (Cumulative area) 

    Layer: Metal2
      Partial area ratio:    1.57
      Required ratio:    0.00 (Gate area) 
      Cumulative area ratio:    1.58
      Required ratio:    0.00 (Cumulative area) 
      Partial area ratio:    6.19
      Required ratio:  400.00 (Side area) 
      Cumulative area ratio:    6.61
      Required ratio:    0.00 (Cumulative side area) 

    Layer: Via2
      Partial area ratio:    0.08
      Required ratio:   20.00 (Gate area) 
      Cumulative area ratio:    0.13
      Required ratio:    0.00 (Cumulative area) 

    Layer: Metal3
      Partial area ratio:    2.66
      Required ratio:    0.00 (Gate area) 
      Cumulative area ratio:    4.23
      Required ratio:    0.00 (Cumulative area) 
      Partial area ratio:   10.64
      Required ratio:  400.00 (Side area) 
      Cumulative area ratio:   17.25
      Required ratio:    0.00 (Cumulative side area) 

    Layer: Via3
      Partial area ratio:    0.03
      Required ratio:   20.00 (Gate area) 
      Cumulative area ratio:    0.16
      Required ratio:    0.00 (Cumulative area) 

    Layer: Metal4
      Partial area ratio:    0.43
      Required ratio:    0.00 (Gate area) 
      Cumulative area ratio:    4.67
      Required ratio:    0.00 (Cumulative area) 
      Partial area ratio:    1.77
      Required ratio:  400.00 (Side area) 
      Cumulative area ratio:   19.02
      Required ratio:    0.00 (Cumulative side area) 

    Layer: Via4
      Partial area ratio:    0.01
      Required ratio:   20.00 (Gate area) 
      Cumulative area ratio:    0.17
      Required ratio:    0.00 (Cumulative area) 

    Layer: Metal5
      Partial area ratio:    7.95
      Required ratio:    0.00 (Gate area) 
      Cumulative area ratio:   12.62
      Required ratio:    0.00 (Cumulative area) 
      Partial area ratio:   43.24
      Required ratio:  400.00 (Side area) 
      Cumulative area ratio:   62.26
      Required ratio:    0.00 (Cumulative side area) 


  Pin:   _24460_/A (gf180mcu_as_sc_mcu7t3v3__maj3_2)
    Layer: Via1
      Partial area ratio:    0.05
      Required ratio:   20.00 (Gate area) 
      Cumulative area ratio:    0.05
      Required ratio:    0.00 (Cumulative area) 

    Layer: Metal2
      Partial area ratio:    1.57
      Required ratio:    0.00 (Gate area) 
      Cumulative area ratio:    1.57
      Required ratio:    0.00 (Cumulative area) 
      Partial area ratio:    6.19
      Required ratio:  400.00 (Side area) 
      Cumulative area ratio:    6.19
      Required ratio:    0.00 (Cumulative side area) 

    Layer: Via2
      Partial area ratio:    0.08
      Required ratio:   20.00 (Gate area) 
      Cumulative area ratio:    0.13
      Required ratio:    0.00 (Cumulative area) 

    Layer: Metal3
      Partial area ratio:    2.66
      Required ratio:    0.00 (Gate area) 
      Cumulative area ratio:    4.23
      Required ratio:    0.00 (Cumulative area) 
      Partial area ratio:   10.64
      Required ratio:  400.00 (Side area) 
      Cumulative area ratio:   16.83
      Required ratio:    0.00 (Cumulative side area) 

    Layer: Via3
      Partial area ratio:    0.03
      Required ratio:   20.00 (Gate area) 
      Cumulative area ratio:    0.16
      Required ratio:    0.00 (Cumulative area) 

    Layer: Metal4
      Partial area ratio:    0.43
      Required ratio:    0.00 (Gate area) 
      Cumulative area ratio:    4.66
      Required ratio:    0.00 (Cumulative area) 
      Partial area ratio:    1.77
      Required ratio:  400.00 (Side area) 
      Cumulative area ratio:   18.59
      Required ratio:    0.00 (Cumulative side area) 

    Layer: Via4
      Partial area ratio:    0.01
      Required ratio:   20.00 (Gate area) 
      Cumulative area ratio:    0.17
      Required ratio:    0.00 (Cumulative area) 

    Layer: Metal5
      Partial area ratio:    7.95
      Required ratio:    0.00 (Gate area) 
      Cumulative area ratio:   12.62
      Required ratio:    0.00 (Cumulative area) 
      Partial area ratio:   43.24
      Required ratio:  400.00 (Side area) 
      Cumulative area ratio:   61.84
      Required ratio:    0.00 (Cumulative side area) 


  Pin:   _24510_/A (gf180mcu_as_sc_mcu7t3v3__maj3_2)
    Layer: Via1
      Partial area ratio:    0.05
      Required ratio:   20.00 (Gate area) 
      Cumulative area ratio:    0.05
      Required ratio:    0.00 (Cumulative area) 

    Layer: Metal2
      Partial area ratio:    1.40
      Required ratio:    0.00 (Gate area) 
      Cumulative area ratio:    1.40
      Required ratio:    0.00 (Cumulative area) 
      Partial area ratio:    5.64
      Required ratio:  400.00 (Side area) 
      Cumulative area ratio:    5.64
      Required ratio:    0.00 (Cumulative side area) 

    Layer: Via2
      Partial area ratio:    0.10
      Required ratio:   20.00 (Gate area) 
      Cumulative area ratio:    0.15
      Required ratio:    0.00 (Cumulative area) 

    Layer: Metal3
      Partial area ratio:    0.16
      Required ratio:    0.00 (Gate area) 
      Cumulative area ratio:    1.56
      Required ratio:    0.00 (Cumulative area) 
      Partial area ratio:    1.07
      Required ratio:  400.00 (Side area) 
      Cumulative area ratio:    6.71
      Required ratio:    0.00 (Cumulative side area) 

    Layer: Via3
      Partial area ratio:    0.05
      Required ratio:   20.00 (Gate area) 
      Cumulative area ratio:    0.20
      Required ratio:    0.00 (Cumulative area) 

    Layer: Metal4
      Partial area ratio:    0.43
      Required ratio:    0.00 (Gate area) 
      Cumulative area ratio:    2.00
      Required ratio:    0.00 (Cumulative area) 
      Partial area ratio:    1.77
      Required ratio:  400.00 (Side area) 
      Cumulative area ratio:    8.48
      Required ratio:    0.00 (Cumulative side area) 

    Layer: Via4
      Partial area ratio:    0.01
      Required ratio:   20.00 (Gate area) 
      Cumulative area ratio:    0.21
      Required ratio:    0.00 (Cumulative area) 

    Layer: Metal5
      Partial area ratio:    7.95
      Required ratio:    0.00 (Gate area) 
      Cumulative area ratio:    9.95
      Required ratio:    0.00 (Cumulative area) 
      Partial area ratio:   43.24
      Required ratio:  400.00 (Side area) 
      Cumulative area ratio:   51.72
      Required ratio:    0.00 (Cumulative side area) 


  Pin:   _24561_/A (gf180mcu_as_sc_mcu7t3v3__xor2_2)
    Layer: Metal1
      Partial area ratio:    0.00
      Required ratio:    0.00 (Gate area) 
      Cumulative area ratio:    0.00
      Required ratio:    0.00 (Cumulative area) 
      Partial area ratio:    0.43
      Required ratio:  400.00 (Side area) 
      Cumulative area ratio:    0.43
      Required ratio:    0.00 (Cumulative side area) 

    Layer: Via1
      Partial area ratio:    0.05
      Required ratio:   20.00 (Gate area) 
      Cumulative area ratio:    0.05
      Required ratio:    0.00 (Cumulative area) 

    Layer: Metal2
      Partial area ratio:    2.24
      Required ratio:    0.00 (Gate area) 
      Cumulative area ratio:    2.24
      Required ratio:    0.00 (Cumulative area) 
      Partial area ratio:    8.85
      Required ratio:  400.00 (Side area) 
      Cumulative area ratio:    9.28
      Required ratio:    0.00 (Cumulative side area) 

    Layer: Via2
      Partial area ratio:    0.15
      Required ratio:   20.00 (Gate area) 
      Cumulative area ratio:    0.20
      Required ratio:    0.00 (Cumulative area) 

    Layer: Metal3
      Partial area ratio:    2.66
      Required ratio:    0.00 (Gate area) 
      Cumulative area ratio:    4.90
      Required ratio:    0.00 (Cumulative area) 
      Partial area ratio:   10.64
      Required ratio:  400.00 (Side area) 
      Cumulative area ratio:   19.92
      Required ratio:    0.00 (Cumulative side area) 

    Layer: Via3
      Partial area ratio:    0.03
      Required ratio:   20.00 (Gate area) 
      Cumulative area ratio:    0.23
      Required ratio:    0.00 (Cumulative area) 

    Layer: Metal4
      Partial area ratio:    0.43
      Required ratio:    0.00 (Gate area) 
      Cumulative area ratio:    5.33
      Required ratio:    0.00 (Cumulative area) 
      Partial area ratio:    1.77
      Required ratio:  400.00 (Side area) 
      Cumulative area ratio:   21.69
      Required ratio:    0.00 (Cumulative side area) 

    Layer: Via4
      Partial area ratio:    0.01
      Required ratio:   20.00 (Gate area) 
      Cumulative area ratio:    0.24
      Required ratio:    0.00 (Cumulative area) 

    Layer: Metal5
      Partial area ratio:    7.95
      Required ratio:    0.00 (Gate area) 
      Cumulative area ratio:   13.28
      Required ratio:    0.00 (Cumulative area) 
      Partial area ratio:   43.24
      Required ratio:  400.00 (Side area) 
      Cumulative area ratio:   64.93
      Required ratio:    0.00 (Cumulative side area) 


  Pin:   _44059_/A (gf180mcu_as_sc_mcu7t3v3__mux2_2)
    Layer: Metal1
      Partial area ratio:    0.01
      Required ratio:    0.00 (Gate area) 
      Cumulative area ratio:    0.01
      Required ratio:    0.00 (Cumulative area) 
      Partial area ratio:    0.88
      Required ratio:  400.00 (Side area) 
      Cumulative area ratio:    0.88
      Required ratio:    0.00 (Cumulative side area) 

    Layer: Via1
      Partial area ratio:    0.10
      Required ratio:   20.00 (Gate area) 
      Cumulative area ratio:    0.10
      Required ratio:    0.00 (Cumulative area) 

    Layer: Metal2
      Partial area ratio:    2.62
      Required ratio:    0.00 (Gate area) 
      Cumulative area ratio:    2.63
      Required ratio:    0.00 (Cumulative area) 
      Partial area ratio:   10.56
      Required ratio:  400.00 (Side area) 
      Cumulative area ratio:   11.43
      Required ratio:    0.00 (Cumulative side area) 

    Layer: Via2
      Partial area ratio:    0.20
      Required ratio:   20.00 (Gate area) 
      Cumulative area ratio:    0.30
      Required ratio:    0.00 (Cumulative area) 

    Layer: Metal3
      Partial area ratio:    2.66
      Required ratio:    0.00 (Gate area) 
      Cumulative area ratio:    5.29
      Required ratio:    0.00 (Cumulative area) 
      Partial area ratio:   10.64
      Required ratio:  400.00 (Side area) 
      Cumulative area ratio:   22.07
      Required ratio:    0.00 (Cumulative side area) 

    Layer: Via3
      Partial area ratio:    0.03
      Required ratio:   20.00 (Gate area) 
      Cumulative area ratio:    0.33
      Required ratio:    0.00 (Cumulative area) 

    Layer: Metal4
      Partial area ratio:    0.43
      Required ratio:    0.00 (Gate area) 
      Cumulative area ratio:    5.72
      Required ratio:    0.00 (Cumulative area) 
      Partial area ratio:    1.77
      Required ratio:  400.00 (Side area) 
      Cumulative area ratio:   23.84
      Required ratio:    0.00 (Cumulative side area) 

    Layer: Via4
      Partial area ratio:    0.01
      Required ratio:   20.00 (Gate area) 
      Cumulative area ratio:    0.34
      Required ratio:    0.00 (Cumulative area) 

    Layer: Metal5
      Partial area ratio:    7.95
      Required ratio:    0.00 (Gate area) 
      Cumulative area ratio:   13.67
      Required ratio:    0.00 (Cumulative area) 
      Partial area ratio:   43.24
      Required ratio:  400.00 (Side area) 
      Cumulative area ratio:   67.09
      Required ratio:    0.00 (Cumulative side area) 


  Pin:   _44519_/B (gf180mcu_as_sc_mcu7t3v3__and2_2)
    Layer: Via1
      Partial area ratio:    0.10
      Required ratio:   20.00 (Gate area) 
      Cumulative area ratio:    0.10
      Required ratio:    0.00 (Cumulative area) 

    Layer: Metal2
      Partial area ratio:    2.14
      Required ratio:    0.00 (Gate area) 
      Cumulative area ratio:    2.14
      Required ratio:    0.00 (Cumulative area) 
      Partial area ratio:    8.73
      Required ratio:  400.00 (Side area) 
      Cumulative area ratio:    8.73
      Required ratio:    0.00 (Cumulative side area) 

    Layer: Via2
      Partial area ratio:    0.20
      Required ratio:   20.00 (Gate area) 
      Cumulative area ratio:    0.30
      Required ratio:    0.00 (Cumulative area) 

    Layer: Metal3
      Partial area ratio:    1.60
      Required ratio:    0.00 (Gate area) 
      Cumulative area ratio:    3.74
      Required ratio:    0.00 (Cumulative area) 
      Partial area ratio:    6.46
      Required ratio:  400.00 (Side area) 
      Cumulative area ratio:   15.18
      Required ratio:    0.00 (Cumulative side area) 

    Layer: Via3
      Partial area ratio:    0.10
      Required ratio:    0.00 (Gate area) 
      Cumulative area ratio:    0.41
      Required ratio:    0.00 (Cumulative area) 

    Layer: Metal4
      Partial area ratio:    9.03
      Required ratio:    0.00 (Gate area) 
      Cumulative area ratio:   12.77
      Required ratio:    0.00 (Cumulative area) 
      Partial area ratio:   34.91
      Required ratio:  400.00 (Side area) 
      Cumulative area ratio:   50.10
      Required ratio:    0.00 (Cumulative side area) 

    Layer: Via4
      Partial area ratio:    0.10
      Required ratio:    0.00 (Gate area) 
      Cumulative area ratio:    0.51
      Required ratio:    0.00 (Cumulative area) 

    Layer: Metal5
      Partial area ratio:    7.95
      Required ratio:    0.00 (Gate area) 
      Cumulative area ratio:   20.73
      Required ratio:    0.00 (Cumulative area) 
      Partial area ratio:   43.24
      Required ratio:  400.00 (Side area) 
      Cumulative area ratio:   93.34
      Required ratio:    0.00 (Cumulative side area) 



Net: u_met.nl_out\[17\]
  Pin:   _24394_/A (gf180mcu_as_sc_mcu7t3v3__ao22_2)
    Layer: Via1
      Partial area ratio:    0.10
      Required ratio:   20.00 (Gate area) 
      Cumulative area ratio:    0.10
      Required ratio:    0.00 (Cumulative area) 

    Layer: Metal2
      Partial area ratio:    1.82
      Required ratio:    0.00 (Gate area) 
      Cumulative area ratio:    1.82
      Required ratio:    0.00 (Cumulative area) 
      Partial area ratio:    7.48
      Required ratio:  400.00 (Side area) 
      Cumulative area ratio:    7.48
      Required ratio:    0.00 (Cumulative side area) 

    Layer: Via2
      Partial area ratio:    0.20
      Required ratio:   20.00 (Gate area) 
      Cumulative area ratio:    0.30
      Required ratio:    0.00 (Cumulative area) 

    Layer: Metal3
      Partial area ratio:    0.32
      Required ratio:    0.00 (Gate area) 
      Cumulative area ratio:    2.14
      Required ratio:    0.00 (Cumulative area) 
      Partial area ratio:    2.14
      Required ratio:  400.00 (Side area) 
      Cumulative area ratio:    9.61
      Required ratio:    0.00 (Cumulative side area) 

    Layer: Via3
      Partial area ratio:    0.10
      Required ratio:   20.00 (Gate area) 
      Cumulative area ratio:    0.41
      Required ratio:    0.00 (Cumulative area) 

    Layer: Metal4
      Partial area ratio:  247.26
      Required ratio:    0.00 (Gate area) 
      Cumulative area ratio:  249.40
      Required ratio:    0.00 (Cumulative area) 
      Partial area ratio:  954.17
      Required ratio:  400.00 (Side area) (VIOLATED)
      Cumulative area ratio:  963.79
      Required ratio:    0.00 (Cumulative side area) 

    Layer: Via4
      Partial area ratio:    0.20
      Required ratio:   20.00 (Gate area) 
      Cumulative area ratio:    0.61
      Required ratio:    0.00 (Cumulative area) 

    Layer: Metal5
      Partial area ratio:    7.20
      Required ratio:    0.00 (Gate area) 
      Cumulative area ratio:  256.60
      Required ratio:    0.00 (Cumulative area) 
      Partial area ratio:   39.17
      Required ratio:  400.00 (Side area) 
      Cumulative area ratio: 1002.95
      Required ratio:    0.00 (Cumulative side area) 


  Pin:   _24472_/A (gf180mcu_as_sc_mcu7t3v3__xnor2_2)
    Layer: Metal1
      Partial area ratio:    0.00
      Required ratio:    0.00 (Gate area) 
      Cumulative area ratio:    0.00
      Required ratio:    0.00 (Cumulative area) 
      Partial area ratio:    0.43
      Required ratio:  400.00 (Side area) 
      Cumulative area ratio:    0.43
      Required ratio:    0.00 (Cumulative side area) 

    Layer: Via1
      Partial area ratio:    0.05
      Required ratio:   20.00 (Gate area) 
      Cumulative area ratio:    0.05
      Required ratio:    0.00 (Cumulative area) 

    Layer: Metal2
      Partial area ratio:    0.42
      Required ratio:    0.00 (Gate area) 
      Cumulative area ratio:    0.42
      Required ratio:    0.00 (Cumulative area) 
      Partial area ratio:    1.84
      Required ratio:  400.00 (Side area) 
      Cumulative area ratio:    2.26
      Required ratio:    0.00 (Cumulative side area) 

    Layer: Via2
      Partial area ratio:    0.10
      Required ratio:   20.00 (Gate area) 
      Cumulative area ratio:    0.15
      Required ratio:    0.00 (Cumulative area) 

    Layer: Metal3
      Partial area ratio:    3.64
      Required ratio:    0.00 (Gate area) 
      Cumulative area ratio:    4.05
      Required ratio:    0.00 (Cumulative area) 
      Partial area ratio:   14.33
      Required ratio:  400.00 (Side area) 
      Cumulative area ratio:   16.59
      Required ratio:    0.00 (Cumulative side area) 

    Layer: Via3
      Partial area ratio:    0.01
      Required ratio:   20.00 (Gate area) 
      Cumulative area ratio:    0.16
      Required ratio:    0.00 (Cumulative area) 

    Layer: Metal4
      Partial area ratio:    0.41
      Required ratio:    0.00 (Gate area) 
      Cumulative area ratio:    4.47
      Required ratio:    0.00 (Cumulative area) 
      Partial area ratio:    1.65
      Required ratio:  400.00 (Side area) 
      Cumulative area ratio:   18.24
      Required ratio:    0.00 (Cumulative side area) 

    Layer: Via4
      Partial area ratio:    0.01
      Required ratio:   20.00 (Gate area) 
      Cumulative area ratio:    0.17
      Required ratio:    0.00 (Cumulative area) 

    Layer: Metal5
      Partial area ratio:    7.20
      Required ratio:    0.00 (Gate area) 
      Cumulative area ratio:   11.67
      Required ratio:    0.00 (Cumulative area) 
      Partial area ratio:   39.17
      Required ratio:  400.00 (Side area) 
      Cumulative area ratio:   57.40
      Required ratio:    0.00 (Cumulative side area) 


  Pin:   _24476_/A (gf180mcu_as_sc_mcu7t3v3__maj3_2)
    Layer: Via1
      Partial area ratio:    0.05
      Required ratio:   20.00 (Gate area) 
      Cumulative area ratio:    0.05
      Required ratio:    0.00 (Cumulative area) 

    Layer: Metal2
      Partial area ratio:    2.55
      Required ratio:    0.00 (Gate area) 
      Cumulative area ratio:    2.55
      Required ratio:    0.00 (Cumulative area) 
      Partial area ratio:    9.99
      Required ratio:  400.00 (Side area) 
      Cumulative area ratio:    9.99
      Required ratio:    0.00 (Cumulative side area) 

    Layer: Via2
      Partial area ratio:    0.10
      Required ratio:   20.00 (Gate area) 
      Cumulative area ratio:    0.15
      Required ratio:    0.00 (Cumulative area) 

    Layer: Metal3
      Partial area ratio:    3.64
      Required ratio:    0.00 (Gate area) 
      Cumulative area ratio:    6.19
      Required ratio:    0.00 (Cumulative area) 
      Partial area ratio:   14.33
      Required ratio:  400.00 (Side area) 
      Cumulative area ratio:   24.31
      Required ratio:    0.00 (Cumulative side area) 

    Layer: Via3
      Partial area ratio:    0.01
      Required ratio:   20.00 (Gate area) 
      Cumulative area ratio:    0.16
      Required ratio:    0.00 (Cumulative area) 

    Layer: Metal4
      Partial area ratio:    0.41
      Required ratio:    0.00 (Gate area) 
      Cumulative area ratio:    6.60
      Required ratio:    0.00 (Cumulative area) 
      Partial area ratio:    1.65
      Required ratio:  400.00 (Side area) 
      Cumulative area ratio:   25.96
      Required ratio:    0.00 (Cumulative side area) 

    Layer: Via4
      Partial area ratio:    0.01
      Required ratio:   20.00 (Gate area) 
      Cumulative area ratio:    0.17
      Required ratio:    0.00 (Cumulative area) 

    Layer: Metal5
      Partial area ratio:    7.20
      Required ratio:    0.00 (Gate area) 
      Cumulative area ratio:   13.80
      Required ratio:    0.00 (Cumulative area) 
      Partial area ratio:   39.17
      Required ratio:  400.00 (Side area) 
      Cumulative area ratio:   65.13
      Required ratio:    0.00 (Cumulative side area) 


  Pin:   _24514_/A (gf180mcu_as_sc_mcu7t3v3__maj3_2)
    Layer: Via1
      Partial area ratio:    0.05
      Required ratio:   20.00 (Gate area) 
      Cumulative area ratio:    0.05
      Required ratio:    0.00 (Cumulative area) 

    Layer: Metal2
      Partial area ratio:    1.19
      Required ratio:    0.00 (Gate area) 
      Cumulative area ratio:    1.19
      Required ratio:    0.00 (Cumulative area) 
      Partial area ratio:    4.72
      Required ratio:  400.00 (Side area) 
      Cumulative area ratio:    4.72
      Required ratio:    0.00 (Cumulative side area) 

    Layer: Via2
      Partial area ratio:    0.08
      Required ratio:   20.00 (Gate area) 
      Cumulative area ratio:    0.13
      Required ratio:    0.00 (Cumulative area) 

    Layer: Metal3
      Partial area ratio:    3.64
      Required ratio:    0.00 (Gate area) 
      Cumulative area ratio:    4.83
      Required ratio:    0.00 (Cumulative area) 
      Partial area ratio:   14.33
      Required ratio:  400.00 (Side area) 
      Cumulative area ratio:   19.04
      Required ratio:    0.00 (Cumulative side area) 

    Layer: Via3
      Partial area ratio:    0.01
      Required ratio:   20.00 (Gate area) 
      Cumulative area ratio:    0.14
      Required ratio:    0.00 (Cumulative area) 

    Layer: Metal4
      Partial area ratio:    0.41
      Required ratio:    0.00 (Gate area) 
      Cumulative area ratio:    5.24
      Required ratio:    0.00 (Cumulative area) 
      Partial area ratio:    1.65
      Required ratio:  400.00 (Side area) 
      Cumulative area ratio:   20.69
      Required ratio:    0.00 (Cumulative side area) 

    Layer: Via4
      Partial area ratio:    0.01
      Required ratio:   20.00 (Gate area) 
      Cumulative area ratio:    0.15
      Required ratio:    0.00 (Cumulative area) 

    Layer: Metal5
      Partial area ratio:    7.20
      Required ratio:    0.00 (Gate area) 
      Cumulative area ratio:   12.45
      Required ratio:    0.00 (Cumulative area) 
      Partial area ratio:   39.17
      Required ratio:  400.00 (Side area) 
      Cumulative area ratio:   59.86
      Required ratio:    0.00 (Cumulative side area) 


  Pin:   _24575_/A (gf180mcu_as_sc_mcu7t3v3__xor2_2)
    Layer: Metal1
      Partial area ratio:    0.00
      Required ratio:    0.00 (Gate area) 
      Cumulative area ratio:    0.00
      Required ratio:    0.00 (Cumulative area) 
      Partial area ratio:    0.43
      Required ratio:  400.00 (Side area) 
      Cumulative area ratio:    0.43
      Required ratio:    0.00 (Cumulative side area) 

    Layer: Via1
      Partial area ratio:    0.05
      Required ratio:   20.00 (Gate area) 
      Cumulative area ratio:    0.05
      Required ratio:    0.00 (Cumulative area) 

    Layer: Metal2
      Partial area ratio:    1.19
      Required ratio:    0.00 (Gate area) 
      Cumulative area ratio:    1.19
      Required ratio:    0.00 (Cumulative area) 
      Partial area ratio:    4.72
      Required ratio:  400.00 (Side area) 
      Cumulative area ratio:    5.14
      Required ratio:    0.00 (Cumulative side area) 

    Layer: Via2
      Partial area ratio:    0.08
      Required ratio:   20.00 (Gate area) 
      Cumulative area ratio:    0.13
      Required ratio:    0.00 (Cumulative area) 

    Layer: Metal3
      Partial area ratio:    3.64
      Required ratio:    0.00 (Gate area) 
      Cumulative area ratio:    4.83
      Required ratio:    0.00 (Cumulative area) 
      Partial area ratio:   14.33
      Required ratio:  400.00 (Side area) 
      Cumulative area ratio:   19.47
      Required ratio:    0.00 (Cumulative side area) 

    Layer: Via3
      Partial area ratio:    0.01
      Required ratio:   20.00 (Gate area) 
      Cumulative area ratio:    0.14
      Required ratio:    0.00 (Cumulative area) 

    Layer: Metal4
      Partial area ratio:    0.41
      Required ratio:    0.00 (Gate area) 
      Cumulative area ratio:    5.25
      Required ratio:    0.00 (Cumulative area) 
      Partial area ratio:    1.65
      Required ratio:  400.00 (Side area) 
      Cumulative area ratio:   21.12
      Required ratio:    0.00 (Cumulative side area) 

    Layer: Via4
      Partial area ratio:    0.01
      Required ratio:   20.00 (Gate area) 
      Cumulative area ratio:    0.15
      Required ratio:    0.00 (Cumulative area) 

    Layer: Metal5
      Partial area ratio:    7.20
      Required ratio:    0.00 (Gate area) 
      Cumulative area ratio:   12.45
      Required ratio:    0.00 (Cumulative area) 
      Partial area ratio:   39.17
      Required ratio:  400.00 (Side area) 
      Cumulative area ratio:   60.28
      Required ratio:    0.00 (Cumulative side area) 


  Pin:   _44063_/A (gf180mcu_as_sc_mcu7t3v3__mux2_2)
    Layer: Metal1
      Partial area ratio:    0.01
      Required ratio:    0.00 (Gate area) 
      Cumulative area ratio:    0.01
      Required ratio:    0.00 (Cumulative area) 
      Partial area ratio:    0.88
      Required ratio:  400.00 (Side area) 
      Cumulative area ratio:    0.88
      Required ratio:    0.00 (Cumulative side area) 

    Layer: Via1
      Partial area ratio:    0.10
      Required ratio:   20.00 (Gate area) 
      Cumulative area ratio:    0.10
      Required ratio:    0.00 (Cumulative area) 

    Layer: Metal2
      Partial area ratio:    2.55
      Required ratio:    0.00 (Gate area) 
      Cumulative area ratio:    2.56
      Required ratio:    0.00 (Cumulative area) 
      Partial area ratio:    9.99
      Required ratio:  400.00 (Side area) 
      Cumulative area ratio:   10.86
      Required ratio:    0.00 (Cumulative side area) 

    Layer: Via2
      Partial area ratio:    0.10
      Required ratio:   20.00 (Gate area) 
      Cumulative area ratio:    0.20
      Required ratio:    0.00 (Cumulative area) 

    Layer: Metal3
      Partial area ratio:    3.64
      Required ratio:    0.00 (Gate area) 
      Cumulative area ratio:    6.19
      Required ratio:    0.00 (Cumulative area) 
      Partial area ratio:   14.33
      Required ratio:  400.00 (Side area) 
      Cumulative area ratio:   25.19
      Required ratio:    0.00 (Cumulative side area) 

    Layer: Via3
      Partial area ratio:    0.01
      Required ratio:   20.00 (Gate area) 
      Cumulative area ratio:    0.21
      Required ratio:    0.00 (Cumulative area) 

    Layer: Metal4
      Partial area ratio:    0.41
      Required ratio:    0.00 (Gate area) 
      Cumulative area ratio:    6.61
      Required ratio:    0.00 (Cumulative area) 
      Partial area ratio:    1.65
      Required ratio:  400.00 (Side area) 
      Cumulative area ratio:   26.84
      Required ratio:    0.00 (Cumulative side area) 

    Layer: Via4
      Partial area ratio:    0.01
      Required ratio:   20.00 (Gate area) 
      Cumulative area ratio:    0.23
      Required ratio:    0.00 (Cumulative area) 

    Layer: Metal5
      Partial area ratio:    7.20
      Required ratio:    0.00 (Gate area) 
      Cumulative area ratio:   13.81
      Required ratio:    0.00 (Cumulative area) 
      Partial area ratio:   39.17
      Required ratio:  400.00 (Side area) 
      Cumulative area ratio:   66.00
      Required ratio:    0.00 (Cumulative side area) 


  Pin:   _44548_/B (gf180mcu_as_sc_mcu7t3v3__ao22_2)
    Layer: Via1
      Partial area ratio:    0.10
      Required ratio:   20.00 (Gate area) 
      Cumulative area ratio:    0.10
      Required ratio:    0.00 (Cumulative area) 

    Layer: Metal2
      Partial area ratio:    2.57
      Required ratio:    0.00 (Gate area) 
      Cumulative area ratio:    2.57
      Required ratio:    0.00 (Cumulative area) 
      Partial area ratio:   10.38
      Required ratio:  400.00 (Side area) 
      Cumulative area ratio:   10.38
      Required ratio:    0.00 (Cumulative side area) 

    Layer: Via2
      Partial area ratio:    0.20
      Required ratio:   20.00 (Gate area) 
      Cumulative area ratio:    0.30
      Required ratio:    0.00 (Cumulative area) 

    Layer: Metal3
      Partial area ratio:    2.38
      Required ratio:    0.00 (Gate area) 
      Cumulative area ratio:    4.96
      Required ratio:    0.00 (Cumulative area) 
      Partial area ratio:    9.57
      Required ratio:  400.00 (Side area) 
      Cumulative area ratio:   19.95
      Required ratio:    0.00 (Cumulative side area) 

    Layer: Via3
      Partial area ratio:    0.10
      Required ratio:    0.00 (Gate area) 
      Cumulative area ratio:    0.41
      Required ratio:    0.00 (Cumulative area) 

    Layer: Metal4
      Partial area ratio:    9.03
      Required ratio:    0.00 (Gate area) 
      Cumulative area ratio:   13.98
      Required ratio:    0.00 (Cumulative area) 
      Partial area ratio:   34.91
      Required ratio:  400.00 (Side area) 
      Cumulative area ratio:   54.87
      Required ratio:    0.00 (Cumulative side area) 

    Layer: Via4
      Partial area ratio:    0.10
      Required ratio:    0.00 (Gate area) 
      Cumulative area ratio:    0.51
      Required ratio:    0.00 (Cumulative area) 

    Layer: Metal5
      Partial area ratio:    7.20
      Required ratio:    0.00 (Gate area) 
      Cumulative area ratio:   21.18
      Required ratio:    0.00 (Cumulative area) 
      Partial area ratio:   39.17
      Required ratio:  400.00 (Side area) 
      Cumulative area ratio:   94.03
      Required ratio:    0.00 (Cumulative side area) 



Net: net94
  Pin:   _25326_/A (gf180mcu_as_sc_mcu7t3v3__ao211_2)
    Layer: Via1
      Partial area ratio:    0.10
      Required ratio:   20.00 (Gate area) 
      Cumulative area ratio:    0.10
      Required ratio:    0.00 (Cumulative area) 

    Layer: Metal2
      Partial area ratio:    0.78
      Required ratio:    0.00 (Gate area) 
      Cumulative area ratio:    0.78
      Required ratio:    0.00 (Cumulative area) 
      Partial area ratio:    3.48
      Required ratio:  400.00 (Side area) 
      Cumulative area ratio:    3.48
      Required ratio:    0.00 (Cumulative side area) 

    Layer: Via2
      Partial area ratio:    0.20
      Required ratio:   20.00 (Gate area) 
      Cumulative area ratio:    0.30
      Required ratio:    0.00 (Cumulative area) 

    Layer: Metal3
      Partial area ratio:    0.32
      Required ratio:    0.00 (Gate area) 
      Cumulative area ratio:    1.10
      Required ratio:    0.00 (Cumulative area) 
      Partial area ratio:    2.14
      Required ratio:  400.00 (Side area) 
      Cumulative area ratio:    5.62
      Required ratio:    0.00 (Cumulative side area) 

    Layer: Via3
      Partial area ratio:    0.10
      Required ratio:   20.00 (Gate area) 
      Cumulative area ratio:    0.41
      Required ratio:    0.00 (Cumulative area) 

    Layer: Metal4
      Partial area ratio:    0.16
      Required ratio:    0.00 (Gate area) 
      Cumulative area ratio:    1.26
      Required ratio:    0.00 (Cumulative area) 
      Partial area ratio:    1.07
      Required ratio:  400.00 (Side area) 
      Cumulative area ratio:    6.69
      Required ratio:    0.00 (Cumulative side area) 

    Layer: Via4
      Partial area ratio:    0.10
      Required ratio:   20.00 (Gate area) 
      Cumulative area ratio:    0.51
      Required ratio:    0.00 (Cumulative area) 

    Layer: Metal5
      Partial area ratio:    7.06
      Required ratio:    0.00 (Gate area) 
      Cumulative area ratio:    8.33
      Required ratio:    0.00 (Cumulative area) 
      Partial area ratio:   38.46
      Required ratio:  400.00 (Side area) 
      Cumulative area ratio:   45.15
      Required ratio:    0.00 (Cumulative side area) 


  Pin:   output94/A (gf180mcu_as_sc_mcu7t3v3__buff_2)
    Layer: Via1
      Partial area ratio:    0.10
      Required ratio:   20.00 (Gate area) 
      Cumulative area ratio:    0.10
      Required ratio:    0.00 (Cumulative area) 

    Layer: Metal2
      Partial area ratio:   45.26
      Required ratio:    0.00 (Gate area) 
      Cumulative area ratio:   45.26
      Required ratio:    0.00 (Cumulative area) 
      Partial area ratio:  175.02
      Required ratio:  400.00 (Side area) 
      Cumulative area ratio:  175.02
      Required ratio:    0.00 (Cumulative side area) 

    Layer: Via2
      Partial area ratio:    0.20
      Required ratio:   20.00 (Gate area) 
      Cumulative area ratio:    0.30
      Required ratio:    0.00 (Cumulative area) 

    Layer: Metal3
      Partial area ratio:   95.61
      Required ratio:    0.00 (Gate area) 
      Cumulative area ratio:  140.87
      Required ratio:    0.00 (Cumulative area) 
      Partial area ratio:  369.70
      Required ratio:  400.00 (Side area) 
      Cumulative area ratio:  544.72
      Required ratio:    0.00 (Cumulative side area) 

    Layer: Via3
      Partial area ratio:    0.10
      Required ratio:   20.00 (Gate area) 
      Cumulative area ratio:    0.41
      Required ratio:    0.00 (Cumulative area) 

    Layer: Metal4
      Partial area ratio:  236.67
      Required ratio:    0.00 (Gate area) 
      Cumulative area ratio:  377.54
      Required ratio:    0.00 (Cumulative area) 
      Partial area ratio:  913.33
      Required ratio:  400.00 (Side area) (VIOLATED)
      Cumulative area ratio: 1458.05
      Required ratio:    0.00 (Cumulative side area) 

    Layer: Via4
      Partial area ratio:    0.10
      Required ratio:   20.00 (Gate area) 
      Cumulative area ratio:    0.51
      Required ratio:    0.00 (Cumulative area) 

    Layer: Metal5
      Partial area ratio:    7.06
      Required ratio:    0.00 (Gate area) 
      Cumulative area ratio:  384.61
      Required ratio:    0.00 (Cumulative area) 
      Partial area ratio:   38.46
      Required ratio:  400.00 (Side area) 
      Cumulative area ratio: 1496.52
      Required ratio:    0.00 (Cumulative side area) 



Net: net54
  Pin:   _24211_/A (gf180mcu_as_sc_mcu7t3v3__and2_2)
    Layer: Via1
      Partial area ratio:    0.10
      Required ratio:   20.00 (Gate area) 
      Cumulative area ratio:    0.10
      Required ratio:    0.00 (Cumulative area) 

    Layer: Metal2
      Partial area ratio:    1.59
      Required ratio:    0.00 (Gate area) 
      Cumulative area ratio:    1.59
      Required ratio:    0.00 (Cumulative area) 
      Partial area ratio:    6.57
      Required ratio:  400.00 (Side area) 
      Cumulative area ratio:    6.57
      Required ratio:    0.00 (Cumulative side area) 

    Layer: Via2
      Partial area ratio:    0.20
      Required ratio:   20.00 (Gate area) 
      Cumulative area ratio:    0.30
      Required ratio:    0.00 (Cumulative area) 

    Layer: Metal3
      Partial area ratio:    0.32
      Required ratio:    0.00 (Gate area) 
      Cumulative area ratio:    1.91
      Required ratio:    0.00 (Cumulative area) 
      Partial area ratio:    2.14
      Required ratio:  400.00 (Side area) 
      Cumulative area ratio:    8.71
      Required ratio:    0.00 (Cumulative side area) 

    Layer: Via3
      Partial area ratio:    0.10
      Required ratio:   20.00 (Gate area) 
      Cumulative area ratio:    0.41
      Required ratio:    0.00 (Cumulative area) 

    Layer: Metal4
      Partial area ratio:    0.16
      Required ratio:    0.00 (Gate area) 
      Cumulative area ratio:    2.07
      Required ratio:    0.00 (Cumulative area) 
      Partial area ratio:    1.07
      Required ratio:  400.00 (Side area) 
      Cumulative area ratio:    9.78
      Required ratio:    0.00 (Cumulative side area) 

    Layer: Via4
      Partial area ratio:    0.10
      Required ratio:   20.00 (Gate area) 
      Cumulative area ratio:    0.51
      Required ratio:    0.00 (Cumulative area) 

    Layer: Metal5
      Partial area ratio:  124.77
      Required ratio:    0.00 (Gate area) 
      Cumulative area ratio:  126.83
      Required ratio:    0.00 (Cumulative area) 
      Partial area ratio:  675.21
      Required ratio:  400.00 (Side area) (VIOLATED)
      Cumulative area ratio:  684.99
      Required ratio:    0.00 (Cumulative side area) 



Net: net64
  Pin:   _24193_/A (gf180mcu_as_sc_mcu7t3v3__ao31_2)
    Layer: Via1
      Partial area ratio:    0.10
      Required ratio:   20.00 (Gate area) 
      Cumulative area ratio:    0.10
      Required ratio:    0.00 (Cumulative area) 

    Layer: Metal2
      Partial area ratio:    1.91
      Required ratio:    0.00 (Gate area) 
      Cumulative area ratio:    1.91
      Required ratio:    0.00 (Cumulative area) 
      Partial area ratio:    7.81
      Required ratio:  400.00 (Side area) 
      Cumulative area ratio:    7.81
      Required ratio:    0.00 (Cumulative side area) 

    Layer: Via2
      Partial area ratio:    0.20
      Required ratio:   20.00 (Gate area) 
      Cumulative area ratio:    0.30
      Required ratio:    0.00 (Cumulative area) 

    Layer: Metal3
      Partial area ratio:    3.85
      Required ratio:    0.00 (Gate area) 
      Cumulative area ratio:    5.76
      Required ratio:    0.00 (Cumulative area) 
      Partial area ratio:   15.75
      Required ratio:  400.00 (Side area) 
      Cumulative area ratio:   23.56
      Required ratio:    0.00 (Cumulative side area) 

    Layer: Via3
      Partial area ratio:    0.10
      Required ratio:   20.00 (Gate area) 
      Cumulative area ratio:    0.41
      Required ratio:    0.00 (Cumulative area) 

    Layer: Metal4
      Partial area ratio:    1.87
      Required ratio:    0.00 (Gate area) 
      Cumulative area ratio:    7.62
      Required ratio:    0.00 (Cumulative area) 
      Partial area ratio:    7.42
      Required ratio:  400.00 (Side area) 
      Cumulative area ratio:   30.99
      Required ratio:    0.00 (Cumulative side area) 

    Layer: Via4
      Partial area ratio:    0.05
      Required ratio:   20.00 (Gate area) 
      Cumulative area ratio:    0.46
      Required ratio:    0.00 (Cumulative area) 

    Layer: Metal5
      Partial area ratio:  101.96
      Required ratio:    0.00 (Gate area) 
      Cumulative area ratio:  109.58
      Required ratio:    0.00 (Cumulative area) 
      Partial area ratio:  551.80
      Required ratio:  400.00 (Side area) (VIOLATED)
      Cumulative area ratio:  582.79
      Required ratio:    0.00 (Cumulative side area) 


  Pin:   _24312_/A (gf180mcu_as_sc_mcu7t3v3__and2_2)
    Layer: Via1
      Partial area ratio:    0.10
      Required ratio:   20.00 (Gate area) 
      Cumulative area ratio:    0.10
      Required ratio:    0.00 (Cumulative area) 

    Layer: Metal2
      Partial area ratio:    0.86
      Required ratio:    0.00 (Gate area) 
      Cumulative area ratio:    0.86
      Required ratio:    0.00 (Cumulative area) 
      Partial area ratio:    3.76
      Required ratio:  400.00 (Side area) 
      Cumulative area ratio:    3.76
      Required ratio:    0.00 (Cumulative side area) 

    Layer: Via2
      Partial area ratio:    0.20
      Required ratio:   20.00 (Gate area) 
      Cumulative area ratio:    0.30
      Required ratio:    0.00 (Cumulative area) 

    Layer: Metal3
      Partial area ratio:    0.32
      Required ratio:    0.00 (Gate area) 
      Cumulative area ratio:    1.18
      Required ratio:    0.00 (Cumulative area) 
      Partial area ratio:    2.14
      Required ratio:  400.00 (Side area) 
      Cumulative area ratio:    5.90
      Required ratio:    0.00 (Cumulative side area) 

    Layer: Via3
      Partial area ratio:    0.10
      Required ratio:   20.00 (Gate area) 
      Cumulative area ratio:    0.41
      Required ratio:    0.00 (Cumulative area) 

    Layer: Metal4
      Partial area ratio:    1.87
      Required ratio:    0.00 (Gate area) 
      Cumulative area ratio:    3.04
      Required ratio:    0.00 (Cumulative area) 
      Partial area ratio:    7.42
      Required ratio:  400.00 (Side area) 
      Cumulative area ratio:   13.32
      Required ratio:    0.00 (Cumulative side area) 

    Layer: Via4
      Partial area ratio:    0.05
      Required ratio:   20.00 (Gate area) 
      Cumulative area ratio:    0.46
      Required ratio:    0.00 (Cumulative area) 

    Layer: Metal5
      Partial area ratio:  101.96
      Required ratio:    0.00 (Gate area) 
      Cumulative area ratio:  105.00
      Required ratio:    0.00 (Cumulative area) 
      Partial area ratio:  551.80
      Required ratio:  400.00 (Side area) (VIOLATED)
      Cumulative area ratio:  565.12
      Required ratio:    0.00 (Cumulative side area) 



Net: net66
  Pin:   _24014_/A (gf180mcu_as_sc_mcu7t3v3__inv_2)
    Layer: Via1
      Partial area ratio:    0.05
      Required ratio:   20.00 (Gate area) 
      Cumulative area ratio:    0.05
      Required ratio:    0.00 (Cumulative area) 

    Layer: Metal2
      Partial area ratio:    2.67
      Required ratio:    0.00 (Gate area) 
      Cumulative area ratio:    2.67
      Required ratio:    0.00 (Cumulative area) 
      Partial area ratio:   10.51
      Required ratio:  400.00 (Side area) 
      Cumulative area ratio:   10.51
      Required ratio:    0.00 (Cumulative side area) 

    Layer: Via2
      Partial area ratio:    0.10
      Required ratio:   20.00 (Gate area) 
      Cumulative area ratio:    0.15
      Required ratio:    0.00 (Cumulative area) 

    Layer: Metal3
      Partial area ratio:    1.34
      Required ratio:    0.00 (Gate area) 
      Cumulative area ratio:    4.00
      Required ratio:    0.00 (Cumulative area) 
      Partial area ratio:    5.61
      Required ratio:  400.00 (Side area) 
      Cumulative area ratio:   16.12
      Required ratio:    0.00 (Cumulative side area) 

    Layer: Via3
      Partial area ratio:    0.03
      Required ratio:   20.00 (Gate area) 
      Cumulative area ratio:    0.19
      Required ratio:    0.00 (Cumulative area) 

    Layer: Metal4
      Partial area ratio:    0.05
      Required ratio:    0.00 (Gate area) 
      Cumulative area ratio:    4.06
      Required ratio:    0.00 (Cumulative area) 
      Partial area ratio:    0.36
      Required ratio:  400.00 (Side area) 
      Cumulative area ratio:   16.48
      Required ratio:    0.00 (Cumulative side area) 

    Layer: Via4
      Partial area ratio:    0.03
      Required ratio:   20.00 (Gate area) 
      Cumulative area ratio:    0.22
      Required ratio:    0.00 (Cumulative area) 

    Layer: Metal5
      Partial area ratio:   86.78
      Required ratio:    0.00 (Gate area) 
      Cumulative area ratio:   90.83
      Required ratio:    0.00 (Cumulative area) 
      Partial area ratio:  469.62
      Required ratio:  400.00 (Side area) (VIOLATED)
      Cumulative area ratio:  486.09
      Required ratio:    0.00 (Cumulative side area) 


  Pin:   _24312_/B (gf180mcu_as_sc_mcu7t3v3__and2_2)
    Layer: Via1
      Partial area ratio:    0.10
      Required ratio:   20.00 (Gate area) 
      Cumulative area ratio:    0.10
      Required ratio:    0.00 (Cumulative area) 

    Layer: Metal2
      Partial area ratio:    1.13
      Required ratio:    0.00 (Gate area) 
      Cumulative area ratio:    1.13
      Required ratio:    0.00 (Cumulative area) 
      Partial area ratio:    4.81
      Required ratio:  400.00 (Side area) 
      Cumulative area ratio:    4.81
      Required ratio:    0.00 (Cumulative side area) 

    Layer: Via2
      Partial area ratio:    0.20
      Required ratio:   20.00 (Gate area) 
      Cumulative area ratio:    0.30
      Required ratio:    0.00 (Cumulative area) 

    Layer: Metal3
      Partial area ratio:    1.34
      Required ratio:    0.00 (Gate area) 
      Cumulative area ratio:    2.47
      Required ratio:    0.00 (Cumulative area) 
      Partial area ratio:    5.61
      Required ratio:  400.00 (Side area) 
      Cumulative area ratio:   10.42
      Required ratio:    0.00 (Cumulative side area) 

    Layer: Via3
      Partial area ratio:    0.03
      Required ratio:   20.00 (Gate area) 
      Cumulative area ratio:    0.34
      Required ratio:    0.00 (Cumulative area) 

    Layer: Metal4
      Partial area ratio:    0.05
      Required ratio:    0.00 (Gate area) 
      Cumulative area ratio:    2.52
      Required ratio:    0.00 (Cumulative area) 
      Partial area ratio:    0.36
      Required ratio:  400.00 (Side area) 
      Cumulative area ratio:   10.78
      Required ratio:    0.00 (Cumulative side area) 

    Layer: Via4
      Partial area ratio:    0.03
      Required ratio:   20.00 (Gate area) 
      Cumulative area ratio:    0.37
      Required ratio:    0.00 (Cumulative area) 

    Layer: Metal5
      Partial area ratio:   86.78
      Required ratio:    0.00 (Gate area) 
      Cumulative area ratio:   89.30
      Required ratio:    0.00 (Cumulative area) 
      Partial area ratio:  469.62
      Required ratio:  400.00 (Side area) (VIOLATED)
      Cumulative area ratio:  480.39
      Required ratio:    0.00 (Cumulative side area) 



Net: net1098
  Pin:   fanout1083/A (gf180mcu_as_sc_mcu7t3v3__buff_2)
    Layer: Via1
      Partial area ratio:    0.10
      Required ratio:   20.00 (Gate area) 
      Cumulative area ratio:    0.10
      Required ratio:    0.00 (Cumulative area) 

    Layer: Metal2
      Partial area ratio:    1.70
      Required ratio:    0.00 (Gate area) 
      Cumulative area ratio:    1.70
      Required ratio:    0.00 (Cumulative area) 
      Partial area ratio:    7.01
      Required ratio:  400.00 (Side area) 
      Cumulative area ratio:    7.01
      Required ratio:    0.00 (Cumulative side area) 

    Layer: Via2
      Partial area ratio:    0.20
      Required ratio:   20.00 (Gate area) 
      Cumulative area ratio:    0.30
      Required ratio:    0.00 (Cumulative area) 

    Layer: Metal3
      Partial area ratio:   29.81
      Required ratio:    0.00 (Gate area) 
      Cumulative area ratio:   31.52
      Required ratio:    0.00 (Cumulative area) 
      Partial area ratio:  115.48
      Required ratio:  400.00 (Side area) 
      Cumulative area ratio:  122.49
      Required ratio:    0.00 (Cumulative side area) 

    Layer: Via3
      Partial area ratio:    0.05
      Required ratio:    0.00 (Gate area) 
      Cumulative area ratio:    0.36
      Required ratio:    0.00 (Cumulative area) 

    Layer: Metal4
      Partial area ratio:   19.25
      Required ratio:    0.00 (Gate area) 
      Cumulative area ratio:   50.76
      Required ratio:    0.00 (Cumulative area) 
      Partial area ratio:   74.30
      Required ratio:  400.00 (Side area) 
      Cumulative area ratio:  196.79
      Required ratio:    0.00 (Cumulative side area) 


  Pin:   fanout1088/A (gf180mcu_as_sc_mcu7t3v3__buff_2)
    Layer: Via1
      Partial area ratio:    0.10
      Required ratio:   20.00 (Gate area) 
      Cumulative area ratio:    0.10
      Required ratio:    0.00 (Cumulative area) 

    Layer: Metal2
      Partial area ratio:    1.47
      Required ratio:    0.00 (Gate area) 
      Cumulative area ratio:    1.47
      Required ratio:    0.00 (Cumulative area) 
      Partial area ratio:    6.11
      Required ratio:  400.00 (Side area) 
      Cumulative area ratio:    6.11
      Required ratio:    0.00 (Cumulative side area) 

    Layer: Via2
      Partial area ratio:    0.20
      Required ratio:   20.00 (Gate area) 
      Cumulative area ratio:    0.30
      Required ratio:    0.00 (Cumulative area) 

    Layer: Metal3
      Partial area ratio:  141.66
      Required ratio:    0.00 (Gate area) 
      Cumulative area ratio:  143.12
      Required ratio:    0.00 (Cumulative area) 
      Partial area ratio:  547.75
      Required ratio:  400.00 (Side area) (VIOLATED)
      Cumulative area ratio:  553.85
      Required ratio:    0.00 (Cumulative side area) 

    Layer: Via3
      Partial area ratio:    0.10
      Required ratio:   20.00 (Gate area) 
      Cumulative area ratio:    0.41
      Required ratio:    0.00 (Cumulative area) 

    Layer: Metal4
      Partial area ratio:   19.25
      Required ratio:    0.00 (Gate area) 
      Cumulative area ratio:  162.37
      Required ratio:    0.00 (Cumulative area) 
      Partial area ratio:   74.30
      Required ratio:  400.00 (Side area) 
      Cumulative area ratio:  628.15
      Required ratio:    0.00 (Cumulative side area) 


  Pin:   fanout1093/A (gf180mcu_as_sc_mcu7t3v3__buff_2)
    Layer: Via1
      Partial area ratio:    0.10
      Required ratio:   20.00 (Gate area) 
      Cumulative area ratio:    0.10
      Required ratio:    0.00 (Cumulative area) 

    Layer: Metal2
      Partial area ratio:    2.21
      Required ratio:    0.00 (Gate area) 
      Cumulative area ratio:    2.21
      Required ratio:    0.00 (Cumulative area) 
      Partial area ratio:    8.61
      Required ratio:  400.00 (Side area) 
      Cumulative area ratio:    8.61
      Required ratio:    0.00 (Cumulative side area) 

    Layer: Via2
      Partial area ratio:    0.61
      Required ratio:    0.00 (Gate area) 
      Cumulative area ratio:    0.71
      Required ratio:    0.00 (Cumulative area) 

    Layer: Metal3
      Partial area ratio:   29.81
      Required ratio:    0.00 (Gate area) 
      Cumulative area ratio:   32.02
      Required ratio:    0.00 (Cumulative area) 
      Partial area ratio:  115.48
      Required ratio:  400.00 (Side area) 
      Cumulative area ratio:  124.08
      Required ratio:    0.00 (Cumulative side area) 

    Layer: Via3
      Partial area ratio:    0.05
      Required ratio:    0.00 (Gate area) 
      Cumulative area ratio:    0.76
      Required ratio:    0.00 (Cumulative area) 

    Layer: Metal4
      Partial area ratio:   19.25
      Required ratio:    0.00 (Gate area) 
      Cumulative area ratio:   51.27
      Required ratio:    0.00 (Cumulative area) 
      Partial area ratio:   74.30
      Required ratio:  400.00 (Side area) 
      Cumulative area ratio:  198.38
      Required ratio:    0.00 (Cumulative side area) 


  Pin:   fanout1097/A (gf180mcu_as_sc_mcu7t3v3__buff_2)
    Layer: Via1
      Partial area ratio:    0.10
      Required ratio:   20.00 (Gate area) 
      Cumulative area ratio:    0.10
      Required ratio:    0.00 (Cumulative area) 

    Layer: Metal2
      Partial area ratio:    2.20
      Required ratio:    0.00 (Gate area) 
      Cumulative area ratio:    2.20
      Required ratio:    0.00 (Cumulative area) 
      Partial area ratio:    8.96
      Required ratio:  400.00 (Side area) 
      Cumulative area ratio:    8.96
      Required ratio:    0.00 (Cumulative side area) 

    Layer: Via2
      Partial area ratio:    0.20
      Required ratio:   20.00 (Gate area) 
      Cumulative area ratio:    0.30
      Required ratio:    0.00 (Cumulative area) 

    Layer: Metal3
      Partial area ratio:    0.32
      Required ratio:    0.00 (Gate area) 
      Cumulative area ratio:    2.52
      Required ratio:    0.00 (Cumulative area) 
      Partial area ratio:    2.14
      Required ratio:  400.00 (Side area) 
      Cumulative area ratio:   11.10
      Required ratio:    0.00 (Cumulative side area) 

    Layer: Via3
      Partial area ratio:    0.10
      Required ratio:   20.00 (Gate area) 
      Cumulative area ratio:    0.41
      Required ratio:    0.00 (Cumulative area) 

    Layer: Metal4
      Partial area ratio:   19.25
      Required ratio:    0.00 (Gate area) 
      Cumulative area ratio:   21.77
      Required ratio:    0.00 (Cumulative area) 
      Partial area ratio:   74.30
      Required ratio:  400.00 (Side area) 
      Cumulative area ratio:   85.40
      Required ratio:    0.00 (Cumulative side area) 



Net: net1136
  Pin:   fanout1128/A (gf180mcu_as_sc_mcu7t3v3__buff_2)
    Layer: Via1
      Partial area ratio:    0.10
      Required ratio:   20.00 (Gate area) 
      Cumulative area ratio:    0.10
      Required ratio:    0.00 (Cumulative area) 

    Layer: Metal2
      Partial area ratio:    0.82
      Required ratio:    0.00 (Gate area) 
      Cumulative area ratio:    0.82
      Required ratio:    0.00 (Cumulative area) 
      Partial area ratio:    3.62
      Required ratio:  400.00 (Side area) 
      Cumulative area ratio:    3.62
      Required ratio:    0.00 (Cumulative side area) 

    Layer: Via2
      Partial area ratio:    0.20
      Required ratio:   20.00 (Gate area) 
      Cumulative area ratio:    0.30
      Required ratio:    0.00 (Cumulative area) 

    Layer: Metal3
      Partial area ratio:   95.61
      Required ratio:    0.00 (Gate area) 
      Cumulative area ratio:   96.43
      Required ratio:    0.00 (Cumulative area) 
      Partial area ratio:  369.70
      Required ratio:  400.00 (Side area) 
      Cumulative area ratio:  373.32
      Required ratio:    0.00 (Cumulative side area) 

    Layer: Via3
      Partial area ratio:    0.10
      Required ratio:   20.00 (Gate area) 
      Cumulative area ratio:    0.41
      Required ratio:    0.00 (Cumulative area) 

    Layer: Metal4
      Partial area ratio:   24.31
      Required ratio:    0.00 (Gate area) 
      Cumulative area ratio:  120.74
      Required ratio:    0.00 (Cumulative area) 
      Partial area ratio:   93.87
      Required ratio:  400.00 (Side area) 
      Cumulative area ratio:  467.19
      Required ratio:    0.00 (Cumulative side area) 


  Pin:   fanout1131/A (gf180mcu_as_sc_mcu7t3v3__buff_2)
    Layer: Via1
      Partial area ratio:    0.10
      Required ratio:   20.00 (Gate area) 
      Cumulative area ratio:    0.10
      Required ratio:    0.00 (Cumulative area) 

    Layer: Metal2
      Partial area ratio:    1.52
      Required ratio:    0.00 (Gate area) 
      Cumulative area ratio:    1.52
      Required ratio:    0.00 (Cumulative area) 
      Partial area ratio:    5.96
      Required ratio:  400.00 (Side area) 
      Cumulative area ratio:    5.96
      Required ratio:    0.00 (Cumulative side area) 

    Layer: Via2
      Partial area ratio:    0.30
      Required ratio:    0.00 (Gate area) 
      Cumulative area ratio:    0.41
      Required ratio:    0.00 (Cumulative area) 

    Layer: Metal3
      Partial area ratio:    0.10
      Required ratio:    0.00 (Gate area) 
      Cumulative area ratio:    1.62
      Required ratio:    0.00 (Cumulative area) 
      Partial area ratio:    0.68
      Required ratio:  400.00 (Side area) 
      Cumulative area ratio:    6.65
      Required ratio:    0.00 (Cumulative side area) 

    Layer: Via3
      Partial area ratio:    0.10
      Required ratio:    0.00 (Gate area) 
      Cumulative area ratio:    0.51
      Required ratio:    0.00 (Cumulative area) 

    Layer: Metal4
      Partial area ratio:   24.31
      Required ratio:    0.00 (Gate area) 
      Cumulative area ratio:   25.93
      Required ratio:    0.00 (Cumulative area) 
      Partial area ratio:   93.87
      Required ratio:  400.00 (Side area) 
      Cumulative area ratio:  100.51
      Required ratio:    0.00 (Cumulative side area) 


  Pin:   fanout1133/A (gf180mcu_as_sc_mcu7t3v3__buff_2)
    Layer: Via1
      Partial area ratio:    0.10
      Required ratio:   20.00 (Gate area) 
      Cumulative area ratio:    0.10
      Required ratio:    0.00 (Cumulative area) 

    Layer: Metal2
      Partial area ratio:    2.44
      Required ratio:    0.00 (Gate area) 
      Cumulative area ratio:    2.44
      Required ratio:    0.00 (Cumulative area) 
      Partial area ratio:    9.87
      Required ratio:  400.00 (Side area) 
      Cumulative area ratio:    9.87
      Required ratio:    0.00 (Cumulative side area) 

    Layer: Via2
      Partial area ratio:    0.20
      Required ratio:   20.00 (Gate area) 
      Cumulative area ratio:    0.30
      Required ratio:    0.00 (Cumulative area) 

    Layer: Metal3
      Partial area ratio:  155.61
      Required ratio:    0.00 (Gate area) 
      Cumulative area ratio:  158.05
      Required ratio:    0.00 (Cumulative area) 
      Partial area ratio:  601.13
      Required ratio:  400.00 (Side area) (VIOLATED)
      Cumulative area ratio:  611.00
      Required ratio:    0.00 (Cumulative side area) 

    Layer: Via3
      Partial area ratio:    0.20
      Required ratio:   20.00 (Gate area) 
      Cumulative area ratio:    0.51
      Required ratio:    0.00 (Cumulative area) 

    Layer: Metal4
      Partial area ratio:   24.31
      Required ratio:    0.00 (Gate area) 
      Cumulative area ratio:  182.36
      Required ratio:    0.00 (Cumulative area) 
      Partial area ratio:   93.87
      Required ratio:  400.00 (Side area) 
      Cumulative area ratio:  704.87
      Required ratio:    0.00 (Cumulative side area) 


  Pin:   fanout1135/A (gf180mcu_as_sc_mcu7t3v3__buff_2)
    Layer: Via1
      Partial area ratio:    0.10
      Required ratio:   20.00 (Gate area) 
      Cumulative area ratio:    0.10
      Required ratio:    0.00 (Cumulative area) 

    Layer: Metal2
      Partial area ratio:    2.17
      Required ratio:    0.00 (Gate area) 
      Cumulative area ratio:    2.17
      Required ratio:    0.00 (Cumulative area) 
      Partial area ratio:    8.83
      Required ratio:  400.00 (Side area) 
      Cumulative area ratio:    8.83
      Required ratio:    0.00 (Cumulative side area) 

    Layer: Via2
      Partial area ratio:    0.20
      Required ratio:   20.00 (Gate area) 
      Cumulative area ratio:    0.30
      Required ratio:    0.00 (Cumulative area) 

    Layer: Metal3
      Partial area ratio:    3.85
      Required ratio:    0.00 (Gate area) 
      Cumulative area ratio:    6.02
      Required ratio:    0.00 (Cumulative area) 
      Partial area ratio:   15.75
      Required ratio:  400.00 (Side area) 
      Cumulative area ratio:   24.58
      Required ratio:    0.00 (Cumulative side area) 

    Layer: Via3
      Partial area ratio:    0.10
      Required ratio:   20.00 (Gate area) 
      Cumulative area ratio:    0.41
      Required ratio:    0.00 (Cumulative area) 

    Layer: Metal4
      Partial area ratio:   24.31
      Required ratio:    0.00 (Gate area) 
      Cumulative area ratio:   30.33
      Required ratio:    0.00 (Cumulative area) 
      Partial area ratio:   93.87
      Required ratio:  400.00 (Side area) 
      Cumulative area ratio:  118.45
      Required ratio:    0.00 (Cumulative side area) 



Net: net1288
  Pin:   _27136_/B (gf180mcu_as_sc_mcu7t3v3__nand2_2)
    Layer: Via1
      Partial area ratio:    0.05
      Required ratio:   20.00 (Gate area) 
      Cumulative area ratio:    0.05
      Required ratio:    0.00 (Cumulative area) 

    Layer: Metal2
      Partial area ratio:    1.74
      Required ratio:    0.00 (Gate area) 
      Cumulative area ratio:    1.74
      Required ratio:    0.00 (Cumulative area) 
      Partial area ratio:    6.85
      Required ratio:  400.00 (Side area) 
      Cumulative area ratio:    6.85
      Required ratio:    0.00 (Cumulative side area) 

    Layer: Via2
      Partial area ratio:    0.10
      Required ratio:   20.00 (Gate area) 
      Cumulative area ratio:    0.15
      Required ratio:    0.00 (Cumulative area) 

    Layer: Metal3
      Partial area ratio:    0.16
      Required ratio:    0.00 (Gate area) 
      Cumulative area ratio:    1.90
      Required ratio:    0.00 (Cumulative area) 
      Partial area ratio:    1.07
      Required ratio:  400.00 (Side area) 
      Cumulative area ratio:    7.92
      Required ratio:    0.00 (Cumulative side area) 

    Layer: Via3
      Partial area ratio:    0.03
      Required ratio:   20.00 (Gate area) 
      Cumulative area ratio:    0.19
      Required ratio:    0.00 (Cumulative area) 

    Layer: Metal4
      Partial area ratio:    5.46
      Required ratio:    0.00 (Gate area) 
      Cumulative area ratio:    7.36
      Required ratio:    0.00 (Cumulative area) 
      Partial area ratio:   21.16
      Required ratio:  400.00 (Side area) 
      Cumulative area ratio:   29.08
      Required ratio:    0.00 (Cumulative side area) 


  Pin:   _27370_/C (gf180mcu_as_sc_mcu7t3v3__ao31_2)
    Layer: Metal1
      Partial area ratio:    0.02
      Required ratio:    0.00 (Gate area) 
      Cumulative area ratio:    0.02
      Required ratio:    0.00 (Cumulative area) 
      Partial area ratio:    0.91
      Required ratio:  400.00 (Side area) 
      Cumulative area ratio:    0.91
      Required ratio:    0.00 (Cumulative side area) 

    Layer: Via1
      Partial area ratio:    0.10
      Required ratio:   20.00 (Gate area) 
      Cumulative area ratio:    0.10
      Required ratio:    0.00 (Cumulative area) 

    Layer: Metal2
      Partial area ratio:    2.24
      Required ratio:    0.00 (Gate area) 
      Cumulative area ratio:    2.26
      Required ratio:    0.00 (Cumulative area) 
      Partial area ratio:    9.10
      Required ratio:  400.00 (Side area) 
      Cumulative area ratio:   10.01
      Required ratio:    0.00 (Cumulative side area) 

    Layer: Via2
      Partial area ratio:    0.20
      Required ratio:   20.00 (Gate area) 
      Cumulative area ratio:    0.30
      Required ratio:    0.00 (Cumulative area) 

    Layer: Metal3
      Partial area ratio:  131.07
      Required ratio:    0.00 (Gate area) 
      Cumulative area ratio:  133.32
      Required ratio:    0.00 (Cumulative area) 
      Partial area ratio:  506.91
      Required ratio:  400.00 (Side area) (VIOLATED)
      Cumulative area ratio:  516.91
      Required ratio:    0.00 (Cumulative side area) 

    Layer: Via3
      Partial area ratio:    0.20
      Required ratio:   20.00 (Gate area) 
      Cumulative area ratio:    0.51
      Required ratio:    0.00 (Cumulative area) 

    Layer: Metal4
      Partial area ratio:    5.46
      Required ratio:    0.00 (Gate area) 
      Cumulative area ratio:  138.79
      Required ratio:    0.00 (Cumulative area) 
      Partial area ratio:   21.16
      Required ratio:  400.00 (Side area) 
      Cumulative area ratio:  538.08
      Required ratio:    0.00 (Cumulative side area) 


  Pin:   _27391_/C (gf180mcu_as_sc_mcu7t3v3__ao31_2)
    Layer: Metal1
      Partial area ratio:    0.02
      Required ratio:    0.00 (Gate area) 
      Cumulative area ratio:    0.02
      Required ratio:    0.00 (Cumulative area) 
      Partial area ratio:    0.91
      Required ratio:  400.00 (Side area) 
      Cumulative area ratio:    0.91
      Required ratio:    0.00 (Cumulative side area) 

    Layer: Via1
      Partial area ratio:    0.10
      Required ratio:   20.00 (Gate area) 
      Cumulative area ratio:    0.10
      Required ratio:    0.00 (Cumulative area) 

    Layer: Metal2
      Partial area ratio:    1.63
      Required ratio:    0.00 (Gate area) 
      Cumulative area ratio:    1.65
      Required ratio:    0.00 (Cumulative area) 
      Partial area ratio:    6.75
      Required ratio:  400.00 (Side area) 
      Cumulative area ratio:    7.66
      Required ratio:    0.00 (Cumulative side area) 

    Layer: Via2
      Partial area ratio:    0.20
      Required ratio:   20.00 (Gate area) 
      Cumulative area ratio:    0.30
      Required ratio:    0.00 (Cumulative area) 

    Layer: Metal3
      Partial area ratio:    0.32
      Required ratio:    0.00 (Gate area) 
      Cumulative area ratio:    1.97
      Required ratio:    0.00 (Cumulative area) 
      Partial area ratio:    2.14
      Required ratio:  400.00 (Side area) 
      Cumulative area ratio:    9.80
      Required ratio:    0.00 (Cumulative side area) 

    Layer: Via3
      Partial area ratio:    0.10
      Required ratio:   20.00 (Gate area) 
      Cumulative area ratio:    0.41
      Required ratio:    0.00 (Cumulative area) 

    Layer: Metal4
      Partial area ratio:    5.46
      Required ratio:    0.00 (Gate area) 
      Cumulative area ratio:    7.43
      Required ratio:    0.00 (Cumulative area) 
      Partial area ratio:   21.16
      Required ratio:  400.00 (Side area) 
      Cumulative area ratio:   30.96
      Required ratio:    0.00 (Cumulative side area) 


  Pin:   _27409_/C (gf180mcu_as_sc_mcu7t3v3__ao31_2)
    Layer: Metal1
      Partial area ratio:    0.02
      Required ratio:    0.00 (Gate area) 
      Cumulative area ratio:    0.02
      Required ratio:    0.00 (Cumulative area) 
      Partial area ratio:    0.91
      Required ratio:  400.00 (Side area) 
      Cumulative area ratio:    0.91
      Required ratio:    0.00 (Cumulative side area) 

    Layer: Via1
      Partial area ratio:    0.10
      Required ratio:   20.00 (Gate area) 
      Cumulative area ratio:    0.10
      Required ratio:    0.00 (Cumulative area) 

    Layer: Metal2
      Partial area ratio:    0.75
      Required ratio:    0.00 (Gate area) 
      Cumulative area ratio:    0.77
      Required ratio:    0.00 (Cumulative area) 
      Partial area ratio:    3.35
      Required ratio:  400.00 (Side area) 
      Cumulative area ratio:    4.25
      Required ratio:    0.00 (Cumulative side area) 

    Layer: Via2
      Partial area ratio:    0.20
      Required ratio:   20.00 (Gate area) 
      Cumulative area ratio:    0.30
      Required ratio:    0.00 (Cumulative area) 

    Layer: Metal3
      Partial area ratio:    0.32
      Required ratio:    0.00 (Gate area) 
      Cumulative area ratio:    1.08
      Required ratio:    0.00 (Cumulative area) 
      Partial area ratio:    2.14
      Required ratio:  400.00 (Side area) 
      Cumulative area ratio:    6.39
      Required ratio:    0.00 (Cumulative side area) 

    Layer: Via3
      Partial area ratio:    0.10
      Required ratio:   20.00 (Gate area) 
      Cumulative area ratio:    0.41
      Required ratio:    0.00 (Cumulative area) 

    Layer: Metal4
      Partial area ratio:    5.46
      Required ratio:    0.00 (Gate area) 
      Cumulative area ratio:    6.55
      Required ratio:    0.00 (Cumulative area) 
      Partial area ratio:   21.16
      Required ratio:  400.00 (Side area) 
      Cumulative area ratio:   27.56
      Required ratio:    0.00 (Cumulative side area) 


  Pin:   _27428_/C (gf180mcu_as_sc_mcu7t3v3__ao31_2)
    Layer: Metal1
      Partial area ratio:    0.02
      Required ratio:    0.00 (Gate area) 
      Cumulative area ratio:    0.02
      Required ratio:    0.00 (Cumulative area) 
      Partial area ratio:    0.91
      Required ratio:  400.00 (Side area) 
      Cumulative area ratio:    0.91
      Required ratio:    0.00 (Cumulative side area) 

    Layer: Via1
      Partial area ratio:    0.10
      Required ratio:   20.00 (Gate area) 
      Cumulative area ratio:    0.10
      Required ratio:    0.00 (Cumulative area) 

    Layer: Metal2
      Partial area ratio:    4.47
      Required ratio:    0.00 (Gate area) 
      Cumulative area ratio:    4.49
      Required ratio:    0.00 (Cumulative area) 
      Partial area ratio:   17.47
      Required ratio:  400.00 (Side area) 
      Cumulative area ratio:   18.38
      Required ratio:    0.00 (Cumulative side area) 

    Layer: Via2
      Partial area ratio:    0.20
      Required ratio:   20.00 (Gate area) 
      Cumulative area ratio:    0.30
      Required ratio:    0.00 (Cumulative area) 

    Layer: Metal3
      Partial area ratio:    0.32
      Required ratio:    0.00 (Gate area) 
      Cumulative area ratio:    4.81
      Required ratio:    0.00 (Cumulative area) 
      Partial area ratio:    2.14
      Required ratio:  400.00 (Side area) 
      Cumulative area ratio:   20.52
      Required ratio:    0.00 (Cumulative side area) 

    Layer: Via3
      Partial area ratio:    0.10
      Required ratio:   20.00 (Gate area) 
      Cumulative area ratio:    0.41
      Required ratio:    0.00 (Cumulative area) 

    Layer: Metal4
      Partial area ratio:    5.46
      Required ratio:    0.00 (Gate area) 
      Cumulative area ratio:   10.27
      Required ratio:    0.00 (Cumulative area) 
      Partial area ratio:   21.16
      Required ratio:  400.00 (Side area) 
      Cumulative area ratio:   41.68
      Required ratio:    0.00 (Cumulative side area) 


  Pin:   _27448_/C (gf180mcu_as_sc_mcu7t3v3__ao31_2)
    Layer: Metal1
      Partial area ratio:    0.02
      Required ratio:    0.00 (Gate area) 
      Cumulative area ratio:    0.02
      Required ratio:    0.00 (Cumulative area) 
      Partial area ratio:    0.91
      Required ratio:  400.00 (Side area) 
      Cumulative area ratio:    0.91
      Required ratio:    0.00 (Cumulative side area) 

    Layer: Via1
      Partial area ratio:    0.10
      Required ratio:   20.00 (Gate area) 
      Cumulative area ratio:    0.10
      Required ratio:    0.00 (Cumulative area) 

    Layer: Metal2
      Partial area ratio:    4.47
      Required ratio:    0.00 (Gate area) 
      Cumulative area ratio:    4.49
      Required ratio:    0.00 (Cumulative area) 
      Partial area ratio:   17.47
      Required ratio:  400.00 (Side area) 
      Cumulative area ratio:   18.38
      Required ratio:    0.00 (Cumulative side area) 

    Layer: Via2
      Partial area ratio:    0.20
      Required ratio:   20.00 (Gate area) 
      Cumulative area ratio:    0.30
      Required ratio:    0.00 (Cumulative area) 

    Layer: Metal3
      Partial area ratio:    0.32
      Required ratio:    0.00 (Gate area) 
      Cumulative area ratio:    4.81
      Required ratio:    0.00 (Cumulative area) 
      Partial area ratio:    2.14
      Required ratio:  400.00 (Side area) 
      Cumulative area ratio:   20.52
      Required ratio:    0.00 (Cumulative side area) 

    Layer: Via3
      Partial area ratio:    0.10
      Required ratio:   20.00 (Gate area) 
      Cumulative area ratio:    0.41
      Required ratio:    0.00 (Cumulative area) 

    Layer: Metal4
      Partial area ratio:    5.46
      Required ratio:    0.00 (Gate area) 
      Cumulative area ratio:   10.27
      Required ratio:    0.00 (Cumulative area) 
      Partial area ratio:   21.16
      Required ratio:  400.00 (Side area) 
      Cumulative area ratio:   41.68
      Required ratio:    0.00 (Cumulative side area) 


  Pin:   _27489_/C (gf180mcu_as_sc_mcu7t3v3__ao31_2)
    Layer: Metal1
      Partial area ratio:    0.02
      Required ratio:    0.00 (Gate area) 
      Cumulative area ratio:    0.02
      Required ratio:    0.00 (Cumulative area) 
      Partial area ratio:    0.91
      Required ratio:  400.00 (Side area) 
      Cumulative area ratio:    0.91
      Required ratio:    0.00 (Cumulative side area) 

    Layer: Via1
      Partial area ratio:    0.10
      Required ratio:   20.00 (Gate area) 
      Cumulative area ratio:    0.10
      Required ratio:    0.00 (Cumulative area) 

    Layer: Metal2
      Partial area ratio:    1.36
      Required ratio:    0.00 (Gate area) 
      Cumulative area ratio:    1.37
      Required ratio:    0.00 (Cumulative area) 
      Partial area ratio:    5.70
      Required ratio:  400.00 (Side area) 
      Cumulative area ratio:    6.60
      Required ratio:    0.00 (Cumulative side area) 

    Layer: Via2
      Partial area ratio:    0.20
      Required ratio:   20.00 (Gate area) 
      Cumulative area ratio:    0.30
      Required ratio:    0.00 (Cumulative area) 

    Layer: Metal3
      Partial area ratio:    0.32
      Required ratio:    0.00 (Gate area) 
      Cumulative area ratio:    1.69
      Required ratio:    0.00 (Cumulative area) 
      Partial area ratio:    2.14
      Required ratio:  400.00 (Side area) 
      Cumulative area ratio:    8.74
      Required ratio:    0.00 (Cumulative side area) 

    Layer: Via3
      Partial area ratio:    0.10
      Required ratio:   20.00 (Gate area) 
      Cumulative area ratio:    0.41
      Required ratio:    0.00 (Cumulative area) 

    Layer: Metal4
      Partial area ratio:    5.46
      Required ratio:    0.00 (Gate area) 
      Cumulative area ratio:    7.15
      Required ratio:    0.00 (Cumulative area) 
      Partial area ratio:   21.16
      Required ratio:  400.00 (Side area) 
      Cumulative area ratio:   29.91
      Required ratio:    0.00 (Cumulative side area) 


  Pin:   _27507_/C (gf180mcu_as_sc_mcu7t3v3__ao31_2)
    Layer: Metal1
      Partial area ratio:    0.02
      Required ratio:    0.00 (Gate area) 
      Cumulative area ratio:    0.02
      Required ratio:    0.00 (Cumulative area) 
      Partial area ratio:    0.91
      Required ratio:  400.00 (Side area) 
      Cumulative area ratio:    0.91
      Required ratio:    0.00 (Cumulative side area) 

    Layer: Via1
      Partial area ratio:    0.10
      Required ratio:   20.00 (Gate area) 
      Cumulative area ratio:    0.10
      Required ratio:    0.00 (Cumulative area) 

    Layer: Metal2
      Partial area ratio:    1.74
      Required ratio:    0.00 (Gate area) 
      Cumulative area ratio:    1.75
      Required ratio:    0.00 (Cumulative area) 
      Partial area ratio:    6.85
      Required ratio:  400.00 (Side area) 
      Cumulative area ratio:    7.76
      Required ratio:    0.00 (Cumulative side area) 

    Layer: Via2
      Partial area ratio:    0.10
      Required ratio:   20.00 (Gate area) 
      Cumulative area ratio:    0.20
      Required ratio:    0.00 (Cumulative area) 

    Layer: Metal3
      Partial area ratio:    0.16
      Required ratio:    0.00 (Gate area) 
      Cumulative area ratio:    1.91
      Required ratio:    0.00 (Cumulative area) 
      Partial area ratio:    1.07
      Required ratio:  400.00 (Side area) 
      Cumulative area ratio:    8.83
      Required ratio:    0.00 (Cumulative side area) 

    Layer: Via3
      Partial area ratio:    0.03
      Required ratio:   20.00 (Gate area) 
      Cumulative area ratio:    0.24
      Required ratio:    0.00 (Cumulative area) 

    Layer: Metal4
      Partial area ratio:    5.46
      Required ratio:    0.00 (Gate area) 
      Cumulative area ratio:    7.37
      Required ratio:    0.00 (Cumulative area) 
      Partial area ratio:   21.16
      Required ratio:  400.00 (Side area) 
      Cumulative area ratio:   29.99
      Required ratio:    0.00 (Cumulative side area) 


  Pin:   fanout1287/A (gf180mcu_as_sc_mcu7t3v3__buff_2)
    Layer: Via1
      Partial area ratio:    0.10
      Required ratio:   20.00 (Gate area) 
      Cumulative area ratio:    0.10
      Required ratio:    0.00 (Cumulative area) 

    Layer: Metal2
      Partial area ratio:    2.43
      Required ratio:    0.00 (Gate area) 
      Cumulative area ratio:    2.43
      Required ratio:    0.00 (Cumulative area) 
      Partial area ratio:    9.84
      Required ratio:  400.00 (Side area) 
      Cumulative area ratio:    9.84
      Required ratio:    0.00 (Cumulative side area) 

    Layer: Via2
      Partial area ratio:    0.20
      Required ratio:   20.00 (Gate area) 
      Cumulative area ratio:    0.30
      Required ratio:    0.00 (Cumulative area) 

    Layer: Metal3
      Partial area ratio:    0.32
      Required ratio:    0.00 (Gate area) 
      Cumulative area ratio:    2.75
      Required ratio:    0.00 (Cumulative area) 
      Partial area ratio:    2.14
      Required ratio:  400.00 (Side area) 
      Cumulative area ratio:   11.98
      Required ratio:    0.00 (Cumulative side area) 

    Layer: Via3
      Partial area ratio:    0.10
      Required ratio:   20.00 (Gate area) 
      Cumulative area ratio:    0.41
      Required ratio:    0.00 (Cumulative area) 

    Layer: Metal4
      Partial area ratio:    5.46
      Required ratio:    0.00 (Gate area) 
      Cumulative area ratio:    8.21
      Required ratio:    0.00 (Cumulative area) 
      Partial area ratio:   21.16
      Required ratio:  400.00 (Side area) 
      Cumulative area ratio:   33.14
      Required ratio:    0.00 (Cumulative side area) 



Net: net1294
  Pin:   fanout1290/A (gf180mcu_as_sc_mcu7t3v3__buff_2)
    Layer: Via1
      Partial area ratio:    0.10
      Required ratio:   20.00 (Gate area) 
      Cumulative area ratio:    0.10
      Required ratio:    0.00 (Cumulative area) 

    Layer: Metal2
      Partial area ratio:    0.99
      Required ratio:    0.00 (Gate area) 
      Cumulative area ratio:    0.99
      Required ratio:    0.00 (Cumulative area) 
      Partial area ratio:    4.29
      Required ratio:  400.00 (Side area) 
      Cumulative area ratio:    4.29
      Required ratio:    0.00 (Cumulative side area) 

    Layer: Via2
      Partial area ratio:    0.20
      Required ratio:   20.00 (Gate area) 
      Cumulative area ratio:    0.30
      Required ratio:    0.00 (Cumulative area) 

    Layer: Metal3
      Partial area ratio:   10.91
      Required ratio:    0.00 (Gate area) 
      Cumulative area ratio:   11.90
      Required ratio:    0.00 (Cumulative area) 
      Partial area ratio:   42.98
      Required ratio:  400.00 (Side area) 
      Cumulative area ratio:   47.27
      Required ratio:    0.00 (Cumulative side area) 

    Layer: Via3
      Partial area ratio:    0.10
      Required ratio:   20.00 (Gate area) 
      Cumulative area ratio:    0.41
      Required ratio:    0.00 (Cumulative area) 

    Layer: Metal4
      Partial area ratio:    3.73
      Required ratio:    0.00 (Gate area) 
      Cumulative area ratio:   15.63
      Required ratio:    0.00 (Cumulative area) 
      Partial area ratio:   14.85
      Required ratio:  400.00 (Side area) 
      Cumulative area ratio:   62.12
      Required ratio:    0.00 (Cumulative side area) 

    Layer: Via4
      Partial area ratio:    0.10
      Required ratio:   20.00 (Gate area) 
      Cumulative area ratio:    0.51
      Required ratio:    0.00 (Cumulative area) 

    Layer: Metal5
      Partial area ratio:   92.78
      Required ratio:    0.00 (Gate area) 
      Cumulative area ratio:  108.42
      Required ratio:    0.00 (Cumulative area) 
      Partial area ratio:  502.07
      Required ratio:  400.00 (Side area) (VIOLATED)
      Cumulative area ratio:  564.19
      Required ratio:    0.00 (Cumulative side area) 


  Pin:   fanout1291/A (gf180mcu_as_sc_mcu7t3v3__buff_2)
    Layer: Via1
      Partial area ratio:    0.10
      Required ratio:   20.00 (Gate area) 
      Cumulative area ratio:    0.10
      Required ratio:    0.00 (Cumulative area) 

    Layer: Metal2
      Partial area ratio:    2.91
      Required ratio:    0.00 (Gate area) 
      Cumulative area ratio:    2.91
      Required ratio:    0.00 (Cumulative area) 
      Partial area ratio:   11.68
      Required ratio:  400.00 (Side area) 
      Cumulative area ratio:   11.68
      Required ratio:    0.00 (Cumulative side area) 

    Layer: Via2
      Partial area ratio:    0.20
      Required ratio:   20.00 (Gate area) 
      Cumulative area ratio:    0.30
      Required ratio:    0.00 (Cumulative area) 

    Layer: Metal3
      Partial area ratio:    0.32
      Required ratio:    0.00 (Gate area) 
      Cumulative area ratio:    3.23
      Required ratio:    0.00 (Cumulative area) 
      Partial area ratio:    2.14
      Required ratio:  400.00 (Side area) 
      Cumulative area ratio:   13.82
      Required ratio:    0.00 (Cumulative side area) 

    Layer: Via3
      Partial area ratio:    0.10
      Required ratio:   20.00 (Gate area) 
      Cumulative area ratio:    0.41
      Required ratio:    0.00 (Cumulative area) 

    Layer: Metal4
      Partial area ratio:    0.16
      Required ratio:    0.00 (Gate area) 
      Cumulative area ratio:    3.39
      Required ratio:    0.00 (Cumulative area) 
      Partial area ratio:    1.07
      Required ratio:  400.00 (Side area) 
      Cumulative area ratio:   14.89
      Required ratio:    0.00 (Cumulative side area) 

    Layer: Via4
      Partial area ratio:    0.10
      Required ratio:   20.00 (Gate area) 
      Cumulative area ratio:    0.51
      Required ratio:    0.00 (Cumulative area) 

    Layer: Metal5
      Partial area ratio:   92.78
      Required ratio:    0.00 (Gate area) 
      Cumulative area ratio:   96.17
      Required ratio:    0.00 (Cumulative area) 
      Partial area ratio:  502.07
      Required ratio:  400.00 (Side area) (VIOLATED)
      Cumulative area ratio:  516.96
      Required ratio:    0.00 (Cumulative side area) 


  Pin:   fanout1292/A (gf180mcu_as_sc_mcu7t3v3__buff_2)
    Layer: Via1
      Partial area ratio:    0.10
      Required ratio:   20.00 (Gate area) 
      Cumulative area ratio:    0.10
      Required ratio:    0.00 (Cumulative area) 

    Layer: Metal2
      Partial area ratio:   25.49
      Required ratio:    0.00 (Gate area) 
      Cumulative area ratio:   25.49
      Required ratio:    0.00 (Cumulative area) 
      Partial area ratio:   98.78
      Required ratio:  400.00 (Side area) 
      Cumulative area ratio:   98.78
      Required ratio:    0.00 (Cumulative side area) 

    Layer: Via2
      Partial area ratio:    0.20
      Required ratio:   20.00 (Gate area) 
      Cumulative area ratio:    0.30
      Required ratio:    0.00 (Cumulative area) 

    Layer: Metal3
      Partial area ratio:    9.40
      Required ratio:    0.00 (Gate area) 
      Cumulative area ratio:   34.90
      Required ratio:    0.00 (Cumulative area) 
      Partial area ratio:   36.67
      Required ratio:  400.00 (Side area) 
      Cumulative area ratio:  135.45
      Required ratio:    0.00 (Cumulative side area) 

    Layer: Via3
      Partial area ratio:    0.05
      Required ratio:    0.00 (Gate area) 
      Cumulative area ratio:    0.36
      Required ratio:    0.00 (Cumulative area) 

    Layer: Metal4
      Partial area ratio:    0.03
      Required ratio:    0.00 (Gate area) 
      Cumulative area ratio:   34.93
      Required ratio:    0.00 (Cumulative area) 
      Partial area ratio:    0.19
      Required ratio:  400.00 (Side area) 
      Cumulative area ratio:  135.64
      Required ratio:    0.00 (Cumulative side area) 

    Layer: Via4
      Partial area ratio:    0.05
      Required ratio:    0.00 (Gate area) 
      Cumulative area ratio:    0.41
      Required ratio:    0.00 (Cumulative area) 

    Layer: Metal5
      Partial area ratio:   92.78
      Required ratio:    0.00 (Gate area) 
      Cumulative area ratio:  127.71
      Required ratio:    0.00 (Cumulative area) 
      Partial area ratio:  502.07
      Required ratio:  400.00 (Side area) (VIOLATED)
      Cumulative area ratio:  637.72
      Required ratio:    0.00 (Cumulative side area) 


  Pin:   fanout1293/A (gf180mcu_as_sc_mcu7t3v3__buff_2)
    Layer: Via1
      Partial area ratio:    0.10
      Required ratio:   20.00 (Gate area) 
      Cumulative area ratio:    0.10
      Required ratio:    0.00 (Cumulative area) 

    Layer: Metal2
      Partial area ratio:    2.64
      Required ratio:    0.00 (Gate area) 
      Cumulative area ratio:    2.64
      Required ratio:    0.00 (Cumulative area) 
      Partial area ratio:   10.64
      Required ratio:  400.00 (Side area) 
      Cumulative area ratio:   10.64
      Required ratio:    0.00 (Cumulative side area) 

    Layer: Via2
      Partial area ratio:    0.20
      Required ratio:   20.00 (Gate area) 
      Cumulative area ratio:    0.30
      Required ratio:    0.00 (Cumulative area) 

    Layer: Metal3
      Partial area ratio:    9.40
      Required ratio:    0.00 (Gate area) 
      Cumulative area ratio:   12.05
      Required ratio:    0.00 (Cumulative area) 
      Partial area ratio:   36.67
      Required ratio:  400.00 (Side area) 
      Cumulative area ratio:   47.31
      Required ratio:    0.00 (Cumulative side area) 

    Layer: Via3
      Partial area ratio:    0.05
      Required ratio:    0.00 (Gate area) 
      Cumulative area ratio:    0.36
      Required ratio:    0.00 (Cumulative area) 

    Layer: Metal4
      Partial area ratio:    0.03
      Required ratio:    0.00 (Gate area) 
      Cumulative area ratio:   12.07
      Required ratio:    0.00 (Cumulative area) 
      Partial area ratio:    0.19
      Required ratio:  400.00 (Side area) 
      Cumulative area ratio:   47.50
      Required ratio:    0.00 (Cumulative side area) 

    Layer: Via4
      Partial area ratio:    0.05
      Required ratio:    0.00 (Gate area) 
      Cumulative area ratio:    0.41
      Required ratio:    0.00 (Cumulative area) 

    Layer: Metal5
      Partial area ratio:   92.78
      Required ratio:    0.00 (Gate area) 
      Cumulative area ratio:  104.86
      Required ratio:    0.00 (Cumulative area) 
      Partial area ratio:  502.07
      Required ratio:  400.00 (Side area) (VIOLATED)
      Cumulative area ratio:  549.58
      Required ratio:    0.00 (Cumulative side area) 



Net: net1329
  Pin:   _45724_/B (gf180mcu_as_sc_mcu7t3v3__ao22_2)
    Layer: Via1
      Partial area ratio:    0.10
      Required ratio:   20.00 (Gate area) 
      Cumulative area ratio:    0.10
      Required ratio:    0.00 (Cumulative area) 

    Layer: Metal2
      Partial area ratio:   50.84
      Required ratio:    0.00 (Gate area) 
      Cumulative area ratio:   50.84
      Required ratio:    0.00 (Cumulative area) 
      Partial area ratio:  196.56
      Required ratio:  400.00 (Side area) 
      Cumulative area ratio:  196.56
      Required ratio:    0.00 (Cumulative side area) 

    Layer: Via2
      Partial area ratio:    0.20
      Required ratio:   20.00 (Gate area) 
      Cumulative area ratio:    0.30
      Required ratio:    0.00 (Cumulative area) 

    Layer: Metal3
      Partial area ratio:   14.44
      Required ratio:    0.00 (Gate area) 
      Cumulative area ratio:   65.28
      Required ratio:    0.00 (Cumulative area) 
      Partial area ratio:   56.59
      Required ratio:  400.00 (Side area) 
      Cumulative area ratio:  253.16
      Required ratio:    0.00 (Cumulative side area) 

    Layer: Via3
      Partial area ratio:    0.10
      Required ratio:   20.00 (Gate area) 
      Cumulative area ratio:    0.41
      Required ratio:    0.00 (Cumulative area) 

    Layer: Metal4
      Partial area ratio:   23.56
      Required ratio:    0.00 (Gate area) 
      Cumulative area ratio:   88.84
      Required ratio:    0.00 (Cumulative area) 
      Partial area ratio:   91.03
      Required ratio:  400.00 (Side area) 
      Cumulative area ratio:  344.19
      Required ratio:    0.00 (Cumulative side area) 

    Layer: Via4
      Partial area ratio:    0.02
      Required ratio:    0.00 (Gate area) 
      Cumulative area ratio:    0.43
      Required ratio:    0.00 (Cumulative area) 

    Layer: Metal5
      Partial area ratio:    4.03
      Required ratio:    0.00 (Gate area) 
      Cumulative area ratio:   92.87
      Required ratio:    0.00 (Cumulative area) 
      Partial area ratio:   21.94
      Required ratio:  400.00 (Side area) 
      Cumulative area ratio:  366.13
      Required ratio:    0.00 (Cumulative side area) 


  Pin:   fanout1304/A (gf180mcu_as_sc_mcu7t3v3__buff_2)
    Layer: Via1
      Partial area ratio:    0.10
      Required ratio:   20.00 (Gate area) 
      Cumulative area ratio:    0.10
      Required ratio:    0.00 (Cumulative area) 

    Layer: Metal2
      Partial area ratio:    1.73
      Required ratio:    0.00 (Gate area) 
      Cumulative area ratio:    1.73
      Required ratio:    0.00 (Cumulative area) 
      Partial area ratio:    7.14
      Required ratio:  400.00 (Side area) 
      Cumulative area ratio:    7.14
      Required ratio:    0.00 (Cumulative side area) 

    Layer: Via2
      Partial area ratio:    0.20
      Required ratio:   20.00 (Gate area) 
      Cumulative area ratio:    0.30
      Required ratio:    0.00 (Cumulative area) 

    Layer: Metal3
      Partial area ratio:    0.32
      Required ratio:    0.00 (Gate area) 
      Cumulative area ratio:    2.05
      Required ratio:    0.00 (Cumulative area) 
      Partial area ratio:    2.14
      Required ratio:  400.00 (Side area) 
      Cumulative area ratio:    9.28
      Required ratio:    0.00 (Cumulative side area) 

    Layer: Via3
      Partial area ratio:    0.10
      Required ratio:   20.00 (Gate area) 
      Cumulative area ratio:    0.41
      Required ratio:    0.00 (Cumulative area) 

    Layer: Metal4
      Partial area ratio:  116.67
      Required ratio:    0.00 (Gate area) 
      Cumulative area ratio:  118.73
      Required ratio:    0.00 (Cumulative area) 
      Partial area ratio:  450.48
      Required ratio:  400.00 (Side area) (VIOLATED)
      Cumulative area ratio:  459.76
      Required ratio:    0.00 (Cumulative side area) 

    Layer: Via4
      Partial area ratio:    0.10
      Required ratio:   20.00 (Gate area) 
      Cumulative area ratio:    0.51
      Required ratio:    0.00 (Cumulative area) 

    Layer: Metal5
      Partial area ratio:    4.03
      Required ratio:    0.00 (Gate area) 
      Cumulative area ratio:  122.75
      Required ratio:    0.00 (Cumulative area) 
      Partial area ratio:   21.94
      Required ratio:  400.00 (Side area) 
      Cumulative area ratio:  481.70
      Required ratio:    0.00 (Cumulative side area) 


  Pin:   fanout1307/A (gf180mcu_as_sc_mcu7t3v3__buff_2)
    Layer: Via1
      Partial area ratio:    0.10
      Required ratio:   20.00 (Gate area) 
      Cumulative area ratio:    0.10
      Required ratio:    0.00 (Cumulative area) 

    Layer: Metal2
      Partial area ratio:   32.11
      Required ratio:    0.00 (Gate area) 
      Cumulative area ratio:   32.11
      Required ratio:    0.00 (Cumulative area) 
      Partial area ratio:  124.30
      Required ratio:  400.00 (Side area) 
      Cumulative area ratio:  124.30
      Required ratio:    0.00 (Cumulative side area) 

    Layer: Via2
      Partial area ratio:    0.30
      Required ratio:   20.00 (Gate area) 
      Cumulative area ratio:    0.41
      Required ratio:    0.00 (Cumulative area) 

    Layer: Metal3
      Partial area ratio:   80.27
      Required ratio:    0.00 (Gate area) 
      Cumulative area ratio:  112.38
      Required ratio:    0.00 (Cumulative area) 
      Partial area ratio:  310.35
      Required ratio:  400.00 (Side area) 
      Cumulative area ratio:  434.66
      Required ratio:    0.00 (Cumulative side area) 

    Layer: Via3
      Partial area ratio:    0.10
      Required ratio:   20.00 (Gate area) 
      Cumulative area ratio:    0.51
      Required ratio:    0.00 (Cumulative area) 

    Layer: Metal4
      Partial area ratio:   23.56
      Required ratio:    0.00 (Gate area) 
      Cumulative area ratio:  135.94
      Required ratio:    0.00 (Cumulative area) 
      Partial area ratio:   91.03
      Required ratio:  400.00 (Side area) 
      Cumulative area ratio:  525.69
      Required ratio:    0.00 (Cumulative side area) 

    Layer: Via4
      Partial area ratio:    0.02
      Required ratio:    0.00 (Gate area) 
      Cumulative area ratio:    0.53
      Required ratio:    0.00 (Cumulative area) 

    Layer: Metal5
      Partial area ratio:    4.03
      Required ratio:    0.00 (Gate area) 
      Cumulative area ratio:  139.96
      Required ratio:    0.00 (Cumulative area) 
      Partial area ratio:   21.94
      Required ratio:  400.00 (Side area) 
      Cumulative area ratio:  547.63
      Required ratio:    0.00 (Cumulative side area) 


  Pin:   fanout1314/A (gf180mcu_as_sc_mcu7t3v3__buff_2)
    Layer: Via1
      Partial area ratio:    0.10
      Required ratio:   20.00 (Gate area) 
      Cumulative area ratio:    0.10
      Required ratio:    0.00 (Cumulative area) 

    Layer: Metal2
      Partial area ratio:    0.57
      Required ratio:    0.00 (Gate area) 
      Cumulative area ratio:    0.57
      Required ratio:    0.00 (Cumulative area) 
      Partial area ratio:    2.28
      Required ratio:  400.00 (Side area) 
      Cumulative area ratio:    2.28
      Required ratio:    0.00 (Cumulative side area) 

    Layer: Via2
      Partial area ratio:    0.22
      Required ratio:    0.00 (Gate area) 
      Cumulative area ratio:    0.32
      Required ratio:    0.00 (Cumulative area) 

    Layer: Metal3
      Partial area ratio:    0.07
      Required ratio:    0.00 (Gate area) 
      Cumulative area ratio:    0.64
      Required ratio:    0.00 (Cumulative area) 
      Partial area ratio:    0.46
      Required ratio:  400.00 (Side area) 
      Cumulative area ratio:    2.75
      Required ratio:    0.00 (Cumulative side area) 

    Layer: Via3
      Partial area ratio:    0.10
      Required ratio:    0.00 (Gate area) 
      Cumulative area ratio:    0.42
      Required ratio:    0.00 (Cumulative area) 

    Layer: Metal4
      Partial area ratio:   23.56
      Required ratio:    0.00 (Gate area) 
      Cumulative area ratio:   24.20
      Required ratio:    0.00 (Cumulative area) 
      Partial area ratio:   91.03
      Required ratio:  400.00 (Side area) 
      Cumulative area ratio:   93.78
      Required ratio:    0.00 (Cumulative side area) 

    Layer: Via4
      Partial area ratio:    0.02
      Required ratio:    0.00 (Gate area) 
      Cumulative area ratio:    0.44
      Required ratio:    0.00 (Cumulative area) 

    Layer: Metal5
      Partial area ratio:    4.03
      Required ratio:    0.00 (Gate area) 
      Cumulative area ratio:   28.23
      Required ratio:    0.00 (Cumulative area) 
      Partial area ratio:   21.94
      Required ratio:  400.00 (Side area) 
      Cumulative area ratio:  115.72
      Required ratio:    0.00 (Cumulative side area) 


  Pin:   fanout1321/A (gf180mcu_as_sc_mcu7t3v3__buff_2)
    Layer: Via1
      Partial area ratio:    0.10
      Required ratio:   20.00 (Gate area) 
      Cumulative area ratio:    0.10
      Required ratio:    0.00 (Cumulative area) 

    Layer: Metal2
      Partial area ratio:    1.23
      Required ratio:    0.00 (Gate area) 
      Cumulative area ratio:    1.23
      Required ratio:    0.00 (Cumulative area) 
      Partial area ratio:    5.20
      Required ratio:  400.00 (Side area) 
      Cumulative area ratio:    5.20
      Required ratio:    0.00 (Cumulative side area) 

    Layer: Via2
      Partial area ratio:    0.20
      Required ratio:   20.00 (Gate area) 
      Cumulative area ratio:    0.30
      Required ratio:    0.00 (Cumulative area) 

    Layer: Metal3
      Partial area ratio:   80.27
      Required ratio:    0.00 (Gate area) 
      Cumulative area ratio:   81.50
      Required ratio:    0.00 (Cumulative area) 
      Partial area ratio:  310.35
      Required ratio:  400.00 (Side area) 
      Cumulative area ratio:  315.55
      Required ratio:    0.00 (Cumulative side area) 

    Layer: Via3
      Partial area ratio:    0.10
      Required ratio:   20.00 (Gate area) 
      Cumulative area ratio:    0.41
      Required ratio:    0.00 (Cumulative area) 

    Layer: Metal4
      Partial area ratio:   23.56
      Required ratio:    0.00 (Gate area) 
      Cumulative area ratio:  105.06
      Required ratio:    0.00 (Cumulative area) 
      Partial area ratio:   91.03
      Required ratio:  400.00 (Side area) 
      Cumulative area ratio:  406.58
      Required ratio:    0.00 (Cumulative side area) 

    Layer: Via4
      Partial area ratio:    0.02
      Required ratio:    0.00 (Gate area) 
      Cumulative area ratio:    0.43
      Required ratio:    0.00 (Cumulative area) 

    Layer: Metal5
      Partial area ratio:    4.03
      Required ratio:    0.00 (Gate area) 
      Cumulative area ratio:  109.08
      Required ratio:    0.00 (Cumulative area) 
      Partial area ratio:   21.94
      Required ratio:  400.00 (Side area) 
      Cumulative area ratio:  428.53
      Required ratio:    0.00 (Cumulative side area) 


  Pin:   fanout1328/A (gf180mcu_as_sc_mcu7t3v3__buff_2)
    Layer: Via1
      Partial area ratio:    0.10
      Required ratio:   20.00 (Gate area) 
      Cumulative area ratio:    0.10
      Required ratio:    0.00 (Cumulative area) 

    Layer: Metal2
      Partial area ratio:    4.10
      Required ratio:    0.00 (Gate area) 
      Cumulative area ratio:    4.10
      Required ratio:    0.00 (Cumulative area) 
      Partial area ratio:   16.27
      Required ratio:  400.00 (Side area) 
      Cumulative area ratio:   16.27
      Required ratio:    0.00 (Cumulative side area) 

    Layer: Via2
      Partial area ratio:    0.20
      Required ratio:   20.00 (Gate area) 
      Cumulative area ratio:    0.30
      Required ratio:    0.00 (Cumulative area) 

    Layer: Metal3
      Partial area ratio:   80.27
      Required ratio:    0.00 (Gate area) 
      Cumulative area ratio:   84.37
      Required ratio:    0.00 (Cumulative area) 
      Partial area ratio:  310.35
      Required ratio:  400.00 (Side area) 
      Cumulative area ratio:  326.63
      Required ratio:    0.00 (Cumulative side area) 

    Layer: Via3
      Partial area ratio:    0.10
      Required ratio:   20.00 (Gate area) 
      Cumulative area ratio:    0.41
      Required ratio:    0.00 (Cumulative area) 

    Layer: Metal4
      Partial area ratio:   23.56
      Required ratio:    0.00 (Gate area) 
      Cumulative area ratio:  107.93
      Required ratio:    0.00 (Cumulative area) 
      Partial area ratio:   91.03
      Required ratio:  400.00 (Side area) 
      Cumulative area ratio:  417.66
      Required ratio:    0.00 (Cumulative side area) 

    Layer: Via4
      Partial area ratio:    0.02
      Required ratio:    0.00 (Gate area) 
      Cumulative area ratio:    0.43
      Required ratio:    0.00 (Cumulative area) 

    Layer: Metal5
      Partial area ratio:    4.03
      Required ratio:    0.00 (Gate area) 
      Cumulative area ratio:  111.95
      Required ratio:    0.00 (Cumulative area) 
      Partial area ratio:   21.94
      Required ratio:  400.00 (Side area) 
      Cumulative area ratio:  439.60
      Required ratio:    0.00 (Cumulative side area) 



Net: net1386
  Pin:   fanout1377/A (gf180mcu_as_sc_mcu7t3v3__buff_2)
    Layer: Via1
      Partial area ratio:    0.10
      Required ratio:   20.00 (Gate area) 
      Cumulative area ratio:    0.10
      Required ratio:    0.00 (Cumulative area) 

    Layer: Metal2
      Partial area ratio:    2.00
      Required ratio:    0.00 (Gate area) 
      Cumulative area ratio:    2.00
      Required ratio:    0.00 (Cumulative area) 
      Partial area ratio:    8.16
      Required ratio:  400.00 (Side area) 
      Cumulative area ratio:    8.16
      Required ratio:    0.00 (Cumulative side area) 

    Layer: Via2
      Partial area ratio:    0.20
      Required ratio:   20.00 (Gate area) 
      Cumulative area ratio:    0.30
      Required ratio:    0.00 (Cumulative area) 

    Layer: Metal3
      Partial area ratio:  134.44
      Required ratio:    0.00 (Gate area) 
      Cumulative area ratio:  136.43
      Required ratio:    0.00 (Cumulative area) 
      Partial area ratio:  519.45
      Required ratio:  400.00 (Side area) (VIOLATED)
      Cumulative area ratio:  527.61
      Required ratio:    0.00 (Cumulative side area) 

    Layer: Via3
      Partial area ratio:    0.10
      Required ratio:   20.00 (Gate area) 
      Cumulative area ratio:    0.41
      Required ratio:    0.00 (Cumulative area) 

    Layer: Metal4
      Partial area ratio:    8.27
      Required ratio:    0.00 (Gate area) 
      Cumulative area ratio:  144.70
      Required ratio:    0.00 (Cumulative area) 
      Partial area ratio:   31.95
      Required ratio:  400.00 (Side area) 
      Cumulative area ratio:  559.55
      Required ratio:    0.00 (Cumulative side area) 


  Pin:   fanout1378/A (gf180mcu_as_sc_mcu7t3v3__buff_2)
    Layer: Via1
      Partial area ratio:    0.10
      Required ratio:   20.00 (Gate area) 
      Cumulative area ratio:    0.10
      Required ratio:    0.00 (Cumulative area) 

    Layer: Metal2
      Partial area ratio:    1.06
      Required ratio:    0.00 (Gate area) 
      Cumulative area ratio:    1.06
      Required ratio:    0.00 (Cumulative area) 
      Partial area ratio:    4.53
      Required ratio:  400.00 (Side area) 
      Cumulative area ratio:    4.53
      Required ratio:    0.00 (Cumulative side area) 

    Layer: Via2
      Partial area ratio:    0.20
      Required ratio:   20.00 (Gate area) 
      Cumulative area ratio:    0.30
      Required ratio:    0.00 (Cumulative area) 

    Layer: Metal3
      Partial area ratio:    0.32
      Required ratio:    0.00 (Gate area) 
      Cumulative area ratio:    1.38
      Required ratio:    0.00 (Cumulative area) 
      Partial area ratio:    2.14
      Required ratio:  400.00 (Side area) 
      Cumulative area ratio:    6.66
      Required ratio:    0.00 (Cumulative side area) 

    Layer: Via3
      Partial area ratio:    0.10
      Required ratio:   20.00 (Gate area) 
      Cumulative area ratio:    0.41
      Required ratio:    0.00 (Cumulative area) 

    Layer: Metal4
      Partial area ratio:    8.27
      Required ratio:    0.00 (Gate area) 
      Cumulative area ratio:    9.64
      Required ratio:    0.00 (Cumulative area) 
      Partial area ratio:   31.95
      Required ratio:  400.00 (Side area) 
      Cumulative area ratio:   38.61
      Required ratio:    0.00 (Cumulative side area) 


  Pin:   fanout1380/A (gf180mcu_as_sc_mcu7t3v3__buff_2)
    Layer: Via1
      Partial area ratio:    0.10
      Required ratio:   20.00 (Gate area) 
      Cumulative area ratio:    0.10
      Required ratio:    0.00 (Cumulative area) 

    Layer: Metal2
      Partial area ratio:    1.76
      Required ratio:    0.00 (Gate area) 
      Cumulative area ratio:    1.76
      Required ratio:    0.00 (Cumulative area) 
      Partial area ratio:    7.25
      Required ratio:  400.00 (Side area) 
      Cumulative area ratio:    7.25
      Required ratio:    0.00 (Cumulative side area) 

    Layer: Via2
      Partial area ratio:    0.20
      Required ratio:   20.00 (Gate area) 
      Cumulative area ratio:    0.30
      Required ratio:    0.00 (Cumulative area) 

    Layer: Metal3
      Partial area ratio:   13.73
      Required ratio:    0.00 (Gate area) 
      Cumulative area ratio:   15.49
      Required ratio:    0.00 (Cumulative area) 
      Partial area ratio:   53.35
      Required ratio:  400.00 (Side area) 
      Cumulative area ratio:   60.60
      Required ratio:    0.00 (Cumulative side area) 

    Layer: Via3
      Partial area ratio:    0.05
      Required ratio:    0.00 (Gate area) 
      Cumulative area ratio:    0.36
      Required ratio:    0.00 (Cumulative area) 

    Layer: Metal4
      Partial area ratio:    8.27
      Required ratio:    0.00 (Gate area) 
      Cumulative area ratio:   23.76
      Required ratio:    0.00 (Cumulative area) 
      Partial area ratio:   31.95
      Required ratio:  400.00 (Side area) 
      Cumulative area ratio:   92.54
      Required ratio:    0.00 (Cumulative side area) 


  Pin:   fanout1385/A (gf180mcu_as_sc_mcu7t3v3__buff_2)
    Layer: Via1
      Partial area ratio:    0.10
      Required ratio:   20.00 (Gate area) 
      Cumulative area ratio:    0.10
      Required ratio:    0.00 (Cumulative area) 

    Layer: Metal2
      Partial area ratio:    5.01
      Required ratio:    0.00 (Gate area) 
      Cumulative area ratio:    5.01
      Required ratio:    0.00 (Cumulative area) 
      Partial area ratio:   19.42
      Required ratio:  400.00 (Side area) 
      Cumulative area ratio:   19.42
      Required ratio:    0.00 (Cumulative side area) 

    Layer: Via2
      Partial area ratio:    0.30
      Required ratio:    0.00 (Gate area) 
      Cumulative area ratio:    0.41
      Required ratio:    0.00 (Cumulative area) 

    Layer: Metal3
      Partial area ratio:   13.73
      Required ratio:    0.00 (Gate area) 
      Cumulative area ratio:   18.74
      Required ratio:    0.00 (Cumulative area) 
      Partial area ratio:   53.35
      Required ratio:  400.00 (Side area) 
      Cumulative area ratio:   72.77
      Required ratio:    0.00 (Cumulative side area) 

    Layer: Via3
      Partial area ratio:    0.05
      Required ratio:    0.00 (Gate area) 
      Cumulative area ratio:    0.46
      Required ratio:    0.00 (Cumulative area) 

    Layer: Metal4
      Partial area ratio:    8.27
      Required ratio:    0.00 (Gate area) 
      Cumulative area ratio:   27.01
      Required ratio:    0.00 (Cumulative area) 
      Partial area ratio:   31.95
      Required ratio:  400.00 (Side area) 
      Cumulative area ratio:  104.72
      Required ratio:    0.00 (Cumulative side area) 



Net: net1442
  Pin:   _25010_/B (gf180mcu_as_sc_mcu7t3v3__or2_2)
    Layer: Via1
      Partial area ratio:    0.10
      Required ratio:   20.00 (Gate area) 
      Cumulative area ratio:    0.10
      Required ratio:    0.00 (Cumulative area) 

    Layer: Metal2
      Partial area ratio:    0.61
      Required ratio:    0.00 (Gate area) 
      Cumulative area ratio:    0.61
      Required ratio:    0.00 (Cumulative area) 
      Partial area ratio:    2.44
      Required ratio:  400.00 (Side area) 
      Cumulative area ratio:    2.44
      Required ratio:    0.00 (Cumulative side area) 

    Layer: Via2
      Partial area ratio:    0.24
      Required ratio:    0.00 (Gate area) 
      Cumulative area ratio:    0.34
      Required ratio:    0.00 (Cumulative area) 

    Layer: Metal3
      Partial area ratio:   18.00
      Required ratio:    0.00 (Gate area) 
      Cumulative area ratio:   18.61
      Required ratio:    0.00 (Cumulative area) 
      Partial area ratio:   69.75
      Required ratio:  400.00 (Side area) 
      Cumulative area ratio:   72.20
      Required ratio:    0.00 (Cumulative side area) 

    Layer: Via3
      Partial area ratio:    0.03
      Required ratio:    0.00 (Gate area) 
      Cumulative area ratio:    0.37
      Required ratio:    0.00 (Cumulative area) 

    Layer: Metal4
      Partial area ratio:   18.33
      Required ratio:    0.00 (Gate area) 
      Cumulative area ratio:   36.94
      Required ratio:    0.00 (Cumulative area) 
      Partial area ratio:   70.75
      Required ratio:  400.00 (Side area) 
      Cumulative area ratio:  142.95
      Required ratio:    0.00 (Cumulative side area) 


  Pin:   fanout1437/A (gf180mcu_as_sc_mcu7t3v3__buff_2)
    Layer: Via1
      Partial area ratio:    0.10
      Required ratio:   20.00 (Gate area) 
      Cumulative area ratio:    0.10
      Required ratio:    0.00 (Cumulative area) 

    Layer: Metal2
      Partial area ratio:   12.07
      Required ratio:    0.00 (Gate area) 
      Cumulative area ratio:   12.07
      Required ratio:    0.00 (Cumulative area) 
      Partial area ratio:   47.00
      Required ratio:  400.00 (Side area) 
      Cumulative area ratio:   47.00
      Required ratio:    0.00 (Cumulative side area) 

    Layer: Via2
      Partial area ratio:    0.20
      Required ratio:   20.00 (Gate area) 
      Cumulative area ratio:    0.30
      Required ratio:    0.00 (Cumulative area) 

    Layer: Metal3
      Partial area ratio:  113.26
      Required ratio:    0.00 (Gate area) 
      Cumulative area ratio:  125.33
      Required ratio:    0.00 (Cumulative area) 
      Partial area ratio:  437.77
      Required ratio:  400.00 (Side area) (VIOLATED)
      Cumulative area ratio:  484.77
      Required ratio:    0.00 (Cumulative side area) 

    Layer: Via3
      Partial area ratio:    0.10
      Required ratio:   20.00 (Gate area) 
      Cumulative area ratio:    0.41
      Required ratio:    0.00 (Cumulative area) 

    Layer: Metal4
      Partial area ratio:   18.33
      Required ratio:    0.00 (Gate area) 
      Cumulative area ratio:  143.65
      Required ratio:    0.00 (Cumulative area) 
      Partial area ratio:   70.75
      Required ratio:  400.00 (Side area) 
      Cumulative area ratio:  555.52
      Required ratio:    0.00 (Cumulative side area) 


  Pin:   fanout1438/A (gf180mcu_as_sc_mcu7t3v3__buff_2)
    Layer: Via1
      Partial area ratio:    0.10
      Required ratio:   20.00 (Gate area) 
      Cumulative area ratio:    0.10
      Required ratio:    0.00 (Cumulative area) 

    Layer: Metal2
      Partial area ratio:    7.63
      Required ratio:    0.00 (Gate area) 
      Cumulative area ratio:    7.63
      Required ratio:    0.00 (Cumulative area) 
      Partial area ratio:   29.88
      Required ratio:  400.00 (Side area) 
      Cumulative area ratio:   29.88
      Required ratio:    0.00 (Cumulative side area) 

    Layer: Via2
      Partial area ratio:    0.20
      Required ratio:   20.00 (Gate area) 
      Cumulative area ratio:    0.30
      Required ratio:    0.00 (Cumulative area) 

    Layer: Metal3
      Partial area ratio:   18.00
      Required ratio:    0.00 (Gate area) 
      Cumulative area ratio:   25.63
      Required ratio:    0.00 (Cumulative area) 
      Partial area ratio:   69.75
      Required ratio:  400.00 (Side area) 
      Cumulative area ratio:   99.64
      Required ratio:    0.00 (Cumulative side area) 

    Layer: Via3
      Partial area ratio:    0.03
      Required ratio:    0.00 (Gate area) 
      Cumulative area ratio:    0.34
      Required ratio:    0.00 (Cumulative area) 

    Layer: Metal4
      Partial area ratio:   18.33
      Required ratio:    0.00 (Gate area) 
      Cumulative area ratio:   43.96
      Required ratio:    0.00 (Cumulative area) 
      Partial area ratio:   70.75
      Required ratio:  400.00 (Side area) 
      Cumulative area ratio:  170.39
      Required ratio:    0.00 (Cumulative side area) 


  Pin:   fanout1441/A (gf180mcu_as_sc_mcu7t3v3__buff_2)
    Layer: Via1
      Partial area ratio:    0.10
      Required ratio:   20.00 (Gate area) 
      Cumulative area ratio:    0.10
      Required ratio:    0.00 (Cumulative area) 

    Layer: Metal2
      Partial area ratio:   11.13
      Required ratio:    0.00 (Gate area) 
      Cumulative area ratio:   11.13
      Required ratio:    0.00 (Cumulative area) 
      Partial area ratio:   43.37
      Required ratio:  400.00 (Side area) 
      Cumulative area ratio:   43.37
      Required ratio:    0.00 (Cumulative side area) 

    Layer: Via2
      Partial area ratio:    0.20
      Required ratio:   20.00 (Gate area) 
      Cumulative area ratio:    0.30
      Required ratio:    0.00 (Cumulative area) 

    Layer: Metal3
      Partial area ratio:   18.00
      Required ratio:    0.00 (Gate area) 
      Cumulative area ratio:   29.12
      Required ratio:    0.00 (Cumulative area) 
      Partial area ratio:   69.75
      Required ratio:  400.00 (Side area) 
      Cumulative area ratio:  113.12
      Required ratio:    0.00 (Cumulative side area) 

    Layer: Via3
      Partial area ratio:    0.03
      Required ratio:    0.00 (Gate area) 
      Cumulative area ratio:    0.34
      Required ratio:    0.00 (Cumulative area) 

    Layer: Metal4
      Partial area ratio:   18.33
      Required ratio:    0.00 (Gate area) 
      Cumulative area ratio:   47.45
      Required ratio:    0.00 (Cumulative area) 
      Partial area ratio:   70.75
      Required ratio:  400.00 (Side area) 
      Cumulative area ratio:  183.87
      Required ratio:    0.00 (Cumulative side area) 



Net: net1486
  Pin:   _31116_/A (gf180mcu_as_sc_mcu7t3v3__nor2_2)
    Layer: Via1
      Partial area ratio:    0.05
      Required ratio:   20.00 (Gate area) 
      Cumulative area ratio:    0.05
      Required ratio:    0.00 (Cumulative area) 

    Layer: Metal2
      Partial area ratio:    0.94
      Required ratio:    0.00 (Gate area) 
      Cumulative area ratio:    0.94
      Required ratio:    0.00 (Cumulative area) 
      Partial area ratio:    3.87
      Required ratio:  400.00 (Side area) 
      Cumulative area ratio:    3.87
      Required ratio:    0.00 (Cumulative side area) 

    Layer: Via2
      Partial area ratio:    0.10
      Required ratio:   20.00 (Gate area) 
      Cumulative area ratio:    0.15
      Required ratio:    0.00 (Cumulative area) 

    Layer: Metal3
      Partial area ratio:    7.22
      Required ratio:    0.00 (Gate area) 
      Cumulative area ratio:    8.16
      Required ratio:    0.00 (Cumulative area) 
      Partial area ratio:   28.30
      Required ratio:  400.00 (Side area) 
      Cumulative area ratio:   32.17
      Required ratio:    0.00 (Cumulative side area) 

    Layer: Via3
      Partial area ratio:    0.05
      Required ratio:   20.00 (Gate area) 
      Cumulative area ratio:    0.20
      Required ratio:    0.00 (Cumulative area) 

    Layer: Metal4
      Partial area ratio:   29.74
      Required ratio:    0.00 (Gate area) 
      Cumulative area ratio:   37.90
      Required ratio:    0.00 (Cumulative area) 
      Partial area ratio:  114.88
      Required ratio:  400.00 (Side area) 
      Cumulative area ratio:  147.05
      Required ratio:    0.00 (Cumulative side area) 

    Layer: Via4
      Partial area ratio:    0.02
      Required ratio:   20.00 (Gate area) 
      Cumulative area ratio:    0.22
      Required ratio:    0.00 (Cumulative area) 

    Layer: Metal5
      Partial area ratio:   25.39
      Required ratio:    0.00 (Gate area) 
      Cumulative area ratio:   63.29
      Required ratio:    0.00 (Cumulative area) 
      Partial area ratio:  137.49
      Required ratio:  400.00 (Side area) 
      Cumulative area ratio:  284.54
      Required ratio:    0.00 (Cumulative side area) 


  Pin:   _31131_/A (gf180mcu_as_sc_mcu7t3v3__nor2_2)
    Layer: Via1
      Partial area ratio:    0.05
      Required ratio:   20.00 (Gate area) 
      Cumulative area ratio:    0.05
      Required ratio:    0.00 (Cumulative area) 

    Layer: Metal2
      Partial area ratio:    0.42
      Required ratio:    0.00 (Gate area) 
      Cumulative area ratio:    0.42
      Required ratio:    0.00 (Cumulative area) 
      Partial area ratio:    1.83
      Required ratio:  400.00 (Side area) 
      Cumulative area ratio:    1.83
      Required ratio:    0.00 (Cumulative side area) 

    Layer: Via2
      Partial area ratio:    0.10
      Required ratio:   20.00 (Gate area) 
      Cumulative area ratio:    0.15
      Required ratio:    0.00 (Cumulative area) 

    Layer: Metal3
      Partial area ratio:    0.16
      Required ratio:    0.00 (Gate area) 
      Cumulative area ratio:    0.58
      Required ratio:    0.00 (Cumulative area) 
      Partial area ratio:    1.07
      Required ratio:  400.00 (Side area) 
      Cumulative area ratio:    2.90
      Required ratio:    0.00 (Cumulative side area) 

    Layer: Via3
      Partial area ratio:    0.05
      Required ratio:   20.00 (Gate area) 
      Cumulative area ratio:    0.20
      Required ratio:    0.00 (Cumulative area) 

    Layer: Metal4
      Partial area ratio:   29.74
      Required ratio:    0.00 (Gate area) 
      Cumulative area ratio:   30.31
      Required ratio:    0.00 (Cumulative area) 
      Partial area ratio:  114.88
      Required ratio:  400.00 (Side area) 
      Cumulative area ratio:  117.78
      Required ratio:    0.00 (Cumulative side area) 

    Layer: Via4
      Partial area ratio:    0.02
      Required ratio:   20.00 (Gate area) 
      Cumulative area ratio:    0.22
      Required ratio:    0.00 (Cumulative area) 

    Layer: Metal5
      Partial area ratio:   25.39
      Required ratio:    0.00 (Gate area) 
      Cumulative area ratio:   55.70
      Required ratio:    0.00 (Cumulative area) 
      Partial area ratio:  137.49
      Required ratio:  400.00 (Side area) 
      Cumulative area ratio:  255.27
      Required ratio:    0.00 (Cumulative side area) 


  Pin:   fanout1481/A (gf180mcu_as_sc_mcu7t3v3__buff_2)
    Layer: Via1
      Partial area ratio:    0.10
      Required ratio:   20.00 (Gate area) 
      Cumulative area ratio:    0.10
      Required ratio:    0.00 (Cumulative area) 

    Layer: Metal2
      Partial area ratio:    1.11
      Required ratio:    0.00 (Gate area) 
      Cumulative area ratio:    1.11
      Required ratio:    0.00 (Cumulative area) 
      Partial area ratio:    4.40
      Required ratio:  400.00 (Side area) 
      Cumulative area ratio:    4.40
      Required ratio:    0.00 (Cumulative side area) 

    Layer: Via2
      Partial area ratio:    0.30
      Required ratio:    0.00 (Gate area) 
      Cumulative area ratio:    0.41
      Required ratio:    0.00 (Cumulative area) 

    Layer: Metal3
      Partial area ratio:   16.57
      Required ratio:    0.00 (Gate area) 
      Cumulative area ratio:   17.69
      Required ratio:    0.00 (Cumulative area) 
      Partial area ratio:   64.21
      Required ratio:  400.00 (Side area) 
      Cumulative area ratio:   68.61
      Required ratio:    0.00 (Cumulative side area) 

    Layer: Via3
      Partial area ratio:    0.10
      Required ratio:    0.00 (Gate area) 
      Cumulative area ratio:    0.51
      Required ratio:    0.00 (Cumulative area) 

    Layer: Metal4
      Partial area ratio:    0.79
      Required ratio:    0.00 (Gate area) 
      Cumulative area ratio:   18.48
      Required ratio:    0.00 (Cumulative area) 
      Partial area ratio:    3.15
      Required ratio:  400.00 (Side area) 
      Cumulative area ratio:   71.75
      Required ratio:    0.00 (Cumulative side area) 

    Layer: Via4
      Partial area ratio:    0.10
      Required ratio:    0.00 (Gate area) 
      Cumulative area ratio:    0.61
      Required ratio:    0.00 (Cumulative area) 

    Layer: Metal5
      Partial area ratio:   25.39
      Required ratio:    0.00 (Gate area) 
      Cumulative area ratio:   43.87
      Required ratio:    0.00 (Cumulative area) 
      Partial area ratio:  137.49
      Required ratio:  400.00 (Side area) 
      Cumulative area ratio:  209.25
      Required ratio:    0.00 (Cumulative side area) 


  Pin:   fanout1482/A (gf180mcu_as_sc_mcu7t3v3__buff_2)
    Layer: Via1
      Partial area ratio:    0.10
      Required ratio:   20.00 (Gate area) 
      Cumulative area ratio:    0.10
      Required ratio:    0.00 (Cumulative area) 

    Layer: Metal2
      Partial area ratio:    1.94
      Required ratio:    0.00 (Gate area) 
      Cumulative area ratio:    1.94
      Required ratio:    0.00 (Cumulative area) 
      Partial area ratio:    7.92
      Required ratio:  400.00 (Side area) 
      Cumulative area ratio:    7.92
      Required ratio:    0.00 (Cumulative side area) 

    Layer: Via2
      Partial area ratio:    0.20
      Required ratio:   20.00 (Gate area) 
      Cumulative area ratio:    0.30
      Required ratio:    0.00 (Cumulative area) 

    Layer: Metal3
      Partial area ratio:    0.32
      Required ratio:    0.00 (Gate area) 
      Cumulative area ratio:    2.26
      Required ratio:    0.00 (Cumulative area) 
      Partial area ratio:    2.14
      Required ratio:  400.00 (Side area) 
      Cumulative area ratio:   10.06
      Required ratio:    0.00 (Cumulative side area) 

    Layer: Via3
      Partial area ratio:    0.10
      Required ratio:   20.00 (Gate area) 
      Cumulative area ratio:    0.41
      Required ratio:    0.00 (Cumulative area) 

    Layer: Metal4
      Partial area ratio:    0.16
      Required ratio:    0.00 (Gate area) 
      Cumulative area ratio:    2.41
      Required ratio:    0.00 (Cumulative area) 
      Partial area ratio:    1.07
      Required ratio:  400.00 (Side area) 
      Cumulative area ratio:   11.13
      Required ratio:    0.00 (Cumulative side area) 

    Layer: Via4
      Partial area ratio:    0.10
      Required ratio:   20.00 (Gate area) 
      Cumulative area ratio:    0.51
      Required ratio:    0.00 (Cumulative area) 

    Layer: Metal5
      Partial area ratio:   25.39
      Required ratio:    0.00 (Gate area) 
      Cumulative area ratio:   27.81
      Required ratio:    0.00 (Cumulative area) 
      Partial area ratio:  137.49
      Required ratio:  400.00 (Side area) 
      Cumulative area ratio:  148.62
      Required ratio:    0.00 (Cumulative side area) 


  Pin:   fanout1485/A (gf180mcu_as_sc_mcu7t3v3__buff_2)
    Layer: Via1
      Partial area ratio:    0.10
      Required ratio:   20.00 (Gate area) 
      Cumulative area ratio:    0.10
      Required ratio:    0.00 (Cumulative area) 

    Layer: Metal2
      Partial area ratio:    2.47
      Required ratio:    0.00 (Gate area) 
      Cumulative area ratio:    2.47
      Required ratio:    0.00 (Cumulative area) 
      Partial area ratio:    9.97
      Required ratio:  400.00 (Side area) 
      Cumulative area ratio:    9.97
      Required ratio:    0.00 (Cumulative side area) 

    Layer: Via2
      Partial area ratio:    0.20
      Required ratio:   20.00 (Gate area) 
      Cumulative area ratio:    0.30
      Required ratio:    0.00 (Cumulative area) 

    Layer: Metal3
      Partial area ratio:  141.66
      Required ratio:    0.00 (Gate area) 
      Cumulative area ratio:  144.12
      Required ratio:    0.00 (Cumulative area) 
      Partial area ratio:  547.75
      Required ratio:  400.00 (Side area) (VIOLATED)
      Cumulative area ratio:  557.72
      Required ratio:    0.00 (Cumulative side area) 

    Layer: Via3
      Partial area ratio:    0.20
      Required ratio:   20.00 (Gate area) 
      Cumulative area ratio:    0.51
      Required ratio:    0.00 (Cumulative area) 

    Layer: Metal4
      Partial area ratio:   29.74
      Required ratio:    0.00 (Gate area) 
      Cumulative area ratio:  173.86
      Required ratio:    0.00 (Cumulative area) 
      Partial area ratio:  114.88
      Required ratio:  400.00 (Side area) 
      Cumulative area ratio:  672.60
      Required ratio:    0.00 (Cumulative side area) 

    Layer: Via4
      Partial area ratio:    0.02
      Required ratio:   20.00 (Gate area) 
      Cumulative area ratio:    0.53
      Required ratio:    0.00 (Cumulative area) 

    Layer: Metal5
      Partial area ratio:   25.39
      Required ratio:    0.00 (Gate area) 
      Cumulative area ratio:  199.25
      Required ratio:    0.00 (Cumulative area) 
      Partial area ratio:  137.49
      Required ratio:  400.00 (Side area) 
      Cumulative area ratio:  810.09
      Required ratio:    0.00 (Cumulative side area) 



Net: net1533
  Pin:   _30997_/A (gf180mcu_as_sc_mcu7t3v3__and2_2)
    Layer: Via1
      Partial area ratio:    0.10
      Required ratio:   20.00 (Gate area) 
      Cumulative area ratio:    0.10
      Required ratio:    0.00 (Cumulative area) 

    Layer: Metal2
      Partial area ratio:    3.52
      Required ratio:    0.00 (Gate area) 
      Cumulative area ratio:    3.52
      Required ratio:    0.00 (Cumulative area) 
      Partial area ratio:   14.04
      Required ratio:  400.00 (Side area) 
      Cumulative area ratio:   14.04
      Required ratio:    0.00 (Cumulative side area) 

    Layer: Via2
      Partial area ratio:    0.20
      Required ratio:   20.00 (Gate area) 
      Cumulative area ratio:    0.30
      Required ratio:    0.00 (Cumulative area) 

    Layer: Metal3
      Partial area ratio:   10.91
      Required ratio:    0.00 (Gate area) 
      Cumulative area ratio:   14.43
      Required ratio:    0.00 (Cumulative area) 
      Partial area ratio:   42.98
      Required ratio:  400.00 (Side area) 
      Cumulative area ratio:   57.02
      Required ratio:    0.00 (Cumulative side area) 

    Layer: Via3
      Partial area ratio:    0.10
      Required ratio:   20.00 (Gate area) 
      Cumulative area ratio:    0.41
      Required ratio:    0.00 (Cumulative area) 

    Layer: Metal4
      Partial area ratio:    3.73
      Required ratio:    0.00 (Gate area) 
      Cumulative area ratio:   18.16
      Required ratio:    0.00 (Cumulative area) 
      Partial area ratio:   14.85
      Required ratio:  400.00 (Side area) 
      Cumulative area ratio:   71.87
      Required ratio:    0.00 (Cumulative side area) 

    Layer: Via4
      Partial area ratio:    0.10
      Required ratio:   20.00 (Gate area) 
      Cumulative area ratio:    0.51
      Required ratio:    0.00 (Cumulative area) 

    Layer: Metal5
      Partial area ratio:   52.01
      Required ratio:    0.00 (Gate area) 
      Cumulative area ratio:   70.18
      Required ratio:    0.00 (Cumulative area) 
      Partial area ratio:  281.68
      Required ratio:  400.00 (Side area) 
      Cumulative area ratio:  353.54
      Required ratio:    0.00 (Cumulative side area) 


  Pin:   _30998_/A (gf180mcu_as_sc_mcu7t3v3__nand2_2)
    Layer: Via1
      Partial area ratio:    0.05
      Required ratio:   20.00 (Gate area) 
      Cumulative area ratio:    0.05
      Required ratio:    0.00 (Cumulative area) 

    Layer: Metal2
      Partial area ratio:    1.20
      Required ratio:    0.00 (Gate area) 
      Cumulative area ratio:    1.20
      Required ratio:    0.00 (Cumulative area) 
      Partial area ratio:    4.84
      Required ratio:  400.00 (Side area) 
      Cumulative area ratio:    4.84
      Required ratio:    0.00 (Cumulative side area) 

    Layer: Via2
      Partial area ratio:    0.10
      Required ratio:   20.00 (Gate area) 
      Cumulative area ratio:    0.15
      Required ratio:    0.00 (Cumulative area) 

    Layer: Metal3
      Partial area ratio:    0.16
      Required ratio:    0.00 (Gate area) 
      Cumulative area ratio:    1.36
      Required ratio:    0.00 (Cumulative area) 
      Partial area ratio:    1.07
      Required ratio:  400.00 (Side area) 
      Cumulative area ratio:    5.91
      Required ratio:    0.00 (Cumulative side area) 

    Layer: Via3
      Partial area ratio:    0.05
      Required ratio:   20.00 (Gate area) 
      Cumulative area ratio:    0.20
      Required ratio:    0.00 (Cumulative area) 

    Layer: Metal4
      Partial area ratio:   60.10
      Required ratio:    0.00 (Gate area) 
      Cumulative area ratio:   61.46
      Required ratio:    0.00 (Cumulative area) 
      Partial area ratio:  232.04
      Required ratio:  400.00 (Side area) 
      Cumulative area ratio:  237.96
      Required ratio:    0.00 (Cumulative side area) 

    Layer: Via4
      Partial area ratio:    0.10
      Required ratio:   20.00 (Gate area) 
      Cumulative area ratio:    0.30
      Required ratio:    0.00 (Cumulative area) 

    Layer: Metal5
      Partial area ratio:   52.01
      Required ratio:    0.00 (Gate area) 
      Cumulative area ratio:  113.47
      Required ratio:    0.00 (Cumulative area) 
      Partial area ratio:  281.68
      Required ratio:  400.00 (Side area) 
      Cumulative area ratio:  519.63
      Required ratio:    0.00 (Cumulative side area) 


  Pin:   fanout1529/A (gf180mcu_as_sc_mcu7t3v3__buff_2)
    Layer: Via1
      Partial area ratio:    0.10
      Required ratio:   20.00 (Gate area) 
      Cumulative area ratio:    0.10
      Required ratio:    0.00 (Cumulative area) 

    Layer: Metal2
      Partial area ratio:    1.47
      Required ratio:    0.00 (Gate area) 
      Cumulative area ratio:    1.47
      Required ratio:    0.00 (Cumulative area) 
      Partial area ratio:    6.11
      Required ratio:  400.00 (Side area) 
      Cumulative area ratio:    6.11
      Required ratio:    0.00 (Cumulative side area) 

    Layer: Via2
      Partial area ratio:    0.20
      Required ratio:   20.00 (Gate area) 
      Cumulative area ratio:    0.30
      Required ratio:    0.00 (Cumulative area) 

    Layer: Metal3
      Partial area ratio:  134.44
      Required ratio:    0.00 (Gate area) 
      Cumulative area ratio:  135.90
      Required ratio:    0.00 (Cumulative area) 
      Partial area ratio:  519.45
      Required ratio:  400.00 (Side area) (VIOLATED)
      Cumulative area ratio:  525.56
      Required ratio:    0.00 (Cumulative side area) 

    Layer: Via3
      Partial area ratio:    0.10
      Required ratio:   20.00 (Gate area) 
      Cumulative area ratio:    0.41
      Required ratio:    0.00 (Cumulative area) 

    Layer: Metal4
      Partial area ratio:   39.03
      Required ratio:    0.00 (Gate area) 
      Cumulative area ratio:  174.93
      Required ratio:    0.00 (Cumulative area) 
      Partial area ratio:  150.98
      Required ratio:  400.00 (Side area) 
      Cumulative area ratio:  676.54
      Required ratio:    0.00 (Cumulative side area) 

    Layer: Via4
      Partial area ratio:    0.10
      Required ratio:   20.00 (Gate area) 
      Cumulative area ratio:    0.51
      Required ratio:    0.00 (Cumulative area) 

    Layer: Metal5
      Partial area ratio:   52.01
      Required ratio:    0.00 (Gate area) 
      Cumulative area ratio:  226.94
      Required ratio:    0.00 (Cumulative area) 
      Partial area ratio:  281.68
      Required ratio:  400.00 (Side area) 
      Cumulative area ratio:  958.21
      Required ratio:    0.00 (Cumulative side area) 


  Pin:   fanout1530/A (gf180mcu_as_sc_mcu7t3v3__buff_2)
    Layer: Via1
      Partial area ratio:    0.10
      Required ratio:   20.00 (Gate area) 
      Cumulative area ratio:    0.10
      Required ratio:    0.00 (Cumulative area) 

    Layer: Metal2
      Partial area ratio:    3.38
      Required ratio:    0.00 (Gate area) 
      Cumulative area ratio:    3.38
      Required ratio:    0.00 (Cumulative area) 
      Partial area ratio:   13.47
      Required ratio:  400.00 (Side area) 
      Cumulative area ratio:   13.47
      Required ratio:    0.00 (Cumulative side area) 

    Layer: Via2
      Partial area ratio:    0.20
      Required ratio:   20.00 (Gate area) 
      Cumulative area ratio:    0.30
      Required ratio:    0.00 (Cumulative area) 

    Layer: Metal3
      Partial area ratio:    0.32
      Required ratio:    0.00 (Gate area) 
      Cumulative area ratio:    3.69
      Required ratio:    0.00 (Cumulative area) 
      Partial area ratio:    2.14
      Required ratio:  400.00 (Side area) 
      Cumulative area ratio:   15.61
      Required ratio:    0.00 (Cumulative side area) 

    Layer: Via3
      Partial area ratio:    0.10
      Required ratio:   20.00 (Gate area) 
      Cumulative area ratio:    0.41
      Required ratio:    0.00 (Cumulative area) 

    Layer: Metal4
      Partial area ratio:    0.16
      Required ratio:    0.00 (Gate area) 
      Cumulative area ratio:    3.85
      Required ratio:    0.00 (Cumulative area) 
      Partial area ratio:    1.07
      Required ratio:  400.00 (Side area) 
      Cumulative area ratio:   16.68
      Required ratio:    0.00 (Cumulative side area) 

    Layer: Via4
      Partial area ratio:    0.10
      Required ratio:   20.00 (Gate area) 
      Cumulative area ratio:    0.51
      Required ratio:    0.00 (Cumulative area) 

    Layer: Metal5
      Partial area ratio:   52.01
      Required ratio:    0.00 (Gate area) 
      Cumulative area ratio:   55.87
      Required ratio:    0.00 (Cumulative area) 
      Partial area ratio:  281.68
      Required ratio:  400.00 (Side area) 
      Cumulative area ratio:  298.36
      Required ratio:    0.00 (Cumulative side area) 


  Pin:   fanout1532/A (gf180mcu_as_sc_mcu7t3v3__buff_2)
    Layer: Via1
      Partial area ratio:    0.10
      Required ratio:   20.00 (Gate area) 
      Cumulative area ratio:    0.10
      Required ratio:    0.00 (Cumulative area) 

    Layer: Metal2
      Partial area ratio:    1.82
      Required ratio:    0.00 (Gate area) 
      Cumulative area ratio:    1.82
      Required ratio:    0.00 (Cumulative area) 
      Partial area ratio:    7.13
      Required ratio:  400.00 (Side area) 
      Cumulative area ratio:    7.13
      Required ratio:    0.00 (Cumulative side area) 

    Layer: Via2
      Partial area ratio:    0.30
      Required ratio:    0.00 (Gate area) 
      Cumulative area ratio:    0.41
      Required ratio:    0.00 (Cumulative area) 

    Layer: Metal3
      Partial area ratio:    5.34
      Required ratio:    0.00 (Gate area) 
      Cumulative area ratio:    7.17
      Required ratio:    0.00 (Cumulative area) 
      Partial area ratio:   20.89
      Required ratio:  400.00 (Side area) 
      Cumulative area ratio:   28.02
      Required ratio:    0.00 (Cumulative side area) 

    Layer: Via3
      Partial area ratio:    0.10
      Required ratio:    0.00 (Gate area) 
      Cumulative area ratio:    0.51
      Required ratio:    0.00 (Cumulative area) 

    Layer: Metal4
      Partial area ratio:    5.28
      Required ratio:    0.00 (Gate area) 
      Cumulative area ratio:   12.45
      Required ratio:    0.00 (Cumulative area) 
      Partial area ratio:   20.48
      Required ratio:  400.00 (Side area) 
      Cumulative area ratio:   48.50
      Required ratio:    0.00 (Cumulative side area) 

    Layer: Via4
      Partial area ratio:    0.10
      Required ratio:    0.00 (Gate area) 
      Cumulative area ratio:    0.61
      Required ratio:    0.00 (Cumulative area) 

    Layer: Metal5
      Partial area ratio:   52.01
      Required ratio:    0.00 (Gate area) 
      Cumulative area ratio:   64.46
      Required ratio:    0.00 (Cumulative area) 
      Partial area ratio:  281.68
      Required ratio:  400.00 (Side area) 
      Cumulative area ratio:  330.18
      Required ratio:    0.00 (Cumulative side area) 



Net: net1550
  Pin:   _26562_/B (gf180mcu_as_sc_mcu7t3v3__or2_2)
    Layer: Via1
      Partial area ratio:    0.10
      Required ratio:   20.00 (Gate area) 
      Cumulative area ratio:    0.10
      Required ratio:    0.00 (Cumulative area) 

    Layer: Metal2
      Partial area ratio:    2.62
      Required ratio:    0.00 (Gate area) 
      Cumulative area ratio:    2.62
      Required ratio:    0.00 (Cumulative area) 
      Partial area ratio:   10.54
      Required ratio:  400.00 (Side area) 
      Cumulative area ratio:   10.54
      Required ratio:    0.00 (Cumulative side area) 

    Layer: Via2
      Partial area ratio:    0.20
      Required ratio:   20.00 (Gate area) 
      Cumulative area ratio:    0.30
      Required ratio:    0.00 (Cumulative area) 

    Layer: Metal3
      Partial area ratio:    3.85
      Required ratio:    0.00 (Gate area) 
      Cumulative area ratio:    6.46
      Required ratio:    0.00 (Cumulative area) 
      Partial area ratio:   15.75
      Required ratio:  400.00 (Side area) 
      Cumulative area ratio:   26.30
      Required ratio:    0.00 (Cumulative side area) 

    Layer: Via3
      Partial area ratio:    0.10
      Required ratio:   20.00 (Gate area) 
      Cumulative area ratio:    0.41
      Required ratio:    0.00 (Cumulative area) 

    Layer: Metal4
      Partial area ratio:   21.58
      Required ratio:    0.00 (Gate area) 
      Cumulative area ratio:   28.05
      Required ratio:    0.00 (Cumulative area) 
      Partial area ratio:   83.42
      Required ratio:  400.00 (Side area) 
      Cumulative area ratio:  109.72
      Required ratio:    0.00 (Cumulative side area) 


  Pin:   _33352_/A (gf180mcu_as_sc_mcu7t3v3__and2_2)
    Layer: Via1
      Partial area ratio:    0.10
      Required ratio:   20.00 (Gate area) 
      Cumulative area ratio:    0.10
      Required ratio:    0.00 (Cumulative area) 

    Layer: Metal2
      Partial area ratio:    5.08
      Required ratio:    0.00 (Gate area) 
      Cumulative area ratio:    5.08
      Required ratio:    0.00 (Cumulative area) 
      Partial area ratio:   20.04
      Required ratio:  400.00 (Side area) 
      Cumulative area ratio:   20.04
      Required ratio:    0.00 (Cumulative side area) 

    Layer: Via2
      Partial area ratio:    0.30
      Required ratio:   20.00 (Gate area) 
      Cumulative area ratio:    0.41
      Required ratio:    0.00 (Cumulative area) 

    Layer: Metal3
      Partial area ratio:    5.69
      Required ratio:    0.00 (Gate area) 
      Cumulative area ratio:   10.77
      Required ratio:    0.00 (Cumulative area) 
      Partial area ratio:   23.09
      Required ratio:  400.00 (Side area) 
      Cumulative area ratio:   43.14
      Required ratio:    0.00 (Cumulative side area) 

    Layer: Via3
      Partial area ratio:    0.10
      Required ratio:   20.00 (Gate area) 
      Cumulative area ratio:    0.51
      Required ratio:    0.00 (Cumulative area) 

    Layer: Metal4
      Partial area ratio:   21.58
      Required ratio:    0.00 (Gate area) 
      Cumulative area ratio:   32.35
      Required ratio:    0.00 (Cumulative area) 
      Partial area ratio:   83.42
      Required ratio:  400.00 (Side area) 
      Cumulative area ratio:  126.56
      Required ratio:    0.00 (Cumulative side area) 


  Pin:   _33391_/A (gf180mcu_as_sc_mcu7t3v3__and2_2)
    Layer: Via1
      Partial area ratio:    0.10
      Required ratio:   20.00 (Gate area) 
      Cumulative area ratio:    0.10
      Required ratio:    0.00 (Cumulative area) 

    Layer: Metal2
      Partial area ratio:    2.61
      Required ratio:    0.00 (Gate area) 
      Cumulative area ratio:    2.61
      Required ratio:    0.00 (Cumulative area) 
      Partial area ratio:   10.50
      Required ratio:  400.00 (Side area) 
      Cumulative area ratio:   10.50
      Required ratio:    0.00 (Cumulative side area) 

    Layer: Via2
      Partial area ratio:    0.20
      Required ratio:   20.00 (Gate area) 
      Cumulative area ratio:    0.30
      Required ratio:    0.00 (Cumulative area) 

    Layer: Metal3
      Partial area ratio:    5.69
      Required ratio:    0.00 (Gate area) 
      Cumulative area ratio:    8.30
      Required ratio:    0.00 (Cumulative area) 
      Partial area ratio:   23.09
      Required ratio:  400.00 (Side area) 
      Cumulative area ratio:   33.60
      Required ratio:    0.00 (Cumulative side area) 

    Layer: Via3
      Partial area ratio:    0.10
      Required ratio:   20.00 (Gate area) 
      Cumulative area ratio:    0.41
      Required ratio:    0.00 (Cumulative area) 

    Layer: Metal4
      Partial area ratio:   21.58
      Required ratio:    0.00 (Gate area) 
      Cumulative area ratio:   29.88
      Required ratio:    0.00 (Cumulative area) 
      Partial area ratio:   83.42
      Required ratio:  400.00 (Side area) 
      Cumulative area ratio:  117.02
      Required ratio:    0.00 (Cumulative side area) 


  Pin:   fanout1549/A (gf180mcu_as_sc_mcu7t3v3__buff_2)
    Layer: Via1
      Partial area ratio:    0.10
      Required ratio:   20.00 (Gate area) 
      Cumulative area ratio:    0.10
      Required ratio:    0.00 (Cumulative area) 

    Layer: Metal2
      Partial area ratio:    0.56
      Required ratio:    0.00 (Gate area) 
      Cumulative area ratio:    0.56
      Required ratio:    0.00 (Cumulative area) 
      Partial area ratio:    2.61
      Required ratio:  400.00 (Side area) 
      Cumulative area ratio:    2.61
      Required ratio:    0.00 (Cumulative side area) 

    Layer: Via2
      Partial area ratio:    0.20
      Required ratio:   20.00 (Gate area) 
      Cumulative area ratio:    0.30
      Required ratio:    0.00 (Cumulative area) 

    Layer: Metal3
      Partial area ratio:  120.32
      Required ratio:    0.00 (Gate area) 
      Cumulative area ratio:  120.88
      Required ratio:    0.00 (Cumulative area) 
      Partial area ratio:  465.00
      Required ratio:  400.00 (Side area) (VIOLATED)
      Cumulative area ratio:  467.60
      Required ratio:    0.00 (Cumulative side area) 

    Layer: Via3
      Partial area ratio:    0.10
      Required ratio:   20.00 (Gate area) 
      Cumulative area ratio:    0.41
      Required ratio:    0.00 (Cumulative area) 

    Layer: Metal4
      Partial area ratio:   21.58
      Required ratio:    0.00 (Gate area) 
      Cumulative area ratio:  142.46
      Required ratio:    0.00 (Cumulative area) 
      Partial area ratio:   83.42
      Required ratio:  400.00 (Side area) 
      Cumulative area ratio:  551.02
      Required ratio:    0.00 (Cumulative side area) 



Net: net1562
  Pin:   _33013_/A (gf180mcu_as_sc_mcu7t3v3__nand2_2)
    Layer: Via1
      Partial area ratio:    0.05
      Required ratio:   20.00 (Gate area) 
      Cumulative area ratio:    0.05
      Required ratio:    0.00 (Cumulative area) 

    Layer: Metal2
      Partial area ratio:    0.47
      Required ratio:    0.00 (Gate area) 
      Cumulative area ratio:    0.47
      Required ratio:    0.00 (Cumulative area) 
      Partial area ratio:    2.06
      Required ratio:  400.00 (Side area) 
      Cumulative area ratio:    2.06
      Required ratio:    0.00 (Cumulative side area) 

    Layer: Via2
      Partial area ratio:    0.10
      Required ratio:   20.00 (Gate area) 
      Cumulative area ratio:    0.15
      Required ratio:    0.00 (Cumulative area) 

    Layer: Metal3
      Partial area ratio:   51.34
      Required ratio:    0.00 (Gate area) 
      Cumulative area ratio:   51.81
      Required ratio:    0.00 (Cumulative area) 
      Partial area ratio:  198.46
      Required ratio:  400.00 (Side area) 
      Cumulative area ratio:  200.52
      Required ratio:    0.00 (Cumulative side area) 

    Layer: Via3
      Partial area ratio:    0.05
      Required ratio:   20.00 (Gate area) 
      Cumulative area ratio:    0.20
      Required ratio:    0.00 (Cumulative area) 

    Layer: Metal4
      Partial area ratio:    6.90
      Required ratio:    0.00 (Gate area) 
      Cumulative area ratio:   58.71
      Required ratio:    0.00 (Cumulative area) 
      Partial area ratio:   26.75
      Required ratio:  400.00 (Side area) 
      Cumulative area ratio:  227.27
      Required ratio:    0.00 (Cumulative side area) 

    Layer: Via4
      Partial area ratio:    0.03
      Required ratio:    0.00 (Gate area) 
      Cumulative area ratio:    0.24
      Required ratio:    0.00 (Cumulative area) 

    Layer: Metal5
      Partial area ratio:   33.77
      Required ratio:    0.00 (Gate area) 
      Cumulative area ratio:   92.48
      Required ratio:    0.00 (Cumulative area) 
      Partial area ratio:  182.82
      Required ratio:  400.00 (Side area) 
      Cumulative area ratio:  410.09
      Required ratio:    0.00 (Cumulative side area) 


  Pin:   fanout1558/A (gf180mcu_as_sc_mcu7t3v3__buff_2)
    Layer: Via1
      Partial area ratio:    0.10
      Required ratio:   20.00 (Gate area) 
      Cumulative area ratio:    0.10
      Required ratio:    0.00 (Cumulative area) 

    Layer: Metal2
      Partial area ratio:    2.94
      Required ratio:    0.00 (Gate area) 
      Cumulative area ratio:    2.94
      Required ratio:    0.00 (Cumulative area) 
      Partial area ratio:   11.79
      Required ratio:  400.00 (Side area) 
      Cumulative area ratio:   11.79
      Required ratio:    0.00 (Cumulative side area) 

    Layer: Via2
      Partial area ratio:    0.20
      Required ratio:   20.00 (Gate area) 
      Cumulative area ratio:    0.30
      Required ratio:    0.00 (Cumulative area) 

    Layer: Metal3
      Partial area ratio:  184.01
      Required ratio:    0.00 (Gate area) 
      Cumulative area ratio:  186.95
      Required ratio:    0.00 (Cumulative area) 
      Partial area ratio:  711.11
      Required ratio:  400.00 (Side area) (VIOLATED)
      Cumulative area ratio:  722.89
      Required ratio:    0.00 (Cumulative side area) 

    Layer: Via3
      Partial area ratio:    0.10
      Required ratio:   20.00 (Gate area) 
      Cumulative area ratio:    0.41
      Required ratio:    0.00 (Cumulative area) 

    Layer: Metal4
      Partial area ratio:    5.39
      Required ratio:    0.00 (Gate area) 
      Cumulative area ratio:  192.34
      Required ratio:    0.00 (Cumulative area) 
      Partial area ratio:   21.04
      Required ratio:  400.00 (Side area) 
      Cumulative area ratio:  743.93
      Required ratio:    0.00 (Cumulative side area) 

    Layer: Via4
      Partial area ratio:    0.05
      Required ratio:   20.00 (Gate area) 
      Cumulative area ratio:    0.46
      Required ratio:    0.00 (Cumulative area) 

    Layer: Metal5
      Partial area ratio:   33.77
      Required ratio:    0.00 (Gate area) 
      Cumulative area ratio:  226.11
      Required ratio:    0.00 (Cumulative area) 
      Partial area ratio:  182.82
      Required ratio:  400.00 (Side area) 
      Cumulative area ratio:  926.75
      Required ratio:    0.00 (Cumulative side area) 


  Pin:   fanout1559/A (gf180mcu_as_sc_mcu7t3v3__buff_2)
    Layer: Via1
      Partial area ratio:    0.10
      Required ratio:   20.00 (Gate area) 
      Cumulative area ratio:    0.10
      Required ratio:    0.00 (Cumulative area) 

    Layer: Metal2
      Partial area ratio:    2.70
      Required ratio:    0.00 (Gate area) 
      Cumulative area ratio:    2.70
      Required ratio:    0.00 (Cumulative area) 
      Partial area ratio:   10.88
      Required ratio:  400.00 (Side area) 
      Cumulative area ratio:   10.88
      Required ratio:    0.00 (Cumulative side area) 

    Layer: Via2
      Partial area ratio:    0.20
      Required ratio:   20.00 (Gate area) 
      Cumulative area ratio:    0.30
      Required ratio:    0.00 (Cumulative area) 

    Layer: Metal3
      Partial area ratio:    0.32
      Required ratio:    0.00 (Gate area) 
      Cumulative area ratio:    3.02
      Required ratio:    0.00 (Cumulative area) 
      Partial area ratio:    2.14
      Required ratio:  400.00 (Side area) 
      Cumulative area ratio:   13.02
      Required ratio:    0.00 (Cumulative side area) 

    Layer: Via3
      Partial area ratio:    0.10
      Required ratio:   20.00 (Gate area) 
      Cumulative area ratio:    0.41
      Required ratio:    0.00 (Cumulative area) 

    Layer: Metal4
      Partial area ratio:    5.39
      Required ratio:    0.00 (Gate area) 
      Cumulative area ratio:    8.42
      Required ratio:    0.00 (Cumulative area) 
      Partial area ratio:   21.04
      Required ratio:  400.00 (Side area) 
      Cumulative area ratio:   34.05
      Required ratio:    0.00 (Cumulative side area) 

    Layer: Via4
      Partial area ratio:    0.05
      Required ratio:   20.00 (Gate area) 
      Cumulative area ratio:    0.46
      Required ratio:    0.00 (Cumulative area) 

    Layer: Metal5
      Partial area ratio:   33.77
      Required ratio:    0.00 (Gate area) 
      Cumulative area ratio:   42.18
      Required ratio:    0.00 (Cumulative area) 
      Partial area ratio:  182.82
      Required ratio:  400.00 (Side area) 
      Cumulative area ratio:  216.87
      Required ratio:    0.00 (Cumulative side area) 


  Pin:   fanout1561/A (gf180mcu_as_sc_mcu7t3v3__buff_2)
    Layer: Via1
      Partial area ratio:    0.10
      Required ratio:   20.00 (Gate area) 
      Cumulative area ratio:    0.10
      Required ratio:    0.00 (Cumulative area) 

    Layer: Metal2
      Partial area ratio:    0.88
      Required ratio:    0.00 (Gate area) 
      Cumulative area ratio:    0.88
      Required ratio:    0.00 (Cumulative area) 
      Partial area ratio:    3.49
      Required ratio:  400.00 (Side area) 
      Cumulative area ratio:    3.49
      Required ratio:    0.00 (Cumulative side area) 

    Layer: Via2
      Partial area ratio:    0.30
      Required ratio:    0.00 (Gate area) 
      Cumulative area ratio:    0.41
      Required ratio:    0.00 (Cumulative area) 

    Layer: Metal3
      Partial area ratio:    0.10
      Required ratio:    0.00 (Gate area) 
      Cumulative area ratio:    0.98
      Required ratio:    0.00 (Cumulative area) 
      Partial area ratio:    0.68
      Required ratio:  400.00 (Side area) 
      Cumulative area ratio:    4.17
      Required ratio:    0.00 (Cumulative side area) 

    Layer: Via3
      Partial area ratio:    0.10
      Required ratio:    0.00 (Gate area) 
      Cumulative area ratio:    0.51
      Required ratio:    0.00 (Cumulative area) 

    Layer: Metal4
      Partial area ratio:    6.90
      Required ratio:    0.00 (Gate area) 
      Cumulative area ratio:    7.88
      Required ratio:    0.00 (Cumulative area) 
      Partial area ratio:   26.75
      Required ratio:  400.00 (Side area) 
      Cumulative area ratio:   30.92
      Required ratio:    0.00 (Cumulative side area) 

    Layer: Via4
      Partial area ratio:    0.03
      Required ratio:    0.00 (Gate area) 
      Cumulative area ratio:    0.54
      Required ratio:    0.00 (Cumulative area) 

    Layer: Metal5
      Partial area ratio:   33.77
      Required ratio:    0.00 (Gate area) 
      Cumulative area ratio:   41.65
      Required ratio:    0.00 (Cumulative area) 
      Partial area ratio:  182.82
      Required ratio:  400.00 (Side area) 
      Cumulative area ratio:  213.74
      Required ratio:    0.00 (Cumulative side area) 



Net: net1567
  Pin:   _30450_/A (gf180mcu_as_sc_mcu7t3v3__and2_2)
    Layer: Via1
      Partial area ratio:    0.10
      Required ratio:   20.00 (Gate area) 
      Cumulative area ratio:    0.10
      Required ratio:    0.00 (Cumulative area) 

    Layer: Metal2
      Partial area ratio:    1.43
      Required ratio:    0.00 (Gate area) 
      Cumulative area ratio:    1.43
      Required ratio:    0.00 (Cumulative area) 
      Partial area ratio:    5.96
      Required ratio:  400.00 (Side area) 
      Cumulative area ratio:    5.96
      Required ratio:    0.00 (Cumulative side area) 

    Layer: Via2
      Partial area ratio:    0.20
      Required ratio:   20.00 (Gate area) 
      Cumulative area ratio:    0.30
      Required ratio:    0.00 (Cumulative area) 

    Layer: Metal3
      Partial area ratio:    0.32
      Required ratio:    0.00 (Gate area) 
      Cumulative area ratio:    1.75
      Required ratio:    0.00 (Cumulative area) 
      Partial area ratio:    2.14
      Required ratio:  400.00 (Side area) 
      Cumulative area ratio:    8.10
      Required ratio:    0.00 (Cumulative side area) 

    Layer: Via3
      Partial area ratio:    0.10
      Required ratio:   20.00 (Gate area) 
      Cumulative area ratio:    0.41
      Required ratio:    0.00 (Cumulative area) 

    Layer: Metal4
      Partial area ratio:    0.16
      Required ratio:    0.00 (Gate area) 
      Cumulative area ratio:    1.91
      Required ratio:    0.00 (Cumulative area) 
      Partial area ratio:    1.07
      Required ratio:  400.00 (Side area) 
      Cumulative area ratio:    9.17
      Required ratio:    0.00 (Cumulative side area) 

    Layer: Via4
      Partial area ratio:    0.10
      Required ratio:   20.00 (Gate area) 
      Cumulative area ratio:    0.51
      Required ratio:    0.00 (Cumulative area) 

    Layer: Metal5
      Partial area ratio:    2.58
      Required ratio:    0.00 (Gate area) 
      Cumulative area ratio:    4.49
      Required ratio:    0.00 (Cumulative area) 
      Partial area ratio:   14.13
      Required ratio:  400.00 (Side area) 
      Cumulative area ratio:   23.30
      Required ratio:    0.00 (Cumulative side area) 


  Pin:   fanout1563/A (gf180mcu_as_sc_mcu7t3v3__buff_2)
    Layer: Via1
      Partial area ratio:    0.10
      Required ratio:   20.00 (Gate area) 
      Cumulative area ratio:    0.10
      Required ratio:    0.00 (Cumulative area) 

    Layer: Metal2
      Partial area ratio:    1.53
      Required ratio:    0.00 (Gate area) 
      Cumulative area ratio:    1.53
      Required ratio:    0.00 (Cumulative area) 
      Partial area ratio:    6.34
      Required ratio:  400.00 (Side area) 
      Cumulative area ratio:    6.34
      Required ratio:    0.00 (Cumulative side area) 

    Layer: Via2
      Partial area ratio:    0.20
      Required ratio:   20.00 (Gate area) 
      Cumulative area ratio:    0.30
      Required ratio:    0.00 (Cumulative area) 

    Layer: Metal3
      Partial area ratio:   70.91
      Required ratio:    0.00 (Gate area) 
      Cumulative area ratio:   72.43
      Required ratio:    0.00 (Cumulative area) 
      Partial area ratio:  274.41
      Required ratio:  400.00 (Side area) 
      Cumulative area ratio:  280.75
      Required ratio:    0.00 (Cumulative side area) 

    Layer: Via3
      Partial area ratio:    0.10
      Required ratio:   20.00 (Gate area) 
      Cumulative area ratio:    0.41
      Required ratio:    0.00 (Cumulative area) 

    Layer: Metal4
      Partial area ratio:   23.44
      Required ratio:    0.00 (Gate area) 
      Cumulative area ratio:   95.88
      Required ratio:    0.00 (Cumulative area) 
      Partial area ratio:   90.66
      Required ratio:  400.00 (Side area) 
      Cumulative area ratio:  371.41
      Required ratio:    0.00 (Cumulative side area) 

    Layer: Via4
      Partial area ratio:    0.03
      Required ratio:    0.00 (Gate area) 
      Cumulative area ratio:    0.43
      Required ratio:    0.00 (Cumulative area) 

    Layer: Metal5
      Partial area ratio:    2.58
      Required ratio:    0.00 (Gate area) 
      Cumulative area ratio:   98.46
      Required ratio:    0.00 (Cumulative area) 
      Partial area ratio:   14.13
      Required ratio:  400.00 (Side area) 
      Cumulative area ratio:  385.54
      Required ratio:    0.00 (Cumulative side area) 


  Pin:   fanout1564/A (gf180mcu_as_sc_mcu7t3v3__buff_2)
    Layer: Via1
      Partial area ratio:    0.10
      Required ratio:   20.00 (Gate area) 
      Cumulative area ratio:    0.10
      Required ratio:    0.00 (Cumulative area) 

    Layer: Metal2
      Partial area ratio:    1.26
      Required ratio:    0.00 (Gate area) 
      Cumulative area ratio:    1.26
      Required ratio:    0.00 (Cumulative area) 
      Partial area ratio:    5.30
      Required ratio:  400.00 (Side area) 
      Cumulative area ratio:    5.30
      Required ratio:    0.00 (Cumulative side area) 

    Layer: Via2
      Partial area ratio:    0.20
      Required ratio:   20.00 (Gate area) 
      Cumulative area ratio:    0.30
      Required ratio:    0.00 (Cumulative area) 

    Layer: Metal3
      Partial area ratio:  171.50
      Required ratio:    0.00 (Gate area) 
      Cumulative area ratio:  172.75
      Required ratio:    0.00 (Cumulative area) 
      Partial area ratio:  662.39
      Required ratio:  400.00 (Side area) (VIOLATED)
      Cumulative area ratio:  667.69
      Required ratio:    0.00 (Cumulative side area) 

    Layer: Via3
      Partial area ratio:    0.15
      Required ratio:   20.00 (Gate area) 
      Cumulative area ratio:    0.46
      Required ratio:    0.00 (Cumulative area) 

    Layer: Metal4
      Partial area ratio:   23.44
      Required ratio:    0.00 (Gate area) 
      Cumulative area ratio:  196.20
      Required ratio:    0.00 (Cumulative area) 
      Partial area ratio:   90.66
      Required ratio:  400.00 (Side area) 
      Cumulative area ratio:  758.35
      Required ratio:    0.00 (Cumulative side area) 

    Layer: Via4
      Partial area ratio:    0.03
      Required ratio:    0.00 (Gate area) 
      Cumulative area ratio:    0.48
      Required ratio:    0.00 (Cumulative area) 

    Layer: Metal5
      Partial area ratio:    2.58
      Required ratio:    0.00 (Gate area) 
      Cumulative area ratio:  198.78
      Required ratio:    0.00 (Cumulative area) 
      Partial area ratio:   14.13
      Required ratio:  400.00 (Side area) 
      Cumulative area ratio:  772.49
      Required ratio:    0.00 (Cumulative side area) 


  Pin:   fanout1565/A (gf180mcu_as_sc_mcu7t3v3__buff_2)
    Layer: Via1
      Partial area ratio:    0.10
      Required ratio:   20.00 (Gate area) 
      Cumulative area ratio:    0.10
      Required ratio:    0.00 (Cumulative area) 

    Layer: Metal2
      Partial area ratio:    1.53
      Required ratio:    0.00 (Gate area) 
      Cumulative area ratio:    1.53
      Required ratio:    0.00 (Cumulative area) 
      Partial area ratio:    6.34
      Required ratio:  400.00 (Side area) 
      Cumulative area ratio:    6.34
      Required ratio:    0.00 (Cumulative side area) 

    Layer: Via2
      Partial area ratio:    0.20
      Required ratio:   20.00 (Gate area) 
      Cumulative area ratio:    0.30
      Required ratio:    0.00 (Cumulative area) 

    Layer: Metal3
      Partial area ratio:    0.32
      Required ratio:    0.00 (Gate area) 
      Cumulative area ratio:    1.85
      Required ratio:    0.00 (Cumulative area) 
      Partial area ratio:    2.14
      Required ratio:  400.00 (Side area) 
      Cumulative area ratio:    8.48
      Required ratio:    0.00 (Cumulative side area) 

    Layer: Via3
      Partial area ratio:    0.10
      Required ratio:   20.00 (Gate area) 
      Cumulative area ratio:    0.41
      Required ratio:    0.00 (Cumulative area) 

    Layer: Metal4
      Partial area ratio:   23.44
      Required ratio:    0.00 (Gate area) 
      Cumulative area ratio:   25.29
      Required ratio:    0.00 (Cumulative area) 
      Partial area ratio:   90.66
      Required ratio:  400.00 (Side area) 
      Cumulative area ratio:   99.14
      Required ratio:    0.00 (Cumulative side area) 

    Layer: Via4
      Partial area ratio:    0.03
      Required ratio:    0.00 (Gate area) 
      Cumulative area ratio:    0.43
      Required ratio:    0.00 (Cumulative area) 

    Layer: Metal5
      Partial area ratio:    2.58
      Required ratio:    0.00 (Gate area) 
      Cumulative area ratio:   27.87
      Required ratio:    0.00 (Cumulative area) 
      Partial area ratio:   14.13
      Required ratio:  400.00 (Side area) 
      Cumulative area ratio:  113.27
      Required ratio:    0.00 (Cumulative side area) 


  Pin:   fanout1566/A (gf180mcu_as_sc_mcu7t3v3__buff_2)
    Layer: Via1
      Partial area ratio:    0.10
      Required ratio:   20.00 (Gate area) 
      Cumulative area ratio:    0.10
      Required ratio:    0.00 (Cumulative area) 

    Layer: Metal2
      Partial area ratio:    2.17
      Required ratio:    0.00 (Gate area) 
      Cumulative area ratio:    2.17
      Required ratio:    0.00 (Cumulative area) 
      Partial area ratio:    8.83
      Required ratio:  400.00 (Side area) 
      Cumulative area ratio:    8.83
      Required ratio:    0.00 (Cumulative side area) 

    Layer: Via2
      Partial area ratio:    0.20
      Required ratio:   20.00 (Gate area) 
      Cumulative area ratio:    0.30
      Required ratio:    0.00 (Cumulative area) 

    Layer: Metal3
      Partial area ratio:  171.50
      Required ratio:    0.00 (Gate area) 
      Cumulative area ratio:  173.67
      Required ratio:    0.00 (Cumulative area) 
      Partial area ratio:  662.39
      Required ratio:  400.00 (Side area) (VIOLATED)
      Cumulative area ratio:  671.22
      Required ratio:    0.00 (Cumulative side area) 

    Layer: Via3
      Partial area ratio:    0.15
      Required ratio:   20.00 (Gate area) 
      Cumulative area ratio:    0.46
      Required ratio:    0.00 (Cumulative area) 

    Layer: Metal4
      Partial area ratio:   23.44
      Required ratio:    0.00 (Gate area) 
      Cumulative area ratio:  197.11
      Required ratio:    0.00 (Cumulative area) 
      Partial area ratio:   90.66
      Required ratio:  400.00 (Side area) 
      Cumulative area ratio:  761.88
      Required ratio:    0.00 (Cumulative side area) 

    Layer: Via4
      Partial area ratio:    0.03
      Required ratio:    0.00 (Gate area) 
      Cumulative area ratio:    0.48
      Required ratio:    0.00 (Cumulative area) 

    Layer: Metal5
      Partial area ratio:    2.58
      Required ratio:    0.00 (Gate area) 
      Cumulative area ratio:  199.69
      Required ratio:    0.00 (Cumulative area) 
      Partial area ratio:   14.13
      Required ratio:  400.00 (Side area) 
      Cumulative area ratio:  776.01
      Required ratio:    0.00 (Cumulative side area) 



Net: net1592
  Pin:   _32822_/A (gf180mcu_as_sc_mcu7t3v3__and2_2)
    Layer: Via1
      Partial area ratio:    0.10
      Required ratio:   20.00 (Gate area) 
      Cumulative area ratio:    0.10
      Required ratio:    0.00 (Cumulative area) 

    Layer: Metal2
      Partial area ratio:    2.03
      Required ratio:    0.00 (Gate area) 
      Cumulative area ratio:    2.03
      Required ratio:    0.00 (Cumulative area) 
      Partial area ratio:    8.30
      Required ratio:  400.00 (Side area) 
      Cumulative area ratio:    8.30
      Required ratio:    0.00 (Cumulative side area) 

    Layer: Via2
      Partial area ratio:    0.20
      Required ratio:   20.00 (Gate area) 
      Cumulative area ratio:    0.30
      Required ratio:    0.00 (Cumulative area) 

    Layer: Metal3
      Partial area ratio:  113.26
      Required ratio:    0.00 (Gate area) 
      Cumulative area ratio:  115.29
      Required ratio:    0.00 (Cumulative area) 
      Partial area ratio:  437.77
      Required ratio:  400.00 (Side area) (VIOLATED)
      Cumulative area ratio:  446.07
      Required ratio:    0.00 (Cumulative side area) 

    Layer: Via3
      Partial area ratio:    0.07
      Required ratio:   20.00 (Gate area) 
      Cumulative area ratio:    0.37
      Required ratio:    0.00 (Cumulative area) 

    Layer: Metal4
      Partial area ratio:   19.49
      Required ratio:    0.00 (Gate area) 
      Cumulative area ratio:  134.78
      Required ratio:    0.00 (Cumulative area) 
      Partial area ratio:   75.27
      Required ratio:  400.00 (Side area) 
      Cumulative area ratio:  521.34
      Required ratio:    0.00 (Cumulative side area) 


  Pin:   fanout1588/A (gf180mcu_as_sc_mcu7t3v3__buff_2)
    Layer: Via1
      Partial area ratio:    0.10
      Required ratio:   20.00 (Gate area) 
      Cumulative area ratio:    0.10
      Required ratio:    0.00 (Cumulative area) 

    Layer: Metal2
      Partial area ratio:    2.41
      Required ratio:    0.00 (Gate area) 
      Cumulative area ratio:    2.41
      Required ratio:    0.00 (Cumulative area) 
      Partial area ratio:    9.74
      Required ratio:  400.00 (Side area) 
      Cumulative area ratio:    9.74
      Required ratio:    0.00 (Cumulative side area) 

    Layer: Via2
      Partial area ratio:    0.20
      Required ratio:   20.00 (Gate area) 
      Cumulative area ratio:    0.30
      Required ratio:    0.00 (Cumulative area) 

    Layer: Metal3
      Partial area ratio:  113.26
      Required ratio:    0.00 (Gate area) 
      Cumulative area ratio:  115.67
      Required ratio:    0.00 (Cumulative area) 
      Partial area ratio:  437.77
      Required ratio:  400.00 (Side area) (VIOLATED)
      Cumulative area ratio:  447.51
      Required ratio:    0.00 (Cumulative side area) 

    Layer: Via3
      Partial area ratio:    0.07
      Required ratio:   20.00 (Gate area) 
      Cumulative area ratio:    0.37
      Required ratio:    0.00 (Cumulative area) 

    Layer: Metal4
      Partial area ratio:   19.49
      Required ratio:    0.00 (Gate area) 
      Cumulative area ratio:  135.15
      Required ratio:    0.00 (Cumulative area) 
      Partial area ratio:   75.27
      Required ratio:  400.00 (Side area) 
      Cumulative area ratio:  522.77
      Required ratio:    0.00 (Cumulative side area) 


  Pin:   fanout1589/A (gf180mcu_as_sc_mcu7t3v3__buff_2)
    Layer: Via1
      Partial area ratio:    0.10
      Required ratio:   20.00 (Gate area) 
      Cumulative area ratio:    0.10
      Required ratio:    0.00 (Cumulative area) 

    Layer: Metal2
      Partial area ratio:    2.47
      Required ratio:    0.00 (Gate area) 
      Cumulative area ratio:    2.47
      Required ratio:    0.00 (Cumulative area) 
      Partial area ratio:    9.97
      Required ratio:  400.00 (Side area) 
      Cumulative area ratio:    9.97
      Required ratio:    0.00 (Cumulative side area) 

    Layer: Via2
      Partial area ratio:    0.20
      Required ratio:   20.00 (Gate area) 
      Cumulative area ratio:    0.30
      Required ratio:    0.00 (Cumulative area) 

    Layer: Metal3
      Partial area ratio:  113.26
      Required ratio:    0.00 (Gate area) 
      Cumulative area ratio:  115.73
      Required ratio:    0.00 (Cumulative area) 
      Partial area ratio:  437.77
      Required ratio:  400.00 (Side area) (VIOLATED)
      Cumulative area ratio:  447.74
      Required ratio:    0.00 (Cumulative side area) 

    Layer: Via3
      Partial area ratio:    0.07
      Required ratio:   20.00 (Gate area) 
      Cumulative area ratio:    0.37
      Required ratio:    0.00 (Cumulative area) 

    Layer: Metal4
      Partial area ratio:   19.49
      Required ratio:    0.00 (Gate area) 
      Cumulative area ratio:  135.21
      Required ratio:    0.00 (Cumulative area) 
      Partial area ratio:   75.27
      Required ratio:  400.00 (Side area) 
      Cumulative area ratio:  523.01
      Required ratio:    0.00 (Cumulative side area) 


  Pin:   fanout1590/A (gf180mcu_as_sc_mcu7t3v3__buff_2)
    Layer: Via1
      Partial area ratio:    0.10
      Required ratio:   20.00 (Gate area) 
      Cumulative area ratio:    0.10
      Required ratio:    0.00 (Cumulative area) 

    Layer: Metal2
      Partial area ratio:    0.78
      Required ratio:    0.00 (Gate area) 
      Cumulative area ratio:    0.78
      Required ratio:    0.00 (Cumulative area) 
      Partial area ratio:    3.46
      Required ratio:  400.00 (Side area) 
      Cumulative area ratio:    3.46
      Required ratio:    0.00 (Cumulative side area) 

    Layer: Via2
      Partial area ratio:    0.11
      Required ratio:   20.00 (Gate area) 
      Cumulative area ratio:    0.22
      Required ratio:    0.00 (Cumulative area) 

    Layer: Metal3
      Partial area ratio:    0.18
      Required ratio:    0.00 (Gate area) 
      Cumulative area ratio:    0.96
      Required ratio:    0.00 (Cumulative area) 
      Partial area ratio:    1.12
      Required ratio:  400.00 (Side area) 
      Cumulative area ratio:    4.58
      Required ratio:    0.00 (Cumulative side area) 

    Layer: Via3
      Partial area ratio:    0.10
      Required ratio:   20.00 (Gate area) 
      Cumulative area ratio:    0.32
      Required ratio:    0.00 (Cumulative area) 

    Layer: Metal4
      Partial area ratio:   19.49
      Required ratio:    0.00 (Gate area) 
      Cumulative area ratio:   20.45
      Required ratio:    0.00 (Cumulative area) 
      Partial area ratio:   75.27
      Required ratio:  400.00 (Side area) 
      Cumulative area ratio:   79.85
      Required ratio:    0.00 (Cumulative side area) 


  Pin:   fanout1591/A (gf180mcu_as_sc_mcu7t3v3__buff_2)
    Layer: Via1
      Partial area ratio:    0.10
      Required ratio:   20.00 (Gate area) 
      Cumulative area ratio:    0.10
      Required ratio:    0.00 (Cumulative area) 

    Layer: Metal2
      Partial area ratio:    1.97
      Required ratio:    0.00 (Gate area) 
      Cumulative area ratio:    1.97
      Required ratio:    0.00 (Cumulative area) 
      Partial area ratio:    8.05
      Required ratio:  400.00 (Side area) 
      Cumulative area ratio:    8.05
      Required ratio:    0.00 (Cumulative side area) 

    Layer: Via2
      Partial area ratio:    0.20
      Required ratio:   20.00 (Gate area) 
      Cumulative area ratio:    0.30
      Required ratio:    0.00 (Cumulative area) 

    Layer: Metal3
      Partial area ratio:    0.85
      Required ratio:    0.00 (Gate area) 
      Cumulative area ratio:    2.82
      Required ratio:    0.00 (Cumulative area) 
      Partial area ratio:    3.57
      Required ratio:  400.00 (Side area) 
      Cumulative area ratio:   11.62
      Required ratio:    0.00 (Cumulative side area) 

    Layer: Via3
      Partial area ratio:    0.10
      Required ratio:    0.00 (Gate area) 
      Cumulative area ratio:    0.41
      Required ratio:    0.00 (Cumulative area) 

    Layer: Metal4
      Partial area ratio:   19.49
      Required ratio:    0.00 (Gate area) 
      Cumulative area ratio:   22.31
      Required ratio:    0.00 (Cumulative area) 
      Partial area ratio:   75.27
      Required ratio:  400.00 (Side area) 
      Cumulative area ratio:   86.89
      Required ratio:    0.00 (Cumulative side area) 



Net: net1602
  Pin:   _32441_/A (gf180mcu_as_sc_mcu7t3v3__nand2_2)
    Layer: Via1
      Partial area ratio:    0.05
      Required ratio:   20.00 (Gate area) 
      Cumulative area ratio:    0.05
      Required ratio:    0.00 (Cumulative area) 

    Layer: Metal2
      Partial area ratio:    0.55
      Required ratio:    0.00 (Gate area) 
      Cumulative area ratio:    0.55
      Required ratio:    0.00 (Cumulative area) 
      Partial area ratio:    2.35
      Required ratio:  400.00 (Side area) 
      Cumulative area ratio:    2.35
      Required ratio:    0.00 (Cumulative side area) 

    Layer: Via2
      Partial area ratio:    0.10
      Required ratio:   20.00 (Gate area) 
      Cumulative area ratio:    0.15
      Required ratio:    0.00 (Cumulative area) 

    Layer: Metal3
      Partial area ratio:   20.27
      Required ratio:    0.00 (Gate area) 
      Cumulative area ratio:   20.82
      Required ratio:    0.00 (Cumulative area) 
      Partial area ratio:   78.93
      Required ratio:  400.00 (Side area) 
      Cumulative area ratio:   81.28
      Required ratio:    0.00 (Cumulative side area) 

    Layer: Via3
      Partial area ratio:    0.03
      Required ratio:   20.00 (Gate area) 
      Cumulative area ratio:    0.19
      Required ratio:    0.00 (Cumulative area) 

    Layer: Metal4
      Partial area ratio:    0.05
      Required ratio:    0.00 (Gate area) 
      Cumulative area ratio:   20.87
      Required ratio:    0.00 (Cumulative area) 
      Partial area ratio:    0.36
      Required ratio:  400.00 (Side area) 
      Cumulative area ratio:   81.63
      Required ratio:    0.00 (Cumulative side area) 

    Layer: Via4
      Partial area ratio:    0.03
      Required ratio:   20.00 (Gate area) 
      Cumulative area ratio:    0.22
      Required ratio:    0.00 (Cumulative area) 

    Layer: Metal5
      Partial area ratio:   19.13
      Required ratio:    0.00 (Gate area) 
      Cumulative area ratio:   40.00
      Required ratio:    0.00 (Cumulative area) 
      Partial area ratio:  103.64
      Required ratio:  400.00 (Side area) 
      Cumulative area ratio:  185.27
      Required ratio:    0.00 (Cumulative side area) 


  Pin:   fanout1598/A (gf180mcu_as_sc_mcu7t3v3__buff_2)
    Layer: Via1
      Partial area ratio:    0.10
      Required ratio:   20.00 (Gate area) 
      Cumulative area ratio:    0.10
      Required ratio:    0.00 (Cumulative area) 

    Layer: Metal2
      Partial area ratio:    1.73
      Required ratio:    0.00 (Gate area) 
      Cumulative area ratio:    1.73
      Required ratio:    0.00 (Cumulative area) 
      Partial area ratio:    7.12
      Required ratio:  400.00 (Side area) 
      Cumulative area ratio:    7.12
      Required ratio:    0.00 (Cumulative side area) 

    Layer: Via2
      Partial area ratio:    0.20
      Required ratio:   20.00 (Gate area) 
      Cumulative area ratio:    0.30
      Required ratio:    0.00 (Cumulative area) 

    Layer: Metal3
      Partial area ratio:  201.66
      Required ratio:    0.00 (Gate area) 
      Cumulative area ratio:  203.38
      Required ratio:    0.00 (Cumulative area) 
      Partial area ratio:  779.18
      Required ratio:  400.00 (Side area) (VIOLATED)
      Cumulative area ratio:  786.29
      Required ratio:    0.00 (Cumulative side area) 

    Layer: Via3
      Partial area ratio:    0.10
      Required ratio:   20.00 (Gate area) 
      Cumulative area ratio:    0.41
      Required ratio:    0.00 (Cumulative area) 

    Layer: Metal4
      Partial area ratio:    3.16
      Required ratio:    0.00 (Gate area) 
      Cumulative area ratio:  206.54
      Required ratio:    0.00 (Cumulative area) 
      Partial area ratio:   12.34
      Required ratio:  400.00 (Side area) 
      Cumulative area ratio:  798.64
      Required ratio:    0.00 (Cumulative side area) 

    Layer: Via4
      Partial area ratio:    0.05
      Required ratio:    0.00 (Gate area) 
      Cumulative area ratio:    0.46
      Required ratio:    0.00 (Cumulative area) 

    Layer: Metal5
      Partial area ratio:   19.13
      Required ratio:    0.00 (Gate area) 
      Cumulative area ratio:  225.67
      Required ratio:    0.00 (Cumulative area) 
      Partial area ratio:  103.64
      Required ratio:  400.00 (Side area) 
      Cumulative area ratio:  902.28
      Required ratio:    0.00 (Cumulative side area) 


  Pin:   fanout1599/A (gf180mcu_as_sc_mcu7t3v3__buff_2)
    Layer: Via1
      Partial area ratio:    0.10
      Required ratio:   20.00 (Gate area) 
      Cumulative area ratio:    0.10
      Required ratio:    0.00 (Cumulative area) 

    Layer: Metal2
      Partial area ratio:    0.73
      Required ratio:    0.00 (Gate area) 
      Cumulative area ratio:    0.73
      Required ratio:    0.00 (Cumulative area) 
      Partial area ratio:    2.91
      Required ratio:  400.00 (Side area) 
      Cumulative area ratio:    2.91
      Required ratio:    0.00 (Cumulative side area) 

    Layer: Via2
      Partial area ratio:    0.30
      Required ratio:    0.00 (Gate area) 
      Cumulative area ratio:    0.41
      Required ratio:    0.00 (Cumulative area) 

    Layer: Metal3
      Partial area ratio:    0.10
      Required ratio:    0.00 (Gate area) 
      Cumulative area ratio:    0.83
      Required ratio:    0.00 (Cumulative area) 
      Partial area ratio:    0.68
      Required ratio:  400.00 (Side area) 
      Cumulative area ratio:    3.59
      Required ratio:    0.00 (Cumulative side area) 

    Layer: Via3
      Partial area ratio:    0.10
      Required ratio:    0.00 (Gate area) 
      Cumulative area ratio:    0.51
      Required ratio:    0.00 (Cumulative area) 

    Layer: Metal4
      Partial area ratio:    3.16
      Required ratio:    0.00 (Gate area) 
      Cumulative area ratio:    3.99
      Required ratio:    0.00 (Cumulative area) 
      Partial area ratio:   12.34
      Required ratio:  400.00 (Side area) 
      Cumulative area ratio:   15.94
      Required ratio:    0.00 (Cumulative side area) 

    Layer: Via4
      Partial area ratio:    0.05
      Required ratio:    0.00 (Gate area) 
      Cumulative area ratio:    0.56
      Required ratio:    0.00 (Cumulative area) 

    Layer: Metal5
      Partial area ratio:   19.13
      Required ratio:    0.00 (Gate area) 
      Cumulative area ratio:   23.12
      Required ratio:    0.00 (Cumulative area) 
      Partial area ratio:  103.64
      Required ratio:  400.00 (Side area) 
      Cumulative area ratio:  119.57
      Required ratio:    0.00 (Cumulative side area) 


  Pin:   fanout1601/A (gf180mcu_as_sc_mcu7t3v3__buff_2)
    Layer: Via1
      Partial area ratio:    0.10
      Required ratio:   20.00 (Gate area) 
      Cumulative area ratio:    0.10
      Required ratio:    0.00 (Cumulative area) 

    Layer: Metal2
      Partial area ratio:   10.68
      Required ratio:    0.00 (Gate area) 
      Cumulative area ratio:   10.68
      Required ratio:    0.00 (Cumulative area) 
      Partial area ratio:   41.66
      Required ratio:  400.00 (Side area) 
      Cumulative area ratio:   41.66
      Required ratio:    0.00 (Cumulative side area) 

    Layer: Via2
      Partial area ratio:    0.30
      Required ratio:   20.00 (Gate area) 
      Cumulative area ratio:    0.41
      Required ratio:    0.00 (Cumulative area) 

    Layer: Metal3
      Partial area ratio:   20.27
      Required ratio:    0.00 (Gate area) 
      Cumulative area ratio:   30.95
      Required ratio:    0.00 (Cumulative area) 
      Partial area ratio:   78.93
      Required ratio:  400.00 (Side area) 
      Cumulative area ratio:  120.59
      Required ratio:    0.00 (Cumulative side area) 

    Layer: Via3
      Partial area ratio:    0.03
      Required ratio:   20.00 (Gate area) 
      Cumulative area ratio:    0.44
      Required ratio:    0.00 (Cumulative area) 

    Layer: Metal4
      Partial area ratio:    0.05
      Required ratio:    0.00 (Gate area) 
      Cumulative area ratio:   31.00
      Required ratio:    0.00 (Cumulative area) 
      Partial area ratio:    0.36
      Required ratio:  400.00 (Side area) 
      Cumulative area ratio:  120.94
      Required ratio:    0.00 (Cumulative side area) 

    Layer: Via4
      Partial area ratio:    0.03
      Required ratio:   20.00 (Gate area) 
      Cumulative area ratio:    0.47
      Required ratio:    0.00 (Cumulative area) 

    Layer: Metal5
      Partial area ratio:   19.13
      Required ratio:    0.00 (Gate area) 
      Cumulative area ratio:   50.13
      Required ratio:    0.00 (Cumulative area) 
      Partial area ratio:  103.64
      Required ratio:  400.00 (Side area) 
      Cumulative area ratio:  224.58
      Required ratio:    0.00 (Cumulative side area) 



Net: net1607
  Pin:   _32471_/A (gf180mcu_as_sc_mcu7t3v3__ao21_2)
    Layer: Via1
      Partial area ratio:    0.10
      Required ratio:   20.00 (Gate area) 
      Cumulative area ratio:    0.10
      Required ratio:    0.00 (Cumulative area) 

    Layer: Metal2
      Partial area ratio:    1.76
      Required ratio:    0.00 (Gate area) 
      Cumulative area ratio:    1.76
      Required ratio:    0.00 (Cumulative area) 
      Partial area ratio:    7.23
      Required ratio:  400.00 (Side area) 
      Cumulative area ratio:    7.23
      Required ratio:    0.00 (Cumulative side area) 

    Layer: Via2
      Partial area ratio:    0.20
      Required ratio:   20.00 (Gate area) 
      Cumulative area ratio:    0.30
      Required ratio:    0.00 (Cumulative area) 

    Layer: Metal3
      Partial area ratio:   26.79
      Required ratio:    0.00 (Gate area) 
      Cumulative area ratio:   28.55
      Required ratio:    0.00 (Cumulative area) 
      Partial area ratio:  104.24
      Required ratio:  400.00 (Side area) 
      Cumulative area ratio:  111.47
      Required ratio:    0.00 (Cumulative side area) 

    Layer: Via3
      Partial area ratio:    0.05
      Required ratio:   20.00 (Gate area) 
      Cumulative area ratio:    0.36
      Required ratio:    0.00 (Cumulative area) 

    Layer: Metal4
      Partial area ratio:    0.08
      Required ratio:    0.00 (Gate area) 
      Cumulative area ratio:   28.63
      Required ratio:    0.00 (Cumulative area) 
      Partial area ratio:    0.53
      Required ratio:  400.00 (Side area) 
      Cumulative area ratio:  112.00
      Required ratio:    0.00 (Cumulative side area) 

    Layer: Via4
      Partial area ratio:    0.05
      Required ratio:   20.00 (Gate area) 
      Cumulative area ratio:    0.41
      Required ratio:    0.00 (Cumulative area) 

    Layer: Metal5
      Partial area ratio:   33.11
      Required ratio:    0.00 (Gate area) 
      Cumulative area ratio:   61.74
      Required ratio:    0.00 (Cumulative area) 
      Partial area ratio:  179.30
      Required ratio:  400.00 (Side area) 
      Cumulative area ratio:  291.30
      Required ratio:    0.00 (Cumulative side area) 


  Pin:   fanout1603/A (gf180mcu_as_sc_mcu7t3v3__buff_2)
    Layer: Via1
      Partial area ratio:    0.10
      Required ratio:   20.00 (Gate area) 
      Cumulative area ratio:    0.10
      Required ratio:    0.00 (Cumulative area) 

    Layer: Metal2
      Partial area ratio:    2.47
      Required ratio:    0.00 (Gate area) 
      Cumulative area ratio:    2.47
      Required ratio:    0.00 (Cumulative area) 
      Partial area ratio:    9.97
      Required ratio:  400.00 (Side area) 
      Cumulative area ratio:    9.97
      Required ratio:    0.00 (Cumulative side area) 

    Layer: Via2
      Partial area ratio:    0.20
      Required ratio:   20.00 (Gate area) 
      Cumulative area ratio:    0.30
      Required ratio:    0.00 (Cumulative area) 

    Layer: Metal3
      Partial area ratio:  198.13
      Required ratio:    0.00 (Gate area) 
      Cumulative area ratio:  200.59
      Required ratio:    0.00 (Cumulative area) 
      Partial area ratio:  765.56
      Required ratio:  400.00 (Side area) (VIOLATED)
      Cumulative area ratio:  775.53
      Required ratio:    0.00 (Cumulative side area) 

    Layer: Via3
      Partial area ratio:    0.10
      Required ratio:   20.00 (Gate area) 
      Cumulative area ratio:    0.41
      Required ratio:    0.00 (Cumulative area) 

    Layer: Metal4
      Partial area ratio:    1.90
      Required ratio:    0.00 (Gate area) 
      Cumulative area ratio:  202.50
      Required ratio:    0.00 (Cumulative area) 
      Partial area ratio:    7.42
      Required ratio:  400.00 (Side area) 
      Cumulative area ratio:  782.95
      Required ratio:    0.00 (Cumulative side area) 

    Layer: Via4
      Partial area ratio:    0.05
      Required ratio:    0.00 (Gate area) 
      Cumulative area ratio:    0.46
      Required ratio:    0.00 (Cumulative area) 

    Layer: Metal5
      Partial area ratio:   33.11
      Required ratio:    0.00 (Gate area) 
      Cumulative area ratio:  235.61
      Required ratio:    0.00 (Cumulative area) 
      Partial area ratio:  179.30
      Required ratio:  400.00 (Side area) 
      Cumulative area ratio:  962.25
      Required ratio:    0.00 (Cumulative side area) 


  Pin:   fanout1604/A (gf180mcu_as_sc_mcu7t3v3__buff_2)
    Layer: Via1
      Partial area ratio:    0.10
      Required ratio:   20.00 (Gate area) 
      Cumulative area ratio:    0.10
      Required ratio:    0.00 (Cumulative area) 

    Layer: Metal2
      Partial area ratio:    1.47
      Required ratio:    0.00 (Gate area) 
      Cumulative area ratio:    1.47
      Required ratio:    0.00 (Cumulative area) 
      Partial area ratio:    5.78
      Required ratio:  400.00 (Side area) 
      Cumulative area ratio:    5.78
      Required ratio:    0.00 (Cumulative side area) 

    Layer: Via2
      Partial area ratio:    0.41
      Required ratio:    0.00 (Gate area) 
      Cumulative area ratio:    0.51
      Required ratio:    0.00 (Cumulative area) 

    Layer: Metal3
      Partial area ratio:    0.14
      Required ratio:    0.00 (Gate area) 
      Cumulative area ratio:    1.61
      Required ratio:    0.00 (Cumulative area) 
      Partial area ratio:    0.91
      Required ratio:  400.00 (Side area) 
      Cumulative area ratio:    6.68
      Required ratio:    0.00 (Cumulative side area) 

    Layer: Via3
      Partial area ratio:    0.20
      Required ratio:    0.00 (Gate area) 
      Cumulative area ratio:    0.71
      Required ratio:    0.00 (Cumulative area) 

    Layer: Metal4
      Partial area ratio:    1.90
      Required ratio:    0.00 (Gate area) 
      Cumulative area ratio:    3.51
      Required ratio:    0.00 (Cumulative area) 
      Partial area ratio:    7.42
      Required ratio:  400.00 (Side area) 
      Cumulative area ratio:   14.10
      Required ratio:    0.00 (Cumulative side area) 

    Layer: Via4
      Partial area ratio:    0.05
      Required ratio:    0.00 (Gate area) 
      Cumulative area ratio:    0.76
      Required ratio:    0.00 (Cumulative area) 

    Layer: Metal5
      Partial area ratio:   33.11
      Required ratio:    0.00 (Gate area) 
      Cumulative area ratio:   36.62
      Required ratio:    0.00 (Cumulative area) 
      Partial area ratio:  179.30
      Required ratio:  400.00 (Side area) 
      Cumulative area ratio:  193.40
      Required ratio:    0.00 (Cumulative side area) 


  Pin:   fanout1606/A (gf180mcu_as_sc_mcu7t3v3__buff_2)
    Layer: Via1
      Partial area ratio:    0.10
      Required ratio:   20.00 (Gate area) 
      Cumulative area ratio:    0.10
      Required ratio:    0.00 (Cumulative area) 

    Layer: Metal2
      Partial area ratio:    1.97
      Required ratio:    0.00 (Gate area) 
      Cumulative area ratio:    1.97
      Required ratio:    0.00 (Cumulative area) 
      Partial area ratio:    8.05
      Required ratio:  400.00 (Side area) 
      Cumulative area ratio:    8.05
      Required ratio:    0.00 (Cumulative side area) 

    Layer: Via2
      Partial area ratio:    0.20
      Required ratio:   20.00 (Gate area) 
      Cumulative area ratio:    0.30
      Required ratio:    0.00 (Cumulative area) 

    Layer: Metal3
      Partial area ratio:   26.79
      Required ratio:    0.00 (Gate area) 
      Cumulative area ratio:   28.76
      Required ratio:    0.00 (Cumulative area) 
      Partial area ratio:  104.24
      Required ratio:  400.00 (Side area) 
      Cumulative area ratio:  112.29
      Required ratio:    0.00 (Cumulative side area) 

    Layer: Via3
      Partial area ratio:    0.05
      Required ratio:   20.00 (Gate area) 
      Cumulative area ratio:    0.36
      Required ratio:    0.00 (Cumulative area) 

    Layer: Metal4
      Partial area ratio:    0.08
      Required ratio:    0.00 (Gate area) 
      Cumulative area ratio:   28.84
      Required ratio:    0.00 (Cumulative area) 
      Partial area ratio:    0.53
      Required ratio:  400.00 (Side area) 
      Cumulative area ratio:  112.83
      Required ratio:    0.00 (Cumulative side area) 

    Layer: Via4
      Partial area ratio:    0.05
      Required ratio:   20.00 (Gate area) 
      Cumulative area ratio:    0.41
      Required ratio:    0.00 (Cumulative area) 

    Layer: Metal5
      Partial area ratio:   33.11
      Required ratio:    0.00 (Gate area) 
      Cumulative area ratio:   61.95
      Required ratio:    0.00 (Cumulative area) 
      Partial area ratio:  179.30
      Required ratio:  400.00 (Side area) 
      Cumulative area ratio:  292.12
      Required ratio:    0.00 (Cumulative side area) 



Net: net1730
  Pin:   _29927_/C (gf180mcu_as_sc_mcu7t3v3__aoi22_2)
    Layer: Via1
      Partial area ratio:    0.05
      Required ratio:   20.00 (Gate area) 
      Cumulative area ratio:    0.05
      Required ratio:    0.00 (Cumulative area) 

    Layer: Metal2
      Partial area ratio:    0.30
      Required ratio:    0.00 (Gate area) 
      Cumulative area ratio:    0.30
      Required ratio:    0.00 (Cumulative area) 
      Partial area ratio:    1.33
      Required ratio:  400.00 (Side area) 
      Cumulative area ratio:    1.33
      Required ratio:    0.00 (Cumulative side area) 

    Layer: Via2
      Partial area ratio:    0.09
      Required ratio:   20.00 (Gate area) 
      Cumulative area ratio:    0.14
      Required ratio:    0.00 (Cumulative area) 

    Layer: Metal3
      Partial area ratio:    3.72
      Required ratio:    0.00 (Gate area) 
      Cumulative area ratio:    4.01
      Required ratio:    0.00 (Cumulative area) 
      Partial area ratio:   14.76
      Required ratio:  400.00 (Side area) 
      Cumulative area ratio:   16.08
      Required ratio:    0.00 (Cumulative side area) 

    Layer: Via3
      Partial area ratio:    0.03
      Required ratio:   20.00 (Gate area) 
      Cumulative area ratio:    0.16
      Required ratio:    0.00 (Cumulative area) 

    Layer: Metal4
      Partial area ratio:   10.01
      Required ratio:    0.00 (Gate area) 
      Cumulative area ratio:   14.03
      Required ratio:    0.00 (Cumulative area) 
      Partial area ratio:   38.66
      Required ratio:  400.00 (Side area) 
      Cumulative area ratio:   54.74
      Required ratio:    0.00 (Cumulative side area) 


  Pin:   _29928_/B (gf180mcu_as_sc_mcu7t3v3__and2_2)
    Layer: Via1
      Partial area ratio:    0.10
      Required ratio:   20.00 (Gate area) 
      Cumulative area ratio:    0.10
      Required ratio:    0.00 (Cumulative area) 

    Layer: Metal2
      Partial area ratio:    6.14
      Required ratio:    0.00 (Gate area) 
      Cumulative area ratio:    6.14
      Required ratio:    0.00 (Cumulative area) 
      Partial area ratio:   24.13
      Required ratio:  400.00 (Side area) 
      Cumulative area ratio:   24.13
      Required ratio:    0.00 (Cumulative side area) 

    Layer: Via2
      Partial area ratio:    0.30
      Required ratio:   20.00 (Gate area) 
      Cumulative area ratio:    0.41
      Required ratio:    0.00 (Cumulative area) 

    Layer: Metal3
      Partial area ratio:    3.72
      Required ratio:    0.00 (Gate area) 
      Cumulative area ratio:    9.85
      Required ratio:    0.00 (Cumulative area) 
      Partial area ratio:   14.76
      Required ratio:  400.00 (Side area) 
      Cumulative area ratio:   38.89
      Required ratio:    0.00 (Cumulative side area) 

    Layer: Via3
      Partial area ratio:    0.03
      Required ratio:   20.00 (Gate area) 
      Cumulative area ratio:    0.43
      Required ratio:    0.00 (Cumulative area) 

    Layer: Metal4
      Partial area ratio:   10.01
      Required ratio:    0.00 (Gate area) 
      Cumulative area ratio:   19.87
      Required ratio:    0.00 (Cumulative area) 
      Partial area ratio:   38.66
      Required ratio:  400.00 (Side area) 
      Cumulative area ratio:   77.54
      Required ratio:    0.00 (Cumulative side area) 


  Pin:   _30002_/A (gf180mcu_as_sc_mcu7t3v3__ao22_2)
    Layer: Via1
      Partial area ratio:    0.10
      Required ratio:   20.00 (Gate area) 
      Cumulative area ratio:    0.10
      Required ratio:    0.00 (Cumulative area) 

    Layer: Metal2
      Partial area ratio:    5.91
      Required ratio:    0.00 (Gate area) 
      Cumulative area ratio:    5.91
      Required ratio:    0.00 (Cumulative area) 
      Partial area ratio:   23.24
      Required ratio:  400.00 (Side area) 
      Cumulative area ratio:   23.24
      Required ratio:    0.00 (Cumulative side area) 

    Layer: Via2
      Partial area ratio:    0.20
      Required ratio:   20.00 (Gate area) 
      Cumulative area ratio:    0.30
      Required ratio:    0.00 (Cumulative area) 

    Layer: Metal3
      Partial area ratio:    3.72
      Required ratio:    0.00 (Gate area) 
      Cumulative area ratio:    9.62
      Required ratio:    0.00 (Cumulative area) 
      Partial area ratio:   14.76
      Required ratio:  400.00 (Side area) 
      Cumulative area ratio:   38.00
      Required ratio:    0.00 (Cumulative side area) 

    Layer: Via3
      Partial area ratio:    0.03
      Required ratio:   20.00 (Gate area) 
      Cumulative area ratio:    0.33
      Required ratio:    0.00 (Cumulative area) 

    Layer: Metal4
      Partial area ratio:   10.01
      Required ratio:    0.00 (Gate area) 
      Cumulative area ratio:   19.64
      Required ratio:    0.00 (Cumulative area) 
      Partial area ratio:   38.66
      Required ratio:  400.00 (Side area) 
      Cumulative area ratio:   76.66
      Required ratio:    0.00 (Cumulative side area) 


  Pin:   _30496_/C (gf180mcu_as_sc_mcu7t3v3__aoi22_2)
    Layer: Via1
      Partial area ratio:    0.05
      Required ratio:   20.00 (Gate area) 
      Cumulative area ratio:    0.05
      Required ratio:    0.00 (Cumulative area) 

    Layer: Metal2
      Partial area ratio:    0.84
      Required ratio:    0.00 (Gate area) 
      Cumulative area ratio:    0.84
      Required ratio:    0.00 (Cumulative area) 
      Partial area ratio:    3.45
      Required ratio:  400.00 (Side area) 
      Cumulative area ratio:    3.45
      Required ratio:    0.00 (Cumulative side area) 

    Layer: Via2
      Partial area ratio:    0.10
      Required ratio:   20.00 (Gate area) 
      Cumulative area ratio:    0.15
      Required ratio:    0.00 (Cumulative area) 

    Layer: Metal3
      Partial area ratio:    6.53
      Required ratio:    0.00 (Gate area) 
      Cumulative area ratio:    7.37
      Required ratio:    0.00 (Cumulative area) 
      Partial area ratio:   25.54
      Required ratio:  400.00 (Side area) 
      Cumulative area ratio:   28.99
      Required ratio:    0.00 (Cumulative side area) 

    Layer: Via3
      Partial area ratio:    0.03
      Required ratio:    0.00 (Gate area) 
      Cumulative area ratio:    0.18
      Required ratio:    0.00 (Cumulative area) 

    Layer: Metal4
      Partial area ratio:   10.01
      Required ratio:    0.00 (Gate area) 
      Cumulative area ratio:   17.38
      Required ratio:    0.00 (Cumulative area) 
      Partial area ratio:   38.66
      Required ratio:  400.00 (Side area) 
      Cumulative area ratio:   67.65
      Required ratio:    0.00 (Cumulative side area) 


  Pin:   _30497_/B (gf180mcu_as_sc_mcu7t3v3__and2_2)
    Layer: Via1
      Partial area ratio:    0.10
      Required ratio:   20.00 (Gate area) 
      Cumulative area ratio:    0.10
      Required ratio:    0.00 (Cumulative area) 

    Layer: Metal2
      Partial area ratio:    2.11
      Required ratio:    0.00 (Gate area) 
      Cumulative area ratio:    2.11
      Required ratio:    0.00 (Cumulative area) 
      Partial area ratio:    8.22
      Required ratio:  400.00 (Side area) 
      Cumulative area ratio:    8.22
      Required ratio:    0.00 (Cumulative side area) 

    Layer: Via2
      Partial area ratio:    0.41
      Required ratio:    0.00 (Gate area) 
      Cumulative area ratio:    0.51
      Required ratio:    0.00 (Cumulative area) 

    Layer: Metal3
      Partial area ratio:    6.53
      Required ratio:    0.00 (Gate area) 
      Cumulative area ratio:    8.64
      Required ratio:    0.00 (Cumulative area) 
      Partial area ratio:   25.54
      Required ratio:  400.00 (Side area) 
      Cumulative area ratio:   33.76
      Required ratio:    0.00 (Cumulative side area) 

    Layer: Via3
      Partial area ratio:    0.03
      Required ratio:    0.00 (Gate area) 
      Cumulative area ratio:    0.53
      Required ratio:    0.00 (Cumulative area) 

    Layer: Metal4
      Partial area ratio:   10.01
      Required ratio:    0.00 (Gate area) 
      Cumulative area ratio:   18.65
      Required ratio:    0.00 (Cumulative area) 
      Partial area ratio:   38.66
      Required ratio:  400.00 (Side area) 
      Cumulative area ratio:   72.41
      Required ratio:    0.00 (Cumulative side area) 


  Pin:   _31247_/B (gf180mcu_as_sc_mcu7t3v3__and2_2)
    Layer: Via1
      Partial area ratio:    0.10
      Required ratio:   20.00 (Gate area) 
      Cumulative area ratio:    0.10
      Required ratio:    0.00 (Cumulative area) 

    Layer: Metal2
      Partial area ratio:    0.89
      Required ratio:    0.00 (Gate area) 
      Cumulative area ratio:    0.89
      Required ratio:    0.00 (Cumulative area) 
      Partial area ratio:    3.91
      Required ratio:  400.00 (Side area) 
      Cumulative area ratio:    3.91
      Required ratio:    0.00 (Cumulative side area) 

    Layer: Via2
      Partial area ratio:    0.20
      Required ratio:   20.00 (Gate area) 
      Cumulative area ratio:    0.30
      Required ratio:    0.00 (Cumulative area) 

    Layer: Metal3
      Partial area ratio:  134.44
      Required ratio:    0.00 (Gate area) 
      Cumulative area ratio:  135.33
      Required ratio:    0.00 (Cumulative area) 
      Partial area ratio:  519.45
      Required ratio:  400.00 (Side area) (VIOLATED)
      Cumulative area ratio:  523.36
      Required ratio:    0.00 (Cumulative side area) 

    Layer: Via3
      Partial area ratio:    0.10
      Required ratio:   20.00 (Gate area) 
      Cumulative area ratio:    0.41
      Required ratio:    0.00 (Cumulative area) 

    Layer: Metal4
      Partial area ratio:   10.01
      Required ratio:    0.00 (Gate area) 
      Cumulative area ratio:  145.34
      Required ratio:    0.00 (Cumulative area) 
      Partial area ratio:   38.66
      Required ratio:  400.00 (Side area) 
      Cumulative area ratio:  562.01
      Required ratio:    0.00 (Cumulative side area) 


  Pin:   fanout1729/A (gf180mcu_as_sc_mcu7t3v3__buff_2)
    Layer: Via1
      Partial area ratio:    0.10
      Required ratio:   20.00 (Gate area) 
      Cumulative area ratio:    0.10
      Required ratio:    0.00 (Cumulative area) 

    Layer: Metal2
      Partial area ratio:    2.94
      Required ratio:    0.00 (Gate area) 
      Cumulative area ratio:    2.94
      Required ratio:    0.00 (Cumulative area) 
      Partial area ratio:   11.79
      Required ratio:  400.00 (Side area) 
      Cumulative area ratio:   11.79
      Required ratio:    0.00 (Cumulative side area) 

    Layer: Via2
      Partial area ratio:    0.20
      Required ratio:   20.00 (Gate area) 
      Cumulative area ratio:    0.30
      Required ratio:    0.00 (Cumulative area) 

    Layer: Metal3
      Partial area ratio:    6.53
      Required ratio:    0.00 (Gate area) 
      Cumulative area ratio:    9.47
      Required ratio:    0.00 (Cumulative area) 
      Partial area ratio:   25.54
      Required ratio:  400.00 (Side area) 
      Cumulative area ratio:   37.32
      Required ratio:    0.00 (Cumulative side area) 

    Layer: Via3
      Partial area ratio:    0.03
      Required ratio:    0.00 (Gate area) 
      Cumulative area ratio:    0.33
      Required ratio:    0.00 (Cumulative area) 

    Layer: Metal4
      Partial area ratio:   10.01
      Required ratio:    0.00 (Gate area) 
      Cumulative area ratio:   19.48
      Required ratio:    0.00 (Cumulative area) 
      Partial area ratio:   38.66
      Required ratio:  400.00 (Side area) 
      Cumulative area ratio:   75.98
      Required ratio:    0.00 (Cumulative side area) 



Net: net1749
  Pin:   _30634_/B (gf180mcu_as_sc_mcu7t3v3__nor2_2)
    Layer: Via1
      Partial area ratio:    0.05
      Required ratio:   20.00 (Gate area) 
      Cumulative area ratio:    0.05
      Required ratio:    0.00 (Cumulative area) 

    Layer: Metal2
      Partial area ratio:    0.78
      Required ratio:    0.00 (Gate area) 
      Cumulative area ratio:    0.78
      Required ratio:    0.00 (Cumulative area) 
      Partial area ratio:    3.23
      Required ratio:  400.00 (Side area) 
      Cumulative area ratio:    3.23
      Required ratio:    0.00 (Cumulative side area) 

    Layer: Via2
      Partial area ratio:    0.10
      Required ratio:   20.00 (Gate area) 
      Cumulative area ratio:    0.15
      Required ratio:    0.00 (Cumulative area) 

    Layer: Metal3
      Partial area ratio:    0.16
      Required ratio:    0.00 (Gate area) 
      Cumulative area ratio:    0.94
      Required ratio:    0.00 (Cumulative area) 
      Partial area ratio:    1.07
      Required ratio:  400.00 (Side area) 
      Cumulative area ratio:    4.30
      Required ratio:    0.00 (Cumulative side area) 

    Layer: Via3
      Partial area ratio:    0.05
      Required ratio:   20.00 (Gate area) 
      Cumulative area ratio:    0.20
      Required ratio:    0.00 (Cumulative area) 

    Layer: Metal4
      Partial area ratio:    0.08
      Required ratio:    0.00 (Gate area) 
      Cumulative area ratio:    1.02
      Required ratio:    0.00 (Cumulative area) 
      Partial area ratio:    0.53
      Required ratio:  400.00 (Side area) 
      Cumulative area ratio:    4.83
      Required ratio:    0.00 (Cumulative side area) 

    Layer: Via4
      Partial area ratio:    0.05
      Required ratio:   20.00 (Gate area) 
      Cumulative area ratio:    0.25
      Required ratio:    0.00 (Cumulative area) 

    Layer: Metal5
      Partial area ratio:    3.65
      Required ratio:    0.00 (Gate area) 
      Cumulative area ratio:    4.67
      Required ratio:    0.00 (Cumulative area) 
      Partial area ratio:   19.89
      Required ratio:  400.00 (Side area) 
      Cumulative area ratio:   24.73
      Required ratio:    0.00 (Cumulative side area) 


  Pin:   _31205_/B (gf180mcu_as_sc_mcu7t3v3__nor2_2)
    Layer: Via1
      Partial area ratio:    0.05
      Required ratio:   20.00 (Gate area) 
      Cumulative area ratio:    0.05
      Required ratio:    0.00 (Cumulative area) 

    Layer: Metal2
      Partial area ratio:    0.84
      Required ratio:    0.00 (Gate area) 
      Cumulative area ratio:    0.84
      Required ratio:    0.00 (Cumulative area) 
      Partial area ratio:    3.47
      Required ratio:  400.00 (Side area) 
      Cumulative area ratio:    3.47
      Required ratio:    0.00 (Cumulative side area) 

    Layer: Via2
      Partial area ratio:    0.10
      Required ratio:   20.00 (Gate area) 
      Cumulative area ratio:    0.15
      Required ratio:    0.00 (Cumulative area) 

    Layer: Metal3
      Partial area ratio:    3.69
      Required ratio:    0.00 (Gate area) 
      Cumulative area ratio:    4.53
      Required ratio:    0.00 (Cumulative area) 
      Partial area ratio:   14.68
      Required ratio:  400.00 (Side area) 
      Cumulative area ratio:   18.15
      Required ratio:    0.00 (Cumulative side area) 

    Layer: Via3
      Partial area ratio:    0.05
      Required ratio:   20.00 (Gate area) 
      Cumulative area ratio:    0.20
      Required ratio:    0.00 (Cumulative area) 

    Layer: Metal4
      Partial area ratio:   29.24
      Required ratio:    0.00 (Gate area) 
      Cumulative area ratio:   33.76
      Required ratio:    0.00 (Cumulative area) 
      Partial area ratio:  112.92
      Required ratio:  400.00 (Side area) 
      Cumulative area ratio:  131.07
      Required ratio:    0.00 (Cumulative side area) 

    Layer: Via4
      Partial area ratio:    0.02
      Required ratio:    0.00 (Gate area) 
      Cumulative area ratio:    0.22
      Required ratio:    0.00 (Cumulative area) 

    Layer: Metal5
      Partial area ratio:    3.65
      Required ratio:    0.00 (Gate area) 
      Cumulative area ratio:   37.42
      Required ratio:    0.00 (Cumulative area) 
      Partial area ratio:   19.89
      Required ratio:  400.00 (Side area) 
      Cumulative area ratio:  150.97
      Required ratio:    0.00 (Cumulative side area) 


  Pin:   fanout1745/A (gf180mcu_as_sc_mcu7t3v3__buff_2)
    Layer: Via1
      Partial area ratio:    0.10
      Required ratio:   20.00 (Gate area) 
      Cumulative area ratio:    0.10
      Required ratio:    0.00 (Cumulative area) 

    Layer: Metal2
      Partial area ratio:    1.33
      Required ratio:    0.00 (Gate area) 
      Cumulative area ratio:    1.33
      Required ratio:    0.00 (Cumulative area) 
      Partial area ratio:    5.23
      Required ratio:  400.00 (Side area) 
      Cumulative area ratio:    5.23
      Required ratio:    0.00 (Cumulative side area) 

    Layer: Via2
      Partial area ratio:    0.30
      Required ratio:    0.00 (Gate area) 
      Cumulative area ratio:    0.41
      Required ratio:    0.00 (Cumulative area) 

    Layer: Metal3
      Partial area ratio:    0.10
      Required ratio:    0.00 (Gate area) 
      Cumulative area ratio:    1.43
      Required ratio:    0.00 (Cumulative area) 
      Partial area ratio:    0.68
      Required ratio:  400.00 (Side area) 
      Cumulative area ratio:    5.91
      Required ratio:    0.00 (Cumulative side area) 

    Layer: Via3
      Partial area ratio:    0.10
      Required ratio:    0.00 (Gate area) 
      Cumulative area ratio:    0.51
      Required ratio:    0.00 (Cumulative area) 

    Layer: Metal4
      Partial area ratio:   29.24
      Required ratio:    0.00 (Gate area) 
      Cumulative area ratio:   30.67
      Required ratio:    0.00 (Cumulative area) 
      Partial area ratio:  112.92
      Required ratio:  400.00 (Side area) 
      Cumulative area ratio:  118.83
      Required ratio:    0.00 (Cumulative side area) 

    Layer: Via4
      Partial area ratio:    0.02
      Required ratio:    0.00 (Gate area) 
      Cumulative area ratio:    0.53
      Required ratio:    0.00 (Cumulative area) 

    Layer: Metal5
      Partial area ratio:    3.65
      Required ratio:    0.00 (Gate area) 
      Cumulative area ratio:   34.32
      Required ratio:    0.00 (Cumulative area) 
      Partial area ratio:   19.89
      Required ratio:  400.00 (Side area) 
      Cumulative area ratio:  138.73
      Required ratio:    0.00 (Cumulative side area) 


  Pin:   fanout1746/A (gf180mcu_as_sc_mcu7t3v3__buff_2)
    Layer: Via1
      Partial area ratio:    0.10
      Required ratio:   20.00 (Gate area) 
      Cumulative area ratio:    0.10
      Required ratio:    0.00 (Cumulative area) 

    Layer: Metal2
      Partial area ratio:    2.47
      Required ratio:    0.00 (Gate area) 
      Cumulative area ratio:    2.47
      Required ratio:    0.00 (Cumulative area) 
      Partial area ratio:    9.97
      Required ratio:  400.00 (Side area) 
      Cumulative area ratio:    9.97
      Required ratio:    0.00 (Cumulative side area) 

    Layer: Via2
      Partial area ratio:    0.20
      Required ratio:   20.00 (Gate area) 
      Cumulative area ratio:    0.30
      Required ratio:    0.00 (Cumulative area) 

    Layer: Metal3
      Partial area ratio:  191.07
      Required ratio:    0.00 (Gate area) 
      Cumulative area ratio:  193.53
      Required ratio:    0.00 (Cumulative area) 
      Partial area ratio:  738.33
      Required ratio:  400.00 (Side area) (VIOLATED)
      Cumulative area ratio:  748.31
      Required ratio:    0.00 (Cumulative side area) 

    Layer: Via3
      Partial area ratio:    0.30
      Required ratio:   20.00 (Gate area) 
      Cumulative area ratio:    0.61
      Required ratio:    0.00 (Cumulative area) 

    Layer: Metal4
      Partial area ratio:   29.24
      Required ratio:    0.00 (Gate area) 
      Cumulative area ratio:  222.77
      Required ratio:    0.00 (Cumulative area) 
      Partial area ratio:  112.92
      Required ratio:  400.00 (Side area) 
      Cumulative area ratio:  861.23
      Required ratio:    0.00 (Cumulative side area) 

    Layer: Via4
      Partial area ratio:    0.02
      Required ratio:    0.00 (Gate area) 
      Cumulative area ratio:    0.63
      Required ratio:    0.00 (Cumulative area) 

    Layer: Metal5
      Partial area ratio:    3.65
      Required ratio:    0.00 (Gate area) 
      Cumulative area ratio:  226.42
      Required ratio:    0.00 (Cumulative area) 
      Partial area ratio:   19.89
      Required ratio:  400.00 (Side area) 
      Cumulative area ratio:  881.12
      Required ratio:    0.00 (Cumulative side area) 


  Pin:   fanout1748/A (gf180mcu_as_sc_mcu7t3v3__buff_2)
    Layer: Via1
      Partial area ratio:    0.10
      Required ratio:   20.00 (Gate area) 
      Cumulative area ratio:    0.10
      Required ratio:    0.00 (Cumulative area) 

    Layer: Metal2
      Partial area ratio:    1.70
      Required ratio:    0.00 (Gate area) 
      Cumulative area ratio:    1.70
      Required ratio:    0.00 (Cumulative area) 
      Partial area ratio:    7.01
      Required ratio:  400.00 (Side area) 
      Cumulative area ratio:    7.01
      Required ratio:    0.00 (Cumulative side area) 

    Layer: Via2
      Partial area ratio:    0.20
      Required ratio:   20.00 (Gate area) 
      Cumulative area ratio:    0.30
      Required ratio:    0.00 (Cumulative area) 

    Layer: Metal3
      Partial area ratio:   17.97
      Required ratio:    0.00 (Gate area) 
      Cumulative area ratio:   19.67
      Required ratio:    0.00 (Cumulative area) 
      Partial area ratio:   70.21
      Required ratio:  400.00 (Side area) 
      Cumulative area ratio:   77.22
      Required ratio:    0.00 (Cumulative side area) 

    Layer: Via3
      Partial area ratio:    0.10
      Required ratio:   20.00 (Gate area) 
      Cumulative area ratio:    0.41
      Required ratio:    0.00 (Cumulative area) 

    Layer: Metal4
      Partial area ratio:   29.24
      Required ratio:    0.00 (Gate area) 
      Cumulative area ratio:   48.90
      Required ratio:    0.00 (Cumulative area) 
      Partial area ratio:  112.92
      Required ratio:  400.00 (Side area) 
      Cumulative area ratio:  190.14
      Required ratio:    0.00 (Cumulative side area) 

    Layer: Via4
      Partial area ratio:    0.02
      Required ratio:    0.00 (Gate area) 
      Cumulative area ratio:    0.43
      Required ratio:    0.00 (Cumulative area) 

    Layer: Metal5
      Partial area ratio:    3.65
      Required ratio:    0.00 (Gate area) 
      Cumulative area ratio:   52.55
      Required ratio:    0.00 (Cumulative area) 
      Partial area ratio:   19.89
      Required ratio:  400.00 (Side area) 
      Cumulative area ratio:  210.03
      Required ratio:    0.00 (Cumulative side area) 



[INFO ANT-0002] Found 50 net violations.
[INFO ANT-0001] Found 62 pin violations.
