Net: _02020_
  Pin:   _11034_/D (gf180mcu_as_sc_mcu7t3v3__ao31_2)
    Layer: Via1
      Partial area ratio:    0.10
      Required ratio:   20.00 (Gate area) 
      Cumulative area ratio:    0.10
      Required ratio:    0.00 (Cumulative area) 

    Layer: Metal2
      Partial area ratio:   26.30
      Required ratio:    0.00 (Gate area) 
      Cumulative area ratio:   26.30
      Required ratio:    0.00 (Cumulative area) 
      Partial area ratio:  101.91
      Required ratio:  400.00 (Side area) 
      Cumulative area ratio:  101.91
      Required ratio:    0.00 (Cumulative side area) 

    Layer: Via2
      Partial area ratio:    0.20
      Required ratio:   20.00 (Gate area) 
      Cumulative area ratio:    0.30
      Required ratio:    0.00 (Cumulative area) 

    Layer: Metal3
      Partial area ratio:   28.55
      Required ratio:    0.00 (Gate area) 
      Cumulative area ratio:   54.86
      Required ratio:    0.00 (Cumulative area) 
      Partial area ratio:  111.05
      Required ratio:  400.00 (Side area) 
      Cumulative area ratio:  212.96
      Required ratio:    0.00 (Cumulative side area) 

    Layer: Via3
      Partial area ratio:    0.10
      Required ratio:   20.00 (Gate area) 
      Cumulative area ratio:    0.41
      Required ratio:    0.00 (Cumulative area) 

    Layer: Metal4
      Partial area ratio:  116.67
      Required ratio:    0.00 (Gate area) 
      Cumulative area ratio:  171.53
      Required ratio:    0.00 (Cumulative area) 
      Partial area ratio:  450.48
      Required ratio:  400.00 (Side area) (VIOLATED)
      Cumulative area ratio:  663.44
      Required ratio:    0.00 (Cumulative side area) 

    Layer: Via4
      Partial area ratio:    0.10
      Required ratio:   20.00 (Gate area) 
      Cumulative area ratio:    0.51
      Required ratio:    0.00 (Cumulative area) 

    Layer: Metal5
      Partial area ratio:    7.12
      Required ratio:    0.00 (Gate area) 
      Cumulative area ratio:  178.65
      Required ratio:    0.00 (Cumulative area) 
      Partial area ratio:   38.75
      Required ratio:  400.00 (Side area) 
      Cumulative area ratio:  702.19
      Required ratio:    0.00 (Cumulative side area) 



Net: _02072_
  Pin:   _11087_/D (gf180mcu_as_sc_mcu7t3v3__ao31_2)
    Layer: Via1
      Partial area ratio:    0.10
      Required ratio:   20.00 (Gate area) 
      Cumulative area ratio:    0.10
      Required ratio:    0.00 (Cumulative area) 

    Layer: Metal2
      Partial area ratio:   12.64
      Required ratio:    0.00 (Gate area) 
      Cumulative area ratio:   12.64
      Required ratio:    0.00 (Cumulative area) 
      Partial area ratio:   49.19
      Required ratio:  400.00 (Side area) 
      Cumulative area ratio:   49.19
      Required ratio:    0.00 (Cumulative side area) 

    Layer: Via2
      Partial area ratio:    0.20
      Required ratio:   20.00 (Gate area) 
      Cumulative area ratio:    0.30
      Required ratio:    0.00 (Cumulative area) 

    Layer: Metal3
      Partial area ratio:   25.03
      Required ratio:    0.00 (Gate area) 
      Cumulative area ratio:   37.66
      Required ratio:    0.00 (Cumulative area) 
      Partial area ratio:   97.43
      Required ratio:  400.00 (Side area) 
      Cumulative area ratio:  146.63
      Required ratio:    0.00 (Cumulative side area) 

    Layer: Via3
      Partial area ratio:    0.10
      Required ratio:   20.00 (Gate area) 
      Cumulative area ratio:    0.41
      Required ratio:    0.00 (Cumulative area) 

    Layer: Metal4
      Partial area ratio:  109.61
      Required ratio:    0.00 (Gate area) 
      Cumulative area ratio:  147.28
      Required ratio:    0.00 (Cumulative area) 
      Partial area ratio:  423.25
      Required ratio:  400.00 (Side area) (VIOLATED)
      Cumulative area ratio:  569.88
      Required ratio:    0.00 (Cumulative side area) 

    Layer: Via4
      Partial area ratio:    0.10
      Required ratio:   20.00 (Gate area) 
      Cumulative area ratio:    0.51
      Required ratio:    0.00 (Cumulative area) 

    Layer: Metal5
      Partial area ratio:    6.23
      Required ratio:    0.00 (Gate area) 
      Cumulative area ratio:  153.51
      Required ratio:    0.00 (Cumulative area) 
      Partial area ratio:   33.97
      Required ratio:  400.00 (Side area) 
      Cumulative area ratio:  603.84
      Required ratio:    0.00 (Cumulative side area) 



Net: _02149_
  Pin:   _11157_/A (gf180mcu_as_sc_mcu7t3v3__nor2b_2)
    Layer: Via1
      Partial area ratio:    0.10
      Required ratio:   20.00 (Gate area) 
      Cumulative area ratio:    0.10
      Required ratio:    0.00 (Cumulative area) 

    Layer: Metal2
      Partial area ratio:    8.14
      Required ratio:    0.00 (Gate area) 
      Cumulative area ratio:    8.14
      Required ratio:    0.00 (Cumulative area) 
      Partial area ratio:   31.85
      Required ratio:  400.00 (Side area) 
      Cumulative area ratio:   31.85
      Required ratio:    0.00 (Cumulative side area) 

    Layer: Via2
      Partial area ratio:    0.20
      Required ratio:   20.00 (Gate area) 
      Cumulative area ratio:    0.30
      Required ratio:    0.00 (Cumulative area) 

    Layer: Metal3
      Partial area ratio:   14.44
      Required ratio:    0.00 (Gate area) 
      Cumulative area ratio:   22.58
      Required ratio:    0.00 (Cumulative area) 
      Partial area ratio:   56.59
      Required ratio:  400.00 (Side area) 
      Cumulative area ratio:   88.45
      Required ratio:    0.00 (Cumulative side area) 

    Layer: Via3
      Partial area ratio:    0.10
      Required ratio:   20.00 (Gate area) 
      Cumulative area ratio:    0.41
      Required ratio:    0.00 (Cumulative area) 

    Layer: Metal4
      Partial area ratio:  130.79
      Required ratio:    0.00 (Gate area) 
      Cumulative area ratio:  153.37
      Required ratio:    0.00 (Cumulative area) 
      Partial area ratio:  504.93
      Required ratio:  400.00 (Side area) (VIOLATED)
      Cumulative area ratio:  593.38
      Required ratio:    0.00 (Cumulative side area) 

    Layer: Via4
      Partial area ratio:    0.10
      Required ratio:   20.00 (Gate area) 
      Cumulative area ratio:    0.51
      Required ratio:    0.00 (Cumulative area) 

    Layer: Metal5
      Partial area ratio:    4.63
      Required ratio:    0.00 (Gate area) 
      Cumulative area ratio:  157.99
      Required ratio:    0.00 (Cumulative area) 
      Partial area ratio:   25.35
      Required ratio:  400.00 (Side area) 
      Cumulative area ratio:  618.73
      Required ratio:    0.00 (Cumulative side area) 



Net: u_a_buffer.GEN_SRAM.GEN_A_ROWS\[0\].sram_q_raw\[6\]
  Pin:   _17131_/C (gf180mcu_as_sc_mcu7t3v3__aoi22_2)
    Layer: Via1
      Partial area ratio:    0.05
      Required ratio:   20.00 (Gate area) 
      Cumulative area ratio:    0.05
      Required ratio:    0.00 (Cumulative area) 

    Layer: Metal2
      Partial area ratio:    0.66
      Required ratio:    0.00 (Gate area) 
      Cumulative area ratio:    0.66
      Required ratio:    0.00 (Cumulative area) 
      Partial area ratio:    2.77
      Required ratio:  400.00 (Side area) 
      Cumulative area ratio:    2.77
      Required ratio:    0.00 (Cumulative side area) 

    Layer: Via2
      Partial area ratio:    0.10
      Required ratio:   20.00 (Gate area) 
      Cumulative area ratio:    0.15
      Required ratio:    0.00 (Cumulative area) 

    Layer: Metal3
      Partial area ratio:    0.16
      Required ratio:    0.00 (Gate area) 
      Cumulative area ratio:    0.82
      Required ratio:    0.00 (Cumulative area) 
      Partial area ratio:    1.07
      Required ratio:  400.00 (Side area) 
      Cumulative area ratio:    3.84
      Required ratio:    0.00 (Cumulative side area) 

    Layer: Via3
      Partial area ratio:    0.05
      Required ratio:   20.00 (Gate area) 
      Cumulative area ratio:    0.20
      Required ratio:    0.00 (Cumulative area) 

    Layer: Metal4
      Partial area ratio:    0.08
      Required ratio:    0.00 (Gate area) 
      Cumulative area ratio:    0.90
      Required ratio:    0.00 (Cumulative area) 
      Partial area ratio:    0.53
      Required ratio:  400.00 (Side area) 
      Cumulative area ratio:    4.37
      Required ratio:    0.00 (Cumulative side area) 

    Layer: Via4
      Partial area ratio:    0.05
      Required ratio:   20.00 (Gate area) 
      Cumulative area ratio:    0.25
      Required ratio:    0.00 (Cumulative area) 

    Layer: Metal5
      Partial area ratio:    2.25
      Required ratio:    0.00 (Gate area) 
      Cumulative area ratio:    3.15
      Required ratio:    0.00 (Cumulative area) 
      Partial area ratio:   12.34
      Required ratio:  400.00 (Side area) 
      Cumulative area ratio:   16.72
      Required ratio:    0.00 (Cumulative side area) 


  Pin:   fanout665/A (gf180mcu_as_sc_mcu7t3v3__buff_2)
    Layer: Via1
      Partial area ratio:    0.10
      Required ratio:   20.00 (Gate area) 
      Cumulative area ratio:    0.10
      Required ratio:    0.00 (Cumulative area) 

    Layer: Metal2
      Partial area ratio:    0.47
      Required ratio:    0.00 (Gate area) 
      Cumulative area ratio:    0.47
      Required ratio:    0.00 (Cumulative area) 
      Partial area ratio:    1.86
      Required ratio:  400.00 (Side area) 
      Cumulative area ratio:    1.86
      Required ratio:    0.00 (Cumulative side area) 

    Layer: Via2
      Partial area ratio:    0.20
      Required ratio:    0.00 (Gate area) 
      Cumulative area ratio:    0.30
      Required ratio:    0.00 (Cumulative area) 

    Layer: Metal3
      Partial area ratio:    0.02
      Required ratio:    0.00 (Gate area) 
      Cumulative area ratio:    0.49
      Required ratio:    0.00 (Cumulative area) 
      Partial area ratio:    0.13
      Required ratio:  400.00 (Side area) 
      Cumulative area ratio:    1.98
      Required ratio:    0.00 (Cumulative side area) 

    Layer: Via3
      Partial area ratio:    0.10
      Required ratio:    0.00 (Gate area) 
      Cumulative area ratio:    0.41
      Required ratio:    0.00 (Cumulative area) 

    Layer: Metal4
      Partial area ratio:    0.22
      Required ratio:    0.00 (Gate area) 
      Cumulative area ratio:    0.71
      Required ratio:    0.00 (Cumulative area) 
      Partial area ratio:    0.88
      Required ratio:  400.00 (Side area) 
      Cumulative area ratio:    2.86
      Required ratio:    0.00 (Cumulative side area) 

    Layer: Via4
      Partial area ratio:    0.10
      Required ratio:    0.00 (Gate area) 
      Cumulative area ratio:    0.51
      Required ratio:    0.00 (Cumulative area) 

    Layer: Metal5
      Partial area ratio:    2.25
      Required ratio:    0.00 (Gate area) 
      Cumulative area ratio:    2.97
      Required ratio:    0.00 (Cumulative area) 
      Partial area ratio:   12.34
      Required ratio:  400.00 (Side area) 
      Cumulative area ratio:   15.20
      Required ratio:    0.00 (Cumulative side area) 


  Pin:   fanout668/A (gf180mcu_as_sc_mcu7t3v3__buff_2)
    Layer: Via1
      Partial area ratio:    0.10
      Required ratio:   20.00 (Gate area) 
      Cumulative area ratio:    0.10
      Required ratio:    0.00 (Cumulative area) 

    Layer: Metal2
      Partial area ratio:    1.76
      Required ratio:    0.00 (Gate area) 
      Cumulative area ratio:    1.76
      Required ratio:    0.00 (Cumulative area) 
      Partial area ratio:    7.25
      Required ratio:  400.00 (Side area) 
      Cumulative area ratio:    7.25
      Required ratio:    0.00 (Cumulative side area) 

    Layer: Via2
      Partial area ratio:    0.20
      Required ratio:   20.00 (Gate area) 
      Cumulative area ratio:    0.30
      Required ratio:    0.00 (Cumulative area) 

    Layer: Metal3
      Partial area ratio:    0.32
      Required ratio:    0.00 (Gate area) 
      Cumulative area ratio:    2.08
      Required ratio:    0.00 (Cumulative area) 
      Partial area ratio:    2.14
      Required ratio:  400.00 (Side area) 
      Cumulative area ratio:    9.39
      Required ratio:    0.00 (Cumulative side area) 

    Layer: Via3
      Partial area ratio:    0.10
      Required ratio:   20.00 (Gate area) 
      Cumulative area ratio:    0.41
      Required ratio:    0.00 (Cumulative area) 

    Layer: Metal4
      Partial area ratio:  127.30
      Required ratio:    0.00 (Gate area) 
      Cumulative area ratio:  129.38
      Required ratio:    0.00 (Cumulative area) 
      Partial area ratio:  491.48
      Required ratio:  400.00 (Side area) (VIOLATED)
      Cumulative area ratio:  500.87
      Required ratio:    0.00 (Cumulative side area) 

    Layer: Via4
      Partial area ratio:    0.20
      Required ratio:   20.00 (Gate area) 
      Cumulative area ratio:    0.61
      Required ratio:    0.00 (Cumulative area) 

    Layer: Metal5
      Partial area ratio:    2.25
      Required ratio:    0.00 (Gate area) 
      Cumulative area ratio:  131.64
      Required ratio:    0.00 (Cumulative area) 
      Partial area ratio:   12.34
      Required ratio:  400.00 (Side area) 
      Cumulative area ratio:  513.21
      Required ratio:    0.00 (Cumulative side area) 



Net: u_a_buffer.GEN_SRAM.GEN_A_ROWS\[2\].sram_q_raw\[0\]
  Pin:   fanout609/A (gf180mcu_as_sc_mcu7t3v3__buff_2)
    Layer: Via1
      Partial area ratio:    0.10
      Required ratio:   20.00 (Gate area) 
      Cumulative area ratio:    0.10
      Required ratio:    0.00 (Cumulative area) 

    Layer: Metal2
      Partial area ratio:    2.43
      Required ratio:    0.00 (Gate area) 
      Cumulative area ratio:    2.43
      Required ratio:    0.00 (Cumulative area) 
      Partial area ratio:    9.84
      Required ratio:  400.00 (Side area) 
      Cumulative area ratio:    9.84
      Required ratio:    0.00 (Cumulative side area) 

    Layer: Via2
      Partial area ratio:    0.20
      Required ratio:   20.00 (Gate area) 
      Cumulative area ratio:    0.30
      Required ratio:    0.00 (Cumulative area) 

    Layer: Metal3
      Partial area ratio:    0.32
      Required ratio:    0.00 (Gate area) 
      Cumulative area ratio:    2.75
      Required ratio:    0.00 (Cumulative area) 
      Partial area ratio:    2.14
      Required ratio:  400.00 (Side area) 
      Cumulative area ratio:   11.98
      Required ratio:    0.00 (Cumulative side area) 

    Layer: Via3
      Partial area ratio:    0.10
      Required ratio:   20.00 (Gate area) 
      Cumulative area ratio:    0.41
      Required ratio:    0.00 (Cumulative area) 

    Layer: Metal4
      Partial area ratio:   46.08
      Required ratio:    0.00 (Gate area) 
      Cumulative area ratio:   48.84
      Required ratio:    0.00 (Cumulative area) 
      Partial area ratio:  178.21
      Required ratio:  400.00 (Side area) 
      Cumulative area ratio:  190.19
      Required ratio:    0.00 (Cumulative side area) 

    Layer: Via4
      Partial area ratio:    0.10
      Required ratio:   20.00 (Gate area) 
      Cumulative area ratio:    0.51
      Required ratio:    0.00 (Cumulative area) 

    Layer: Metal5
      Partial area ratio:    5.59
      Required ratio:    0.00 (Gate area) 
      Cumulative area ratio:   54.43
      Required ratio:    0.00 (Cumulative area) 
      Partial area ratio:   30.43
      Required ratio:  400.00 (Side area) 
      Cumulative area ratio:  220.62
      Required ratio:    0.00 (Cumulative side area) 


  Pin:   fanout613/A (gf180mcu_as_sc_mcu7t3v3__buff_2)
    Layer: Via1
      Partial area ratio:    0.10
      Required ratio:   20.00 (Gate area) 
      Cumulative area ratio:    0.10
      Required ratio:    0.00 (Cumulative area) 

    Layer: Metal2
      Partial area ratio:    0.79
      Required ratio:    0.00 (Gate area) 
      Cumulative area ratio:    0.79
      Required ratio:    0.00 (Cumulative area) 
      Partial area ratio:    3.49
      Required ratio:  400.00 (Side area) 
      Cumulative area ratio:    3.49
      Required ratio:    0.00 (Cumulative side area) 

    Layer: Via2
      Partial area ratio:    0.20
      Required ratio:   20.00 (Gate area) 
      Cumulative area ratio:    0.30
      Required ratio:    0.00 (Cumulative area) 

    Layer: Metal3
      Partial area ratio:   28.55
      Required ratio:    0.00 (Gate area) 
      Cumulative area ratio:   29.34
      Required ratio:    0.00 (Cumulative area) 
      Partial area ratio:  111.05
      Required ratio:  400.00 (Side area) 
      Cumulative area ratio:  114.54
      Required ratio:    0.00 (Cumulative side area) 

    Layer: Via3
      Partial area ratio:    0.20
      Required ratio:   20.00 (Gate area) 
      Cumulative area ratio:    0.51
      Required ratio:    0.00 (Cumulative area) 

    Layer: Metal4
      Partial area ratio:  219.23
      Required ratio:    0.00 (Gate area) 
      Cumulative area ratio:  248.57
      Required ratio:    0.00 (Cumulative area) 
      Partial area ratio:  846.50
      Required ratio:  400.00 (Side area) (VIOLATED)
      Cumulative area ratio:  961.03
      Required ratio:    0.00 (Cumulative side area) 

    Layer: Via4
      Partial area ratio:    0.20
      Required ratio:   20.00 (Gate area) 
      Cumulative area ratio:    0.71
      Required ratio:    0.00 (Cumulative area) 

    Layer: Metal5
      Partial area ratio:    5.59
      Required ratio:    0.00 (Gate area) 
      Cumulative area ratio:  254.16
      Required ratio:    0.00 (Cumulative area) 
      Partial area ratio:   30.43
      Required ratio:  400.00 (Side area) 
      Cumulative area ratio:  991.46
      Required ratio:    0.00 (Cumulative side area) 



Net: u_a_buffer.GEN_SRAM.GEN_A_ROWS\[2\].sram_q_raw\[1\]
  Pin:   fanout607/A (gf180mcu_as_sc_mcu7t3v3__buff_2)
    Layer: Via1
      Partial area ratio:    0.10
      Required ratio:   20.00 (Gate area) 
      Cumulative area ratio:    0.10
      Required ratio:    0.00 (Cumulative area) 

    Layer: Metal2
      Partial area ratio:    5.04
      Required ratio:    0.00 (Gate area) 
      Cumulative area ratio:    5.04
      Required ratio:    0.00 (Cumulative area) 
      Partial area ratio:   19.90
      Required ratio:  400.00 (Side area) 
      Cumulative area ratio:   19.90
      Required ratio:    0.00 (Cumulative side area) 

    Layer: Via2
      Partial area ratio:    0.20
      Required ratio:   20.00 (Gate area) 
      Cumulative area ratio:    0.30
      Required ratio:    0.00 (Cumulative area) 

    Layer: Metal3
      Partial area ratio:   32.08
      Required ratio:    0.00 (Gate area) 
      Cumulative area ratio:   37.13
      Required ratio:    0.00 (Cumulative area) 
      Partial area ratio:  124.66
      Required ratio:  400.00 (Side area) 
      Cumulative area ratio:  144.56
      Required ratio:    0.00 (Cumulative side area) 

    Layer: Via3
      Partial area ratio:    0.10
      Required ratio:   20.00 (Gate area) 
      Cumulative area ratio:    0.41
      Required ratio:    0.00 (Cumulative area) 

    Layer: Metal4
      Partial area ratio:  180.20
      Required ratio:    0.00 (Gate area) 
      Cumulative area ratio:  217.33
      Required ratio:    0.00 (Cumulative area) 
      Partial area ratio:  695.52
      Required ratio:  400.00 (Side area) (VIOLATED)
      Cumulative area ratio:  840.08
      Required ratio:    0.00 (Cumulative side area) 

    Layer: Via4
      Partial area ratio:    0.10
      Required ratio:   20.00 (Gate area) 
      Cumulative area ratio:    0.51
      Required ratio:    0.00 (Cumulative area) 

    Layer: Metal5
      Partial area ratio:    1.98
      Required ratio:    0.00 (Gate area) 
      Cumulative area ratio:  219.31
      Required ratio:    0.00 (Cumulative area) 
      Partial area ratio:   10.80
      Required ratio:  400.00 (Side area) 
      Cumulative area ratio:  850.88
      Required ratio:    0.00 (Cumulative side area) 



Net: u_a_buffer.GEN_SRAM.GEN_A_ROWS\[2\].sram_q_raw\[7\]
  Pin:   fanout575/A (gf180mcu_as_sc_mcu7t3v3__buff_2)
    Layer: Via1
      Partial area ratio:    0.10
      Required ratio:   20.00 (Gate area) 
      Cumulative area ratio:    0.10
      Required ratio:    0.00 (Cumulative area) 

    Layer: Metal2
      Partial area ratio:    2.20
      Required ratio:    0.00 (Gate area) 
      Cumulative area ratio:    2.20
      Required ratio:    0.00 (Cumulative area) 
      Partial area ratio:    8.93
      Required ratio:  400.00 (Side area) 
      Cumulative area ratio:    8.93
      Required ratio:    0.00 (Cumulative side area) 

    Layer: Via2
      Partial area ratio:    0.20
      Required ratio:   20.00 (Gate area) 
      Cumulative area ratio:    0.30
      Required ratio:    0.00 (Cumulative area) 

    Layer: Metal3
      Partial area ratio:   39.14
      Required ratio:    0.00 (Gate area) 
      Cumulative area ratio:   41.34
      Required ratio:    0.00 (Cumulative area) 
      Partial area ratio:  151.89
      Required ratio:  400.00 (Side area) 
      Cumulative area ratio:  160.82
      Required ratio:    0.00 (Cumulative side area) 

    Layer: Via3
      Partial area ratio:    0.10
      Required ratio:   20.00 (Gate area) 
      Cumulative area ratio:    0.41
      Required ratio:    0.00 (Cumulative area) 

    Layer: Metal4
      Partial area ratio:  268.44
      Required ratio:    0.00 (Gate area) 
      Cumulative area ratio:  309.78
      Required ratio:    0.00 (Cumulative area) 
      Partial area ratio: 1035.85
      Required ratio:  400.00 (Side area) (VIOLATED)
      Cumulative area ratio: 1196.67
      Required ratio:    0.00 (Cumulative side area) 

    Layer: Via4
      Partial area ratio:    0.10
      Required ratio:   20.00 (Gate area) 
      Cumulative area ratio:    0.51
      Required ratio:    0.00 (Cumulative area) 

    Layer: Metal5
      Partial area ratio:    1.00
      Required ratio:    0.00 (Gate area) 
      Cumulative area ratio:  310.78
      Required ratio:    0.00 (Cumulative area) 
      Partial area ratio:    5.49
      Required ratio:  400.00 (Side area) 
      Cumulative area ratio: 1202.17
      Required ratio:    0.00 (Cumulative side area) 



Net: u_b_buffer.GEN_SRAM.GEN_B_COLS\[0\].sram_q_raw\[5\]
  Pin:   fanout490/A (gf180mcu_as_sc_mcu7t3v3__buff_2)
    Layer: Via1
      Partial area ratio:    0.10
      Required ratio:   20.00 (Gate area) 
      Cumulative area ratio:    0.10
      Required ratio:    0.00 (Cumulative area) 

    Layer: Metal2
      Partial area ratio:    2.00
      Required ratio:    0.00 (Gate area) 
      Cumulative area ratio:    2.00
      Required ratio:    0.00 (Cumulative area) 
      Partial area ratio:    8.16
      Required ratio:  400.00 (Side area) 
      Cumulative area ratio:    8.16
      Required ratio:    0.00 (Cumulative side area) 

    Layer: Via2
      Partial area ratio:    0.20
      Required ratio:   20.00 (Gate area) 
      Cumulative area ratio:    0.30
      Required ratio:    0.00 (Cumulative area) 

    Layer: Metal3
      Partial area ratio:  116.95
      Required ratio:    0.00 (Gate area) 
      Cumulative area ratio:  118.95
      Required ratio:    0.00 (Cumulative area) 
      Partial area ratio:  452.45
      Required ratio:  400.00 (Side area) (VIOLATED)
      Cumulative area ratio:  460.61
      Required ratio:    0.00 (Cumulative side area) 

    Layer: Via3
      Partial area ratio:    0.10
      Required ratio:   20.00 (Gate area) 
      Cumulative area ratio:    0.41
      Required ratio:    0.00 (Cumulative area) 

    Layer: Metal4
      Partial area ratio:    9.65
      Required ratio:    0.00 (Gate area) 
      Cumulative area ratio:  128.59
      Required ratio:    0.00 (Cumulative area) 
      Partial area ratio:   37.23
      Required ratio:  400.00 (Side area) 
      Cumulative area ratio:  497.84
      Required ratio:    0.00 (Cumulative side area) 


  Pin:   fanout493/A (gf180mcu_as_sc_mcu7t3v3__buff_2)
    Layer: Via1
      Partial area ratio:    0.10
      Required ratio:   20.00 (Gate area) 
      Cumulative area ratio:    0.10
      Required ratio:    0.00 (Cumulative area) 

    Layer: Metal2
      Partial area ratio:    1.02
      Required ratio:    0.00 (Gate area) 
      Cumulative area ratio:    1.02
      Required ratio:    0.00 (Cumulative area) 
      Partial area ratio:    4.40
      Required ratio:  400.00 (Side area) 
      Cumulative area ratio:    4.40
      Required ratio:    0.00 (Cumulative side area) 

    Layer: Via2
      Partial area ratio:    0.20
      Required ratio:   20.00 (Gate area) 
      Cumulative area ratio:    0.30
      Required ratio:    0.00 (Cumulative area) 

    Layer: Metal3
      Partial area ratio:    0.32
      Required ratio:    0.00 (Gate area) 
      Cumulative area ratio:    1.34
      Required ratio:    0.00 (Cumulative area) 
      Partial area ratio:    2.14
      Required ratio:  400.00 (Side area) 
      Cumulative area ratio:    6.54
      Required ratio:    0.00 (Cumulative side area) 

    Layer: Via3
      Partial area ratio:    0.10
      Required ratio:   20.00 (Gate area) 
      Cumulative area ratio:    0.41
      Required ratio:    0.00 (Cumulative area) 

    Layer: Metal4
      Partial area ratio:    9.65
      Required ratio:    0.00 (Gate area) 
      Cumulative area ratio:   10.99
      Required ratio:    0.00 (Cumulative area) 
      Partial area ratio:   37.23
      Required ratio:  400.00 (Side area) 
      Cumulative area ratio:   43.77
      Required ratio:    0.00 (Cumulative side area) 



Net: net11
  Pin:   _10917_/B (gf180mcu_as_sc_mcu7t3v3__mux2_2)
    Layer: Metal1
      Partial area ratio:    0.02
      Required ratio:    0.00 (Gate area) 
      Cumulative area ratio:    0.02
      Required ratio:    0.00 (Cumulative area) 
      Partial area ratio:    0.92
      Required ratio:  400.00 (Side area) 
      Cumulative area ratio:    0.92
      Required ratio:    0.00 (Cumulative side area) 

    Layer: Via1
      Partial area ratio:    0.10
      Required ratio:   20.00 (Gate area) 
      Cumulative area ratio:    0.10
      Required ratio:    0.00 (Cumulative area) 

    Layer: Metal2
      Partial area ratio:    1.96
      Required ratio:    0.00 (Gate area) 
      Cumulative area ratio:    1.98
      Required ratio:    0.00 (Cumulative area) 
      Partial area ratio:    7.95
      Required ratio:  400.00 (Side area) 
      Cumulative area ratio:    8.87
      Required ratio:    0.00 (Cumulative side area) 

    Layer: Via2
      Partial area ratio:    0.14
      Required ratio:   20.00 (Gate area) 
      Cumulative area ratio:    0.24
      Required ratio:    0.00 (Cumulative area) 

    Layer: Metal3
      Partial area ratio:  143.08
      Required ratio:    0.00 (Gate area) 
      Cumulative area ratio:  145.05
      Required ratio:    0.00 (Cumulative area) 
      Partial area ratio:  552.03
      Required ratio:  400.00 (Side area) (VIOLATED)
      Cumulative area ratio:  560.90
      Required ratio:    0.00 (Cumulative side area) 

    Layer: Via3
      Partial area ratio:    0.05
      Required ratio:   20.00 (Gate area) 
      Cumulative area ratio:    0.29
      Required ratio:    0.00 (Cumulative area) 

    Layer: Metal4
      Partial area ratio:    3.27
      Required ratio:    0.00 (Gate area) 
      Cumulative area ratio:  148.32
      Required ratio:    0.00 (Cumulative area) 
      Partial area ratio:   12.66
      Required ratio:  400.00 (Side area) 
      Cumulative area ratio:  573.56
      Required ratio:    0.00 (Cumulative side area) 


  Pin:   _10928_/B (gf180mcu_as_sc_mcu7t3v3__mux2_2)
    Layer: Metal1
      Partial area ratio:    0.02
      Required ratio:    0.00 (Gate area) 
      Cumulative area ratio:    0.02
      Required ratio:    0.00 (Cumulative area) 
      Partial area ratio:    0.92
      Required ratio:  400.00 (Side area) 
      Cumulative area ratio:    0.92
      Required ratio:    0.00 (Cumulative side area) 

    Layer: Via1
      Partial area ratio:    0.10
      Required ratio:   20.00 (Gate area) 
      Cumulative area ratio:    0.10
      Required ratio:    0.00 (Cumulative area) 

    Layer: Metal2
      Partial area ratio:    1.06
      Required ratio:    0.00 (Gate area) 
      Cumulative area ratio:    1.07
      Required ratio:    0.00 (Cumulative area) 
      Partial area ratio:    4.48
      Required ratio:  400.00 (Side area) 
      Cumulative area ratio:    5.39
      Required ratio:    0.00 (Cumulative side area) 

    Layer: Via2
      Partial area ratio:    0.14
      Required ratio:   20.00 (Gate area) 
      Cumulative area ratio:    0.24
      Required ratio:    0.00 (Cumulative area) 

    Layer: Metal3
      Partial area ratio:  143.08
      Required ratio:    0.00 (Gate area) 
      Cumulative area ratio:  144.15
      Required ratio:    0.00 (Cumulative area) 
      Partial area ratio:  552.03
      Required ratio:  400.00 (Side area) (VIOLATED)
      Cumulative area ratio:  557.43
      Required ratio:    0.00 (Cumulative side area) 

    Layer: Via3
      Partial area ratio:    0.05
      Required ratio:   20.00 (Gate area) 
      Cumulative area ratio:    0.29
      Required ratio:    0.00 (Cumulative area) 

    Layer: Metal4
      Partial area ratio:    3.27
      Required ratio:    0.00 (Gate area) 
      Cumulative area ratio:  147.42
      Required ratio:    0.00 (Cumulative area) 
      Partial area ratio:   12.66
      Required ratio:  400.00 (Side area) 
      Cumulative area ratio:  570.08
      Required ratio:    0.00 (Cumulative side area) 


  Pin:   max_cap909/A (gf180mcu_as_sc_mcu7t3v3__buff_8)
    Layer: Metal1
      Partial area ratio:    0.01
      Required ratio:    0.00 (Gate area) 
      Cumulative area ratio:    0.01
      Required ratio:    0.00 (Cumulative area) 
      Partial area ratio:    0.23
      Required ratio:  400.00 (Side area) 
      Cumulative area ratio:    0.23
      Required ratio:    0.00 (Cumulative side area) 

    Layer: Via1
      Partial area ratio:    0.03
      Required ratio:   20.00 (Gate area) 
      Cumulative area ratio:    0.03
      Required ratio:    0.00 (Cumulative area) 

    Layer: Metal2
      Partial area ratio:    0.52
      Required ratio:    0.00 (Gate area) 
      Cumulative area ratio:    0.53
      Required ratio:    0.00 (Cumulative area) 
      Partial area ratio:    2.14
      Required ratio:  400.00 (Side area) 
      Cumulative area ratio:    2.37
      Required ratio:    0.00 (Cumulative side area) 

    Layer: Via2
      Partial area ratio:    0.05
      Required ratio:   20.00 (Gate area) 
      Cumulative area ratio:    0.08
      Required ratio:    0.00 (Cumulative area) 

    Layer: Metal3
      Partial area ratio:    0.08
      Required ratio:    0.00 (Gate area) 
      Cumulative area ratio:    0.61
      Required ratio:    0.00 (Cumulative area) 
      Partial area ratio:    0.43
      Required ratio:  400.00 (Side area) 
      Cumulative area ratio:    2.80
      Required ratio:    0.00 (Cumulative side area) 

    Layer: Via3
      Partial area ratio:    0.03
      Required ratio:   20.00 (Gate area) 
      Cumulative area ratio:    0.12
      Required ratio:    0.00 (Cumulative area) 

    Layer: Metal4
      Partial area ratio:    3.27
      Required ratio:    0.00 (Gate area) 
      Cumulative area ratio:    3.88
      Required ratio:    0.00 (Cumulative area) 
      Partial area ratio:   12.66
      Required ratio:  400.00 (Side area) 
      Cumulative area ratio:   15.46
      Required ratio:    0.00 (Cumulative side area) 



Net: net290
  Pin:   _17547_/B (gf180mcu_as_sc_mcu7t3v3__ao22_2)
    Layer: Via1
      Partial area ratio:    0.10
      Required ratio:   20.00 (Gate area) 
      Cumulative area ratio:    0.10
      Required ratio:    0.00 (Cumulative area) 

    Layer: Metal2
      Partial area ratio:    2.97
      Required ratio:    0.00 (Gate area) 
      Cumulative area ratio:    2.97
      Required ratio:    0.00 (Cumulative area) 
      Partial area ratio:   11.69
      Required ratio:  400.00 (Side area) 
      Cumulative area ratio:   11.69
      Required ratio:    0.00 (Cumulative side area) 

    Layer: Via2
      Partial area ratio:    0.15
      Required ratio:   20.00 (Gate area) 
      Cumulative area ratio:    0.25
      Required ratio:    0.00 (Cumulative area) 

    Layer: Metal3
      Partial area ratio:    0.24
      Required ratio:    0.00 (Gate area) 
      Cumulative area ratio:    3.21
      Required ratio:    0.00 (Cumulative area) 
      Partial area ratio:    1.60
      Required ratio:  400.00 (Side area) 
      Cumulative area ratio:   13.30
      Required ratio:    0.00 (Cumulative side area) 

    Layer: Via3
      Partial area ratio:    0.05
      Required ratio:   20.00 (Gate area) 
      Cumulative area ratio:    0.30
      Required ratio:    0.00 (Cumulative area) 

    Layer: Metal4
      Partial area ratio:   23.04
      Required ratio:    0.00 (Gate area) 
      Cumulative area ratio:   26.25
      Required ratio:    0.00 (Cumulative area) 
      Partial area ratio:   89.10
      Required ratio:  400.00 (Side area) 
      Cumulative area ratio:  102.40
      Required ratio:    0.00 (Cumulative side area) 

    Layer: Via4
      Partial area ratio:    0.05
      Required ratio:   20.00 (Gate area) 
      Cumulative area ratio:    0.36
      Required ratio:    0.00 (Cumulative area) 

    Layer: Metal5
      Partial area ratio:   15.17
      Required ratio:    0.00 (Gate area) 
      Cumulative area ratio:   41.43
      Required ratio:    0.00 (Cumulative area) 
      Partial area ratio:   82.48
      Required ratio:  400.00 (Side area) 
      Cumulative area ratio:  184.88
      Required ratio:    0.00 (Cumulative side area) 


  Pin:   _17564_/B (gf180mcu_as_sc_mcu7t3v3__ao22_2)
    Layer: Via1
      Partial area ratio:    0.10
      Required ratio:   20.00 (Gate area) 
      Cumulative area ratio:    0.10
      Required ratio:    0.00 (Cumulative area) 

    Layer: Metal2
      Partial area ratio:    2.97
      Required ratio:    0.00 (Gate area) 
      Cumulative area ratio:    2.97
      Required ratio:    0.00 (Cumulative area) 
      Partial area ratio:   11.69
      Required ratio:  400.00 (Side area) 
      Cumulative area ratio:   11.69
      Required ratio:    0.00 (Cumulative side area) 

    Layer: Via2
      Partial area ratio:    0.15
      Required ratio:   20.00 (Gate area) 
      Cumulative area ratio:    0.25
      Required ratio:    0.00 (Cumulative area) 

    Layer: Metal3
      Partial area ratio:    0.24
      Required ratio:    0.00 (Gate area) 
      Cumulative area ratio:    3.21
      Required ratio:    0.00 (Cumulative area) 
      Partial area ratio:    1.60
      Required ratio:  400.00 (Side area) 
      Cumulative area ratio:   13.30
      Required ratio:    0.00 (Cumulative side area) 

    Layer: Via3
      Partial area ratio:    0.05
      Required ratio:   20.00 (Gate area) 
      Cumulative area ratio:    0.30
      Required ratio:    0.00 (Cumulative area) 

    Layer: Metal4
      Partial area ratio:   23.04
      Required ratio:    0.00 (Gate area) 
      Cumulative area ratio:   26.25
      Required ratio:    0.00 (Cumulative area) 
      Partial area ratio:   89.10
      Required ratio:  400.00 (Side area) 
      Cumulative area ratio:  102.40
      Required ratio:    0.00 (Cumulative side area) 

    Layer: Via4
      Partial area ratio:    0.05
      Required ratio:   20.00 (Gate area) 
      Cumulative area ratio:    0.36
      Required ratio:    0.00 (Cumulative area) 

    Layer: Metal5
      Partial area ratio:   15.17
      Required ratio:    0.00 (Gate area) 
      Cumulative area ratio:   41.43
      Required ratio:    0.00 (Cumulative area) 
      Partial area ratio:   82.48
      Required ratio:  400.00 (Side area) 
      Cumulative area ratio:  184.88
      Required ratio:    0.00 (Cumulative side area) 


  Pin:   fanout277/A (gf180mcu_as_sc_mcu7t3v3__buff_2)
    Layer: Via1
      Partial area ratio:    0.10
      Required ratio:   20.00 (Gate area) 
      Cumulative area ratio:    0.10
      Required ratio:    0.00 (Cumulative area) 

    Layer: Metal2
      Partial area ratio:    2.91
      Required ratio:    0.00 (Gate area) 
      Cumulative area ratio:    2.91
      Required ratio:    0.00 (Cumulative area) 
      Partial area ratio:   11.68
      Required ratio:  400.00 (Side area) 
      Cumulative area ratio:   11.68
      Required ratio:    0.00 (Cumulative side area) 

    Layer: Via2
      Partial area ratio:    0.20
      Required ratio:   20.00 (Gate area) 
      Cumulative area ratio:    0.30
      Required ratio:    0.00 (Cumulative area) 

    Layer: Metal3
      Partial area ratio:   46.20
      Required ratio:    0.00 (Gate area) 
      Cumulative area ratio:   49.11
      Required ratio:    0.00 (Cumulative area) 
      Partial area ratio:  179.11
      Required ratio:  400.00 (Side area) 
      Cumulative area ratio:  190.79
      Required ratio:    0.00 (Cumulative side area) 

    Layer: Via3
      Partial area ratio:    0.20
      Required ratio:   20.00 (Gate area) 
      Cumulative area ratio:    0.51
      Required ratio:    0.00 (Cumulative area) 

    Layer: Metal4
      Partial area ratio:  141.58
      Required ratio:    0.00 (Gate area) 
      Cumulative area ratio:  190.69
      Required ratio:    0.00 (Cumulative area) 
      Partial area ratio:  547.00
      Required ratio:  400.00 (Side area) (VIOLATED)
      Cumulative area ratio:  737.80
      Required ratio:    0.00 (Cumulative side area) 

    Layer: Via4
      Partial area ratio:    0.20
      Required ratio:   20.00 (Gate area) 
      Cumulative area ratio:    0.71
      Required ratio:    0.00 (Cumulative area) 

    Layer: Metal5
      Partial area ratio:   15.17
      Required ratio:    0.00 (Gate area) 
      Cumulative area ratio:  205.87
      Required ratio:    0.00 (Cumulative area) 
      Partial area ratio:   82.48
      Required ratio:  400.00 (Side area) 
      Cumulative area ratio:  820.28
      Required ratio:    0.00 (Cumulative side area) 


  Pin:   fanout289/A (gf180mcu_as_sc_mcu7t3v3__buff_2)
    Layer: Via1
      Partial area ratio:    0.10
      Required ratio:   20.00 (Gate area) 
      Cumulative area ratio:    0.10
      Required ratio:    0.00 (Cumulative area) 

    Layer: Metal2
      Partial area ratio:    1.08
      Required ratio:    0.00 (Gate area) 
      Cumulative area ratio:    1.08
      Required ratio:    0.00 (Cumulative area) 
      Partial area ratio:    4.24
      Required ratio:  400.00 (Side area) 
      Cumulative area ratio:    4.24
      Required ratio:    0.00 (Cumulative side area) 

    Layer: Via2
      Partial area ratio:    0.30
      Required ratio:    0.00 (Gate area) 
      Cumulative area ratio:    0.41
      Required ratio:    0.00 (Cumulative area) 

    Layer: Metal3
      Partial area ratio:    0.10
      Required ratio:    0.00 (Gate area) 
      Cumulative area ratio:    1.18
      Required ratio:    0.00 (Cumulative area) 
      Partial area ratio:    0.68
      Required ratio:  400.00 (Side area) 
      Cumulative area ratio:    4.92
      Required ratio:    0.00 (Cumulative side area) 

    Layer: Via3
      Partial area ratio:    0.10
      Required ratio:    0.00 (Gate area) 
      Cumulative area ratio:    0.51
      Required ratio:    0.00 (Cumulative area) 

    Layer: Metal4
      Partial area ratio:    0.79
      Required ratio:    0.00 (Gate area) 
      Cumulative area ratio:    1.97
      Required ratio:    0.00 (Cumulative area) 
      Partial area ratio:    3.15
      Required ratio:  400.00 (Side area) 
      Cumulative area ratio:    8.07
      Required ratio:    0.00 (Cumulative side area) 

    Layer: Via4
      Partial area ratio:    0.10
      Required ratio:    0.00 (Gate area) 
      Cumulative area ratio:    0.61
      Required ratio:    0.00 (Cumulative area) 

    Layer: Metal5
      Partial area ratio:   15.17
      Required ratio:    0.00 (Gate area) 
      Cumulative area ratio:   17.14
      Required ratio:    0.00 (Cumulative area) 
      Partial area ratio:   82.48
      Required ratio:  400.00 (Side area) 
      Cumulative area ratio:   90.55
      Required ratio:    0.00 (Cumulative side area) 



Net: net333
  Pin:   _13907_/B (gf180mcu_as_sc_mcu7t3v3__ao22_2)
    Layer: Via1
      Partial area ratio:    0.10
      Required ratio:   20.00 (Gate area) 
      Cumulative area ratio:    0.10
      Required ratio:    0.00 (Cumulative area) 

    Layer: Metal2
      Partial area ratio:  121.59
      Required ratio:    0.00 (Gate area) 
      Cumulative area ratio:  121.59
      Required ratio:    0.00 (Cumulative area) 
      Partial area ratio:  469.46
      Required ratio:  400.00 (Side area) (VIOLATED)
      Cumulative area ratio:  469.46
      Required ratio:    0.00 (Cumulative side area) 

    Layer: Via2
      Partial area ratio:    0.20
      Required ratio:   20.00 (Gate area) 
      Cumulative area ratio:    0.30
      Required ratio:    0.00 (Cumulative area) 

    Layer: Metal3
      Partial area ratio:   12.67
      Required ratio:    0.00 (Gate area) 
      Cumulative area ratio:  134.27
      Required ratio:    0.00 (Cumulative area) 
      Partial area ratio:   49.79
      Required ratio:  400.00 (Side area) 
      Cumulative area ratio:  519.24
      Required ratio:    0.00 (Cumulative side area) 

    Layer: Via3
      Partial area ratio:    0.05
      Required ratio:   20.00 (Gate area) 
      Cumulative area ratio:    0.36
      Required ratio:    0.00 (Cumulative area) 

    Layer: Metal4
      Partial area ratio:   28.32
      Required ratio:    0.00 (Gate area) 
      Cumulative area ratio:  162.58
      Required ratio:    0.00 (Cumulative area) 
      Partial area ratio:  109.37
      Required ratio:  400.00 (Side area) 
      Cumulative area ratio:  628.62
      Required ratio:    0.00 (Cumulative side area) 

    Layer: Via4
      Partial area ratio:    0.03
      Required ratio:   20.00 (Gate area) 
      Cumulative area ratio:    0.39
      Required ratio:    0.00 (Cumulative area) 

    Layer: Metal5
      Partial area ratio:   20.17
      Required ratio:    0.00 (Gate area) 
      Cumulative area ratio:  182.75
      Required ratio:    0.00 (Cumulative area) 
      Partial area ratio:  109.30
      Required ratio:  400.00 (Side area) 
      Cumulative area ratio:  737.91
      Required ratio:    0.00 (Cumulative side area) 


  Pin:   fanout324/A (gf180mcu_as_sc_mcu7t3v3__buff_2)
    Layer: Via1
      Partial area ratio:    0.10
      Required ratio:   20.00 (Gate area) 
      Cumulative area ratio:    0.10
      Required ratio:    0.00 (Cumulative area) 

    Layer: Metal2
      Partial area ratio:    1.27
      Required ratio:    0.00 (Gate area) 
      Cumulative area ratio:    1.27
      Required ratio:    0.00 (Cumulative area) 
      Partial area ratio:    5.01
      Required ratio:  400.00 (Side area) 
      Cumulative area ratio:    5.01
      Required ratio:    0.00 (Cumulative side area) 

    Layer: Via2
      Partial area ratio:    0.30
      Required ratio:    0.00 (Gate area) 
      Cumulative area ratio:    0.41
      Required ratio:    0.00 (Cumulative area) 

    Layer: Metal3
      Partial area ratio:    0.10
      Required ratio:    0.00 (Gate area) 
      Cumulative area ratio:    1.38
      Required ratio:    0.00 (Cumulative area) 
      Partial area ratio:    0.68
      Required ratio:  400.00 (Side area) 
      Cumulative area ratio:    5.69
      Required ratio:    0.00 (Cumulative side area) 

    Layer: Via3
      Partial area ratio:    0.10
      Required ratio:    0.00 (Gate area) 
      Cumulative area ratio:    0.51
      Required ratio:    0.00 (Cumulative area) 

    Layer: Metal4
      Partial area ratio:    0.03
      Required ratio:    0.00 (Gate area) 
      Cumulative area ratio:    1.41
      Required ratio:    0.00 (Cumulative area) 
      Partial area ratio:    0.23
      Required ratio:  400.00 (Side area) 
      Cumulative area ratio:    5.92
      Required ratio:    0.00 (Cumulative side area) 

    Layer: Via4
      Partial area ratio:    0.10
      Required ratio:    0.00 (Gate area) 
      Cumulative area ratio:    0.61
      Required ratio:    0.00 (Cumulative area) 

    Layer: Metal5
      Partial area ratio:   20.17
      Required ratio:    0.00 (Gate area) 
      Cumulative area ratio:   21.58
      Required ratio:    0.00 (Cumulative area) 
      Partial area ratio:  109.30
      Required ratio:  400.00 (Side area) 
      Cumulative area ratio:  115.22
      Required ratio:    0.00 (Cumulative side area) 


  Pin:   fanout329/A (gf180mcu_as_sc_mcu7t3v3__buff_2)
    Layer: Via1
      Partial area ratio:    0.10
      Required ratio:   20.00 (Gate area) 
      Cumulative area ratio:    0.10
      Required ratio:    0.00 (Cumulative area) 

    Layer: Metal2
      Partial area ratio:   16.35
      Required ratio:    0.00 (Gate area) 
      Cumulative area ratio:   16.35
      Required ratio:    0.00 (Cumulative area) 
      Partial area ratio:   63.52
      Required ratio:  400.00 (Side area) 
      Cumulative area ratio:   63.52
      Required ratio:    0.00 (Cumulative side area) 

    Layer: Via2
      Partial area ratio:    0.20
      Required ratio:   20.00 (Gate area) 
      Cumulative area ratio:    0.30
      Required ratio:    0.00 (Cumulative area) 

    Layer: Metal3
      Partial area ratio:    7.38
      Required ratio:    0.00 (Gate area) 
      Cumulative area ratio:   23.73
      Required ratio:    0.00 (Cumulative area) 
      Partial area ratio:   29.37
      Required ratio:  400.00 (Side area) 
      Cumulative area ratio:   92.88
      Required ratio:    0.00 (Cumulative side area) 

    Layer: Via3
      Partial area ratio:    0.10
      Required ratio:   20.00 (Gate area) 
      Cumulative area ratio:    0.41
      Required ratio:    0.00 (Cumulative area) 

    Layer: Metal4
      Partial area ratio:   28.32
      Required ratio:    0.00 (Gate area) 
      Cumulative area ratio:   52.04
      Required ratio:    0.00 (Cumulative area) 
      Partial area ratio:  109.37
      Required ratio:  400.00 (Side area) 
      Cumulative area ratio:  202.26
      Required ratio:    0.00 (Cumulative side area) 

    Layer: Via4
      Partial area ratio:    0.03
      Required ratio:   20.00 (Gate area) 
      Cumulative area ratio:    0.44
      Required ratio:    0.00 (Cumulative area) 

    Layer: Metal5
      Partial area ratio:   20.17
      Required ratio:    0.00 (Gate area) 
      Cumulative area ratio:   72.21
      Required ratio:    0.00 (Cumulative area) 
      Partial area ratio:  109.30
      Required ratio:  400.00 (Side area) 
      Cumulative area ratio:  311.55
      Required ratio:    0.00 (Cumulative side area) 


  Pin:   fanout332/A (gf180mcu_as_sc_mcu7t3v3__buff_2)
    Layer: Via1
      Partial area ratio:    0.10
      Required ratio:   20.00 (Gate area) 
      Cumulative area ratio:    0.10
      Required ratio:    0.00 (Cumulative area) 

    Layer: Metal2
      Partial area ratio:    4.61
      Required ratio:    0.00 (Gate area) 
      Cumulative area ratio:    4.61
      Required ratio:    0.00 (Cumulative area) 
      Partial area ratio:   18.25
      Required ratio:  400.00 (Side area) 
      Cumulative area ratio:   18.25
      Required ratio:    0.00 (Cumulative side area) 

    Layer: Via2
      Partial area ratio:    0.30
      Required ratio:   20.00 (Gate area) 
      Cumulative area ratio:    0.41
      Required ratio:    0.00 (Cumulative area) 

    Layer: Metal3
      Partial area ratio:   12.67
      Required ratio:    0.00 (Gate area) 
      Cumulative area ratio:   17.29
      Required ratio:    0.00 (Cumulative area) 
      Partial area ratio:   49.79
      Required ratio:  400.00 (Side area) 
      Cumulative area ratio:   68.03
      Required ratio:    0.00 (Cumulative side area) 

    Layer: Via3
      Partial area ratio:    0.05
      Required ratio:   20.00 (Gate area) 
      Cumulative area ratio:    0.46
      Required ratio:    0.00 (Cumulative area) 

    Layer: Metal4
      Partial area ratio:   28.32
      Required ratio:    0.00 (Gate area) 
      Cumulative area ratio:   45.60
      Required ratio:    0.00 (Cumulative area) 
      Partial area ratio:  109.37
      Required ratio:  400.00 (Side area) 
      Cumulative area ratio:  177.41
      Required ratio:    0.00 (Cumulative side area) 

    Layer: Via4
      Partial area ratio:    0.03
      Required ratio:   20.00 (Gate area) 
      Cumulative area ratio:    0.49
      Required ratio:    0.00 (Cumulative area) 

    Layer: Metal5
      Partial area ratio:   20.17
      Required ratio:    0.00 (Gate area) 
      Cumulative area ratio:   65.77
      Required ratio:    0.00 (Cumulative area) 
      Partial area ratio:  109.30
      Required ratio:  400.00 (Side area) 
      Cumulative area ratio:  286.70
      Required ratio:    0.00 (Cumulative side area) 



Net: net350
  Pin:   fanout346/A (gf180mcu_as_sc_mcu7t3v3__buff_2)
    Layer: Via1
      Partial area ratio:    0.10
      Required ratio:   20.00 (Gate area) 
      Cumulative area ratio:    0.10
      Required ratio:    0.00 (Cumulative area) 

    Layer: Metal2
      Partial area ratio:    2.17
      Required ratio:    0.00 (Gate area) 
      Cumulative area ratio:    2.17
      Required ratio:    0.00 (Cumulative area) 
      Partial area ratio:    8.83
      Required ratio:  400.00 (Side area) 
      Cumulative area ratio:    8.83
      Required ratio:    0.00 (Cumulative side area) 

    Layer: Via2
      Partial area ratio:    0.20
      Required ratio:   20.00 (Gate area) 
      Cumulative area ratio:    0.30
      Required ratio:    0.00 (Cumulative area) 

    Layer: Metal3
      Partial area ratio:   25.03
      Required ratio:    0.00 (Gate area) 
      Cumulative area ratio:   27.20
      Required ratio:    0.00 (Cumulative area) 
      Partial area ratio:   97.43
      Required ratio:  400.00 (Side area) 
      Cumulative area ratio:  106.26
      Required ratio:    0.00 (Cumulative side area) 

    Layer: Via3
      Partial area ratio:    0.10
      Required ratio:   20.00 (Gate area) 
      Cumulative area ratio:    0.41
      Required ratio:    0.00 (Cumulative area) 

    Layer: Metal4
      Partial area ratio:  173.14
      Required ratio:    0.00 (Gate area) 
      Cumulative area ratio:  200.34
      Required ratio:    0.00 (Cumulative area) 
      Partial area ratio:  668.29
      Required ratio:  400.00 (Side area) (VIOLATED)
      Cumulative area ratio:  774.55
      Required ratio:    0.00 (Cumulative side area) 

    Layer: Via4
      Partial area ratio:    0.10
      Required ratio:   20.00 (Gate area) 
      Cumulative area ratio:    0.51
      Required ratio:    0.00 (Cumulative area) 

    Layer: Metal5
      Partial area ratio:   44.65
      Required ratio:    0.00 (Gate area) 
      Cumulative area ratio:  244.99
      Required ratio:    0.00 (Cumulative area) 
      Partial area ratio:  241.93
      Required ratio:  400.00 (Side area) 
      Cumulative area ratio: 1016.48
      Required ratio:    0.00 (Cumulative side area) 


  Pin:   fanout347/A (gf180mcu_as_sc_mcu7t3v3__buff_2)
    Layer: Via1
      Partial area ratio:    0.10
      Required ratio:   20.00 (Gate area) 
      Cumulative area ratio:    0.10
      Required ratio:    0.00 (Cumulative area) 

    Layer: Metal2
      Partial area ratio:    1.03
      Required ratio:    0.00 (Gate area) 
      Cumulative area ratio:    1.03
      Required ratio:    0.00 (Cumulative area) 
      Partial area ratio:    4.42
      Required ratio:  400.00 (Side area) 
      Cumulative area ratio:    4.42
      Required ratio:    0.00 (Cumulative side area) 

    Layer: Via2
      Partial area ratio:    0.20
      Required ratio:   20.00 (Gate area) 
      Cumulative area ratio:    0.30
      Required ratio:    0.00 (Cumulative area) 

    Layer: Metal3
      Partial area ratio:    0.32
      Required ratio:    0.00 (Gate area) 
      Cumulative area ratio:    1.35
      Required ratio:    0.00 (Cumulative area) 
      Partial area ratio:    2.14
      Required ratio:  400.00 (Side area) 
      Cumulative area ratio:    6.56
      Required ratio:    0.00 (Cumulative side area) 

    Layer: Via3
      Partial area ratio:    0.10
      Required ratio:   20.00 (Gate area) 
      Cumulative area ratio:    0.41
      Required ratio:    0.00 (Cumulative area) 

    Layer: Metal4
      Partial area ratio:   35.50
      Required ratio:    0.00 (Gate area) 
      Cumulative area ratio:   36.84
      Required ratio:    0.00 (Cumulative area) 
      Partial area ratio:  137.37
      Required ratio:  400.00 (Side area) 
      Cumulative area ratio:  143.93
      Required ratio:    0.00 (Cumulative side area) 

    Layer: Via4
      Partial area ratio:    0.10
      Required ratio:   20.00 (Gate area) 
      Cumulative area ratio:    0.51
      Required ratio:    0.00 (Cumulative area) 

    Layer: Metal5
      Partial area ratio:   44.65
      Required ratio:    0.00 (Gate area) 
      Cumulative area ratio:   81.49
      Required ratio:    0.00 (Cumulative area) 
      Partial area ratio:  241.93
      Required ratio:  400.00 (Side area) 
      Cumulative area ratio:  385.85
      Required ratio:    0.00 (Cumulative side area) 


  Pin:   fanout348/A (gf180mcu_as_sc_mcu7t3v3__buff_2)
    Layer: Via1
      Partial area ratio:    0.10
      Required ratio:   20.00 (Gate area) 
      Cumulative area ratio:    0.10
      Required ratio:    0.00 (Cumulative area) 

    Layer: Metal2
      Partial area ratio:   12.30
      Required ratio:    0.00 (Gate area) 
      Cumulative area ratio:   12.30
      Required ratio:    0.00 (Cumulative area) 
      Partial area ratio:   47.91
      Required ratio:  400.00 (Side area) 
      Cumulative area ratio:   47.91
      Required ratio:    0.00 (Cumulative side area) 

    Layer: Via2
      Partial area ratio:    0.20
      Required ratio:   20.00 (Gate area) 
      Cumulative area ratio:    0.30
      Required ratio:    0.00 (Cumulative area) 

    Layer: Metal3
      Partial area ratio:    3.85
      Required ratio:    0.00 (Gate area) 
      Cumulative area ratio:   16.15
      Required ratio:    0.00 (Cumulative area) 
      Partial area ratio:   15.75
      Required ratio:  400.00 (Side area) 
      Cumulative area ratio:   63.66
      Required ratio:    0.00 (Cumulative side area) 

    Layer: Via3
      Partial area ratio:    0.10
      Required ratio:   20.00 (Gate area) 
      Cumulative area ratio:    0.41
      Required ratio:    0.00 (Cumulative area) 

    Layer: Metal4
      Partial area ratio:   31.97
      Required ratio:    0.00 (Gate area) 
      Cumulative area ratio:   48.12
      Required ratio:    0.00 (Cumulative area) 
      Partial area ratio:  123.75
      Required ratio:  400.00 (Side area) 
      Cumulative area ratio:  187.41
      Required ratio:    0.00 (Cumulative side area) 

    Layer: Via4
      Partial area ratio:    0.10
      Required ratio:   20.00 (Gate area) 
      Cumulative area ratio:    0.51
      Required ratio:    0.00 (Cumulative area) 

    Layer: Metal5
      Partial area ratio:   44.65
      Required ratio:    0.00 (Gate area) 
      Cumulative area ratio:   92.77
      Required ratio:    0.00 (Cumulative area) 
      Partial area ratio:  241.93
      Required ratio:  400.00 (Side area) 
      Cumulative area ratio:  429.34
      Required ratio:    0.00 (Cumulative side area) 


  Pin:   fanout349/A (gf180mcu_as_sc_mcu7t3v3__buff_2)
    Layer: Via1
      Partial area ratio:    0.10
      Required ratio:   20.00 (Gate area) 
      Cumulative area ratio:    0.10
      Required ratio:    0.00 (Cumulative area) 

    Layer: Metal2
      Partial area ratio:    1.76
      Required ratio:    0.00 (Gate area) 
      Cumulative area ratio:    1.76
      Required ratio:    0.00 (Cumulative area) 
      Partial area ratio:    7.25
      Required ratio:  400.00 (Side area) 
      Cumulative area ratio:    7.25
      Required ratio:    0.00 (Cumulative side area) 

    Layer: Via2
      Partial area ratio:    0.20
      Required ratio:   20.00 (Gate area) 
      Cumulative area ratio:    0.30
      Required ratio:    0.00 (Cumulative area) 

    Layer: Metal3
      Partial area ratio:    0.32
      Required ratio:    0.00 (Gate area) 
      Cumulative area ratio:    2.08
      Required ratio:    0.00 (Cumulative area) 
      Partial area ratio:    2.14
      Required ratio:  400.00 (Side area) 
      Cumulative area ratio:    9.39
      Required ratio:    0.00 (Cumulative side area) 

    Layer: Via3
      Partial area ratio:    0.10
      Required ratio:   20.00 (Gate area) 
      Cumulative area ratio:    0.41
      Required ratio:    0.00 (Cumulative area) 

    Layer: Metal4
      Partial area ratio:    0.79
      Required ratio:    0.00 (Gate area) 
      Cumulative area ratio:    2.87
      Required ratio:    0.00 (Cumulative area) 
      Partial area ratio:    3.15
      Required ratio:  400.00 (Side area) 
      Cumulative area ratio:   12.54
      Required ratio:    0.00 (Cumulative side area) 

    Layer: Via4
      Partial area ratio:    0.20
      Required ratio:    0.00 (Gate area) 
      Cumulative area ratio:    0.61
      Required ratio:    0.00 (Cumulative area) 

    Layer: Metal5
      Partial area ratio:   44.65
      Required ratio:    0.00 (Gate area) 
      Cumulative area ratio:   47.52
      Required ratio:    0.00 (Cumulative area) 
      Partial area ratio:  241.93
      Required ratio:  400.00 (Side area) 
      Cumulative area ratio:  254.46
      Required ratio:    0.00 (Cumulative side area) 



Net: net393
  Pin:   _13056_/B (gf180mcu_as_sc_mcu7t3v3__nand2b_2)
    Layer: Via1
      Partial area ratio:    0.05
      Required ratio:   20.00 (Gate area) 
      Cumulative area ratio:    0.05
      Required ratio:    0.00 (Cumulative area) 

    Layer: Metal2
      Partial area ratio:    1.42
      Required ratio:    0.00 (Gate area) 
      Cumulative area ratio:    1.42
      Required ratio:    0.00 (Cumulative area) 
      Partial area ratio:    5.72
      Required ratio:  400.00 (Side area) 
      Cumulative area ratio:    5.72
      Required ratio:    0.00 (Cumulative side area) 

    Layer: Via2
      Partial area ratio:    0.10
      Required ratio:   20.00 (Gate area) 
      Cumulative area ratio:    0.15
      Required ratio:    0.00 (Cumulative area) 

    Layer: Metal3
      Partial area ratio:    0.16
      Required ratio:    0.00 (Gate area) 
      Cumulative area ratio:    1.58
      Required ratio:    0.00 (Cumulative area) 
      Partial area ratio:    1.07
      Required ratio:  400.00 (Side area) 
      Cumulative area ratio:    6.79
      Required ratio:    0.00 (Cumulative side area) 

    Layer: Via3
      Partial area ratio:    0.05
      Required ratio:   20.00 (Gate area) 
      Cumulative area ratio:    0.20
      Required ratio:    0.00 (Cumulative area) 

    Layer: Metal4
      Partial area ratio:   10.05
      Required ratio:    0.00 (Gate area) 
      Cumulative area ratio:   11.63
      Required ratio:    0.00 (Cumulative area) 
      Partial area ratio:   38.89
      Required ratio:  400.00 (Side area) 
      Cumulative area ratio:   45.68
      Required ratio:    0.00 (Cumulative side area) 

    Layer: Via4
      Partial area ratio:    0.03
      Required ratio:    0.00 (Gate area) 
      Cumulative area ratio:    0.24
      Required ratio:    0.00 (Cumulative area) 

    Layer: Metal5
      Partial area ratio:   67.43
      Required ratio:    0.00 (Gate area) 
      Cumulative area ratio:   79.06
      Required ratio:    0.00 (Cumulative area) 
      Partial area ratio:  365.06
      Required ratio:  400.00 (Side area) 
      Cumulative area ratio:  410.74
      Required ratio:    0.00 (Cumulative side area) 


  Pin:   fanout389/A (gf180mcu_as_sc_mcu7t3v3__buff_2)
    Layer: Via1
      Partial area ratio:    0.10
      Required ratio:   20.00 (Gate area) 
      Cumulative area ratio:    0.10
      Required ratio:    0.00 (Cumulative area) 

    Layer: Metal2
      Partial area ratio:    1.02
      Required ratio:    0.00 (Gate area) 
      Cumulative area ratio:    1.02
      Required ratio:    0.00 (Cumulative area) 
      Partial area ratio:    4.40
      Required ratio:  400.00 (Side area) 
      Cumulative area ratio:    4.40
      Required ratio:    0.00 (Cumulative side area) 

    Layer: Via2
      Partial area ratio:    0.20
      Required ratio:   20.00 (Gate area) 
      Cumulative area ratio:    0.30
      Required ratio:    0.00 (Cumulative area) 

    Layer: Metal3
      Partial area ratio:    0.32
      Required ratio:    0.00 (Gate area) 
      Cumulative area ratio:    1.34
      Required ratio:    0.00 (Cumulative area) 
      Partial area ratio:    2.14
      Required ratio:  400.00 (Side area) 
      Cumulative area ratio:    6.54
      Required ratio:    0.00 (Cumulative side area) 

    Layer: Via3
      Partial area ratio:    0.10
      Required ratio:   20.00 (Gate area) 
      Cumulative area ratio:    0.41
      Required ratio:    0.00 (Cumulative area) 

    Layer: Metal4
      Partial area ratio:    0.16
      Required ratio:    0.00 (Gate area) 
      Cumulative area ratio:    1.50
      Required ratio:    0.00 (Cumulative area) 
      Partial area ratio:    1.07
      Required ratio:  400.00 (Side area) 
      Cumulative area ratio:    7.60
      Required ratio:    0.00 (Cumulative side area) 

    Layer: Via4
      Partial area ratio:    0.10
      Required ratio:   20.00 (Gate area) 
      Cumulative area ratio:    0.51
      Required ratio:    0.00 (Cumulative area) 

    Layer: Metal5
      Partial area ratio:   67.43
      Required ratio:    0.00 (Gate area) 
      Cumulative area ratio:   68.93
      Required ratio:    0.00 (Cumulative area) 
      Partial area ratio:  365.06
      Required ratio:  400.00 (Side area) 
      Cumulative area ratio:  372.66
      Required ratio:    0.00 (Cumulative side area) 


  Pin:   fanout390/A (gf180mcu_as_sc_mcu7t3v3__buff_2)
    Layer: Via1
      Partial area ratio:    0.10
      Required ratio:   20.00 (Gate area) 
      Cumulative area ratio:    0.10
      Required ratio:    0.00 (Cumulative area) 

    Layer: Metal2
      Partial area ratio:    1.76
      Required ratio:    0.00 (Gate area) 
      Cumulative area ratio:    1.76
      Required ratio:    0.00 (Cumulative area) 
      Partial area ratio:    7.25
      Required ratio:  400.00 (Side area) 
      Cumulative area ratio:    7.25
      Required ratio:    0.00 (Cumulative side area) 

    Layer: Via2
      Partial area ratio:    0.20
      Required ratio:   20.00 (Gate area) 
      Cumulative area ratio:    0.30
      Required ratio:    0.00 (Cumulative area) 

    Layer: Metal3
      Partial area ratio:    0.32
      Required ratio:    0.00 (Gate area) 
      Cumulative area ratio:    2.08
      Required ratio:    0.00 (Cumulative area) 
      Partial area ratio:    2.14
      Required ratio:  400.00 (Side area) 
      Cumulative area ratio:    9.39
      Required ratio:    0.00 (Cumulative side area) 

    Layer: Via3
      Partial area ratio:    0.10
      Required ratio:   20.00 (Gate area) 
      Cumulative area ratio:    0.41
      Required ratio:    0.00 (Cumulative area) 

    Layer: Metal4
      Partial area ratio:  180.20
      Required ratio:    0.00 (Gate area) 
      Cumulative area ratio:  182.28
      Required ratio:    0.00 (Cumulative area) 
      Partial area ratio:  695.52
      Required ratio:  400.00 (Side area) (VIOLATED)
      Cumulative area ratio:  704.91
      Required ratio:    0.00 (Cumulative side area) 

    Layer: Via4
      Partial area ratio:    0.20
      Required ratio:   20.00 (Gate area) 
      Cumulative area ratio:    0.61
      Required ratio:    0.00 (Cumulative area) 

    Layer: Metal5
      Partial area ratio:   67.43
      Required ratio:    0.00 (Gate area) 
      Cumulative area ratio:  249.71
      Required ratio:    0.00 (Cumulative area) 
      Partial area ratio:  365.06
      Required ratio:  400.00 (Side area) 
      Cumulative area ratio: 1069.96
      Required ratio:    0.00 (Cumulative side area) 


  Pin:   fanout391/A (gf180mcu_as_sc_mcu7t3v3__buff_2)
    Layer: Via1
      Partial area ratio:    0.10
      Required ratio:   20.00 (Gate area) 
      Cumulative area ratio:    0.10
      Required ratio:    0.00 (Cumulative area) 

    Layer: Metal2
      Partial area ratio:    4.11
      Required ratio:    0.00 (Gate area) 
      Cumulative area ratio:    4.11
      Required ratio:    0.00 (Cumulative area) 
      Partial area ratio:   16.32
      Required ratio:  400.00 (Side area) 
      Cumulative area ratio:   16.32
      Required ratio:    0.00 (Cumulative side area) 

    Layer: Via2
      Partial area ratio:    0.20
      Required ratio:   20.00 (Gate area) 
      Cumulative area ratio:    0.30
      Required ratio:    0.00 (Cumulative area) 

    Layer: Metal3
      Partial area ratio:    2.35
      Required ratio:    0.00 (Gate area) 
      Cumulative area ratio:    6.46
      Required ratio:    0.00 (Cumulative area) 
      Partial area ratio:    9.34
      Required ratio:  400.00 (Side area) 
      Cumulative area ratio:   25.67
      Required ratio:    0.00 (Cumulative side area) 

    Layer: Via3
      Partial area ratio:    0.20
      Required ratio:    0.00 (Gate area) 
      Cumulative area ratio:    0.51
      Required ratio:    0.00 (Cumulative area) 

    Layer: Metal4
      Partial area ratio:   10.05
      Required ratio:    0.00 (Gate area) 
      Cumulative area ratio:   16.51
      Required ratio:    0.00 (Cumulative area) 
      Partial area ratio:   38.89
      Required ratio:  400.00 (Side area) 
      Cumulative area ratio:   64.56
      Required ratio:    0.00 (Cumulative side area) 

    Layer: Via4
      Partial area ratio:    0.03
      Required ratio:    0.00 (Gate area) 
      Cumulative area ratio:    0.54
      Required ratio:    0.00 (Cumulative area) 

    Layer: Metal5
      Partial area ratio:   67.43
      Required ratio:    0.00 (Gate area) 
      Cumulative area ratio:   83.94
      Required ratio:    0.00 (Cumulative area) 
      Partial area ratio:  365.06
      Required ratio:  400.00 (Side area) 
      Cumulative area ratio:  429.62
      Required ratio:    0.00 (Cumulative side area) 


  Pin:   fanout392/A (gf180mcu_as_sc_mcu7t3v3__buff_2)
    Layer: Via1
      Partial area ratio:    0.10
      Required ratio:   20.00 (Gate area) 
      Cumulative area ratio:    0.10
      Required ratio:    0.00 (Cumulative area) 

    Layer: Metal2
      Partial area ratio:    2.91
      Required ratio:    0.00 (Gate area) 
      Cumulative area ratio:    2.91
      Required ratio:    0.00 (Cumulative area) 
      Partial area ratio:   11.68
      Required ratio:  400.00 (Side area) 
      Cumulative area ratio:   11.68
      Required ratio:    0.00 (Cumulative side area) 

    Layer: Via2
      Partial area ratio:    0.20
      Required ratio:   20.00 (Gate area) 
      Cumulative area ratio:    0.30
      Required ratio:    0.00 (Cumulative area) 

    Layer: Metal3
      Partial area ratio:    0.32
      Required ratio:    0.00 (Gate area) 
      Cumulative area ratio:    3.23
      Required ratio:    0.00 (Cumulative area) 
      Partial area ratio:    2.14
      Required ratio:  400.00 (Side area) 
      Cumulative area ratio:   13.82
      Required ratio:    0.00 (Cumulative side area) 

    Layer: Via3
      Partial area ratio:    0.10
      Required ratio:   20.00 (Gate area) 
      Cumulative area ratio:    0.41
      Required ratio:    0.00 (Cumulative area) 

    Layer: Metal4
      Partial area ratio:    0.16
      Required ratio:    0.00 (Gate area) 
      Cumulative area ratio:    3.39
      Required ratio:    0.00 (Cumulative area) 
      Partial area ratio:    1.07
      Required ratio:  400.00 (Side area) 
      Cumulative area ratio:   14.89
      Required ratio:    0.00 (Cumulative side area) 

    Layer: Via4
      Partial area ratio:    0.10
      Required ratio:   20.00 (Gate area) 
      Cumulative area ratio:    0.51
      Required ratio:    0.00 (Cumulative area) 

    Layer: Metal5
      Partial area ratio:   67.43
      Required ratio:    0.00 (Gate area) 
      Cumulative area ratio:   70.82
      Required ratio:    0.00 (Cumulative area) 
      Partial area ratio:  365.06
      Required ratio:  400.00 (Side area) 
      Cumulative area ratio:  379.95
      Required ratio:    0.00 (Cumulative side area) 



Net: net409
  Pin:   _12941_/B (gf180mcu_as_sc_mcu7t3v3__nand3_2)
    Layer: Via1
      Partial area ratio:    0.05
      Required ratio:   20.00 (Gate area) 
      Cumulative area ratio:    0.05
      Required ratio:    0.00 (Cumulative area) 

    Layer: Metal2
      Partial area ratio:    0.87
      Required ratio:    0.00 (Gate area) 
      Cumulative area ratio:    0.87
      Required ratio:    0.00 (Cumulative area) 
      Partial area ratio:    3.58
      Required ratio:  400.00 (Side area) 
      Cumulative area ratio:    3.58
      Required ratio:    0.00 (Cumulative side area) 

    Layer: Via2
      Partial area ratio:    0.10
      Required ratio:   20.00 (Gate area) 
      Cumulative area ratio:    0.15
      Required ratio:    0.00 (Cumulative area) 

    Layer: Metal3
      Partial area ratio:   29.86
      Required ratio:    0.00 (Gate area) 
      Cumulative area ratio:   30.73
      Required ratio:    0.00 (Cumulative area) 
      Partial area ratio:  115.54
      Required ratio:  400.00 (Side area) 
      Cumulative area ratio:  119.12
      Required ratio:    0.00 (Cumulative side area) 

    Layer: Via3
      Partial area ratio:    0.03
      Required ratio:    0.00 (Gate area) 
      Cumulative area ratio:    0.18
      Required ratio:    0.00 (Cumulative area) 

    Layer: Metal4
      Partial area ratio:   18.92
      Required ratio:    0.00 (Gate area) 
      Cumulative area ratio:   49.65
      Required ratio:    0.00 (Cumulative area) 
      Partial area ratio:   73.02
      Required ratio:  400.00 (Side area) 
      Cumulative area ratio:  192.13
      Required ratio:    0.00 (Cumulative side area) 


  Pin:   fanout405/A (gf180mcu_as_sc_mcu7t3v3__buff_2)
    Layer: Via1
      Partial area ratio:    0.10
      Required ratio:   20.00 (Gate area) 
      Cumulative area ratio:    0.10
      Required ratio:    0.00 (Cumulative area) 

    Layer: Metal2
      Partial area ratio:    0.28
      Required ratio:    0.00 (Gate area) 
      Cumulative area ratio:    0.28
      Required ratio:    0.00 (Cumulative area) 
      Partial area ratio:    1.51
      Required ratio:  400.00 (Side area) 
      Cumulative area ratio:    1.51
      Required ratio:    0.00 (Cumulative side area) 

    Layer: Via2
      Partial area ratio:    0.11
      Required ratio:   20.00 (Gate area) 
      Cumulative area ratio:    0.22
      Required ratio:    0.00 (Cumulative area) 

    Layer: Metal3
      Partial area ratio:  152.10
      Required ratio:    0.00 (Gate area) 
      Cumulative area ratio:  152.38
      Required ratio:    0.00 (Cumulative area) 
      Partial area ratio:  587.57
      Required ratio:  400.00 (Side area) (VIOLATED)
      Cumulative area ratio:  589.08
      Required ratio:    0.00 (Cumulative side area) 

    Layer: Via3
      Partial area ratio:    0.10
      Required ratio:   20.00 (Gate area) 
      Cumulative area ratio:    0.32
      Required ratio:    0.00 (Cumulative area) 

    Layer: Metal4
      Partial area ratio:   18.92
      Required ratio:    0.00 (Gate area) 
      Cumulative area ratio:  171.30
      Required ratio:    0.00 (Cumulative area) 
      Partial area ratio:   73.02
      Required ratio:  400.00 (Side area) 
      Cumulative area ratio:  662.10
      Required ratio:    0.00 (Cumulative side area) 


  Pin:   fanout406/A (gf180mcu_as_sc_mcu7t3v3__buff_2)
    Layer: Via1
      Partial area ratio:    0.10
      Required ratio:   20.00 (Gate area) 
      Cumulative area ratio:    0.10
      Required ratio:    0.00 (Cumulative area) 

    Layer: Metal2
      Partial area ratio:    1.02
      Required ratio:    0.00 (Gate area) 
      Cumulative area ratio:    1.02
      Required ratio:    0.00 (Cumulative area) 
      Partial area ratio:    4.40
      Required ratio:  400.00 (Side area) 
      Cumulative area ratio:    4.40
      Required ratio:    0.00 (Cumulative side area) 

    Layer: Via2
      Partial area ratio:    0.20
      Required ratio:   20.00 (Gate area) 
      Cumulative area ratio:    0.30
      Required ratio:    0.00 (Cumulative area) 

    Layer: Metal3
      Partial area ratio:   29.86
      Required ratio:    0.00 (Gate area) 
      Cumulative area ratio:   30.88
      Required ratio:    0.00 (Cumulative area) 
      Partial area ratio:  115.54
      Required ratio:  400.00 (Side area) 
      Cumulative area ratio:  119.93
      Required ratio:    0.00 (Cumulative side area) 

    Layer: Via3
      Partial area ratio:    0.03
      Required ratio:    0.00 (Gate area) 
      Cumulative area ratio:    0.33
      Required ratio:    0.00 (Cumulative area) 

    Layer: Metal4
      Partial area ratio:   18.92
      Required ratio:    0.00 (Gate area) 
      Cumulative area ratio:   49.80
      Required ratio:    0.00 (Cumulative area) 
      Partial area ratio:   73.02
      Required ratio:  400.00 (Side area) 
      Cumulative area ratio:  192.95
      Required ratio:    0.00 (Cumulative side area) 


  Pin:   fanout407/A (gf180mcu_as_sc_mcu7t3v3__buff_2)
    Layer: Via1
      Partial area ratio:    0.10
      Required ratio:   20.00 (Gate area) 
      Cumulative area ratio:    0.10
      Required ratio:    0.00 (Cumulative area) 

    Layer: Metal2
      Partial area ratio:    7.89
      Required ratio:    0.00 (Gate area) 
      Cumulative area ratio:    7.89
      Required ratio:    0.00 (Cumulative area) 
      Partial area ratio:   30.88
      Required ratio:  400.00 (Side area) 
      Cumulative area ratio:   30.88
      Required ratio:    0.00 (Cumulative side area) 

    Layer: Via2
      Partial area ratio:    0.30
      Required ratio:   20.00 (Gate area) 
      Cumulative area ratio:    0.41
      Required ratio:    0.00 (Cumulative area) 

    Layer: Metal3
      Partial area ratio:   29.86
      Required ratio:    0.00 (Gate area) 
      Cumulative area ratio:   37.75
      Required ratio:    0.00 (Cumulative area) 
      Partial area ratio:  115.54
      Required ratio:  400.00 (Side area) 
      Cumulative area ratio:  146.42
      Required ratio:    0.00 (Cumulative side area) 

    Layer: Via3
      Partial area ratio:    0.03
      Required ratio:    0.00 (Gate area) 
      Cumulative area ratio:    0.43
      Required ratio:    0.00 (Cumulative area) 

    Layer: Metal4
      Partial area ratio:   18.92
      Required ratio:    0.00 (Gate area) 
      Cumulative area ratio:   56.67
      Required ratio:    0.00 (Cumulative area) 
      Partial area ratio:   73.02
      Required ratio:  400.00 (Side area) 
      Cumulative area ratio:  219.43
      Required ratio:    0.00 (Cumulative side area) 


  Pin:   fanout408/A (gf180mcu_as_sc_mcu7t3v3__buff_2)
    Layer: Via1
      Partial area ratio:    0.10
      Required ratio:   20.00 (Gate area) 
      Cumulative area ratio:    0.10
      Required ratio:    0.00 (Cumulative area) 

    Layer: Metal2
      Partial area ratio:    2.94
      Required ratio:    0.00 (Gate area) 
      Cumulative area ratio:    2.94
      Required ratio:    0.00 (Cumulative area) 
      Partial area ratio:   11.79
      Required ratio:  400.00 (Side area) 
      Cumulative area ratio:   11.79
      Required ratio:    0.00 (Cumulative side area) 

    Layer: Via2
      Partial area ratio:    0.20
      Required ratio:   20.00 (Gate area) 
      Cumulative area ratio:    0.30
      Required ratio:    0.00 (Cumulative area) 

    Layer: Metal3
      Partial area ratio:    0.32
      Required ratio:    0.00 (Gate area) 
      Cumulative area ratio:    3.26
      Required ratio:    0.00 (Cumulative area) 
      Partial area ratio:    2.14
      Required ratio:  400.00 (Side area) 
      Cumulative area ratio:   13.93
      Required ratio:    0.00 (Cumulative side area) 

    Layer: Via3
      Partial area ratio:    0.10
      Required ratio:   20.00 (Gate area) 
      Cumulative area ratio:    0.41
      Required ratio:    0.00 (Cumulative area) 

    Layer: Metal4
      Partial area ratio:   18.92
      Required ratio:    0.00 (Gate area) 
      Cumulative area ratio:   22.18
      Required ratio:    0.00 (Cumulative area) 
      Partial area ratio:   73.02
      Required ratio:  400.00 (Side area) 
      Cumulative area ratio:   86.94
      Required ratio:    0.00 (Cumulative side area) 



Net: net438
  Pin:   _12431_/B (gf180mcu_as_sc_mcu7t3v3__nand2b_2)
    Layer: Via1
      Partial area ratio:    0.05
      Required ratio:   20.00 (Gate area) 
      Cumulative area ratio:    0.05
      Required ratio:    0.00 (Cumulative area) 

    Layer: Metal2
      Partial area ratio:    1.01
      Required ratio:    0.00 (Gate area) 
      Cumulative area ratio:    1.01
      Required ratio:    0.00 (Cumulative area) 
      Partial area ratio:    4.14
      Required ratio:  400.00 (Side area) 
      Cumulative area ratio:    4.14
      Required ratio:    0.00 (Cumulative side area) 

    Layer: Via2
      Partial area ratio:    0.10
      Required ratio:   20.00 (Gate area) 
      Cumulative area ratio:    0.15
      Required ratio:    0.00 (Cumulative area) 

    Layer: Metal3
      Partial area ratio:    0.16
      Required ratio:    0.00 (Gate area) 
      Cumulative area ratio:    1.17
      Required ratio:    0.00 (Cumulative area) 
      Partial area ratio:    1.07
      Required ratio:  400.00 (Side area) 
      Cumulative area ratio:    5.21
      Required ratio:    0.00 (Cumulative side area) 

    Layer: Via3
      Partial area ratio:    0.05
      Required ratio:   20.00 (Gate area) 
      Cumulative area ratio:    0.20
      Required ratio:    0.00 (Cumulative area) 

    Layer: Metal4
      Partial area ratio:   14.77
      Required ratio:    0.00 (Gate area) 
      Cumulative area ratio:   15.95
      Required ratio:    0.00 (Cumulative area) 
      Partial area ratio:   57.11
      Required ratio:  400.00 (Side area) 
      Cumulative area ratio:   62.32
      Required ratio:    0.00 (Cumulative side area) 

    Layer: Via4
      Partial area ratio:    0.03
      Required ratio:    0.00 (Gate area) 
      Cumulative area ratio:    0.24
      Required ratio:    0.00 (Cumulative area) 

    Layer: Metal5
      Partial area ratio:   56.61
      Required ratio:    0.00 (Gate area) 
      Cumulative area ratio:   72.56
      Required ratio:    0.00 (Cumulative area) 
      Partial area ratio:  306.71
      Required ratio:  400.00 (Side area) 
      Cumulative area ratio:  369.03
      Required ratio:    0.00 (Cumulative side area) 


  Pin:   fanout434/A (gf180mcu_as_sc_mcu7t3v3__buff_2)
    Layer: Via1
      Partial area ratio:    0.10
      Required ratio:   20.00 (Gate area) 
      Cumulative area ratio:    0.10
      Required ratio:    0.00 (Cumulative area) 

    Layer: Metal2
      Partial area ratio:    1.47
      Required ratio:    0.00 (Gate area) 
      Cumulative area ratio:    1.47
      Required ratio:    0.00 (Cumulative area) 
      Partial area ratio:    6.11
      Required ratio:  400.00 (Side area) 
      Cumulative area ratio:    6.11
      Required ratio:    0.00 (Cumulative side area) 

    Layer: Via2
      Partial area ratio:    0.20
      Required ratio:   20.00 (Gate area) 
      Cumulative area ratio:    0.30
      Required ratio:    0.00 (Cumulative area) 

    Layer: Metal3
      Partial area ratio:   21.50
      Required ratio:    0.00 (Gate area) 
      Cumulative area ratio:   22.96
      Required ratio:    0.00 (Cumulative area) 
      Partial area ratio:   83.82
      Required ratio:  400.00 (Side area) 
      Cumulative area ratio:   89.93
      Required ratio:    0.00 (Cumulative side area) 

    Layer: Via3
      Partial area ratio:    0.10
      Required ratio:   20.00 (Gate area) 
      Cumulative area ratio:    0.41
      Required ratio:    0.00 (Cumulative area) 

    Layer: Metal4
      Partial area ratio:  187.50
      Required ratio:    0.00 (Gate area) 
      Cumulative area ratio:  210.47
      Required ratio:    0.00 (Cumulative area) 
      Partial area ratio:  724.14
      Required ratio:  400.00 (Side area) (VIOLATED)
      Cumulative area ratio:  814.06
      Required ratio:    0.00 (Cumulative side area) 

    Layer: Via4
      Partial area ratio:    0.30
      Required ratio:   20.00 (Gate area) 
      Cumulative area ratio:    0.71
      Required ratio:    0.00 (Cumulative area) 

    Layer: Metal5
      Partial area ratio:   56.61
      Required ratio:    0.00 (Gate area) 
      Cumulative area ratio:  267.08
      Required ratio:    0.00 (Cumulative area) 
      Partial area ratio:  306.71
      Required ratio:  400.00 (Side area) 
      Cumulative area ratio: 1120.77
      Required ratio:    0.00 (Cumulative side area) 


  Pin:   fanout435/A (gf180mcu_as_sc_mcu7t3v3__buff_2)
    Layer: Via1
      Partial area ratio:    0.10
      Required ratio:   20.00 (Gate area) 
      Cumulative area ratio:    0.10
      Required ratio:    0.00 (Cumulative area) 

    Layer: Metal2
      Partial area ratio:    0.56
      Required ratio:    0.00 (Gate area) 
      Cumulative area ratio:    0.56
      Required ratio:    0.00 (Cumulative area) 
      Partial area ratio:    2.61
      Required ratio:  400.00 (Side area) 
      Cumulative area ratio:    2.61
      Required ratio:    0.00 (Cumulative side area) 

    Layer: Via2
      Partial area ratio:    0.20
      Required ratio:   20.00 (Gate area) 
      Cumulative area ratio:    0.30
      Required ratio:    0.00 (Cumulative area) 

    Layer: Metal3
      Partial area ratio:    0.32
      Required ratio:    0.00 (Gate area) 
      Cumulative area ratio:    0.88
      Required ratio:    0.00 (Cumulative area) 
      Partial area ratio:    2.14
      Required ratio:  400.00 (Side area) 
      Cumulative area ratio:    4.74
      Required ratio:    0.00 (Cumulative side area) 

    Layer: Via3
      Partial area ratio:    0.10
      Required ratio:   20.00 (Gate area) 
      Cumulative area ratio:    0.41
      Required ratio:    0.00 (Cumulative area) 

    Layer: Metal4
      Partial area ratio:    0.16
      Required ratio:    0.00 (Gate area) 
      Cumulative area ratio:    1.04
      Required ratio:    0.00 (Cumulative area) 
      Partial area ratio:    1.07
      Required ratio:  400.00 (Side area) 
      Cumulative area ratio:    5.81
      Required ratio:    0.00 (Cumulative side area) 

    Layer: Via4
      Partial area ratio:    0.10
      Required ratio:   20.00 (Gate area) 
      Cumulative area ratio:    0.51
      Required ratio:    0.00 (Cumulative area) 

    Layer: Metal5
      Partial area ratio:   56.61
      Required ratio:    0.00 (Gate area) 
      Cumulative area ratio:   57.65
      Required ratio:    0.00 (Cumulative area) 
      Partial area ratio:  306.71
      Required ratio:  400.00 (Side area) 
      Cumulative area ratio:  312.52
      Required ratio:    0.00 (Cumulative side area) 


  Pin:   fanout436/A (gf180mcu_as_sc_mcu7t3v3__buff_2)
    Layer: Via1
      Partial area ratio:    0.10
      Required ratio:   20.00 (Gate area) 
      Cumulative area ratio:    0.10
      Required ratio:    0.00 (Cumulative area) 

    Layer: Metal2
      Partial area ratio:    0.77
      Required ratio:    0.00 (Gate area) 
      Cumulative area ratio:    0.77
      Required ratio:    0.00 (Cumulative area) 
      Partial area ratio:    3.05
      Required ratio:  400.00 (Side area) 
      Cumulative area ratio:    3.05
      Required ratio:    0.00 (Cumulative side area) 

    Layer: Via2
      Partial area ratio:    0.22
      Required ratio:    0.00 (Gate area) 
      Cumulative area ratio:    0.32
      Required ratio:    0.00 (Cumulative area) 

    Layer: Metal3
      Partial area ratio:    4.56
      Required ratio:    0.00 (Gate area) 
      Cumulative area ratio:    5.33
      Required ratio:    0.00 (Cumulative area) 
      Partial area ratio:   17.79
      Required ratio:  400.00 (Side area) 
      Cumulative area ratio:   20.84
      Required ratio:    0.00 (Cumulative side area) 

    Layer: Via3
      Partial area ratio:    0.20
      Required ratio:    0.00 (Gate area) 
      Cumulative area ratio:    0.52
      Required ratio:    0.00 (Cumulative area) 

    Layer: Metal4
      Partial area ratio:   14.77
      Required ratio:    0.00 (Gate area) 
      Cumulative area ratio:   20.10
      Required ratio:    0.00 (Cumulative area) 
      Partial area ratio:   57.11
      Required ratio:  400.00 (Side area) 
      Cumulative area ratio:   77.96
      Required ratio:    0.00 (Cumulative side area) 

    Layer: Via4
      Partial area ratio:    0.03
      Required ratio:    0.00 (Gate area) 
      Cumulative area ratio:    0.55
      Required ratio:    0.00 (Cumulative area) 

    Layer: Metal5
      Partial area ratio:   56.61
      Required ratio:    0.00 (Gate area) 
      Cumulative area ratio:   76.72
      Required ratio:    0.00 (Cumulative area) 
      Partial area ratio:  306.71
      Required ratio:  400.00 (Side area) 
      Cumulative area ratio:  384.66
      Required ratio:    0.00 (Cumulative side area) 


  Pin:   fanout437/A (gf180mcu_as_sc_mcu7t3v3__buff_2)
    Layer: Via1
      Partial area ratio:    0.10
      Required ratio:   20.00 (Gate area) 
      Cumulative area ratio:    0.10
      Required ratio:    0.00 (Cumulative area) 

    Layer: Metal2
      Partial area ratio:    1.76
      Required ratio:    0.00 (Gate area) 
      Cumulative area ratio:    1.76
      Required ratio:    0.00 (Cumulative area) 
      Partial area ratio:    7.25
      Required ratio:  400.00 (Side area) 
      Cumulative area ratio:    7.25
      Required ratio:    0.00 (Cumulative side area) 

    Layer: Via2
      Partial area ratio:    0.20
      Required ratio:   20.00 (Gate area) 
      Cumulative area ratio:    0.30
      Required ratio:    0.00 (Cumulative area) 

    Layer: Metal3
      Partial area ratio:    0.32
      Required ratio:    0.00 (Gate area) 
      Cumulative area ratio:    2.08
      Required ratio:    0.00 (Cumulative area) 
      Partial area ratio:    2.14
      Required ratio:  400.00 (Side area) 
      Cumulative area ratio:    9.39
      Required ratio:    0.00 (Cumulative side area) 

    Layer: Via3
      Partial area ratio:    0.10
      Required ratio:   20.00 (Gate area) 
      Cumulative area ratio:    0.41
      Required ratio:    0.00 (Cumulative area) 

    Layer: Metal4
      Partial area ratio:   24.91
      Required ratio:    0.00 (Gate area) 
      Cumulative area ratio:   26.99
      Required ratio:    0.00 (Cumulative area) 
      Partial area ratio:   96.53
      Required ratio:  400.00 (Side area) 
      Cumulative area ratio:  105.91
      Required ratio:    0.00 (Cumulative side area) 

    Layer: Via4
      Partial area ratio:    0.10
      Required ratio:   20.00 (Gate area) 
      Cumulative area ratio:    0.51
      Required ratio:    0.00 (Cumulative area) 

    Layer: Metal5
      Partial area ratio:   56.61
      Required ratio:    0.00 (Gate area) 
      Cumulative area ratio:   83.60
      Required ratio:    0.00 (Cumulative area) 
      Partial area ratio:  306.71
      Required ratio:  400.00 (Side area) 
      Cumulative area ratio:  412.62
      Required ratio:    0.00 (Cumulative side area) 



Net: net449
  Pin:   _12463_/A (gf180mcu_as_sc_mcu7t3v3__nor2b_2)
    Layer: Via1
      Partial area ratio:    0.10
      Required ratio:   20.00 (Gate area) 
      Cumulative area ratio:    0.10
      Required ratio:    0.00 (Cumulative area) 

    Layer: Metal2
      Partial area ratio:    3.41
      Required ratio:    0.00 (Gate area) 
      Cumulative area ratio:    3.41
      Required ratio:    0.00 (Cumulative area) 
      Partial area ratio:   13.59
      Required ratio:  400.00 (Side area) 
      Cumulative area ratio:   13.59
      Required ratio:    0.00 (Cumulative side area) 

    Layer: Via2
      Partial area ratio:    0.20
      Required ratio:   20.00 (Gate area) 
      Cumulative area ratio:    0.30
      Required ratio:    0.00 (Cumulative area) 

    Layer: Metal3
      Partial area ratio:    0.32
      Required ratio:    0.00 (Gate area) 
      Cumulative area ratio:    3.72
      Required ratio:    0.00 (Cumulative area) 
      Partial area ratio:    2.14
      Required ratio:  400.00 (Side area) 
      Cumulative area ratio:   15.73
      Required ratio:    0.00 (Cumulative side area) 

    Layer: Via3
      Partial area ratio:    0.10
      Required ratio:   20.00 (Gate area) 
      Cumulative area ratio:    0.41
      Required ratio:    0.00 (Cumulative area) 

    Layer: Metal4
      Partial area ratio:   13.03
      Required ratio:    0.00 (Gate area) 
      Cumulative area ratio:   16.76
      Required ratio:    0.00 (Cumulative area) 
      Partial area ratio:   50.43
      Required ratio:  400.00 (Side area) 
      Cumulative area ratio:   66.16
      Required ratio:    0.00 (Cumulative side area) 

    Layer: Via4
      Partial area ratio:    0.05
      Required ratio:    0.00 (Gate area) 
      Cumulative area ratio:    0.46
      Required ratio:    0.00 (Cumulative area) 

    Layer: Metal5
      Partial area ratio:    3.63
      Required ratio:    0.00 (Gate area) 
      Cumulative area ratio:   20.39
      Required ratio:    0.00 (Cumulative area) 
      Partial area ratio:   19.85
      Required ratio:  400.00 (Side area) 
      Cumulative area ratio:   86.01
      Required ratio:    0.00 (Cumulative side area) 


  Pin:   _14928_/A (gf180mcu_as_sc_mcu7t3v3__nor2b_2)
    Layer: Via1
      Partial area ratio:    0.10
      Required ratio:   20.00 (Gate area) 
      Cumulative area ratio:    0.10
      Required ratio:    0.00 (Cumulative area) 

    Layer: Metal2
      Partial area ratio:    0.81
      Required ratio:    0.00 (Gate area) 
      Cumulative area ratio:    0.81
      Required ratio:    0.00 (Cumulative area) 
      Partial area ratio:    3.44
      Required ratio:  400.00 (Side area) 
      Cumulative area ratio:    3.44
      Required ratio:    0.00 (Cumulative side area) 

    Layer: Via2
      Partial area ratio:    0.18
      Required ratio:   20.00 (Gate area) 
      Cumulative area ratio:    0.28
      Required ratio:    0.00 (Cumulative area) 

    Layer: Metal3
      Partial area ratio:  136.26
      Required ratio:    0.00 (Gate area) 
      Cumulative area ratio:  137.06
      Required ratio:    0.00 (Cumulative area) 
      Partial area ratio:  526.42
      Required ratio:  400.00 (Side area) (VIOLATED)
      Cumulative area ratio:  529.86
      Required ratio:    0.00 (Cumulative side area) 

    Layer: Via3
      Partial area ratio:    0.05
      Required ratio:   20.00 (Gate area) 
      Cumulative area ratio:    0.33
      Required ratio:    0.00 (Cumulative area) 

    Layer: Metal4
      Partial area ratio:   23.04
      Required ratio:    0.00 (Gate area) 
      Cumulative area ratio:  160.11
      Required ratio:    0.00 (Cumulative area) 
      Partial area ratio:   89.10
      Required ratio:  400.00 (Side area) 
      Cumulative area ratio:  618.97
      Required ratio:    0.00 (Cumulative side area) 

    Layer: Via4
      Partial area ratio:    0.05
      Required ratio:   20.00 (Gate area) 
      Cumulative area ratio:    0.38
      Required ratio:    0.00 (Cumulative area) 

    Layer: Metal5
      Partial area ratio:    3.63
      Required ratio:    0.00 (Gate area) 
      Cumulative area ratio:  163.74
      Required ratio:    0.00 (Cumulative area) 
      Partial area ratio:   19.85
      Required ratio:  400.00 (Side area) 
      Cumulative area ratio:  638.82
      Required ratio:    0.00 (Cumulative side area) 


  Pin:   fanout447/A (gf180mcu_as_sc_mcu7t3v3__buff_2)
    Layer: Via1
      Partial area ratio:    0.10
      Required ratio:   20.00 (Gate area) 
      Cumulative area ratio:    0.10
      Required ratio:    0.00 (Cumulative area) 

    Layer: Metal2
      Partial area ratio:   14.46
      Required ratio:    0.00 (Gate area) 
      Cumulative area ratio:   14.46
      Required ratio:    0.00 (Cumulative area) 
      Partial area ratio:   56.24
      Required ratio:  400.00 (Side area) 
      Cumulative area ratio:   56.24
      Required ratio:    0.00 (Cumulative side area) 

    Layer: Via2
      Partial area ratio:    0.30
      Required ratio:   20.00 (Gate area) 
      Cumulative area ratio:    0.41
      Required ratio:    0.00 (Cumulative area) 

    Layer: Metal3
      Partial area ratio:  136.26
      Required ratio:    0.00 (Gate area) 
      Cumulative area ratio:  150.72
      Required ratio:    0.00 (Cumulative area) 
      Partial area ratio:  526.42
      Required ratio:  400.00 (Side area) (VIOLATED)
      Cumulative area ratio:  582.66
      Required ratio:    0.00 (Cumulative side area) 

    Layer: Via3
      Partial area ratio:    0.05
      Required ratio:   20.00 (Gate area) 
      Cumulative area ratio:    0.46
      Required ratio:    0.00 (Cumulative area) 

    Layer: Metal4
      Partial area ratio:   23.04
      Required ratio:    0.00 (Gate area) 
      Cumulative area ratio:  173.76
      Required ratio:    0.00 (Cumulative area) 
      Partial area ratio:   89.10
      Required ratio:  400.00 (Side area) 
      Cumulative area ratio:  671.76
      Required ratio:    0.00 (Cumulative side area) 

    Layer: Via4
      Partial area ratio:    0.05
      Required ratio:   20.00 (Gate area) 
      Cumulative area ratio:    0.51
      Required ratio:    0.00 (Cumulative area) 

    Layer: Metal5
      Partial area ratio:    3.63
      Required ratio:    0.00 (Gate area) 
      Cumulative area ratio:  177.40
      Required ratio:    0.00 (Cumulative area) 
      Partial area ratio:   19.85
      Required ratio:  400.00 (Side area) 
      Cumulative area ratio:  691.61
      Required ratio:    0.00 (Cumulative side area) 


  Pin:   fanout448/A (gf180mcu_as_sc_mcu7t3v3__buff_2)
    Layer: Via1
      Partial area ratio:    0.10
      Required ratio:   20.00 (Gate area) 
      Cumulative area ratio:    0.10
      Required ratio:    0.00 (Cumulative area) 

    Layer: Metal2
      Partial area ratio:    6.41
      Required ratio:    0.00 (Gate area) 
      Cumulative area ratio:    6.41
      Required ratio:    0.00 (Cumulative area) 
      Partial area ratio:   25.16
      Required ratio:  400.00 (Side area) 
      Cumulative area ratio:   25.16
      Required ratio:    0.00 (Cumulative side area) 

    Layer: Via2
      Partial area ratio:    0.20
      Required ratio:   20.00 (Gate area) 
      Cumulative area ratio:    0.30
      Required ratio:    0.00 (Cumulative area) 

    Layer: Metal3
      Partial area ratio:    8.37
      Required ratio:    0.00 (Gate area) 
      Cumulative area ratio:   14.78
      Required ratio:    0.00 (Cumulative area) 
      Partial area ratio:   32.67
      Required ratio:  400.00 (Side area) 
      Cumulative area ratio:   57.84
      Required ratio:    0.00 (Cumulative side area) 

    Layer: Via3
      Partial area ratio:    0.20
      Required ratio:    0.00 (Gate area) 
      Cumulative area ratio:    0.51
      Required ratio:    0.00 (Cumulative area) 

    Layer: Metal4
      Partial area ratio:   13.03
      Required ratio:    0.00 (Gate area) 
      Cumulative area ratio:   27.81
      Required ratio:    0.00 (Cumulative area) 
      Partial area ratio:   50.43
      Required ratio:  400.00 (Side area) 
      Cumulative area ratio:  108.27
      Required ratio:    0.00 (Cumulative side area) 

    Layer: Via4
      Partial area ratio:    0.05
      Required ratio:    0.00 (Gate area) 
      Cumulative area ratio:    0.56
      Required ratio:    0.00 (Cumulative area) 

    Layer: Metal5
      Partial area ratio:    3.63
      Required ratio:    0.00 (Gate area) 
      Cumulative area ratio:   31.44
      Required ratio:    0.00 (Cumulative area) 
      Partial area ratio:   19.85
      Required ratio:  400.00 (Side area) 
      Cumulative area ratio:  128.12
      Required ratio:    0.00 (Cumulative side area) 



Net: net465
  Pin:   fanout461/A (gf180mcu_as_sc_mcu7t3v3__buff_2)
    Layer: Via1
      Partial area ratio:    0.10
      Required ratio:   20.00 (Gate area) 
      Cumulative area ratio:    0.10
      Required ratio:    0.00 (Cumulative area) 

    Layer: Metal2
      Partial area ratio:   29.52
      Required ratio:    0.00 (Gate area) 
      Cumulative area ratio:   29.52
      Required ratio:    0.00 (Cumulative area) 
      Partial area ratio:  114.32
      Required ratio:  400.00 (Side area) 
      Cumulative area ratio:  114.32
      Required ratio:    0.00 (Cumulative side area) 

    Layer: Via2
      Partial area ratio:    0.30
      Required ratio:   20.00 (Gate area) 
      Cumulative area ratio:    0.41
      Required ratio:    0.00 (Cumulative area) 

    Layer: Metal3
      Partial area ratio:   10.64
      Required ratio:    0.00 (Gate area) 
      Cumulative area ratio:   40.16
      Required ratio:    0.00 (Cumulative area) 
      Partial area ratio:   41.44
      Required ratio:  400.00 (Side area) 
      Cumulative area ratio:  155.76
      Required ratio:    0.00 (Cumulative side area) 

    Layer: Via3
      Partial area ratio:    0.10
      Required ratio:    0.00 (Gate area) 
      Cumulative area ratio:    0.51
      Required ratio:    0.00 (Cumulative area) 

    Layer: Metal4
      Partial area ratio:   13.78
      Required ratio:    0.00 (Gate area) 
      Cumulative area ratio:   53.94
      Required ratio:    0.00 (Cumulative area) 
      Partial area ratio:   53.26
      Required ratio:  400.00 (Side area) 
      Cumulative area ratio:  209.02
      Required ratio:    0.00 (Cumulative side area) 


  Pin:   fanout462/A (gf180mcu_as_sc_mcu7t3v3__buff_2)
    Layer: Via1
      Partial area ratio:    0.10
      Required ratio:   20.00 (Gate area) 
      Cumulative area ratio:    0.10
      Required ratio:    0.00 (Cumulative area) 

    Layer: Metal2
      Partial area ratio:    1.97
      Required ratio:    0.00 (Gate area) 
      Cumulative area ratio:    1.97
      Required ratio:    0.00 (Cumulative area) 
      Partial area ratio:    8.05
      Required ratio:  400.00 (Side area) 
      Cumulative area ratio:    8.05
      Required ratio:    0.00 (Cumulative side area) 

    Layer: Via2
      Partial area ratio:    0.20
      Required ratio:   20.00 (Gate area) 
      Cumulative area ratio:    0.30
      Required ratio:    0.00 (Cumulative area) 

    Layer: Metal3
      Partial area ratio:   10.64
      Required ratio:    0.00 (Gate area) 
      Cumulative area ratio:   12.61
      Required ratio:    0.00 (Cumulative area) 
      Partial area ratio:   41.44
      Required ratio:  400.00 (Side area) 
      Cumulative area ratio:   49.49
      Required ratio:    0.00 (Cumulative side area) 

    Layer: Via3
      Partial area ratio:    0.10
      Required ratio:    0.00 (Gate area) 
      Cumulative area ratio:    0.41
      Required ratio:    0.00 (Cumulative area) 

    Layer: Metal4
      Partial area ratio:   13.78
      Required ratio:    0.00 (Gate area) 
      Cumulative area ratio:   26.39
      Required ratio:    0.00 (Cumulative area) 
      Partial area ratio:   53.26
      Required ratio:  400.00 (Side area) 
      Cumulative area ratio:  102.75
      Required ratio:    0.00 (Cumulative side area) 


  Pin:   fanout463/A (gf180mcu_as_sc_mcu7t3v3__buff_2)
    Layer: Via1
      Partial area ratio:    0.10
      Required ratio:   20.00 (Gate area) 
      Cumulative area ratio:    0.10
      Required ratio:    0.00 (Cumulative area) 

    Layer: Metal2
      Partial area ratio:    2.67
      Required ratio:    0.00 (Gate area) 
      Cumulative area ratio:    2.67
      Required ratio:    0.00 (Cumulative area) 
      Partial area ratio:   10.75
      Required ratio:  400.00 (Side area) 
      Cumulative area ratio:   10.75
      Required ratio:    0.00 (Cumulative side area) 

    Layer: Via2
      Partial area ratio:    0.20
      Required ratio:   20.00 (Gate area) 
      Cumulative area ratio:    0.30
      Required ratio:    0.00 (Cumulative area) 

    Layer: Metal3
      Partial area ratio:    0.32
      Required ratio:    0.00 (Gate area) 
      Cumulative area ratio:    2.99
      Required ratio:    0.00 (Cumulative area) 
      Partial area ratio:    2.14
      Required ratio:  400.00 (Side area) 
      Cumulative area ratio:   12.89
      Required ratio:    0.00 (Cumulative side area) 

    Layer: Via3
      Partial area ratio:    0.10
      Required ratio:   20.00 (Gate area) 
      Cumulative area ratio:    0.41
      Required ratio:    0.00 (Cumulative area) 

    Layer: Metal4
      Partial area ratio:   13.78
      Required ratio:    0.00 (Gate area) 
      Cumulative area ratio:   16.77
      Required ratio:    0.00 (Cumulative area) 
      Partial area ratio:   53.26
      Required ratio:  400.00 (Side area) 
      Cumulative area ratio:   66.15
      Required ratio:    0.00 (Cumulative side area) 


  Pin:   fanout464/A (gf180mcu_as_sc_mcu7t3v3__buff_2)
    Layer: Via1
      Partial area ratio:    0.10
      Required ratio:   20.00 (Gate area) 
      Cumulative area ratio:    0.10
      Required ratio:    0.00 (Cumulative area) 

    Layer: Metal2
      Partial area ratio:    1.69
      Required ratio:    0.00 (Gate area) 
      Cumulative area ratio:    1.69
      Required ratio:    0.00 (Cumulative area) 
      Partial area ratio:    6.96
      Required ratio:  400.00 (Side area) 
      Cumulative area ratio:    6.96
      Required ratio:    0.00 (Cumulative side area) 

    Layer: Via2
      Partial area ratio:    0.11
      Required ratio:   20.00 (Gate area) 
      Cumulative area ratio:    0.22
      Required ratio:    0.00 (Cumulative area) 

    Layer: Metal3
      Partial area ratio:  109.75
      Required ratio:    0.00 (Gate area) 
      Cumulative area ratio:  111.44
      Required ratio:    0.00 (Cumulative area) 
      Partial area ratio:  424.21
      Required ratio:  400.00 (Side area) (VIOLATED)
      Cumulative area ratio:  431.17
      Required ratio:    0.00 (Cumulative side area) 

    Layer: Via3
      Partial area ratio:    0.10
      Required ratio:   20.00 (Gate area) 
      Cumulative area ratio:    0.32
      Required ratio:    0.00 (Cumulative area) 

    Layer: Metal4
      Partial area ratio:   13.78
      Required ratio:    0.00 (Gate area) 
      Cumulative area ratio:  125.22
      Required ratio:    0.00 (Cumulative area) 
      Partial area ratio:   53.26
      Required ratio:  400.00 (Side area) 
      Cumulative area ratio:  484.43
      Required ratio:    0.00 (Cumulative side area) 



Net: net482
  Pin:   _11814_/B (gf180mcu_as_sc_mcu7t3v3__nand2b_2)
    Layer: Via1
      Partial area ratio:    0.05
      Required ratio:   20.00 (Gate area) 
      Cumulative area ratio:    0.05
      Required ratio:    0.00 (Cumulative area) 

    Layer: Metal2
      Partial area ratio:    2.01
      Required ratio:    0.00 (Gate area) 
      Cumulative area ratio:    2.01
      Required ratio:    0.00 (Cumulative area) 
      Partial area ratio:    7.97
      Required ratio:  400.00 (Side area) 
      Cumulative area ratio:    7.97
      Required ratio:    0.00 (Cumulative side area) 

    Layer: Via2
      Partial area ratio:    0.15
      Required ratio:   20.00 (Gate area) 
      Cumulative area ratio:    0.20
      Required ratio:    0.00 (Cumulative area) 

    Layer: Metal3
      Partial area ratio:   13.76
      Required ratio:    0.00 (Gate area) 
      Cumulative area ratio:   15.77
      Required ratio:    0.00 (Cumulative area) 
      Partial area ratio:   53.35
      Required ratio:  400.00 (Side area) 
      Cumulative area ratio:   61.32
      Required ratio:    0.00 (Cumulative side area) 

    Layer: Via3
      Partial area ratio:    0.03
      Required ratio:    0.00 (Gate area) 
      Cumulative area ratio:    0.24
      Required ratio:    0.00 (Cumulative area) 

    Layer: Metal4
      Partial area ratio:    5.29
      Required ratio:    0.00 (Gate area) 
      Cumulative area ratio:   21.06
      Required ratio:    0.00 (Cumulative area) 
      Partial area ratio:   20.46
      Required ratio:  400.00 (Side area) 
      Cumulative area ratio:   81.78
      Required ratio:    0.00 (Cumulative side area) 

    Layer: Via4
      Partial area ratio:    0.03
      Required ratio:    0.00 (Gate area) 
      Cumulative area ratio:    0.27
      Required ratio:    0.00 (Cumulative area) 

    Layer: Metal5
      Partial area ratio:   50.30
      Required ratio:    0.00 (Gate area) 
      Cumulative area ratio:   71.36
      Required ratio:    0.00 (Cumulative area) 
      Partial area ratio:  272.41
      Required ratio:  400.00 (Side area) 
      Cumulative area ratio:  354.19
      Required ratio:    0.00 (Cumulative side area) 


  Pin:   fanout478/A (gf180mcu_as_sc_mcu7t3v3__buff_2)
    Layer: Via1
      Partial area ratio:    0.10
      Required ratio:   20.00 (Gate area) 
      Cumulative area ratio:    0.10
      Required ratio:    0.00 (Cumulative area) 

    Layer: Metal2
      Partial area ratio:    0.99
      Required ratio:    0.00 (Gate area) 
      Cumulative area ratio:    0.99
      Required ratio:    0.00 (Cumulative area) 
      Partial area ratio:    4.29
      Required ratio:  400.00 (Side area) 
      Cumulative area ratio:    4.29
      Required ratio:    0.00 (Cumulative side area) 

    Layer: Via2
      Partial area ratio:    0.20
      Required ratio:   20.00 (Gate area) 
      Cumulative area ratio:    0.30
      Required ratio:    0.00 (Cumulative area) 

    Layer: Metal3
      Partial area ratio:    0.32
      Required ratio:    0.00 (Gate area) 
      Cumulative area ratio:    1.31
      Required ratio:    0.00 (Cumulative area) 
      Partial area ratio:    2.14
      Required ratio:  400.00 (Side area) 
      Cumulative area ratio:    6.43
      Required ratio:    0.00 (Cumulative side area) 

    Layer: Via3
      Partial area ratio:    0.10
      Required ratio:   20.00 (Gate area) 
      Cumulative area ratio:    0.41
      Required ratio:    0.00 (Cumulative area) 

    Layer: Metal4
      Partial area ratio:   14.32
      Required ratio:    0.00 (Gate area) 
      Cumulative area ratio:   15.63
      Required ratio:    0.00 (Cumulative area) 
      Partial area ratio:   55.69
      Required ratio:  400.00 (Side area) 
      Cumulative area ratio:   62.12
      Required ratio:    0.00 (Cumulative side area) 

    Layer: Via4
      Partial area ratio:    0.10
      Required ratio:   20.00 (Gate area) 
      Cumulative area ratio:    0.51
      Required ratio:    0.00 (Cumulative area) 

    Layer: Metal5
      Partial area ratio:   50.30
      Required ratio:    0.00 (Gate area) 
      Cumulative area ratio:   65.94
      Required ratio:    0.00 (Cumulative area) 
      Partial area ratio:  272.41
      Required ratio:  400.00 (Side area) 
      Cumulative area ratio:  334.53
      Required ratio:    0.00 (Cumulative side area) 


  Pin:   fanout479/A (gf180mcu_as_sc_mcu7t3v3__buff_2)
    Layer: Via1
      Partial area ratio:    0.10
      Required ratio:   20.00 (Gate area) 
      Cumulative area ratio:    0.10
      Required ratio:    0.00 (Cumulative area) 

    Layer: Metal2
      Partial area ratio:    1.49
      Required ratio:    0.00 (Gate area) 
      Cumulative area ratio:    1.49
      Required ratio:    0.00 (Cumulative area) 
      Partial area ratio:    6.21
      Required ratio:  400.00 (Side area) 
      Cumulative area ratio:    6.21
      Required ratio:    0.00 (Cumulative side area) 

    Layer: Via2
      Partial area ratio:    0.20
      Required ratio:   20.00 (Gate area) 
      Cumulative area ratio:    0.30
      Required ratio:    0.00 (Cumulative area) 

    Layer: Metal3
      Partial area ratio:    0.32
      Required ratio:    0.00 (Gate area) 
      Cumulative area ratio:    1.81
      Required ratio:    0.00 (Cumulative area) 
      Partial area ratio:    2.14
      Required ratio:  400.00 (Side area) 
      Cumulative area ratio:    8.35
      Required ratio:    0.00 (Cumulative side area) 

    Layer: Via3
      Partial area ratio:    0.10
      Required ratio:   20.00 (Gate area) 
      Cumulative area ratio:    0.41
      Required ratio:    0.00 (Cumulative area) 

    Layer: Metal4
      Partial area ratio:    0.16
      Required ratio:    0.00 (Gate area) 
      Cumulative area ratio:    1.97
      Required ratio:    0.00 (Cumulative area) 
      Partial area ratio:    1.07
      Required ratio:  400.00 (Side area) 
      Cumulative area ratio:    9.42
      Required ratio:    0.00 (Cumulative side area) 

    Layer: Via4
      Partial area ratio:    0.10
      Required ratio:   20.00 (Gate area) 
      Cumulative area ratio:    0.51
      Required ratio:    0.00 (Cumulative area) 

    Layer: Metal5
      Partial area ratio:   50.30
      Required ratio:    0.00 (Gate area) 
      Cumulative area ratio:   52.27
      Required ratio:    0.00 (Cumulative area) 
      Partial area ratio:  272.41
      Required ratio:  400.00 (Side area) 
      Cumulative area ratio:  281.83
      Required ratio:    0.00 (Cumulative side area) 


  Pin:   fanout480/A (gf180mcu_as_sc_mcu7t3v3__buff_2)
    Layer: Via1
      Partial area ratio:    0.10
      Required ratio:   20.00 (Gate area) 
      Cumulative area ratio:    0.10
      Required ratio:    0.00 (Cumulative area) 

    Layer: Metal2
      Partial area ratio:    2.64
      Required ratio:    0.00 (Gate area) 
      Cumulative area ratio:    2.64
      Required ratio:    0.00 (Cumulative area) 
      Partial area ratio:   10.64
      Required ratio:  400.00 (Side area) 
      Cumulative area ratio:   10.64
      Required ratio:    0.00 (Cumulative side area) 

    Layer: Via2
      Partial area ratio:    0.20
      Required ratio:   20.00 (Gate area) 
      Cumulative area ratio:    0.30
      Required ratio:    0.00 (Cumulative area) 

    Layer: Metal3
      Partial area ratio:   13.76
      Required ratio:    0.00 (Gate area) 
      Cumulative area ratio:   16.40
      Required ratio:    0.00 (Cumulative area) 
      Partial area ratio:   53.35
      Required ratio:  400.00 (Side area) 
      Cumulative area ratio:   64.00
      Required ratio:    0.00 (Cumulative side area) 

    Layer: Via3
      Partial area ratio:    0.03
      Required ratio:    0.00 (Gate area) 
      Cumulative area ratio:    0.34
      Required ratio:    0.00 (Cumulative area) 

    Layer: Metal4
      Partial area ratio:    5.29
      Required ratio:    0.00 (Gate area) 
      Cumulative area ratio:   21.69
      Required ratio:    0.00 (Cumulative area) 
      Partial area ratio:   20.46
      Required ratio:  400.00 (Side area) 
      Cumulative area ratio:   84.46
      Required ratio:    0.00 (Cumulative side area) 

    Layer: Via4
      Partial area ratio:    0.03
      Required ratio:    0.00 (Gate area) 
      Cumulative area ratio:    0.37
      Required ratio:    0.00 (Cumulative area) 

    Layer: Metal5
      Partial area ratio:   50.30
      Required ratio:    0.00 (Gate area) 
      Cumulative area ratio:   71.99
      Required ratio:    0.00 (Cumulative area) 
      Partial area ratio:  272.41
      Required ratio:  400.00 (Side area) 
      Cumulative area ratio:  356.87
      Required ratio:    0.00 (Cumulative side area) 


  Pin:   fanout481/A (gf180mcu_as_sc_mcu7t3v3__buff_2)
    Layer: Via1
      Partial area ratio:    0.10
      Required ratio:   20.00 (Gate area) 
      Cumulative area ratio:    0.10
      Required ratio:    0.00 (Cumulative area) 

    Layer: Metal2
      Partial area ratio:    1.26
      Required ratio:    0.00 (Gate area) 
      Cumulative area ratio:    1.26
      Required ratio:    0.00 (Cumulative area) 
      Partial area ratio:    5.30
      Required ratio:  400.00 (Side area) 
      Cumulative area ratio:    5.30
      Required ratio:    0.00 (Cumulative side area) 

    Layer: Via2
      Partial area ratio:    0.20
      Required ratio:   20.00 (Gate area) 
      Cumulative area ratio:    0.30
      Required ratio:    0.00 (Cumulative area) 

    Layer: Metal3
      Partial area ratio:   39.14
      Required ratio:    0.00 (Gate area) 
      Cumulative area ratio:   40.40
      Required ratio:    0.00 (Cumulative area) 
      Partial area ratio:  151.89
      Required ratio:  400.00 (Side area) 
      Cumulative area ratio:  157.19
      Required ratio:    0.00 (Cumulative side area) 

    Layer: Via3
      Partial area ratio:    0.20
      Required ratio:   20.00 (Gate area) 
      Cumulative area ratio:    0.51
      Required ratio:    0.00 (Cumulative area) 

    Layer: Metal4
      Partial area ratio:  166.29
      Required ratio:    0.00 (Gate area) 
      Cumulative area ratio:  206.69
      Required ratio:    0.00 (Cumulative area) 
      Partial area ratio:  642.30
      Required ratio:  400.00 (Side area) (VIOLATED)
      Cumulative area ratio:  799.49
      Required ratio:    0.00 (Cumulative side area) 

    Layer: Via4
      Partial area ratio:    0.20
      Required ratio:   20.00 (Gate area) 
      Cumulative area ratio:    0.71
      Required ratio:    0.00 (Cumulative area) 

    Layer: Metal5
      Partial area ratio:   50.30
      Required ratio:    0.00 (Gate area) 
      Cumulative area ratio:  256.99
      Required ratio:    0.00 (Cumulative area) 
      Partial area ratio:  272.41
      Required ratio:  400.00 (Side area) 
      Cumulative area ratio: 1071.90
      Required ratio:    0.00 (Cumulative side area) 



Net: net770
  Pin:   _10894_/A (gf180mcu_as_sc_mcu7t3v3__and2_2)
    Layer: Via1
      Partial area ratio:    0.10
      Required ratio:   20.00 (Gate area) 
      Cumulative area ratio:    0.10
      Required ratio:    0.00 (Cumulative area) 

    Layer: Metal2
      Partial area ratio:    1.91
      Required ratio:    0.00 (Gate area) 
      Cumulative area ratio:    1.91
      Required ratio:    0.00 (Cumulative area) 
      Partial area ratio:    7.38
      Required ratio:  400.00 (Side area) 
      Cumulative area ratio:    7.38
      Required ratio:    0.00 (Cumulative side area) 

    Layer: Via2
      Partial area ratio:    0.30
      Required ratio:    0.00 (Gate area) 
      Cumulative area ratio:    0.41
      Required ratio:    0.00 (Cumulative area) 

    Layer: Metal3
      Partial area ratio:    0.20
      Required ratio:    0.00 (Gate area) 
      Cumulative area ratio:    2.11
      Required ratio:    0.00 (Cumulative area) 
      Partial area ratio:    0.85
      Required ratio:  400.00 (Side area) 
      Cumulative area ratio:    8.23
      Required ratio:    0.00 (Cumulative side area) 

    Layer: Via3
      Partial area ratio:    0.10
      Required ratio:    0.00 (Gate area) 
      Cumulative area ratio:    0.51
      Required ratio:    0.00 (Cumulative area) 

    Layer: Metal4
      Partial area ratio:   18.96
      Required ratio:    0.00 (Gate area) 
      Cumulative area ratio:   21.07
      Required ratio:    0.00 (Cumulative area) 
      Partial area ratio:   73.20
      Required ratio:  400.00 (Side area) 
      Cumulative area ratio:   81.43
      Required ratio:    0.00 (Cumulative side area) 


  Pin:   _10932_/A (gf180mcu_as_sc_mcu7t3v3__mux2_2)
    Layer: Metal1
      Partial area ratio:    0.01
      Required ratio:    0.00 (Gate area) 
      Cumulative area ratio:    0.01
      Required ratio:    0.00 (Cumulative area) 
      Partial area ratio:    0.88
      Required ratio:  400.00 (Side area) 
      Cumulative area ratio:    0.88
      Required ratio:    0.00 (Cumulative side area) 

    Layer: Via1
      Partial area ratio:    0.10
      Required ratio:   20.00 (Gate area) 
      Cumulative area ratio:    0.10
      Required ratio:    0.00 (Cumulative area) 

    Layer: Metal2
      Partial area ratio:    1.13
      Required ratio:    0.00 (Gate area) 
      Cumulative area ratio:    1.14
      Required ratio:    0.00 (Cumulative area) 
      Partial area ratio:    4.81
      Required ratio:  400.00 (Side area) 
      Cumulative area ratio:    5.68
      Required ratio:    0.00 (Cumulative side area) 

    Layer: Via2
      Partial area ratio:    0.20
      Required ratio:   20.00 (Gate area) 
      Cumulative area ratio:    0.30
      Required ratio:    0.00 (Cumulative area) 

    Layer: Metal3
      Partial area ratio:    0.32
      Required ratio:    0.00 (Gate area) 
      Cumulative area ratio:    1.46
      Required ratio:    0.00 (Cumulative area) 
      Partial area ratio:    2.14
      Required ratio:  400.00 (Side area) 
      Cumulative area ratio:    7.82
      Required ratio:    0.00 (Cumulative side area) 

    Layer: Via3
      Partial area ratio:    0.10
      Required ratio:   20.00 (Gate area) 
      Cumulative area ratio:    0.41
      Required ratio:    0.00 (Cumulative area) 

    Layer: Metal4
      Partial area ratio:   18.96
      Required ratio:    0.00 (Gate area) 
      Cumulative area ratio:   20.42
      Required ratio:    0.00 (Cumulative area) 
      Partial area ratio:   73.20
      Required ratio:  400.00 (Side area) 
      Cumulative area ratio:   81.02
      Required ratio:    0.00 (Cumulative side area) 


  Pin:   _10942_/A (gf180mcu_as_sc_mcu7t3v3__mux2_2)
    Layer: Metal1
      Partial area ratio:    0.01
      Required ratio:    0.00 (Gate area) 
      Cumulative area ratio:    0.01
      Required ratio:    0.00 (Cumulative area) 
      Partial area ratio:    0.88
      Required ratio:  400.00 (Side area) 
      Cumulative area ratio:    0.88
      Required ratio:    0.00 (Cumulative side area) 

    Layer: Via1
      Partial area ratio:    0.10
      Required ratio:   20.00 (Gate area) 
      Cumulative area ratio:    0.10
      Required ratio:    0.00 (Cumulative area) 

    Layer: Metal2
      Partial area ratio:    1.13
      Required ratio:    0.00 (Gate area) 
      Cumulative area ratio:    1.14
      Required ratio:    0.00 (Cumulative area) 
      Partial area ratio:    4.81
      Required ratio:  400.00 (Side area) 
      Cumulative area ratio:    5.68
      Required ratio:    0.00 (Cumulative side area) 

    Layer: Via2
      Partial area ratio:    0.20
      Required ratio:   20.00 (Gate area) 
      Cumulative area ratio:    0.30
      Required ratio:    0.00 (Cumulative area) 

    Layer: Metal3
      Partial area ratio:    0.32
      Required ratio:    0.00 (Gate area) 
      Cumulative area ratio:    1.46
      Required ratio:    0.00 (Cumulative area) 
      Partial area ratio:    2.14
      Required ratio:  400.00 (Side area) 
      Cumulative area ratio:    7.82
      Required ratio:    0.00 (Cumulative side area) 

    Layer: Via3
      Partial area ratio:    0.10
      Required ratio:   20.00 (Gate area) 
      Cumulative area ratio:    0.41
      Required ratio:    0.00 (Cumulative area) 

    Layer: Metal4
      Partial area ratio:   18.96
      Required ratio:    0.00 (Gate area) 
      Cumulative area ratio:   20.42
      Required ratio:    0.00 (Cumulative area) 
      Partial area ratio:   73.20
      Required ratio:  400.00 (Side area) 
      Cumulative area ratio:   81.02
      Required ratio:    0.00 (Cumulative side area) 


  Pin:   _10951_/B (gf180mcu_as_sc_mcu7t3v3__mux2_2)
    Layer: Metal1
      Partial area ratio:    0.02
      Required ratio:    0.00 (Gate area) 
      Cumulative area ratio:    0.02
      Required ratio:    0.00 (Cumulative area) 
      Partial area ratio:    0.92
      Required ratio:  400.00 (Side area) 
      Cumulative area ratio:    0.92
      Required ratio:    0.00 (Cumulative side area) 

    Layer: Via1
      Partial area ratio:    0.10
      Required ratio:   20.00 (Gate area) 
      Cumulative area ratio:    0.10
      Required ratio:    0.00 (Cumulative area) 

    Layer: Metal2
      Partial area ratio:    2.26
      Required ratio:    0.00 (Gate area) 
      Cumulative area ratio:    2.28
      Required ratio:    0.00 (Cumulative area) 
      Partial area ratio:    9.18
      Required ratio:  400.00 (Side area) 
      Cumulative area ratio:   10.09
      Required ratio:    0.00 (Cumulative side area) 

    Layer: Via2
      Partial area ratio:    0.20
      Required ratio:   20.00 (Gate area) 
      Cumulative area ratio:    0.30
      Required ratio:    0.00 (Cumulative area) 

    Layer: Metal3
      Partial area ratio:  183.85
      Required ratio:    0.00 (Gate area) 
      Cumulative area ratio:  186.13
      Required ratio:    0.00 (Cumulative area) 
      Partial area ratio:  710.04
      Required ratio:  400.00 (Side area) (VIOLATED)
      Cumulative area ratio:  720.13
      Required ratio:    0.00 (Cumulative side area) 

    Layer: Via3
      Partial area ratio:    0.30
      Required ratio:   20.00 (Gate area) 
      Cumulative area ratio:    0.61
      Required ratio:    0.00 (Cumulative area) 

    Layer: Metal4
      Partial area ratio:   18.96
      Required ratio:    0.00 (Gate area) 
      Cumulative area ratio:  205.09
      Required ratio:    0.00 (Cumulative area) 
      Partial area ratio:   73.20
      Required ratio:  400.00 (Side area) 
      Cumulative area ratio:  793.33
      Required ratio:    0.00 (Cumulative side area) 


  Pin:   _10974_/A (gf180mcu_as_sc_mcu7t3v3__mux2_2)
    Layer: Metal1
      Partial area ratio:    0.01
      Required ratio:    0.00 (Gate area) 
      Cumulative area ratio:    0.01
      Required ratio:    0.00 (Cumulative area) 
      Partial area ratio:    0.88
      Required ratio:  400.00 (Side area) 
      Cumulative area ratio:    0.88
      Required ratio:    0.00 (Cumulative side area) 

    Layer: Via1
      Partial area ratio:    0.10
      Required ratio:   20.00 (Gate area) 
      Cumulative area ratio:    0.10
      Required ratio:    0.00 (Cumulative area) 

    Layer: Metal2
      Partial area ratio:    1.39
      Required ratio:    0.00 (Gate area) 
      Cumulative area ratio:    1.40
      Required ratio:    0.00 (Cumulative area) 
      Partial area ratio:    5.83
      Required ratio:  400.00 (Side area) 
      Cumulative area ratio:    6.70
      Required ratio:    0.00 (Cumulative side area) 

    Layer: Via2
      Partial area ratio:    0.20
      Required ratio:   20.00 (Gate area) 
      Cumulative area ratio:    0.30
      Required ratio:    0.00 (Cumulative area) 

    Layer: Metal3
      Partial area ratio:    0.32
      Required ratio:    0.00 (Gate area) 
      Cumulative area ratio:    1.72
      Required ratio:    0.00 (Cumulative area) 
      Partial area ratio:    2.14
      Required ratio:  400.00 (Side area) 
      Cumulative area ratio:    8.84
      Required ratio:    0.00 (Cumulative side area) 

    Layer: Via3
      Partial area ratio:    0.10
      Required ratio:   20.00 (Gate area) 
      Cumulative area ratio:    0.41
      Required ratio:    0.00 (Cumulative area) 

    Layer: Metal4
      Partial area ratio:   18.96
      Required ratio:    0.00 (Gate area) 
      Cumulative area ratio:   20.68
      Required ratio:    0.00 (Cumulative area) 
      Partial area ratio:   73.20
      Required ratio:  400.00 (Side area) 
      Cumulative area ratio:   82.04
      Required ratio:    0.00 (Cumulative side area) 



Net: net772
  Pin:   _10920_/A (gf180mcu_as_sc_mcu7t3v3__mux2_2)
    Layer: Metal1
      Partial area ratio:    0.01
      Required ratio:    0.00 (Gate area) 
      Cumulative area ratio:    0.01
      Required ratio:    0.00 (Cumulative area) 
      Partial area ratio:    0.88
      Required ratio:  400.00 (Side area) 
      Cumulative area ratio:    0.88
      Required ratio:    0.00 (Cumulative side area) 

    Layer: Via1
      Partial area ratio:    0.10
      Required ratio:   20.00 (Gate area) 
      Cumulative area ratio:    0.10
      Required ratio:    0.00 (Cumulative area) 

    Layer: Metal2
      Partial area ratio:    0.71
      Required ratio:    0.00 (Gate area) 
      Cumulative area ratio:    0.72
      Required ratio:    0.00 (Cumulative area) 
      Partial area ratio:    3.14
      Required ratio:  400.00 (Side area) 
      Cumulative area ratio:    4.01
      Required ratio:    0.00 (Cumulative side area) 

    Layer: Via2
      Partial area ratio:    0.14
      Required ratio:   20.00 (Gate area) 
      Cumulative area ratio:    0.24
      Required ratio:    0.00 (Cumulative area) 

    Layer: Metal3
      Partial area ratio:   14.33
      Required ratio:    0.00 (Gate area) 
      Cumulative area ratio:   15.05
      Required ratio:    0.00 (Cumulative area) 
      Partial area ratio:   55.68
      Required ratio:  400.00 (Side area) 
      Cumulative area ratio:   59.69
      Required ratio:    0.00 (Cumulative side area) 

    Layer: Via3
      Partial area ratio:    0.10
      Required ratio:   20.00 (Gate area) 
      Cumulative area ratio:    0.34
      Required ratio:    0.00 (Cumulative area) 

    Layer: Metal4
      Partial area ratio:  159.03
      Required ratio:    0.00 (Gate area) 
      Cumulative area ratio:  174.07
      Required ratio:    0.00 (Cumulative area) 
      Partial area ratio:  613.84
      Required ratio:  400.00 (Side area) (VIOLATED)
      Cumulative area ratio:  673.53
      Required ratio:    0.00 (Cumulative side area) 

    Layer: Via4
      Partial area ratio:    0.10
      Required ratio:   20.00 (Gate area) 
      Cumulative area ratio:    0.44
      Required ratio:    0.00 (Cumulative area) 

    Layer: Metal5
      Partial area ratio:   22.83
      Required ratio:    0.00 (Gate area) 
      Cumulative area ratio:  196.91
      Required ratio:    0.00 (Cumulative area) 
      Partial area ratio:  123.65
      Required ratio:  400.00 (Side area) 
      Cumulative area ratio:  797.18
      Required ratio:    0.00 (Cumulative side area) 


  Pin:   _10941_/A (gf180mcu_as_sc_mcu7t3v3__mux2_2)
    Layer: Metal1
      Partial area ratio:    0.03
      Required ratio:    0.00 (Gate area) 
      Cumulative area ratio:    0.03
      Required ratio:    0.00 (Cumulative area) 
      Partial area ratio:    0.53
      Required ratio:  400.00 (Side area) 
      Cumulative area ratio:    0.53
      Required ratio:    0.00 (Cumulative side area) 

    Layer: Via1
      Partial area ratio:    0.10
      Required ratio:   20.00 (Gate area) 
      Cumulative area ratio:    0.10
      Required ratio:    0.00 (Cumulative area) 

    Layer: Metal2
      Partial area ratio:    3.73
      Required ratio:    0.00 (Gate area) 
      Cumulative area ratio:    3.76
      Required ratio:    0.00 (Cumulative area) 
      Partial area ratio:   14.85
      Required ratio:  400.00 (Side area) 
      Cumulative area ratio:   15.38
      Required ratio:    0.00 (Cumulative side area) 

    Layer: Via2
      Partial area ratio:    0.20
      Required ratio:   20.00 (Gate area) 
      Cumulative area ratio:    0.30
      Required ratio:    0.00 (Cumulative area) 

    Layer: Metal3
      Partial area ratio:    3.85
      Required ratio:    0.00 (Gate area) 
      Cumulative area ratio:    7.61
      Required ratio:    0.00 (Cumulative area) 
      Partial area ratio:   15.75
      Required ratio:  400.00 (Side area) 
      Cumulative area ratio:   31.13
      Required ratio:    0.00 (Cumulative side area) 

    Layer: Via3
      Partial area ratio:    0.10
      Required ratio:   20.00 (Gate area) 
      Cumulative area ratio:    0.41
      Required ratio:    0.00 (Cumulative area) 

    Layer: Metal4
      Partial area ratio:   79.59
      Required ratio:    0.00 (Gate area) 
      Cumulative area ratio:   87.20
      Required ratio:    0.00 (Cumulative area) 
      Partial area ratio:  307.45
      Required ratio:  400.00 (Side area) 
      Cumulative area ratio:  338.59
      Required ratio:    0.00 (Cumulative side area) 

    Layer: Via4
      Partial area ratio:    0.05
      Required ratio:   20.00 (Gate area) 
      Cumulative area ratio:    0.46
      Required ratio:    0.00 (Cumulative area) 

    Layer: Metal5
      Partial area ratio:   22.83
      Required ratio:    0.00 (Gate area) 
      Cumulative area ratio:  110.03
      Required ratio:    0.00 (Cumulative area) 
      Partial area ratio:  123.65
      Required ratio:  400.00 (Side area) 
      Cumulative area ratio:  462.24
      Required ratio:    0.00 (Cumulative side area) 


  Pin:   _10950_/B (gf180mcu_as_sc_mcu7t3v3__mux2_2)
    Layer: Metal1
      Partial area ratio:    0.02
      Required ratio:    0.00 (Gate area) 
      Cumulative area ratio:    0.02
      Required ratio:    0.00 (Cumulative area) 
      Partial area ratio:    0.92
      Required ratio:  400.00 (Side area) 
      Cumulative area ratio:    0.92
      Required ratio:    0.00 (Cumulative side area) 

    Layer: Via1
      Partial area ratio:    0.10
      Required ratio:   20.00 (Gate area) 
      Cumulative area ratio:    0.10
      Required ratio:    0.00 (Cumulative area) 

    Layer: Metal2
      Partial area ratio:    2.03
      Required ratio:    0.00 (Gate area) 
      Cumulative area ratio:    2.04
      Required ratio:    0.00 (Cumulative area) 
      Partial area ratio:    8.27
      Required ratio:  400.00 (Side area) 
      Cumulative area ratio:    9.19
      Required ratio:    0.00 (Cumulative side area) 

    Layer: Via2
      Partial area ratio:    0.20
      Required ratio:   20.00 (Gate area) 
      Cumulative area ratio:    0.30
      Required ratio:    0.00 (Cumulative area) 

    Layer: Metal3
      Partial area ratio:    3.85
      Required ratio:    0.00 (Gate area) 
      Cumulative area ratio:    5.89
      Required ratio:    0.00 (Cumulative area) 
      Partial area ratio:   15.75
      Required ratio:  400.00 (Side area) 
      Cumulative area ratio:   24.94
      Required ratio:    0.00 (Cumulative side area) 

    Layer: Via3
      Partial area ratio:    0.20
      Required ratio:   20.00 (Gate area) 
      Cumulative area ratio:    0.51
      Required ratio:    0.00 (Cumulative area) 

    Layer: Metal4
      Partial area ratio:   79.59
      Required ratio:    0.00 (Gate area) 
      Cumulative area ratio:   85.48
      Required ratio:    0.00 (Cumulative area) 
      Partial area ratio:  307.45
      Required ratio:  400.00 (Side area) 
      Cumulative area ratio:  332.39
      Required ratio:    0.00 (Cumulative side area) 

    Layer: Via4
      Partial area ratio:    0.05
      Required ratio:   20.00 (Gate area) 
      Cumulative area ratio:    0.56
      Required ratio:    0.00 (Cumulative area) 

    Layer: Metal5
      Partial area ratio:   22.83
      Required ratio:    0.00 (Gate area) 
      Cumulative area ratio:  108.32
      Required ratio:    0.00 (Cumulative area) 
      Partial area ratio:  123.65
      Required ratio:  400.00 (Side area) 
      Cumulative area ratio:  456.04
      Required ratio:    0.00 (Cumulative side area) 


  Pin:   _10973_/A (gf180mcu_as_sc_mcu7t3v3__mux2_2)
    Layer: Metal1
      Partial area ratio:    0.01
      Required ratio:    0.00 (Gate area) 
      Cumulative area ratio:    0.01
      Required ratio:    0.00 (Cumulative area) 
      Partial area ratio:    0.88
      Required ratio:  400.00 (Side area) 
      Cumulative area ratio:    0.88
      Required ratio:    0.00 (Cumulative side area) 

    Layer: Via1
      Partial area ratio:    0.10
      Required ratio:   20.00 (Gate area) 
      Cumulative area ratio:    0.10
      Required ratio:    0.00 (Cumulative area) 

    Layer: Metal2
      Partial area ratio:    1.86
      Required ratio:    0.00 (Gate area) 
      Cumulative area ratio:    1.87
      Required ratio:    0.00 (Cumulative area) 
      Partial area ratio:    7.64
      Required ratio:  400.00 (Side area) 
      Cumulative area ratio:    8.52
      Required ratio:    0.00 (Cumulative side area) 

    Layer: Via2
      Partial area ratio:    0.20
      Required ratio:   20.00 (Gate area) 
      Cumulative area ratio:    0.30
      Required ratio:    0.00 (Cumulative area) 

    Layer: Metal3
      Partial area ratio:    3.85
      Required ratio:    0.00 (Gate area) 
      Cumulative area ratio:    5.72
      Required ratio:    0.00 (Cumulative area) 
      Partial area ratio:   15.75
      Required ratio:  400.00 (Side area) 
      Cumulative area ratio:   24.27
      Required ratio:    0.00 (Cumulative side area) 

    Layer: Via3
      Partial area ratio:    0.20
      Required ratio:   20.00 (Gate area) 
      Cumulative area ratio:    0.51
      Required ratio:    0.00 (Cumulative area) 

    Layer: Metal4
      Partial area ratio:    7.84
      Required ratio:    0.00 (Gate area) 
      Cumulative area ratio:   13.56
      Required ratio:    0.00 (Cumulative area) 
      Partial area ratio:   30.29
      Required ratio:  400.00 (Side area) 
      Cumulative area ratio:   54.56
      Required ratio:    0.00 (Cumulative side area) 

    Layer: Via4
      Partial area ratio:    0.20
      Required ratio:    0.00 (Gate area) 
      Cumulative area ratio:    0.71
      Required ratio:    0.00 (Cumulative area) 

    Layer: Metal5
      Partial area ratio:   22.83
      Required ratio:    0.00 (Gate area) 
      Cumulative area ratio:   36.40
      Required ratio:    0.00 (Cumulative area) 
      Partial area ratio:  123.65
      Required ratio:  400.00 (Side area) 
      Cumulative area ratio:  178.21
      Required ratio:    0.00 (Cumulative side area) 



Net: net778
  Pin:   _10928_/A (gf180mcu_as_sc_mcu7t3v3__mux2_2)
    Layer: Metal1
      Partial area ratio:    0.01
      Required ratio:    0.00 (Gate area) 
      Cumulative area ratio:    0.01
      Required ratio:    0.00 (Cumulative area) 
      Partial area ratio:    0.88
      Required ratio:  400.00 (Side area) 
      Cumulative area ratio:    0.88
      Required ratio:    0.00 (Cumulative side area) 

    Layer: Via1
      Partial area ratio:    0.10
      Required ratio:   20.00 (Gate area) 
      Cumulative area ratio:    0.10
      Required ratio:    0.00 (Cumulative area) 

    Layer: Metal2
      Partial area ratio:    3.96
      Required ratio:    0.00 (Gate area) 
      Cumulative area ratio:    3.96
      Required ratio:    0.00 (Cumulative area) 
      Partial area ratio:   15.66
      Required ratio:  400.00 (Side area) 
      Cumulative area ratio:   16.53
      Required ratio:    0.00 (Cumulative side area) 

    Layer: Via2
      Partial area ratio:    0.24
      Required ratio:   20.00 (Gate area) 
      Cumulative area ratio:    0.34
      Required ratio:    0.00 (Cumulative area) 

    Layer: Metal3
      Partial area ratio:  123.90
      Required ratio:    0.00 (Gate area) 
      Cumulative area ratio:  127.87
      Required ratio:    0.00 (Cumulative area) 
      Partial area ratio:  478.76
      Required ratio:  400.00 (Side area) (VIOLATED)
      Cumulative area ratio:  495.29
      Required ratio:    0.00 (Cumulative side area) 

    Layer: Via3
      Partial area ratio:    0.20
      Required ratio:   20.00 (Gate area) 
      Cumulative area ratio:    0.54
      Required ratio:    0.00 (Cumulative area) 

    Layer: Metal4
      Partial area ratio:   15.67
      Required ratio:    0.00 (Gate area) 
      Cumulative area ratio:  143.53
      Required ratio:    0.00 (Cumulative area) 
      Partial area ratio:   60.50
      Required ratio:  400.00 (Side area) 
      Cumulative area ratio:  555.79
      Required ratio:    0.00 (Cumulative side area) 

    Layer: Via4
      Partial area ratio:    0.03
      Required ratio:    0.00 (Gate area) 
      Cumulative area ratio:    0.58
      Required ratio:    0.00 (Cumulative area) 

    Layer: Metal5
      Partial area ratio:    1.09
      Required ratio:    0.00 (Gate area) 
      Cumulative area ratio:  144.62
      Required ratio:    0.00 (Cumulative area) 
      Partial area ratio:    5.97
      Required ratio:  400.00 (Side area) 
      Cumulative area ratio:  561.76
      Required ratio:    0.00 (Cumulative side area) 


  Pin:   _10938_/A (gf180mcu_as_sc_mcu7t3v3__mux2_2)
    Layer: Metal1
      Partial area ratio:    0.01
      Required ratio:    0.00 (Gate area) 
      Cumulative area ratio:    0.01
      Required ratio:    0.00 (Cumulative area) 
      Partial area ratio:    0.88
      Required ratio:  400.00 (Side area) 
      Cumulative area ratio:    0.88
      Required ratio:    0.00 (Cumulative side area) 

    Layer: Via1
      Partial area ratio:    0.10
      Required ratio:   20.00 (Gate area) 
      Cumulative area ratio:    0.10
      Required ratio:    0.00 (Cumulative area) 

    Layer: Metal2
      Partial area ratio:    0.66
      Required ratio:    0.00 (Gate area) 
      Cumulative area ratio:    0.67
      Required ratio:    0.00 (Cumulative area) 
      Partial area ratio:    2.94
      Required ratio:  400.00 (Side area) 
      Cumulative area ratio:    3.82
      Required ratio:    0.00 (Cumulative side area) 

    Layer: Via2
      Partial area ratio:    0.14
      Required ratio:   20.00 (Gate area) 
      Cumulative area ratio:    0.24
      Required ratio:    0.00 (Cumulative area) 

    Layer: Metal3
      Partial area ratio:    0.21
      Required ratio:    0.00 (Gate area) 
      Cumulative area ratio:    0.88
      Required ratio:    0.00 (Cumulative area) 
      Partial area ratio:    1.22
      Required ratio:  400.00 (Side area) 
      Cumulative area ratio:    5.04
      Required ratio:    0.00 (Cumulative side area) 

    Layer: Via3
      Partial area ratio:    0.10
      Required ratio:   20.00 (Gate area) 
      Cumulative area ratio:    0.34
      Required ratio:    0.00 (Cumulative area) 

    Layer: Metal4
      Partial area ratio:    0.16
      Required ratio:    0.00 (Gate area) 
      Cumulative area ratio:    1.04
      Required ratio:    0.00 (Cumulative area) 
      Partial area ratio:    1.07
      Required ratio:  400.00 (Side area) 
      Cumulative area ratio:    6.11
      Required ratio:    0.00 (Cumulative side area) 

    Layer: Via4
      Partial area ratio:    0.10
      Required ratio:   20.00 (Gate area) 
      Cumulative area ratio:    0.44
      Required ratio:    0.00 (Cumulative area) 

    Layer: Metal5
      Partial area ratio:    1.09
      Required ratio:    0.00 (Gate area) 
      Cumulative area ratio:    2.13
      Required ratio:    0.00 (Cumulative area) 
      Partial area ratio:    5.97
      Required ratio:  400.00 (Side area) 
      Cumulative area ratio:   12.08
      Required ratio:    0.00 (Cumulative side area) 


  Pin:   _10947_/B (gf180mcu_as_sc_mcu7t3v3__mux2_2)
    Layer: Metal1
      Partial area ratio:    0.02
      Required ratio:    0.00 (Gate area) 
      Cumulative area ratio:    0.02
      Required ratio:    0.00 (Cumulative area) 
      Partial area ratio:    0.92
      Required ratio:  400.00 (Side area) 
      Cumulative area ratio:    0.92
      Required ratio:    0.00 (Cumulative side area) 

    Layer: Via1
      Partial area ratio:    0.10
      Required ratio:   20.00 (Gate area) 
      Cumulative area ratio:    0.10
      Required ratio:    0.00 (Cumulative area) 

    Layer: Metal2
      Partial area ratio:    2.22
      Required ratio:    0.00 (Gate area) 
      Cumulative area ratio:    2.24
      Required ratio:    0.00 (Cumulative area) 
      Partial area ratio:    9.02
      Required ratio:  400.00 (Side area) 
      Cumulative area ratio:    9.94
      Required ratio:    0.00 (Cumulative side area) 

    Layer: Via2
      Partial area ratio:    0.20
      Required ratio:   20.00 (Gate area) 
      Cumulative area ratio:    0.30
      Required ratio:    0.00 (Cumulative area) 

    Layer: Metal3
      Partial area ratio:   72.67
      Required ratio:    0.00 (Gate area) 
      Cumulative area ratio:   74.91
      Required ratio:    0.00 (Cumulative area) 
      Partial area ratio:  281.21
      Required ratio:  400.00 (Side area) 
      Cumulative area ratio:  291.15
      Required ratio:    0.00 (Cumulative side area) 

    Layer: Via3
      Partial area ratio:    0.10
      Required ratio:   20.00 (Gate area) 
      Cumulative area ratio:    0.41
      Required ratio:    0.00 (Cumulative area) 

    Layer: Metal4
      Partial area ratio:   15.67
      Required ratio:    0.00 (Gate area) 
      Cumulative area ratio:   90.58
      Required ratio:    0.00 (Cumulative area) 
      Partial area ratio:   60.50
      Required ratio:  400.00 (Side area) 
      Cumulative area ratio:  351.65
      Required ratio:    0.00 (Cumulative side area) 

    Layer: Via4
      Partial area ratio:    0.03
      Required ratio:    0.00 (Gate area) 
      Cumulative area ratio:    0.44
      Required ratio:    0.00 (Cumulative area) 

    Layer: Metal5
      Partial area ratio:    1.09
      Required ratio:    0.00 (Gate area) 
      Cumulative area ratio:   91.67
      Required ratio:    0.00 (Cumulative area) 
      Partial area ratio:    5.97
      Required ratio:  400.00 (Side area) 
      Cumulative area ratio:  357.62
      Required ratio:    0.00 (Cumulative side area) 


  Pin:   _10970_/A (gf180mcu_as_sc_mcu7t3v3__mux2_2)
    Layer: Metal1
      Partial area ratio:    0.01
      Required ratio:    0.00 (Gate area) 
      Cumulative area ratio:    0.01
      Required ratio:    0.00 (Cumulative area) 
      Partial area ratio:    0.88
      Required ratio:  400.00 (Side area) 
      Cumulative area ratio:    0.88
      Required ratio:    0.00 (Cumulative side area) 

    Layer: Via1
      Partial area ratio:    0.10
      Required ratio:   20.00 (Gate area) 
      Cumulative area ratio:    0.10
      Required ratio:    0.00 (Cumulative area) 

    Layer: Metal2
      Partial area ratio:    4.22
      Required ratio:    0.00 (Gate area) 
      Cumulative area ratio:    4.23
      Required ratio:    0.00 (Cumulative area) 
      Partial area ratio:   16.73
      Required ratio:  400.00 (Side area) 
      Cumulative area ratio:   17.60
      Required ratio:    0.00 (Cumulative side area) 

    Layer: Via2
      Partial area ratio:    0.30
      Required ratio:   20.00 (Gate area) 
      Cumulative area ratio:    0.41
      Required ratio:    0.00 (Cumulative area) 

    Layer: Metal3
      Partial area ratio:   72.67
      Required ratio:    0.00 (Gate area) 
      Cumulative area ratio:   76.90
      Required ratio:    0.00 (Cumulative area) 
      Partial area ratio:  281.21
      Required ratio:  400.00 (Side area) 
      Cumulative area ratio:  298.82
      Required ratio:    0.00 (Cumulative side area) 

    Layer: Via3
      Partial area ratio:    0.10
      Required ratio:   20.00 (Gate area) 
      Cumulative area ratio:    0.51
      Required ratio:    0.00 (Cumulative area) 

    Layer: Metal4
      Partial area ratio:   15.67
      Required ratio:    0.00 (Gate area) 
      Cumulative area ratio:   92.56
      Required ratio:    0.00 (Cumulative area) 
      Partial area ratio:   60.50
      Required ratio:  400.00 (Side area) 
      Cumulative area ratio:  359.31
      Required ratio:    0.00 (Cumulative side area) 

    Layer: Via4
      Partial area ratio:    0.03
      Required ratio:    0.00 (Gate area) 
      Cumulative area ratio:    0.54
      Required ratio:    0.00 (Cumulative area) 

    Layer: Metal5
      Partial area ratio:    1.09
      Required ratio:    0.00 (Gate area) 
      Cumulative area ratio:   93.65
      Required ratio:    0.00 (Cumulative area) 
      Partial area ratio:    5.97
      Required ratio:  400.00 (Side area) 
      Cumulative area ratio:  365.28
      Required ratio:    0.00 (Cumulative side area) 



Net: net780
  Pin:   _10916_/A (gf180mcu_as_sc_mcu7t3v3__mux2_2)
    Layer: Metal1
      Partial area ratio:    0.01
      Required ratio:    0.00 (Gate area) 
      Cumulative area ratio:    0.01
      Required ratio:    0.00 (Cumulative area) 
      Partial area ratio:    0.88
      Required ratio:  400.00 (Side area) 
      Cumulative area ratio:    0.88
      Required ratio:    0.00 (Cumulative side area) 

    Layer: Via1
      Partial area ratio:    0.10
      Required ratio:   20.00 (Gate area) 
      Cumulative area ratio:    0.10
      Required ratio:    0.00 (Cumulative area) 

    Layer: Metal2
      Partial area ratio:    8.23
      Required ratio:    0.00 (Gate area) 
      Cumulative area ratio:    8.23
      Required ratio:    0.00 (Cumulative area) 
      Partial area ratio:   32.19
      Required ratio:  400.00 (Side area) 
      Cumulative area ratio:   33.06
      Required ratio:    0.00 (Cumulative side area) 

    Layer: Via2
      Partial area ratio:    0.20
      Required ratio:   20.00 (Gate area) 
      Cumulative area ratio:    0.30
      Required ratio:    0.00 (Cumulative area) 

    Layer: Metal3
      Partial area ratio:   88.55
      Required ratio:    0.00 (Gate area) 
      Cumulative area ratio:   96.79
      Required ratio:    0.00 (Cumulative area) 
      Partial area ratio:  342.48
      Required ratio:  400.00 (Side area) 
      Cumulative area ratio:  375.54
      Required ratio:    0.00 (Cumulative side area) 

    Layer: Via3
      Partial area ratio:    0.05
      Required ratio:   20.00 (Gate area) 
      Cumulative area ratio:    0.36
      Required ratio:    0.00 (Cumulative area) 

    Layer: Metal4
      Partial area ratio:   13.90
      Required ratio:    0.00 (Gate area) 
      Cumulative area ratio:  110.69
      Required ratio:    0.00 (Cumulative area) 
      Partial area ratio:   53.63
      Required ratio:  400.00 (Side area) 
      Cumulative area ratio:  429.16
      Required ratio:    0.00 (Cumulative side area) 

    Layer: Via4
      Partial area ratio:    0.03
      Required ratio:    0.00 (Gate area) 
      Cumulative area ratio:    0.39
      Required ratio:    0.00 (Cumulative area) 

    Layer: Metal5
      Partial area ratio:   11.64
      Required ratio:    0.00 (Gate area) 
      Cumulative area ratio:  122.32
      Required ratio:    0.00 (Cumulative area) 
      Partial area ratio:   63.01
      Required ratio:  400.00 (Side area) 
      Cumulative area ratio:  492.17
      Required ratio:    0.00 (Cumulative side area) 


  Pin:   _10927_/A (gf180mcu_as_sc_mcu7t3v3__mux2_2)
    Layer: Metal1
      Partial area ratio:    0.01
      Required ratio:    0.00 (Gate area) 
      Cumulative area ratio:    0.01
      Required ratio:    0.00 (Cumulative area) 
      Partial area ratio:    0.88
      Required ratio:  400.00 (Side area) 
      Cumulative area ratio:    0.88
      Required ratio:    0.00 (Cumulative side area) 

    Layer: Via1
      Partial area ratio:    0.10
      Required ratio:   20.00 (Gate area) 
      Cumulative area ratio:    0.10
      Required ratio:    0.00 (Cumulative area) 

    Layer: Metal2
      Partial area ratio:    7.56
      Required ratio:    0.00 (Gate area) 
      Cumulative area ratio:    7.57
      Required ratio:    0.00 (Cumulative area) 
      Partial area ratio:   29.63
      Required ratio:  400.00 (Side area) 
      Cumulative area ratio:   30.50
      Required ratio:    0.00 (Cumulative side area) 

    Layer: Via2
      Partial area ratio:    0.30
      Required ratio:   20.00 (Gate area) 
      Cumulative area ratio:    0.41
      Required ratio:    0.00 (Cumulative area) 

    Layer: Metal3
      Partial area ratio:   88.55
      Required ratio:    0.00 (Gate area) 
      Cumulative area ratio:   96.13
      Required ratio:    0.00 (Cumulative area) 
      Partial area ratio:  342.48
      Required ratio:  400.00 (Side area) 
      Cumulative area ratio:  372.98
      Required ratio:    0.00 (Cumulative side area) 

    Layer: Via3
      Partial area ratio:    0.05
      Required ratio:   20.00 (Gate area) 
      Cumulative area ratio:    0.46
      Required ratio:    0.00 (Cumulative area) 

    Layer: Metal4
      Partial area ratio:   13.90
      Required ratio:    0.00 (Gate area) 
      Cumulative area ratio:  110.02
      Required ratio:    0.00 (Cumulative area) 
      Partial area ratio:   53.63
      Required ratio:  400.00 (Side area) 
      Cumulative area ratio:  426.60
      Required ratio:    0.00 (Cumulative side area) 

    Layer: Via4
      Partial area ratio:    0.03
      Required ratio:    0.00 (Gate area) 
      Cumulative area ratio:    0.49
      Required ratio:    0.00 (Cumulative area) 

    Layer: Metal5
      Partial area ratio:   11.64
      Required ratio:    0.00 (Gate area) 
      Cumulative area ratio:  121.66
      Required ratio:    0.00 (Cumulative area) 
      Partial area ratio:   63.01
      Required ratio:  400.00 (Side area) 
      Cumulative area ratio:  489.61
      Required ratio:    0.00 (Cumulative side area) 


  Pin:   _10937_/A (gf180mcu_as_sc_mcu7t3v3__mux2_2)
    Layer: Metal1
      Partial area ratio:    0.01
      Required ratio:    0.00 (Gate area) 
      Cumulative area ratio:    0.01
      Required ratio:    0.00 (Cumulative area) 
      Partial area ratio:    0.88
      Required ratio:  400.00 (Side area) 
      Cumulative area ratio:    0.88
      Required ratio:    0.00 (Cumulative side area) 

    Layer: Via1
      Partial area ratio:    0.10
      Required ratio:   20.00 (Gate area) 
      Cumulative area ratio:    0.10
      Required ratio:    0.00 (Cumulative area) 

    Layer: Metal2
      Partial area ratio:    3.48
      Required ratio:    0.00 (Gate area) 
      Cumulative area ratio:    3.49
      Required ratio:    0.00 (Cumulative area) 
      Partial area ratio:   13.88
      Required ratio:  400.00 (Side area) 
      Cumulative area ratio:   14.76
      Required ratio:    0.00 (Cumulative side area) 

    Layer: Via2
      Partial area ratio:    0.20
      Required ratio:   20.00 (Gate area) 
      Cumulative area ratio:    0.30
      Required ratio:    0.00 (Cumulative area) 

    Layer: Metal3
      Partial area ratio:    0.32
      Required ratio:    0.00 (Gate area) 
      Cumulative area ratio:    3.81
      Required ratio:    0.00 (Cumulative area) 
      Partial area ratio:    2.14
      Required ratio:  400.00 (Side area) 
      Cumulative area ratio:   16.90
      Required ratio:    0.00 (Cumulative side area) 

    Layer: Via3
      Partial area ratio:    0.10
      Required ratio:   20.00 (Gate area) 
      Cumulative area ratio:    0.41
      Required ratio:    0.00 (Cumulative area) 

    Layer: Metal4
      Partial area ratio:  162.55
      Required ratio:    0.00 (Gate area) 
      Cumulative area ratio:  166.36
      Required ratio:    0.00 (Cumulative area) 
      Partial area ratio:  627.45
      Required ratio:  400.00 (Side area) (VIOLATED)
      Cumulative area ratio:  644.35
      Required ratio:    0.00 (Cumulative side area) 

    Layer: Via4
      Partial area ratio:    0.10
      Required ratio:   20.00 (Gate area) 
      Cumulative area ratio:    0.51
      Required ratio:    0.00 (Cumulative area) 

    Layer: Metal5
      Partial area ratio:   11.64
      Required ratio:    0.00 (Gate area) 
      Cumulative area ratio:  178.00
      Required ratio:    0.00 (Cumulative area) 
      Partial area ratio:   63.01
      Required ratio:  400.00 (Side area) 
      Cumulative area ratio:  707.35
      Required ratio:    0.00 (Cumulative side area) 


  Pin:   _10946_/B (gf180mcu_as_sc_mcu7t3v3__mux2_2)
    Layer: Metal1
      Partial area ratio:    0.02
      Required ratio:    0.00 (Gate area) 
      Cumulative area ratio:    0.02
      Required ratio:    0.00 (Cumulative area) 
      Partial area ratio:    0.92
      Required ratio:  400.00 (Side area) 
      Cumulative area ratio:    0.92
      Required ratio:    0.00 (Cumulative side area) 

    Layer: Via1
      Partial area ratio:    0.10
      Required ratio:   20.00 (Gate area) 
      Cumulative area ratio:    0.10
      Required ratio:    0.00 (Cumulative area) 

    Layer: Metal2
      Partial area ratio:    1.52
      Required ratio:    0.00 (Gate area) 
      Cumulative area ratio:    1.53
      Required ratio:    0.00 (Cumulative area) 
      Partial area ratio:    6.30
      Required ratio:  400.00 (Side area) 
      Cumulative area ratio:    7.22
      Required ratio:    0.00 (Cumulative side area) 

    Layer: Via2
      Partial area ratio:    0.20
      Required ratio:   20.00 (Gate area) 
      Cumulative area ratio:    0.30
      Required ratio:    0.00 (Cumulative area) 

    Layer: Metal3
      Partial area ratio:    0.32
      Required ratio:    0.00 (Gate area) 
      Cumulative area ratio:    1.85
      Required ratio:    0.00 (Cumulative area) 
      Partial area ratio:    2.14
      Required ratio:  400.00 (Side area) 
      Cumulative area ratio:    9.36
      Required ratio:    0.00 (Cumulative side area) 

    Layer: Via3
      Partial area ratio:    0.10
      Required ratio:   20.00 (Gate area) 
      Cumulative area ratio:    0.41
      Required ratio:    0.00 (Cumulative area) 

    Layer: Metal4
      Partial area ratio:    0.16
      Required ratio:    0.00 (Gate area) 
      Cumulative area ratio:    2.01
      Required ratio:    0.00 (Cumulative area) 
      Partial area ratio:    1.07
      Required ratio:  400.00 (Side area) 
      Cumulative area ratio:   10.42
      Required ratio:    0.00 (Cumulative side area) 

    Layer: Via4
      Partial area ratio:    0.10
      Required ratio:   20.00 (Gate area) 
      Cumulative area ratio:    0.51
      Required ratio:    0.00 (Cumulative area) 

    Layer: Metal5
      Partial area ratio:   11.64
      Required ratio:    0.00 (Gate area) 
      Cumulative area ratio:   13.65
      Required ratio:    0.00 (Cumulative area) 
      Partial area ratio:   63.01
      Required ratio:  400.00 (Side area) 
      Cumulative area ratio:   73.43
      Required ratio:    0.00 (Cumulative side area) 


  Pin:   _10969_/A (gf180mcu_as_sc_mcu7t3v3__mux2_2)
    Layer: Metal1
      Partial area ratio:    0.01
      Required ratio:    0.00 (Gate area) 
      Cumulative area ratio:    0.01
      Required ratio:    0.00 (Cumulative area) 
      Partial area ratio:    0.88
      Required ratio:  400.00 (Side area) 
      Cumulative area ratio:    0.88
      Required ratio:    0.00 (Cumulative side area) 

    Layer: Via1
      Partial area ratio:    0.10
      Required ratio:   20.00 (Gate area) 
      Cumulative area ratio:    0.10
      Required ratio:    0.00 (Cumulative area) 

    Layer: Metal2
      Partial area ratio:    1.39
      Required ratio:    0.00 (Gate area) 
      Cumulative area ratio:    1.40
      Required ratio:    0.00 (Cumulative area) 
      Partial area ratio:    5.83
      Required ratio:  400.00 (Side area) 
      Cumulative area ratio:    6.70
      Required ratio:    0.00 (Cumulative side area) 

    Layer: Via2
      Partial area ratio:    0.20
      Required ratio:   20.00 (Gate area) 
      Cumulative area ratio:    0.30
      Required ratio:    0.00 (Cumulative area) 

    Layer: Metal3
      Partial area ratio:    0.32
      Required ratio:    0.00 (Gate area) 
      Cumulative area ratio:    1.72
      Required ratio:    0.00 (Cumulative area) 
      Partial area ratio:    2.14
      Required ratio:  400.00 (Side area) 
      Cumulative area ratio:    8.84
      Required ratio:    0.00 (Cumulative side area) 

    Layer: Via3
      Partial area ratio:    0.10
      Required ratio:   20.00 (Gate area) 
      Cumulative area ratio:    0.41
      Required ratio:    0.00 (Cumulative area) 

    Layer: Metal4
      Partial area ratio:   13.90
      Required ratio:    0.00 (Gate area) 
      Cumulative area ratio:   15.62
      Required ratio:    0.00 (Cumulative area) 
      Partial area ratio:   53.63
      Required ratio:  400.00 (Side area) 
      Cumulative area ratio:   62.47
      Required ratio:    0.00 (Cumulative side area) 

    Layer: Via4
      Partial area ratio:    0.03
      Required ratio:    0.00 (Gate area) 
      Cumulative area ratio:    0.44
      Required ratio:    0.00 (Cumulative area) 

    Layer: Metal5
      Partial area ratio:   11.64
      Required ratio:    0.00 (Gate area) 
      Cumulative area ratio:   27.25
      Required ratio:    0.00 (Cumulative area) 
      Partial area ratio:   63.01
      Required ratio:  400.00 (Side area) 
      Cumulative area ratio:  125.47
      Required ratio:    0.00 (Cumulative side area) 



Net: net781
  Pin:   _10915_/A (gf180mcu_as_sc_mcu7t3v3__mux2_2)
    Layer: Metal1
      Partial area ratio:    0.01
      Required ratio:    0.00 (Gate area) 
      Cumulative area ratio:    0.01
      Required ratio:    0.00 (Cumulative area) 
      Partial area ratio:    0.88
      Required ratio:  400.00 (Side area) 
      Cumulative area ratio:    0.88
      Required ratio:    0.00 (Cumulative side area) 

    Layer: Via1
      Partial area ratio:    0.10
      Required ratio:   20.00 (Gate area) 
      Cumulative area ratio:    0.10
      Required ratio:    0.00 (Cumulative area) 

    Layer: Metal2
      Partial area ratio:    2.30
      Required ratio:    0.00 (Gate area) 
      Cumulative area ratio:    2.31
      Required ratio:    0.00 (Cumulative area) 
      Partial area ratio:    9.34
      Required ratio:  400.00 (Side area) 
      Cumulative area ratio:   10.22
      Required ratio:    0.00 (Cumulative side area) 

    Layer: Via2
      Partial area ratio:    0.20
      Required ratio:   20.00 (Gate area) 
      Cumulative area ratio:    0.30
      Required ratio:    0.00 (Cumulative area) 

    Layer: Metal3
      Partial area ratio:    0.32
      Required ratio:    0.00 (Gate area) 
      Cumulative area ratio:    2.63
      Required ratio:    0.00 (Cumulative area) 
      Partial area ratio:    2.14
      Required ratio:  400.00 (Side area) 
      Cumulative area ratio:   12.36
      Required ratio:    0.00 (Cumulative side area) 

    Layer: Via3
      Partial area ratio:    0.10
      Required ratio:   20.00 (Gate area) 
      Cumulative area ratio:    0.41
      Required ratio:    0.00 (Cumulative area) 

    Layer: Metal4
      Partial area ratio:  162.55
      Required ratio:    0.00 (Gate area) 
      Cumulative area ratio:  165.19
      Required ratio:    0.00 (Cumulative area) 
      Partial area ratio:  627.45
      Required ratio:  400.00 (Side area) (VIOLATED)
      Cumulative area ratio:  639.81
      Required ratio:    0.00 (Cumulative side area) 

    Layer: Via4
      Partial area ratio:    0.10
      Required ratio:   20.00 (Gate area) 
      Cumulative area ratio:    0.51
      Required ratio:    0.00 (Cumulative area) 

    Layer: Metal5
      Partial area ratio:   29.75
      Required ratio:    0.00 (Gate area) 
      Cumulative area ratio:  194.93
      Required ratio:    0.00 (Cumulative area) 
      Partial area ratio:  161.24
      Required ratio:  400.00 (Side area) 
      Cumulative area ratio:  801.04
      Required ratio:    0.00 (Cumulative side area) 


  Pin:   _10978_/A (gf180mcu_as_sc_mcu7t3v3__mux2_2)
    Layer: Metal1
      Partial area ratio:    0.01
      Required ratio:    0.00 (Gate area) 
      Cumulative area ratio:    0.01
      Required ratio:    0.00 (Cumulative area) 
      Partial area ratio:    0.88
      Required ratio:  400.00 (Side area) 
      Cumulative area ratio:    0.88
      Required ratio:    0.00 (Cumulative side area) 

    Layer: Via1
      Partial area ratio:    0.10
      Required ratio:   20.00 (Gate area) 
      Cumulative area ratio:    0.10
      Required ratio:    0.00 (Cumulative area) 

    Layer: Metal2
      Partial area ratio:    2.38
      Required ratio:    0.00 (Gate area) 
      Cumulative area ratio:    2.39
      Required ratio:    0.00 (Cumulative area) 
      Partial area ratio:    9.65
      Required ratio:  400.00 (Side area) 
      Cumulative area ratio:   10.53
      Required ratio:    0.00 (Cumulative side area) 

    Layer: Via2
      Partial area ratio:    0.20
      Required ratio:   20.00 (Gate area) 
      Cumulative area ratio:    0.30
      Required ratio:    0.00 (Cumulative area) 

    Layer: Metal3
      Partial area ratio:    0.32
      Required ratio:    0.00 (Gate area) 
      Cumulative area ratio:    2.71
      Required ratio:    0.00 (Cumulative area) 
      Partial area ratio:    2.14
      Required ratio:  400.00 (Side area) 
      Cumulative area ratio:   12.67
      Required ratio:    0.00 (Cumulative side area) 

    Layer: Via3
      Partial area ratio:    0.10
      Required ratio:   20.00 (Gate area) 
      Cumulative area ratio:    0.41
      Required ratio:    0.00 (Cumulative area) 

    Layer: Metal4
      Partial area ratio:    0.16
      Required ratio:    0.00 (Gate area) 
      Cumulative area ratio:    2.87
      Required ratio:    0.00 (Cumulative area) 
      Partial area ratio:    1.07
      Required ratio:  400.00 (Side area) 
      Cumulative area ratio:   13.73
      Required ratio:    0.00 (Cumulative side area) 

    Layer: Via4
      Partial area ratio:    0.10
      Required ratio:   20.00 (Gate area) 
      Cumulative area ratio:    0.51
      Required ratio:    0.00 (Cumulative area) 

    Layer: Metal5
      Partial area ratio:   29.75
      Required ratio:    0.00 (Gate area) 
      Cumulative area ratio:   32.62
      Required ratio:    0.00 (Cumulative area) 
      Partial area ratio:  161.24
      Required ratio:  400.00 (Side area) 
      Cumulative area ratio:  174.97
      Required ratio:    0.00 (Cumulative side area) 


  Pin:   _10987_/B (gf180mcu_as_sc_mcu7t3v3__mux2_2)
    Layer: Metal1
      Partial area ratio:    0.02
      Required ratio:    0.00 (Gate area) 
      Cumulative area ratio:    0.02
      Required ratio:    0.00 (Cumulative area) 
      Partial area ratio:    0.92
      Required ratio:  400.00 (Side area) 
      Cumulative area ratio:    0.92
      Required ratio:    0.00 (Cumulative side area) 

    Layer: Via1
      Partial area ratio:    0.10
      Required ratio:   20.00 (Gate area) 
      Cumulative area ratio:    0.10
      Required ratio:    0.00 (Cumulative area) 

    Layer: Metal2
      Partial area ratio:    1.95
      Required ratio:    0.00 (Gate area) 
      Cumulative area ratio:    1.96
      Required ratio:    0.00 (Cumulative area) 
      Partial area ratio:    7.96
      Required ratio:  400.00 (Side area) 
      Cumulative area ratio:    8.88
      Required ratio:    0.00 (Cumulative side area) 

    Layer: Via2
      Partial area ratio:    0.20
      Required ratio:   20.00 (Gate area) 
      Cumulative area ratio:    0.30
      Required ratio:    0.00 (Cumulative area) 

    Layer: Metal3
      Partial area ratio:   10.91
      Required ratio:    0.00 (Gate area) 
      Cumulative area ratio:   12.87
      Required ratio:    0.00 (Cumulative area) 
      Partial area ratio:   42.98
      Required ratio:  400.00 (Side area) 
      Cumulative area ratio:   51.86
      Required ratio:    0.00 (Cumulative side area) 

    Layer: Via3
      Partial area ratio:    0.20
      Required ratio:   20.00 (Gate area) 
      Cumulative area ratio:    0.51
      Required ratio:    0.00 (Cumulative area) 

    Layer: Metal4
      Partial area ratio:  162.71
      Required ratio:    0.00 (Gate area) 
      Cumulative area ratio:  175.59
      Required ratio:    0.00 (Cumulative area) 
      Partial area ratio:  628.52
      Required ratio:  400.00 (Side area) (VIOLATED)
      Cumulative area ratio:  680.38
      Required ratio:    0.00 (Cumulative side area) 

    Layer: Via4
      Partial area ratio:    0.20
      Required ratio:   20.00 (Gate area) 
      Cumulative area ratio:    0.71
      Required ratio:    0.00 (Cumulative area) 

    Layer: Metal5
      Partial area ratio:   29.75
      Required ratio:    0.00 (Gate area) 
      Cumulative area ratio:  205.33
      Required ratio:    0.00 (Cumulative area) 
      Partial area ratio:  161.24
      Required ratio:  400.00 (Side area) 
      Cumulative area ratio:  841.61
      Required ratio:    0.00 (Cumulative side area) 


  Pin:   max_cap782/A (gf180mcu_as_sc_mcu7t3v3__buff_8)
    Layer: Metal1
      Partial area ratio:    0.01
      Required ratio:    0.00 (Gate area) 
      Cumulative area ratio:    0.01
      Required ratio:    0.00 (Cumulative area) 
      Partial area ratio:    0.23
      Required ratio:  400.00 (Side area) 
      Cumulative area ratio:    0.23
      Required ratio:    0.00 (Cumulative side area) 

    Layer: Via1
      Partial area ratio:    0.03
      Required ratio:   20.00 (Gate area) 
      Cumulative area ratio:    0.03
      Required ratio:    0.00 (Cumulative area) 

    Layer: Metal2
      Partial area ratio:    0.94
      Required ratio:    0.00 (Gate area) 
      Cumulative area ratio:    0.95
      Required ratio:    0.00 (Cumulative area) 
      Partial area ratio:    3.77
      Required ratio:  400.00 (Side area) 
      Cumulative area ratio:    4.01
      Required ratio:    0.00 (Cumulative side area) 

    Layer: Via2
      Partial area ratio:    0.07
      Required ratio:   20.00 (Gate area) 
      Cumulative area ratio:    0.10
      Required ratio:    0.00 (Cumulative area) 

    Layer: Metal3
      Partial area ratio:    1.12
      Required ratio:    0.00 (Gate area) 
      Cumulative area ratio:    2.07
      Required ratio:    0.00 (Cumulative area) 
      Partial area ratio:    4.53
      Required ratio:  400.00 (Side area) 
      Cumulative area ratio:    8.54
      Required ratio:    0.00 (Cumulative side area) 

    Layer: Via3
      Partial area ratio:    0.03
      Required ratio:    0.00 (Gate area) 
      Cumulative area ratio:    0.14
      Required ratio:    0.00 (Cumulative area) 

    Layer: Metal4
      Partial area ratio:    0.02
      Required ratio:    0.00 (Gate area) 
      Cumulative area ratio:    2.10
      Required ratio:    0.00 (Cumulative area) 
      Partial area ratio:    0.16
      Required ratio:  400.00 (Side area) 
      Cumulative area ratio:    8.70
      Required ratio:    0.00 (Cumulative side area) 

    Layer: Via4
      Partial area ratio:    0.03
      Required ratio:    0.00 (Gate area) 
      Cumulative area ratio:    0.17
      Required ratio:    0.00 (Cumulative area) 

    Layer: Metal5
      Partial area ratio:   29.75
      Required ratio:    0.00 (Gate area) 
      Cumulative area ratio:   31.84
      Required ratio:    0.00 (Cumulative area) 
      Partial area ratio:  161.24
      Required ratio:  400.00 (Side area) 
      Cumulative area ratio:  169.93
      Required ratio:    0.00 (Cumulative side area) 



Net: net831
  Pin:   _21484_/RN (gf180mcu_as_sc_mcu7t3v3__dfsrtp_2)
    Layer: Metal1
      Partial area ratio:    0.03
      Required ratio:    0.00 (Gate area) 
      Cumulative area ratio:    0.03
      Required ratio:    0.00 (Cumulative area) 
      Partial area ratio:    0.54
      Required ratio:  400.00 (Side area) 
      Cumulative area ratio:    0.54
      Required ratio:    0.00 (Cumulative side area) 

    Layer: Via1
      Partial area ratio:    0.05
      Required ratio:   20.00 (Gate area) 
      Cumulative area ratio:    0.05
      Required ratio:    0.00 (Cumulative area) 

    Layer: Metal2
      Partial area ratio:    1.16
      Required ratio:    0.00 (Gate area) 
      Cumulative area ratio:    1.19
      Required ratio:    0.00 (Cumulative area) 
      Partial area ratio:    4.69
      Required ratio:  400.00 (Side area) 
      Cumulative area ratio:    5.24
      Required ratio:    0.00 (Cumulative side area) 

    Layer: Via2
      Partial area ratio:    0.06
      Required ratio:   20.00 (Gate area) 
      Cumulative area ratio:    0.11
      Required ratio:    0.00 (Cumulative area) 

    Layer: Metal3
      Partial area ratio:    0.09
      Required ratio:    0.00 (Gate area) 
      Cumulative area ratio:    1.28
      Required ratio:    0.00 (Cumulative area) 
      Partial area ratio:    0.56
      Required ratio:  400.00 (Side area) 
      Cumulative area ratio:    5.79
      Required ratio:    0.00 (Cumulative side area) 

    Layer: Via3
      Partial area ratio:    0.05
      Required ratio:   20.00 (Gate area) 
      Cumulative area ratio:    0.16
      Required ratio:    0.00 (Cumulative area) 

    Layer: Metal4
      Partial area ratio:   14.58
      Required ratio:    0.00 (Gate area) 
      Cumulative area ratio:   15.86
      Required ratio:    0.00 (Cumulative area) 
      Partial area ratio:   56.34
      Required ratio:  400.00 (Side area) 
      Cumulative area ratio:   62.14
      Required ratio:    0.00 (Cumulative side area) 

    Layer: Via4
      Partial area ratio:    0.02
      Required ratio:    0.00 (Gate area) 
      Cumulative area ratio:    0.17
      Required ratio:    0.00 (Cumulative area) 

    Layer: Metal5
      Partial area ratio:    1.06
      Required ratio:    0.00 (Gate area) 
      Cumulative area ratio:   16.92
      Required ratio:    0.00 (Cumulative area) 
      Partial area ratio:    5.89
      Required ratio:  400.00 (Side area) 
      Cumulative area ratio:   68.03
      Required ratio:    0.00 (Cumulative side area) 


  Pin:   _21491_/RN (gf180mcu_as_sc_mcu7t3v3__dfsrtp_2)
    Layer: Metal1
      Partial area ratio:    0.03
      Required ratio:    0.00 (Gate area) 
      Cumulative area ratio:    0.03
      Required ratio:    0.00 (Cumulative area) 
      Partial area ratio:    0.54
      Required ratio:  400.00 (Side area) 
      Cumulative area ratio:    0.54
      Required ratio:    0.00 (Cumulative side area) 

    Layer: Via1
      Partial area ratio:    0.05
      Required ratio:   20.00 (Gate area) 
      Cumulative area ratio:    0.05
      Required ratio:    0.00 (Cumulative area) 

    Layer: Metal2
      Partial area ratio:    0.66
      Required ratio:    0.00 (Gate area) 
      Cumulative area ratio:    0.69
      Required ratio:    0.00 (Cumulative area) 
      Partial area ratio:    2.64
      Required ratio:  400.00 (Side area) 
      Cumulative area ratio:    3.18
      Required ratio:    0.00 (Cumulative side area) 

    Layer: Via2
      Partial area ratio:    0.10
      Required ratio:    0.00 (Gate area) 
      Cumulative area ratio:    0.15
      Required ratio:    0.00 (Cumulative area) 

    Layer: Metal3
      Partial area ratio:    0.06
      Required ratio:    0.00 (Gate area) 
      Cumulative area ratio:    0.75
      Required ratio:    0.00 (Cumulative area) 
      Partial area ratio:    0.37
      Required ratio:  400.00 (Side area) 
      Cumulative area ratio:    3.55
      Required ratio:    0.00 (Cumulative side area) 

    Layer: Via3
      Partial area ratio:    0.05
      Required ratio:    0.00 (Gate area) 
      Cumulative area ratio:    0.20
      Required ratio:    0.00 (Cumulative area) 

    Layer: Metal4
      Partial area ratio:   14.58
      Required ratio:    0.00 (Gate area) 
      Cumulative area ratio:   15.33
      Required ratio:    0.00 (Cumulative area) 
      Partial area ratio:   56.34
      Required ratio:  400.00 (Side area) 
      Cumulative area ratio:   59.90
      Required ratio:    0.00 (Cumulative side area) 

    Layer: Via4
      Partial area ratio:    0.02
      Required ratio:    0.00 (Gate area) 
      Cumulative area ratio:    0.22
      Required ratio:    0.00 (Cumulative area) 

    Layer: Metal5
      Partial area ratio:    1.06
      Required ratio:    0.00 (Gate area) 
      Cumulative area ratio:   16.39
      Required ratio:    0.00 (Cumulative area) 
      Partial area ratio:    5.89
      Required ratio:  400.00 (Side area) 
      Cumulative area ratio:   65.79
      Required ratio:    0.00 (Cumulative side area) 


  Pin:   fanout815/A (gf180mcu_as_sc_mcu7t3v3__buff_2)
    Layer: Via1
      Partial area ratio:    0.10
      Required ratio:   20.00 (Gate area) 
      Cumulative area ratio:    0.10
      Required ratio:    0.00 (Cumulative area) 

    Layer: Metal2
      Partial area ratio:    1.73
      Required ratio:    0.00 (Gate area) 
      Cumulative area ratio:    1.73
      Required ratio:    0.00 (Cumulative area) 
      Partial area ratio:    7.12
      Required ratio:  400.00 (Side area) 
      Cumulative area ratio:    7.12
      Required ratio:    0.00 (Cumulative side area) 

    Layer: Via2
      Partial area ratio:    0.20
      Required ratio:   20.00 (Gate area) 
      Cumulative area ratio:    0.30
      Required ratio:    0.00 (Cumulative area) 

    Layer: Metal3
      Partial area ratio:    7.38
      Required ratio:    0.00 (Gate area) 
      Cumulative area ratio:    9.11
      Required ratio:    0.00 (Cumulative area) 
      Partial area ratio:   29.37
      Required ratio:  400.00 (Side area) 
      Cumulative area ratio:   36.48
      Required ratio:    0.00 (Cumulative side area) 

    Layer: Via3
      Partial area ratio:    0.10
      Required ratio:   20.00 (Gate area) 
      Cumulative area ratio:    0.41
      Required ratio:    0.00 (Cumulative area) 

    Layer: Metal4
      Partial area ratio:   14.58
      Required ratio:    0.00 (Gate area) 
      Cumulative area ratio:   23.69
      Required ratio:    0.00 (Cumulative area) 
      Partial area ratio:   56.34
      Required ratio:  400.00 (Side area) 
      Cumulative area ratio:   92.83
      Required ratio:    0.00 (Cumulative side area) 

    Layer: Via4
      Partial area ratio:    0.02
      Required ratio:    0.00 (Gate area) 
      Cumulative area ratio:    0.42
      Required ratio:    0.00 (Cumulative area) 

    Layer: Metal5
      Partial area ratio:    1.06
      Required ratio:    0.00 (Gate area) 
      Cumulative area ratio:   24.75
      Required ratio:    0.00 (Cumulative area) 
      Partial area ratio:    5.89
      Required ratio:  400.00 (Side area) 
      Cumulative area ratio:   98.72
      Required ratio:    0.00 (Cumulative side area) 


  Pin:   fanout823/A (gf180mcu_as_sc_mcu7t3v3__buff_2)
    Layer: Via1
      Partial area ratio:    0.10
      Required ratio:   20.00 (Gate area) 
      Cumulative area ratio:    0.10
      Required ratio:    0.00 (Cumulative area) 

    Layer: Metal2
      Partial area ratio:    2.88
      Required ratio:    0.00 (Gate area) 
      Cumulative area ratio:    2.88
      Required ratio:    0.00 (Cumulative area) 
      Partial area ratio:   11.55
      Required ratio:  400.00 (Side area) 
      Cumulative area ratio:   11.55
      Required ratio:    0.00 (Cumulative side area) 

    Layer: Via2
      Partial area ratio:    0.20
      Required ratio:   20.00 (Gate area) 
      Cumulative area ratio:    0.30
      Required ratio:    0.00 (Cumulative area) 

    Layer: Metal3
      Partial area ratio:    0.32
      Required ratio:    0.00 (Gate area) 
      Cumulative area ratio:    3.20
      Required ratio:    0.00 (Cumulative area) 
      Partial area ratio:    2.14
      Required ratio:  400.00 (Side area) 
      Cumulative area ratio:   13.69
      Required ratio:    0.00 (Cumulative side area) 

    Layer: Via3
      Partial area ratio:    0.10
      Required ratio:   20.00 (Gate area) 
      Cumulative area ratio:    0.41
      Required ratio:    0.00 (Cumulative area) 

    Layer: Metal4
      Partial area ratio:    0.16
      Required ratio:    0.00 (Gate area) 
      Cumulative area ratio:    3.36
      Required ratio:    0.00 (Cumulative area) 
      Partial area ratio:    1.07
      Required ratio:  400.00 (Side area) 
      Cumulative area ratio:   14.76
      Required ratio:    0.00 (Cumulative side area) 

    Layer: Via4
      Partial area ratio:    0.10
      Required ratio:   20.00 (Gate area) 
      Cumulative area ratio:    0.51
      Required ratio:    0.00 (Cumulative area) 

    Layer: Metal5
      Partial area ratio:    1.06
      Required ratio:    0.00 (Gate area) 
      Cumulative area ratio:    4.42
      Required ratio:    0.00 (Cumulative area) 
      Partial area ratio:    5.89
      Required ratio:  400.00 (Side area) 
      Cumulative area ratio:   20.65
      Required ratio:    0.00 (Cumulative side area) 


  Pin:   fanout830/A (gf180mcu_as_sc_mcu7t3v3__buff_2)
    Layer: Via1
      Partial area ratio:    0.10
      Required ratio:   20.00 (Gate area) 
      Cumulative area ratio:    0.10
      Required ratio:    0.00 (Cumulative area) 

    Layer: Metal2
      Partial area ratio:    3.38
      Required ratio:    0.00 (Gate area) 
      Cumulative area ratio:    3.38
      Required ratio:    0.00 (Cumulative area) 
      Partial area ratio:   13.50
      Required ratio:  400.00 (Side area) 
      Cumulative area ratio:   13.50
      Required ratio:    0.00 (Cumulative side area) 

    Layer: Via2
      Partial area ratio:    0.20
      Required ratio:   20.00 (Gate area) 
      Cumulative area ratio:    0.30
      Required ratio:    0.00 (Cumulative area) 

    Layer: Metal3
      Partial area ratio:  124.01
      Required ratio:    0.00 (Gate area) 
      Cumulative area ratio:  127.39
      Required ratio:    0.00 (Cumulative area) 
      Partial area ratio:  479.68
      Required ratio:  400.00 (Side area) (VIOLATED)
      Cumulative area ratio:  493.18
      Required ratio:    0.00 (Cumulative side area) 

    Layer: Via3
      Partial area ratio:    0.20
      Required ratio:   20.00 (Gate area) 
      Cumulative area ratio:    0.51
      Required ratio:    0.00 (Cumulative area) 

    Layer: Metal4
      Partial area ratio:   14.58
      Required ratio:    0.00 (Gate area) 
      Cumulative area ratio:  141.97
      Required ratio:    0.00 (Cumulative area) 
      Partial area ratio:   56.34
      Required ratio:  400.00 (Side area) 
      Cumulative area ratio:  549.52
      Required ratio:    0.00 (Cumulative side area) 

    Layer: Via4
      Partial area ratio:    0.02
      Required ratio:    0.00 (Gate area) 
      Cumulative area ratio:    0.52
      Required ratio:    0.00 (Cumulative area) 

    Layer: Metal5
      Partial area ratio:    1.06
      Required ratio:    0.00 (Gate area) 
      Cumulative area ratio:  143.04
      Required ratio:    0.00 (Cumulative area) 
      Partial area ratio:    5.89
      Required ratio:  400.00 (Side area) 
      Cumulative area ratio:  555.41
      Required ratio:    0.00 (Cumulative side area) 



Net: net883
  Pin:   fanout856/A (gf180mcu_as_sc_mcu7t3v3__buff_2)
    Layer: Via1
      Partial area ratio:    0.10
      Required ratio:   20.00 (Gate area) 
      Cumulative area ratio:    0.10
      Required ratio:    0.00 (Cumulative area) 

    Layer: Metal2
      Partial area ratio:    1.23
      Required ratio:    0.00 (Gate area) 
      Cumulative area ratio:    1.23
      Required ratio:    0.00 (Cumulative area) 
      Partial area ratio:    5.20
      Required ratio:  400.00 (Side area) 
      Cumulative area ratio:    5.20
      Required ratio:    0.00 (Cumulative side area) 

    Layer: Via2
      Partial area ratio:    0.20
      Required ratio:   20.00 (Gate area) 
      Cumulative area ratio:    0.30
      Required ratio:    0.00 (Cumulative area) 

    Layer: Metal3
      Partial area ratio:    0.85
      Required ratio:    0.00 (Gate area) 
      Cumulative area ratio:    2.08
      Required ratio:    0.00 (Cumulative area) 
      Partial area ratio:    3.57
      Required ratio:  400.00 (Side area) 
      Cumulative area ratio:    8.77
      Required ratio:    0.00 (Cumulative side area) 

    Layer: Via3
      Partial area ratio:    0.10
      Required ratio:    0.00 (Gate area) 
      Cumulative area ratio:    0.41
      Required ratio:    0.00 (Cumulative area) 

    Layer: Metal4
      Partial area ratio:   17.44
      Required ratio:    0.00 (Gate area) 
      Cumulative area ratio:   19.52
      Required ratio:    0.00 (Cumulative area) 
      Partial area ratio:   67.40
      Required ratio:  400.00 (Side area) 
      Cumulative area ratio:   76.17
      Required ratio:    0.00 (Cumulative side area) 


  Pin:   fanout868/A (gf180mcu_as_sc_mcu7t3v3__buff_2)
    Layer: Via1
      Partial area ratio:    0.10
      Required ratio:   20.00 (Gate area) 
      Cumulative area ratio:    0.10
      Required ratio:    0.00 (Cumulative area) 

    Layer: Metal2
      Partial area ratio:    1.97
      Required ratio:    0.00 (Gate area) 
      Cumulative area ratio:    1.97
      Required ratio:    0.00 (Cumulative area) 
      Partial area ratio:    8.05
      Required ratio:  400.00 (Side area) 
      Cumulative area ratio:    8.05
      Required ratio:    0.00 (Cumulative side area) 

    Layer: Via2
      Partial area ratio:    0.20
      Required ratio:   20.00 (Gate area) 
      Cumulative area ratio:    0.30
      Required ratio:    0.00 (Cumulative area) 

    Layer: Metal3
      Partial area ratio:  187.54
      Required ratio:    0.00 (Gate area) 
      Cumulative area ratio:  189.51
      Required ratio:    0.00 (Cumulative area) 
      Partial area ratio:  724.72
      Required ratio:  400.00 (Side area) (VIOLATED)
      Cumulative area ratio:  732.77
      Required ratio:    0.00 (Cumulative side area) 

    Layer: Via3
      Partial area ratio:    0.20
      Required ratio:   20.00 (Gate area) 
      Cumulative area ratio:    0.51
      Required ratio:    0.00 (Cumulative area) 

    Layer: Metal4
      Partial area ratio:   17.44
      Required ratio:    0.00 (Gate area) 
      Cumulative area ratio:  206.95
      Required ratio:    0.00 (Cumulative area) 
      Partial area ratio:   67.40
      Required ratio:  400.00 (Side area) 
      Cumulative area ratio:  800.17
      Required ratio:    0.00 (Cumulative side area) 


  Pin:   fanout876/A (gf180mcu_as_sc_mcu7t3v3__buff_2)
    Layer: Via1
      Partial area ratio:    0.10
      Required ratio:   20.00 (Gate area) 
      Cumulative area ratio:    0.10
      Required ratio:    0.00 (Cumulative area) 

    Layer: Metal2
      Partial area ratio:    1.26
      Required ratio:    0.00 (Gate area) 
      Cumulative area ratio:    1.26
      Required ratio:    0.00 (Cumulative area) 
      Partial area ratio:    5.30
      Required ratio:  400.00 (Side area) 
      Cumulative area ratio:    5.30
      Required ratio:    0.00 (Cumulative side area) 

    Layer: Via2
      Partial area ratio:    0.20
      Required ratio:   20.00 (Gate area) 
      Cumulative area ratio:    0.30
      Required ratio:    0.00 (Cumulative area) 

    Layer: Metal3
      Partial area ratio:    0.32
      Required ratio:    0.00 (Gate area) 
      Cumulative area ratio:    1.58
      Required ratio:    0.00 (Cumulative area) 
      Partial area ratio:    2.14
      Required ratio:  400.00 (Side area) 
      Cumulative area ratio:    7.44
      Required ratio:    0.00 (Cumulative side area) 

    Layer: Via3
      Partial area ratio:    0.10
      Required ratio:   20.00 (Gate area) 
      Cumulative area ratio:    0.41
      Required ratio:    0.00 (Cumulative area) 

    Layer: Metal4
      Partial area ratio:   17.44
      Required ratio:    0.00 (Gate area) 
      Cumulative area ratio:   19.02
      Required ratio:    0.00 (Cumulative area) 
      Partial area ratio:   67.40
      Required ratio:  400.00 (Side area) 
      Cumulative area ratio:   74.84
      Required ratio:    0.00 (Cumulative side area) 


  Pin:   fanout882/A (gf180mcu_as_sc_mcu7t3v3__buff_2)
    Layer: Via1
      Partial area ratio:    0.10
      Required ratio:   20.00 (Gate area) 
      Cumulative area ratio:    0.10
      Required ratio:    0.00 (Cumulative area) 

    Layer: Metal2
      Partial area ratio:    2.67
      Required ratio:    0.00 (Gate area) 
      Cumulative area ratio:    2.67
      Required ratio:    0.00 (Cumulative area) 
      Partial area ratio:   10.75
      Required ratio:  400.00 (Side area) 
      Cumulative area ratio:   10.75
      Required ratio:    0.00 (Cumulative side area) 

    Layer: Via2
      Partial area ratio:    0.20
      Required ratio:   20.00 (Gate area) 
      Cumulative area ratio:    0.30
      Required ratio:    0.00 (Cumulative area) 

    Layer: Metal3
      Partial area ratio:    0.32
      Required ratio:    0.00 (Gate area) 
      Cumulative area ratio:    2.99
      Required ratio:    0.00 (Cumulative area) 
      Partial area ratio:    2.14
      Required ratio:  400.00 (Side area) 
      Cumulative area ratio:   12.89
      Required ratio:    0.00 (Cumulative side area) 

    Layer: Via3
      Partial area ratio:    0.10
      Required ratio:   20.00 (Gate area) 
      Cumulative area ratio:    0.41
      Required ratio:    0.00 (Cumulative area) 

    Layer: Metal4
      Partial area ratio:   17.44
      Required ratio:    0.00 (Gate area) 
      Cumulative area ratio:   20.43
      Required ratio:    0.00 (Cumulative area) 
      Partial area ratio:   67.40
      Required ratio:  400.00 (Side area) 
      Cumulative area ratio:   80.29
      Required ratio:    0.00 (Cumulative side area) 



Net: net903
  Pin:   _10921_/B (gf180mcu_as_sc_mcu7t3v3__mux2_2)
    Layer: Metal1
      Partial area ratio:    0.02
      Required ratio:    0.00 (Gate area) 
      Cumulative area ratio:    0.02
      Required ratio:    0.00 (Cumulative area) 
      Partial area ratio:    0.92
      Required ratio:  400.00 (Side area) 
      Cumulative area ratio:    0.92
      Required ratio:    0.00 (Cumulative side area) 

    Layer: Via1
      Partial area ratio:    0.10
      Required ratio:   20.00 (Gate area) 
      Cumulative area ratio:    0.10
      Required ratio:    0.00 (Cumulative area) 

    Layer: Metal2
      Partial area ratio:    7.59
      Required ratio:    0.00 (Gate area) 
      Cumulative area ratio:    7.61
      Required ratio:    0.00 (Cumulative area) 
      Partial area ratio:   29.74
      Required ratio:  400.00 (Side area) 
      Cumulative area ratio:   30.66
      Required ratio:    0.00 (Cumulative side area) 

    Layer: Via2
      Partial area ratio:    0.20
      Required ratio:   20.00 (Gate area) 
      Cumulative area ratio:    0.30
      Required ratio:    0.00 (Cumulative area) 

    Layer: Metal3
      Partial area ratio:  137.97
      Required ratio:    0.00 (Gate area) 
      Cumulative area ratio:  145.58
      Required ratio:    0.00 (Cumulative area) 
      Partial area ratio:  533.06
      Required ratio:  400.00 (Side area) (VIOLATED)
      Cumulative area ratio:  563.72
      Required ratio:    0.00 (Cumulative side area) 

    Layer: Via3
      Partial area ratio:    0.10
      Required ratio:   20.00 (Gate area) 
      Cumulative area ratio:    0.41
      Required ratio:    0.00 (Cumulative area) 

    Layer: Metal4
      Partial area ratio:   15.03
      Required ratio:    0.00 (Gate area) 
      Cumulative area ratio:  160.61
      Required ratio:    0.00 (Cumulative area) 
      Partial area ratio:   58.00
      Required ratio:  400.00 (Side area) 
      Cumulative area ratio:  621.72
      Required ratio:    0.00 (Cumulative side area) 

    Layer: Via4
      Partial area ratio:    0.03
      Required ratio:    0.00 (Gate area) 
      Cumulative area ratio:    0.44
      Required ratio:    0.00 (Cumulative area) 

    Layer: Metal5
      Partial area ratio:   11.87
      Required ratio:    0.00 (Gate area) 
      Cumulative area ratio:  172.48
      Required ratio:    0.00 (Cumulative area) 
      Partial area ratio:   64.26
      Required ratio:  400.00 (Side area) 
      Cumulative area ratio:  685.98
      Required ratio:    0.00 (Cumulative side area) 


  Pin:   _10961_/B (gf180mcu_as_sc_mcu7t3v3__mux2_2)
    Layer: Metal1
      Partial area ratio:    0.02
      Required ratio:    0.00 (Gate area) 
      Cumulative area ratio:    0.02
      Required ratio:    0.00 (Cumulative area) 
      Partial area ratio:    0.92
      Required ratio:  400.00 (Side area) 
      Cumulative area ratio:    0.92
      Required ratio:    0.00 (Cumulative side area) 

    Layer: Via1
      Partial area ratio:    0.10
      Required ratio:   20.00 (Gate area) 
      Cumulative area ratio:    0.10
      Required ratio:    0.00 (Cumulative area) 

    Layer: Metal2
      Partial area ratio:    3.32
      Required ratio:    0.00 (Gate area) 
      Cumulative area ratio:    3.34
      Required ratio:    0.00 (Cumulative area) 
      Partial area ratio:   13.25
      Required ratio:  400.00 (Side area) 
      Cumulative area ratio:   14.17
      Required ratio:    0.00 (Cumulative side area) 

    Layer: Via2
      Partial area ratio:    0.20
      Required ratio:   20.00 (Gate area) 
      Cumulative area ratio:    0.30
      Required ratio:    0.00 (Cumulative area) 

    Layer: Metal3
      Partial area ratio:    0.32
      Required ratio:    0.00 (Gate area) 
      Cumulative area ratio:    3.66
      Required ratio:    0.00 (Cumulative area) 
      Partial area ratio:    2.14
      Required ratio:  400.00 (Side area) 
      Cumulative area ratio:   16.31
      Required ratio:    0.00 (Cumulative side area) 

    Layer: Via3
      Partial area ratio:    0.10
      Required ratio:   20.00 (Gate area) 
      Cumulative area ratio:    0.41
      Required ratio:    0.00 (Cumulative area) 

    Layer: Metal4
      Partial area ratio:   15.03
      Required ratio:    0.00 (Gate area) 
      Cumulative area ratio:   18.69
      Required ratio:    0.00 (Cumulative area) 
      Partial area ratio:   58.00
      Required ratio:  400.00 (Side area) 
      Cumulative area ratio:   74.30
      Required ratio:    0.00 (Cumulative side area) 

    Layer: Via4
      Partial area ratio:    0.03
      Required ratio:    0.00 (Gate area) 
      Cumulative area ratio:    0.44
      Required ratio:    0.00 (Cumulative area) 

    Layer: Metal5
      Partial area ratio:   11.87
      Required ratio:    0.00 (Gate area) 
      Cumulative area ratio:   30.55
      Required ratio:    0.00 (Cumulative area) 
      Partial area ratio:   64.26
      Required ratio:  400.00 (Side area) 
      Cumulative area ratio:  138.57
      Required ratio:    0.00 (Cumulative side area) 


  Pin:   _10972_/B (gf180mcu_as_sc_mcu7t3v3__mux2_2)
    Layer: Metal1
      Partial area ratio:    0.02
      Required ratio:    0.00 (Gate area) 
      Cumulative area ratio:    0.02
      Required ratio:    0.00 (Cumulative area) 
      Partial area ratio:    0.92
      Required ratio:  400.00 (Side area) 
      Cumulative area ratio:    0.92
      Required ratio:    0.00 (Cumulative side area) 

    Layer: Via1
      Partial area ratio:    0.10
      Required ratio:   20.00 (Gate area) 
      Cumulative area ratio:    0.10
      Required ratio:    0.00 (Cumulative area) 

    Layer: Metal2
      Partial area ratio:    2.46
      Required ratio:    0.00 (Gate area) 
      Cumulative area ratio:    2.47
      Required ratio:    0.00 (Cumulative area) 
      Partial area ratio:    9.93
      Required ratio:  400.00 (Side area) 
      Cumulative area ratio:   10.85
      Required ratio:    0.00 (Cumulative side area) 

    Layer: Via2
      Partial area ratio:    0.20
      Required ratio:   20.00 (Gate area) 
      Cumulative area ratio:    0.30
      Required ratio:    0.00 (Cumulative area) 

    Layer: Metal3
      Partial area ratio:    0.32
      Required ratio:    0.00 (Gate area) 
      Cumulative area ratio:    2.79
      Required ratio:    0.00 (Cumulative area) 
      Partial area ratio:    2.14
      Required ratio:  400.00 (Side area) 
      Cumulative area ratio:   12.99
      Required ratio:    0.00 (Cumulative side area) 

    Layer: Via3
      Partial area ratio:    0.10
      Required ratio:   20.00 (Gate area) 
      Cumulative area ratio:    0.41
      Required ratio:    0.00 (Cumulative area) 

    Layer: Metal4
      Partial area ratio:   15.03
      Required ratio:    0.00 (Gate area) 
      Cumulative area ratio:   17.82
      Required ratio:    0.00 (Cumulative area) 
      Partial area ratio:   58.00
      Required ratio:  400.00 (Side area) 
      Cumulative area ratio:   70.98
      Required ratio:    0.00 (Cumulative side area) 

    Layer: Via4
      Partial area ratio:    0.03
      Required ratio:    0.00 (Gate area) 
      Cumulative area ratio:    0.44
      Required ratio:    0.00 (Cumulative area) 

    Layer: Metal5
      Partial area ratio:   11.87
      Required ratio:    0.00 (Gate area) 
      Cumulative area ratio:   29.69
      Required ratio:    0.00 (Cumulative area) 
      Partial area ratio:   64.26
      Required ratio:  400.00 (Side area) 
      Cumulative area ratio:  135.24
      Required ratio:    0.00 (Cumulative side area) 


  Pin:   _10982_/B (gf180mcu_as_sc_mcu7t3v3__mux2_2)
    Layer: Metal1
      Partial area ratio:    0.02
      Required ratio:    0.00 (Gate area) 
      Cumulative area ratio:    0.02
      Required ratio:    0.00 (Cumulative area) 
      Partial area ratio:    0.92
      Required ratio:  400.00 (Side area) 
      Cumulative area ratio:    0.92
      Required ratio:    0.00 (Cumulative side area) 

    Layer: Via1
      Partial area ratio:    0.10
      Required ratio:   20.00 (Gate area) 
      Cumulative area ratio:    0.10
      Required ratio:    0.00 (Cumulative area) 

    Layer: Metal2
      Partial area ratio:    2.50
      Required ratio:    0.00 (Gate area) 
      Cumulative area ratio:    2.51
      Required ratio:    0.00 (Cumulative area) 
      Partial area ratio:   10.08
      Required ratio:  400.00 (Side area) 
      Cumulative area ratio:   11.00
      Required ratio:    0.00 (Cumulative side area) 

    Layer: Via2
      Partial area ratio:    0.20
      Required ratio:   20.00 (Gate area) 
      Cumulative area ratio:    0.30
      Required ratio:    0.00 (Cumulative area) 

    Layer: Metal3
      Partial area ratio:   17.97
      Required ratio:    0.00 (Gate area) 
      Cumulative area ratio:   20.48
      Required ratio:    0.00 (Cumulative area) 
      Partial area ratio:   70.21
      Required ratio:  400.00 (Side area) 
      Cumulative area ratio:   81.21
      Required ratio:    0.00 (Cumulative side area) 

    Layer: Via3
      Partial area ratio:    0.20
      Required ratio:   20.00 (Gate area) 
      Cumulative area ratio:    0.51
      Required ratio:    0.00 (Cumulative area) 

    Layer: Metal4
      Partial area ratio:   81.36
      Required ratio:    0.00 (Gate area) 
      Cumulative area ratio:  101.84
      Required ratio:    0.00 (Cumulative area) 
      Partial area ratio:  314.26
      Required ratio:  400.00 (Side area) 
      Cumulative area ratio:  395.47
      Required ratio:    0.00 (Cumulative side area) 

    Layer: Via4
      Partial area ratio:    0.05
      Required ratio:   20.00 (Gate area) 
      Cumulative area ratio:    0.56
      Required ratio:    0.00 (Cumulative area) 

    Layer: Metal5
      Partial area ratio:   11.87
      Required ratio:    0.00 (Gate area) 
      Cumulative area ratio:  113.71
      Required ratio:    0.00 (Cumulative area) 
      Partial area ratio:   64.26
      Required ratio:  400.00 (Side area) 
      Cumulative area ratio:  459.73
      Required ratio:    0.00 (Cumulative side area) 


  Pin:   _10991_/A (gf180mcu_as_sc_mcu7t3v3__mux2_2)
    Layer: Metal1
      Partial area ratio:    0.01
      Required ratio:    0.00 (Gate area) 
      Cumulative area ratio:    0.01
      Required ratio:    0.00 (Cumulative area) 
      Partial area ratio:    0.88
      Required ratio:  400.00 (Side area) 
      Cumulative area ratio:    0.88
      Required ratio:    0.00 (Cumulative side area) 

    Layer: Via1
      Partial area ratio:    0.10
      Required ratio:   20.00 (Gate area) 
      Cumulative area ratio:    0.10
      Required ratio:    0.00 (Cumulative area) 

    Layer: Metal2
      Partial area ratio:    1.13
      Required ratio:    0.00 (Gate area) 
      Cumulative area ratio:    1.14
      Required ratio:    0.00 (Cumulative area) 
      Partial area ratio:    4.81
      Required ratio:  400.00 (Side area) 
      Cumulative area ratio:    5.68
      Required ratio:    0.00 (Cumulative side area) 

    Layer: Via2
      Partial area ratio:    0.20
      Required ratio:   20.00 (Gate area) 
      Cumulative area ratio:    0.30
      Required ratio:    0.00 (Cumulative area) 

    Layer: Metal3
      Partial area ratio:   17.97
      Required ratio:    0.00 (Gate area) 
      Cumulative area ratio:   19.10
      Required ratio:    0.00 (Cumulative area) 
      Partial area ratio:   70.21
      Required ratio:  400.00 (Side area) 
      Cumulative area ratio:   75.89
      Required ratio:    0.00 (Cumulative side area) 

    Layer: Via3
      Partial area ratio:    0.10
      Required ratio:   20.00 (Gate area) 
      Cumulative area ratio:    0.41
      Required ratio:    0.00 (Cumulative area) 

    Layer: Metal4
      Partial area ratio:   81.36
      Required ratio:    0.00 (Gate area) 
      Cumulative area ratio:  100.46
      Required ratio:    0.00 (Cumulative area) 
      Partial area ratio:  314.26
      Required ratio:  400.00 (Side area) 
      Cumulative area ratio:  390.15
      Required ratio:    0.00 (Cumulative side area) 

    Layer: Via4
      Partial area ratio:    0.05
      Required ratio:   20.00 (Gate area) 
      Cumulative area ratio:    0.46
      Required ratio:    0.00 (Cumulative area) 

    Layer: Metal5
      Partial area ratio:   11.87
      Required ratio:    0.00 (Gate area) 
      Cumulative area ratio:  112.33
      Required ratio:    0.00 (Cumulative area) 
      Partial area ratio:   64.26
      Required ratio:  400.00 (Side area) 
      Cumulative area ratio:  454.41
      Required ratio:    0.00 (Cumulative side area) 



Net: net906
  Pin:   _10919_/B (gf180mcu_as_sc_mcu7t3v3__mux2_2)
    Layer: Metal1
      Partial area ratio:    0.02
      Required ratio:    0.00 (Gate area) 
      Cumulative area ratio:    0.02
      Required ratio:    0.00 (Cumulative area) 
      Partial area ratio:    0.92
      Required ratio:  400.00 (Side area) 
      Cumulative area ratio:    0.92
      Required ratio:    0.00 (Cumulative side area) 

    Layer: Via1
      Partial area ratio:    0.10
      Required ratio:   20.00 (Gate area) 
      Cumulative area ratio:    0.10
      Required ratio:    0.00 (Cumulative area) 

    Layer: Metal2
      Partial area ratio:    3.08
      Required ratio:    0.00 (Gate area) 
      Cumulative area ratio:    3.10
      Required ratio:    0.00 (Cumulative area) 
      Partial area ratio:   12.35
      Required ratio:  400.00 (Side area) 
      Cumulative area ratio:   13.26
      Required ratio:    0.00 (Cumulative side area) 

    Layer: Via2
      Partial area ratio:    0.20
      Required ratio:   20.00 (Gate area) 
      Cumulative area ratio:    0.30
      Required ratio:    0.00 (Cumulative area) 

    Layer: Metal3
      Partial area ratio:    0.32
      Required ratio:    0.00 (Gate area) 
      Cumulative area ratio:    3.42
      Required ratio:    0.00 (Cumulative area) 
      Partial area ratio:    2.14
      Required ratio:  400.00 (Side area) 
      Cumulative area ratio:   15.40
      Required ratio:    0.00 (Cumulative side area) 

    Layer: Via3
      Partial area ratio:    0.10
      Required ratio:   20.00 (Gate area) 
      Cumulative area ratio:    0.41
      Required ratio:    0.00 (Cumulative area) 

    Layer: Metal4
      Partial area ratio:  108.37
      Required ratio:    0.00 (Gate area) 
      Cumulative area ratio:  111.79
      Required ratio:    0.00 (Cumulative area) 
      Partial area ratio:  418.30
      Required ratio:  400.00 (Side area) (VIOLATED)
      Cumulative area ratio:  433.70
      Required ratio:    0.00 (Cumulative side area) 

    Layer: Via4
      Partial area ratio:    0.03
      Required ratio:   20.00 (Gate area) 
      Cumulative area ratio:    0.44
      Required ratio:    0.00 (Cumulative area) 

    Layer: Metal5
      Partial area ratio:   13.29
      Required ratio:    0.00 (Gate area) 
      Cumulative area ratio:  125.08
      Required ratio:    0.00 (Cumulative area) 
      Partial area ratio:   71.96
      Required ratio:  400.00 (Side area) 
      Cumulative area ratio:  505.66
      Required ratio:    0.00 (Cumulative side area) 


  Pin:   _10980_/B (gf180mcu_as_sc_mcu7t3v3__mux2_2)
    Layer: Metal1
      Partial area ratio:    0.02
      Required ratio:    0.00 (Gate area) 
      Cumulative area ratio:    0.02
      Required ratio:    0.00 (Cumulative area) 
      Partial area ratio:    0.92
      Required ratio:  400.00 (Side area) 
      Cumulative area ratio:    0.92
      Required ratio:    0.00 (Cumulative side area) 

    Layer: Via1
      Partial area ratio:    0.10
      Required ratio:   20.00 (Gate area) 
      Cumulative area ratio:    0.10
      Required ratio:    0.00 (Cumulative area) 

    Layer: Metal2
      Partial area ratio:    1.28
      Required ratio:    0.00 (Gate area) 
      Cumulative area ratio:    1.30
      Required ratio:    0.00 (Cumulative area) 
      Partial area ratio:    5.39
      Required ratio:  400.00 (Side area) 
      Cumulative area ratio:    6.31
      Required ratio:    0.00 (Cumulative side area) 

    Layer: Via2
      Partial area ratio:    0.20
      Required ratio:   20.00 (Gate area) 
      Cumulative area ratio:    0.30
      Required ratio:    0.00 (Cumulative area) 

    Layer: Metal3
      Partial area ratio:   28.55
      Required ratio:    0.00 (Gate area) 
      Cumulative area ratio:   29.85
      Required ratio:    0.00 (Cumulative area) 
      Partial area ratio:  111.05
      Required ratio:  400.00 (Side area) 
      Cumulative area ratio:  117.36
      Required ratio:    0.00 (Cumulative side area) 

    Layer: Via3
      Partial area ratio:    0.20
      Required ratio:   20.00 (Gate area) 
      Cumulative area ratio:    0.51
      Required ratio:    0.00 (Cumulative area) 

    Layer: Metal4
      Partial area ratio:  108.37
      Required ratio:    0.00 (Gate area) 
      Cumulative area ratio:  138.22
      Required ratio:    0.00 (Cumulative area) 
      Partial area ratio:  418.30
      Required ratio:  400.00 (Side area) (VIOLATED)
      Cumulative area ratio:  535.66
      Required ratio:    0.00 (Cumulative side area) 

    Layer: Via4
      Partial area ratio:    0.03
      Required ratio:   20.00 (Gate area) 
      Cumulative area ratio:    0.54
      Required ratio:    0.00 (Cumulative area) 

    Layer: Metal5
      Partial area ratio:   13.29
      Required ratio:    0.00 (Gate area) 
      Cumulative area ratio:  151.51
      Required ratio:    0.00 (Cumulative area) 
      Partial area ratio:   71.96
      Required ratio:  400.00 (Side area) 
      Cumulative area ratio:  607.61
      Required ratio:    0.00 (Cumulative side area) 


  Pin:   _10989_/A (gf180mcu_as_sc_mcu7t3v3__mux2_2)
    Layer: Metal1
      Partial area ratio:    0.01
      Required ratio:    0.00 (Gate area) 
      Cumulative area ratio:    0.01
      Required ratio:    0.00 (Cumulative area) 
      Partial area ratio:    0.88
      Required ratio:  400.00 (Side area) 
      Cumulative area ratio:    0.88
      Required ratio:    0.00 (Cumulative side area) 

    Layer: Via1
      Partial area ratio:    0.10
      Required ratio:   20.00 (Gate area) 
      Cumulative area ratio:    0.10
      Required ratio:    0.00 (Cumulative area) 

    Layer: Metal2
      Partial area ratio:    1.36
      Required ratio:    0.00 (Gate area) 
      Cumulative area ratio:    1.37
      Required ratio:    0.00 (Cumulative area) 
      Partial area ratio:    5.71
      Required ratio:  400.00 (Side area) 
      Cumulative area ratio:    6.59
      Required ratio:    0.00 (Cumulative side area) 

    Layer: Via2
      Partial area ratio:    0.20
      Required ratio:   20.00 (Gate area) 
      Cumulative area ratio:    0.30
      Required ratio:    0.00 (Cumulative area) 

    Layer: Metal3
      Partial area ratio:   21.50
      Required ratio:    0.00 (Gate area) 
      Cumulative area ratio:   22.87
      Required ratio:    0.00 (Cumulative area) 
      Partial area ratio:   83.82
      Required ratio:  400.00 (Side area) 
      Cumulative area ratio:   90.41
      Required ratio:    0.00 (Cumulative side area) 

    Layer: Via3
      Partial area ratio:    0.10
      Required ratio:   20.00 (Gate area) 
      Cumulative area ratio:    0.41
      Required ratio:    0.00 (Cumulative area) 

    Layer: Metal4
      Partial area ratio:  108.37
      Required ratio:    0.00 (Gate area) 
      Cumulative area ratio:  131.24
      Required ratio:    0.00 (Cumulative area) 
      Partial area ratio:  418.30
      Required ratio:  400.00 (Side area) (VIOLATED)
      Cumulative area ratio:  508.71
      Required ratio:    0.00 (Cumulative side area) 

    Layer: Via4
      Partial area ratio:    0.03
      Required ratio:   20.00 (Gate area) 
      Cumulative area ratio:    0.44
      Required ratio:    0.00 (Cumulative area) 

    Layer: Metal5
      Partial area ratio:   13.29
      Required ratio:    0.00 (Gate area) 
      Cumulative area ratio:  144.53
      Required ratio:    0.00 (Cumulative area) 
      Partial area ratio:   71.96
      Required ratio:  400.00 (Side area) 
      Cumulative area ratio:  580.67
      Required ratio:    0.00 (Cumulative side area) 



Net: net908
  Pin:   _10939_/B (gf180mcu_as_sc_mcu7t3v3__mux2_2)
    Layer: Metal1
      Partial area ratio:    0.02
      Required ratio:    0.00 (Gate area) 
      Cumulative area ratio:    0.02
      Required ratio:    0.00 (Cumulative area) 
      Partial area ratio:    0.92
      Required ratio:  400.00 (Side area) 
      Cumulative area ratio:    0.92
      Required ratio:    0.00 (Cumulative side area) 

    Layer: Via1
      Partial area ratio:    0.10
      Required ratio:   20.00 (Gate area) 
      Cumulative area ratio:    0.10
      Required ratio:    0.00 (Cumulative area) 

    Layer: Metal2
      Partial area ratio:    2.14
      Required ratio:    0.00 (Gate area) 
      Cumulative area ratio:    2.16
      Required ratio:    0.00 (Cumulative area) 
      Partial area ratio:    8.72
      Required ratio:  400.00 (Side area) 
      Cumulative area ratio:    9.63
      Required ratio:    0.00 (Cumulative side area) 

    Layer: Via2
      Partial area ratio:    0.20
      Required ratio:   20.00 (Gate area) 
      Cumulative area ratio:    0.30
      Required ratio:    0.00 (Cumulative area) 

    Layer: Metal3
      Partial area ratio:    0.91
      Required ratio:    0.00 (Gate area) 
      Cumulative area ratio:    3.07
      Required ratio:    0.00 (Cumulative area) 
      Partial area ratio:    3.59
      Required ratio:  400.00 (Side area) 
      Cumulative area ratio:   13.22
      Required ratio:    0.00 (Cumulative side area) 

    Layer: Via3
      Partial area ratio:    0.10
      Required ratio:    0.00 (Gate area) 
      Cumulative area ratio:    0.41
      Required ratio:    0.00 (Cumulative area) 

    Layer: Metal4
      Partial area ratio:   19.48
      Required ratio:    0.00 (Gate area) 
      Cumulative area ratio:   22.55
      Required ratio:    0.00 (Cumulative area) 
      Partial area ratio:   75.18
      Required ratio:  400.00 (Side area) 
      Cumulative area ratio:   88.40
      Required ratio:    0.00 (Cumulative side area) 


  Pin:   _10948_/A (gf180mcu_as_sc_mcu7t3v3__mux2_2)
    Layer: Metal1
      Partial area ratio:    0.01
      Required ratio:    0.00 (Gate area) 
      Cumulative area ratio:    0.01
      Required ratio:    0.00 (Cumulative area) 
      Partial area ratio:    0.88
      Required ratio:  400.00 (Side area) 
      Cumulative area ratio:    0.88
      Required ratio:    0.00 (Cumulative side area) 

    Layer: Via1
      Partial area ratio:    0.10
      Required ratio:   20.00 (Gate area) 
      Cumulative area ratio:    0.10
      Required ratio:    0.00 (Cumulative area) 

    Layer: Metal2
      Partial area ratio:    2.57
      Required ratio:    0.00 (Gate area) 
      Cumulative area ratio:    2.58
      Required ratio:    0.00 (Cumulative area) 
      Partial area ratio:   10.36
      Required ratio:  400.00 (Side area) 
      Cumulative area ratio:   11.24
      Required ratio:    0.00 (Cumulative side area) 

    Layer: Via2
      Partial area ratio:    0.20
      Required ratio:   20.00 (Gate area) 
      Cumulative area ratio:    0.30
      Required ratio:    0.00 (Cumulative area) 

    Layer: Metal3
      Partial area ratio:  109.68
      Required ratio:    0.00 (Gate area) 
      Cumulative area ratio:  112.26
      Required ratio:    0.00 (Cumulative area) 
      Partial area ratio:  423.80
      Required ratio:  400.00 (Side area) (VIOLATED)
      Cumulative area ratio:  435.04
      Required ratio:    0.00 (Cumulative side area) 

    Layer: Via3
      Partial area ratio:    0.10
      Required ratio:   20.00 (Gate area) 
      Cumulative area ratio:    0.41
      Required ratio:    0.00 (Cumulative area) 

    Layer: Metal4
      Partial area ratio:   19.48
      Required ratio:    0.00 (Gate area) 
      Cumulative area ratio:  131.73
      Required ratio:    0.00 (Cumulative area) 
      Partial area ratio:   75.18
      Required ratio:  400.00 (Side area) 
      Cumulative area ratio:  510.22
      Required ratio:    0.00 (Cumulative side area) 


  Pin:   _10958_/B (gf180mcu_as_sc_mcu7t3v3__mux2_2)
    Layer: Metal1
      Partial area ratio:    0.02
      Required ratio:    0.00 (Gate area) 
      Cumulative area ratio:    0.02
      Required ratio:    0.00 (Cumulative area) 
      Partial area ratio:    0.92
      Required ratio:  400.00 (Side area) 
      Cumulative area ratio:    0.92
      Required ratio:    0.00 (Cumulative side area) 

    Layer: Via1
      Partial area ratio:    0.10
      Required ratio:   20.00 (Gate area) 
      Cumulative area ratio:    0.10
      Required ratio:    0.00 (Cumulative area) 

    Layer: Metal2
      Partial area ratio:    1.48
      Required ratio:    0.00 (Gate area) 
      Cumulative area ratio:    1.49
      Required ratio:    0.00 (Cumulative area) 
      Partial area ratio:    6.15
      Required ratio:  400.00 (Side area) 
      Cumulative area ratio:    7.06
      Required ratio:    0.00 (Cumulative side area) 

    Layer: Via2
      Partial area ratio:    0.20
      Required ratio:   20.00 (Gate area) 
      Cumulative area ratio:    0.30
      Required ratio:    0.00 (Cumulative area) 

    Layer: Metal3
      Partial area ratio:    0.32
      Required ratio:    0.00 (Gate area) 
      Cumulative area ratio:    1.81
      Required ratio:    0.00 (Cumulative area) 
      Partial area ratio:    2.14
      Required ratio:  400.00 (Side area) 
      Cumulative area ratio:    9.20
      Required ratio:    0.00 (Cumulative side area) 

    Layer: Via3
      Partial area ratio:    0.10
      Required ratio:   20.00 (Gate area) 
      Cumulative area ratio:    0.41
      Required ratio:    0.00 (Cumulative area) 

    Layer: Metal4
      Partial area ratio:   19.48
      Required ratio:    0.00 (Gate area) 
      Cumulative area ratio:   21.29
      Required ratio:    0.00 (Cumulative area) 
      Partial area ratio:   75.18
      Required ratio:  400.00 (Side area) 
      Cumulative area ratio:   84.38
      Required ratio:    0.00 (Cumulative side area) 


  Pin:   _10969_/B (gf180mcu_as_sc_mcu7t3v3__mux2_2)
    Layer: Metal1
      Partial area ratio:    0.02
      Required ratio:    0.00 (Gate area) 
      Cumulative area ratio:    0.02
      Required ratio:    0.00 (Cumulative area) 
      Partial area ratio:    0.92
      Required ratio:  400.00 (Side area) 
      Cumulative area ratio:    0.92
      Required ratio:    0.00 (Cumulative side area) 

    Layer: Via1
      Partial area ratio:    0.10
      Required ratio:   20.00 (Gate area) 
      Cumulative area ratio:    0.10
      Required ratio:    0.00 (Cumulative area) 

    Layer: Metal2
      Partial area ratio:    2.03
      Required ratio:    0.00 (Gate area) 
      Cumulative area ratio:    2.04
      Required ratio:    0.00 (Cumulative area) 
      Partial area ratio:    8.27
      Required ratio:  400.00 (Side area) 
      Cumulative area ratio:    9.19
      Required ratio:    0.00 (Cumulative side area) 

    Layer: Via2
      Partial area ratio:    0.20
      Required ratio:   20.00 (Gate area) 
      Cumulative area ratio:    0.30
      Required ratio:    0.00 (Cumulative area) 

    Layer: Metal3
      Partial area ratio:  109.68
      Required ratio:    0.00 (Gate area) 
      Cumulative area ratio:  111.72
      Required ratio:    0.00 (Cumulative area) 
      Partial area ratio:  423.80
      Required ratio:  400.00 (Side area) (VIOLATED)
      Cumulative area ratio:  432.98
      Required ratio:    0.00 (Cumulative side area) 

    Layer: Via3
      Partial area ratio:    0.10
      Required ratio:   20.00 (Gate area) 
      Cumulative area ratio:    0.41
      Required ratio:    0.00 (Cumulative area) 

    Layer: Metal4
      Partial area ratio:   19.48
      Required ratio:    0.00 (Gate area) 
      Cumulative area ratio:  131.20
      Required ratio:    0.00 (Cumulative area) 
      Partial area ratio:   75.18
      Required ratio:  400.00 (Side area) 
      Cumulative area ratio:  508.16
      Required ratio:    0.00 (Cumulative side area) 


  Pin:   _10979_/B (gf180mcu_as_sc_mcu7t3v3__mux2_2)
    Layer: Metal1
      Partial area ratio:    0.02
      Required ratio:    0.00 (Gate area) 
      Cumulative area ratio:    0.02
      Required ratio:    0.00 (Cumulative area) 
      Partial area ratio:    0.92
      Required ratio:  400.00 (Side area) 
      Cumulative area ratio:    0.92
      Required ratio:    0.00 (Cumulative side area) 

    Layer: Via1
      Partial area ratio:    0.10
      Required ratio:   20.00 (Gate area) 
      Cumulative area ratio:    0.10
      Required ratio:    0.00 (Cumulative area) 

    Layer: Metal2
      Partial area ratio:    5.05
      Required ratio:    0.00 (Gate area) 
      Cumulative area ratio:    5.06
      Required ratio:    0.00 (Cumulative area) 
      Partial area ratio:   19.92
      Required ratio:  400.00 (Side area) 
      Cumulative area ratio:   20.84
      Required ratio:    0.00 (Cumulative side area) 

    Layer: Via2
      Partial area ratio:    0.30
      Required ratio:   20.00 (Gate area) 
      Cumulative area ratio:    0.41
      Required ratio:    0.00 (Cumulative area) 

    Layer: Metal3
      Partial area ratio:  109.68
      Required ratio:    0.00 (Gate area) 
      Cumulative area ratio:  114.74
      Required ratio:    0.00 (Cumulative area) 
      Partial area ratio:  423.80
      Required ratio:  400.00 (Side area) (VIOLATED)
      Cumulative area ratio:  444.64
      Required ratio:    0.00 (Cumulative side area) 

    Layer: Via3
      Partial area ratio:    0.10
      Required ratio:   20.00 (Gate area) 
      Cumulative area ratio:    0.51
      Required ratio:    0.00 (Cumulative area) 

    Layer: Metal4
      Partial area ratio:   19.48
      Required ratio:    0.00 (Gate area) 
      Cumulative area ratio:  134.22
      Required ratio:    0.00 (Cumulative area) 
      Partial area ratio:   75.18
      Required ratio:  400.00 (Side area) 
      Cumulative area ratio:  519.82
      Required ratio:    0.00 (Cumulative side area) 


  Pin:   _10988_/A (gf180mcu_as_sc_mcu7t3v3__mux2_2)
    Layer: Metal1
      Partial area ratio:    0.01
      Required ratio:    0.00 (Gate area) 
      Cumulative area ratio:    0.01
      Required ratio:    0.00 (Cumulative area) 
      Partial area ratio:    0.88
      Required ratio:  400.00 (Side area) 
      Cumulative area ratio:    0.88
      Required ratio:    0.00 (Cumulative side area) 

    Layer: Via1
      Partial area ratio:    0.10
      Required ratio:   20.00 (Gate area) 
      Cumulative area ratio:    0.10
      Required ratio:    0.00 (Cumulative area) 

    Layer: Metal2
      Partial area ratio:    0.66
      Required ratio:    0.00 (Gate area) 
      Cumulative area ratio:    0.67
      Required ratio:    0.00 (Cumulative area) 
      Partial area ratio:    2.99
      Required ratio:  400.00 (Side area) 
      Cumulative area ratio:    3.87
      Required ratio:    0.00 (Cumulative side area) 

    Layer: Via2
      Partial area ratio:    0.20
      Required ratio:   20.00 (Gate area) 
      Cumulative area ratio:    0.30
      Required ratio:    0.00 (Cumulative area) 

    Layer: Metal3
      Partial area ratio:   28.55
      Required ratio:    0.00 (Gate area) 
      Cumulative area ratio:   29.22
      Required ratio:    0.00 (Cumulative area) 
      Partial area ratio:  111.05
      Required ratio:  400.00 (Side area) 
      Cumulative area ratio:  114.91
      Required ratio:    0.00 (Cumulative side area) 

    Layer: Via3
      Partial area ratio:    0.10
      Required ratio:   20.00 (Gate area) 
      Cumulative area ratio:    0.41
      Required ratio:    0.00 (Cumulative area) 

    Layer: Metal4
      Partial area ratio:   19.48
      Required ratio:    0.00 (Gate area) 
      Cumulative area ratio:   48.70
      Required ratio:    0.00 (Cumulative area) 
      Partial area ratio:   75.18
      Required ratio:  400.00 (Side area) 
      Cumulative area ratio:  190.09
      Required ratio:    0.00 (Cumulative side area) 



Net: net910
  Pin:   _10916_/B (gf180mcu_as_sc_mcu7t3v3__mux2_2)
    Layer: Metal1
      Partial area ratio:    0.02
      Required ratio:    0.00 (Gate area) 
      Cumulative area ratio:    0.02
      Required ratio:    0.00 (Cumulative area) 
      Partial area ratio:    0.92
      Required ratio:  400.00 (Side area) 
      Cumulative area ratio:    0.92
      Required ratio:    0.00 (Cumulative side area) 

    Layer: Via1
      Partial area ratio:    0.10
      Required ratio:   20.00 (Gate area) 
      Cumulative area ratio:    0.10
      Required ratio:    0.00 (Cumulative area) 

    Layer: Metal2
      Partial area ratio:    5.29
      Required ratio:    0.00 (Gate area) 
      Cumulative area ratio:    5.31
      Required ratio:    0.00 (Cumulative area) 
      Partial area ratio:   20.82
      Required ratio:  400.00 (Side area) 
      Cumulative area ratio:   21.74
      Required ratio:    0.00 (Cumulative side area) 

    Layer: Via2
      Partial area ratio:    0.24
      Required ratio:   20.00 (Gate area) 
      Cumulative area ratio:    0.34
      Required ratio:    0.00 (Cumulative area) 

    Layer: Metal3
      Partial area ratio:    9.44
      Required ratio:    0.00 (Gate area) 
      Cumulative area ratio:   14.76
      Required ratio:    0.00 (Cumulative area) 
      Partial area ratio:   36.53
      Required ratio:  400.00 (Side area) 
      Cumulative area ratio:   58.26
      Required ratio:    0.00 (Cumulative side area) 

    Layer: Via3
      Partial area ratio:    0.10
      Required ratio:    0.00 (Gate area) 
      Cumulative area ratio:    0.44
      Required ratio:    0.00 (Cumulative area) 

    Layer: Metal4
      Partial area ratio:    9.02
      Required ratio:    0.00 (Gate area) 
      Cumulative area ratio:   23.77
      Required ratio:    0.00 (Cumulative area) 
      Partial area ratio:   34.80
      Required ratio:  400.00 (Side area) 
      Cumulative area ratio:   93.06
      Required ratio:    0.00 (Cumulative side area) 

    Layer: Via4
      Partial area ratio:    0.10
      Required ratio:    0.00 (Gate area) 
      Cumulative area ratio:    0.54
      Required ratio:    0.00 (Cumulative area) 

    Layer: Metal5
      Partial area ratio:    1.43
      Required ratio:    0.00 (Gate area) 
      Cumulative area ratio:   25.20
      Required ratio:    0.00 (Cumulative area) 
      Partial area ratio:    7.80
      Required ratio:  400.00 (Side area) 
      Cumulative area ratio:  100.86
      Required ratio:    0.00 (Cumulative side area) 


  Pin:   _10977_/B (gf180mcu_as_sc_mcu7t3v3__mux2_2)
    Layer: Metal1
      Partial area ratio:    0.02
      Required ratio:    0.00 (Gate area) 
      Cumulative area ratio:    0.02
      Required ratio:    0.00 (Cumulative area) 
      Partial area ratio:    0.92
      Required ratio:  400.00 (Side area) 
      Cumulative area ratio:    0.92
      Required ratio:    0.00 (Cumulative side area) 

    Layer: Via1
      Partial area ratio:    0.10
      Required ratio:   20.00 (Gate area) 
      Cumulative area ratio:    0.10
      Required ratio:    0.00 (Cumulative area) 

    Layer: Metal2
      Partial area ratio:    1.56
      Required ratio:    0.00 (Gate area) 
      Cumulative area ratio:    1.57
      Required ratio:    0.00 (Cumulative area) 
      Partial area ratio:    6.45
      Required ratio:  400.00 (Side area) 
      Cumulative area ratio:    7.37
      Required ratio:    0.00 (Cumulative side area) 

    Layer: Via2
      Partial area ratio:    0.20
      Required ratio:   20.00 (Gate area) 
      Cumulative area ratio:    0.30
      Required ratio:    0.00 (Cumulative area) 

    Layer: Metal3
      Partial area ratio:    0.32
      Required ratio:    0.00 (Gate area) 
      Cumulative area ratio:    1.89
      Required ratio:    0.00 (Cumulative area) 
      Partial area ratio:    2.14
      Required ratio:  400.00 (Side area) 
      Cumulative area ratio:    9.51
      Required ratio:    0.00 (Cumulative side area) 

    Layer: Via3
      Partial area ratio:    0.10
      Required ratio:   20.00 (Gate area) 
      Cumulative area ratio:    0.41
      Required ratio:    0.00 (Cumulative area) 

    Layer: Metal4
      Partial area ratio:    0.16
      Required ratio:    0.00 (Gate area) 
      Cumulative area ratio:    2.05
      Required ratio:    0.00 (Cumulative area) 
      Partial area ratio:    1.07
      Required ratio:  400.00 (Side area) 
      Cumulative area ratio:   10.58
      Required ratio:    0.00 (Cumulative side area) 

    Layer: Via4
      Partial area ratio:    0.10
      Required ratio:   20.00 (Gate area) 
      Cumulative area ratio:    0.51
      Required ratio:    0.00 (Cumulative area) 

    Layer: Metal5
      Partial area ratio:    1.43
      Required ratio:    0.00 (Gate area) 
      Cumulative area ratio:    3.48
      Required ratio:    0.00 (Cumulative area) 
      Partial area ratio:    7.80
      Required ratio:  400.00 (Side area) 
      Cumulative area ratio:   18.38
      Required ratio:    0.00 (Cumulative side area) 


  Pin:   _10986_/A (gf180mcu_as_sc_mcu7t3v3__mux2_2)
    Layer: Metal1
      Partial area ratio:    0.01
      Required ratio:    0.00 (Gate area) 
      Cumulative area ratio:    0.01
      Required ratio:    0.00 (Cumulative area) 
      Partial area ratio:    0.88
      Required ratio:  400.00 (Side area) 
      Cumulative area ratio:    0.88
      Required ratio:    0.00 (Cumulative side area) 

    Layer: Via1
      Partial area ratio:    0.10
      Required ratio:   20.00 (Gate area) 
      Cumulative area ratio:    0.10
      Required ratio:    0.00 (Cumulative area) 

    Layer: Metal2
      Partial area ratio:    2.07
      Required ratio:    0.00 (Gate area) 
      Cumulative area ratio:    2.08
      Required ratio:    0.00 (Cumulative area) 
      Partial area ratio:    8.44
      Required ratio:  400.00 (Side area) 
      Cumulative area ratio:    9.31
      Required ratio:    0.00 (Cumulative side area) 

    Layer: Via2
      Partial area ratio:    0.20
      Required ratio:   20.00 (Gate area) 
      Cumulative area ratio:    0.30
      Required ratio:    0.00 (Cumulative area) 

    Layer: Metal3
      Partial area ratio:   14.44
      Required ratio:    0.00 (Gate area) 
      Cumulative area ratio:   16.51
      Required ratio:    0.00 (Cumulative area) 
      Partial area ratio:   56.59
      Required ratio:  400.00 (Side area) 
      Cumulative area ratio:   65.90
      Required ratio:    0.00 (Cumulative side area) 

    Layer: Via3
      Partial area ratio:    0.10
      Required ratio:   20.00 (Gate area) 
      Cumulative area ratio:    0.41
      Required ratio:    0.00 (Cumulative area) 

    Layer: Metal4
      Partial area ratio:  162.55
      Required ratio:    0.00 (Gate area) 
      Cumulative area ratio:  179.07
      Required ratio:    0.00 (Cumulative area) 
      Partial area ratio:  627.45
      Required ratio:  400.00 (Side area) (VIOLATED)
      Cumulative area ratio:  693.35
      Required ratio:    0.00 (Cumulative side area) 

    Layer: Via4
      Partial area ratio:    0.10
      Required ratio:   20.00 (Gate area) 
      Cumulative area ratio:    0.51
      Required ratio:    0.00 (Cumulative area) 

    Layer: Metal5
      Partial area ratio:    1.43
      Required ratio:    0.00 (Gate area) 
      Cumulative area ratio:  180.50
      Required ratio:    0.00 (Cumulative area) 
      Partial area ratio:    7.80
      Required ratio:  400.00 (Side area) 
      Cumulative area ratio:  701.15
      Required ratio:    0.00 (Cumulative side area) 



Net: net1358
  Pin:   _10931_/A (gf180mcu_as_sc_mcu7t3v3__mux2_2)
    Layer: Metal1
      Partial area ratio:    0.01
      Required ratio:    0.00 (Gate area) 
      Cumulative area ratio:    0.01
      Required ratio:    0.00 (Cumulative area) 
      Partial area ratio:    0.88
      Required ratio:  400.00 (Side area) 
      Cumulative area ratio:    0.88
      Required ratio:    0.00 (Cumulative side area) 

    Layer: Via1
      Partial area ratio:    0.10
      Required ratio:   20.00 (Gate area) 
      Cumulative area ratio:    0.10
      Required ratio:    0.00 (Cumulative area) 

    Layer: Metal2
      Partial area ratio:    3.01
      Required ratio:    0.00 (Gate area) 
      Cumulative area ratio:    3.02
      Required ratio:    0.00 (Cumulative area) 
      Partial area ratio:   12.07
      Required ratio:  400.00 (Side area) 
      Cumulative area ratio:   12.94
      Required ratio:    0.00 (Cumulative side area) 

    Layer: Via2
      Partial area ratio:    0.20
      Required ratio:   20.00 (Gate area) 
      Cumulative area ratio:    0.30
      Required ratio:    0.00 (Cumulative area) 

    Layer: Metal3
      Partial area ratio:    0.32
      Required ratio:    0.00 (Gate area) 
      Cumulative area ratio:    3.34
      Required ratio:    0.00 (Cumulative area) 
      Partial area ratio:    2.14
      Required ratio:  400.00 (Side area) 
      Cumulative area ratio:   15.08
      Required ratio:    0.00 (Cumulative side area) 

    Layer: Via3
      Partial area ratio:    0.10
      Required ratio:   20.00 (Gate area) 
      Cumulative area ratio:    0.41
      Required ratio:    0.00 (Cumulative area) 

    Layer: Metal4
      Partial area ratio:  160.81
      Required ratio:    0.00 (Gate area) 
      Cumulative area ratio:  164.15
      Required ratio:    0.00 (Cumulative area) 
      Partial area ratio:  620.72
      Required ratio:  400.00 (Side area) (VIOLATED)
      Cumulative area ratio:  635.80
      Required ratio:    0.00 (Cumulative side area) 

    Layer: Via4
      Partial area ratio:    0.05
      Required ratio:   20.00 (Gate area) 
      Cumulative area ratio:    0.46
      Required ratio:    0.00 (Cumulative area) 

    Layer: Metal5
      Partial area ratio:   28.08
      Required ratio:    0.00 (Gate area) 
      Cumulative area ratio:  192.23
      Required ratio:    0.00 (Cumulative area) 
      Partial area ratio:  152.07
      Required ratio:  400.00 (Side area) 
      Cumulative area ratio:  787.88
      Required ratio:    0.00 (Cumulative side area) 


  Pin:   _10983_/A (gf180mcu_as_sc_mcu7t3v3__mux2_2)
    Layer: Metal1
      Partial area ratio:    0.01
      Required ratio:    0.00 (Gate area) 
      Cumulative area ratio:    0.01
      Required ratio:    0.00 (Cumulative area) 
      Partial area ratio:    0.88
      Required ratio:  400.00 (Side area) 
      Cumulative area ratio:    0.88
      Required ratio:    0.00 (Cumulative side area) 

    Layer: Via1
      Partial area ratio:    0.10
      Required ratio:   20.00 (Gate area) 
      Cumulative area ratio:    0.10
      Required ratio:    0.00 (Cumulative area) 

    Layer: Metal2
      Partial area ratio:    3.99
      Required ratio:    0.00 (Gate area) 
      Cumulative area ratio:    4.00
      Required ratio:    0.00 (Cumulative area) 
      Partial area ratio:   15.85
      Required ratio:  400.00 (Side area) 
      Cumulative area ratio:   16.73
      Required ratio:    0.00 (Cumulative side area) 

    Layer: Via2
      Partial area ratio:    0.20
      Required ratio:   20.00 (Gate area) 
      Cumulative area ratio:    0.30
      Required ratio:    0.00 (Cumulative area) 

    Layer: Metal3
      Partial area ratio:   10.91
      Required ratio:    0.00 (Gate area) 
      Cumulative area ratio:   14.91
      Required ratio:    0.00 (Cumulative area) 
      Partial area ratio:   42.98
      Required ratio:  400.00 (Side area) 
      Cumulative area ratio:   59.70
      Required ratio:    0.00 (Cumulative side area) 

    Layer: Via3
      Partial area ratio:    0.10
      Required ratio:   20.00 (Gate area) 
      Cumulative area ratio:    0.41
      Required ratio:    0.00 (Cumulative area) 

    Layer: Metal4
      Partial area ratio:   77.83
      Required ratio:    0.00 (Gate area) 
      Cumulative area ratio:   92.73
      Required ratio:    0.00 (Cumulative area) 
      Partial area ratio:  300.65
      Required ratio:  400.00 (Side area) 
      Cumulative area ratio:  360.35
      Required ratio:    0.00 (Cumulative side area) 

    Layer: Via4
      Partial area ratio:    0.05
      Required ratio:   20.00 (Gate area) 
      Cumulative area ratio:    0.46
      Required ratio:    0.00 (Cumulative area) 

    Layer: Metal5
      Partial area ratio:   28.08
      Required ratio:    0.00 (Gate area) 
      Cumulative area ratio:  120.81
      Required ratio:    0.00 (Cumulative area) 
      Partial area ratio:  152.07
      Required ratio:  400.00 (Side area) 
      Cumulative area ratio:  512.43
      Required ratio:    0.00 (Cumulative side area) 


  Pin:   _10992_/B (gf180mcu_as_sc_mcu7t3v3__mux2_2)
    Layer: Metal1
      Partial area ratio:    0.02
      Required ratio:    0.00 (Gate area) 
      Cumulative area ratio:    0.02
      Required ratio:    0.00 (Cumulative area) 
      Partial area ratio:    0.92
      Required ratio:  400.00 (Side area) 
      Cumulative area ratio:    0.92
      Required ratio:    0.00 (Cumulative side area) 

    Layer: Via1
      Partial area ratio:    0.10
      Required ratio:   20.00 (Gate area) 
      Cumulative area ratio:    0.10
      Required ratio:    0.00 (Cumulative area) 

    Layer: Metal2
      Partial area ratio:    5.28
      Required ratio:    0.00 (Gate area) 
      Cumulative area ratio:    5.30
      Required ratio:    0.00 (Cumulative area) 
      Partial area ratio:   20.82
      Required ratio:  400.00 (Side area) 
      Cumulative area ratio:   21.74
      Required ratio:    0.00 (Cumulative side area) 

    Layer: Via2
      Partial area ratio:    0.20
      Required ratio:   20.00 (Gate area) 
      Cumulative area ratio:    0.30
      Required ratio:    0.00 (Cumulative area) 

    Layer: Metal3
      Partial area ratio:   10.91
      Required ratio:    0.00 (Gate area) 
      Cumulative area ratio:   16.21
      Required ratio:    0.00 (Cumulative area) 
      Partial area ratio:   42.98
      Required ratio:  400.00 (Side area) 
      Cumulative area ratio:   64.72
      Required ratio:    0.00 (Cumulative side area) 

    Layer: Via3
      Partial area ratio:    0.20
      Required ratio:   20.00 (Gate area) 
      Cumulative area ratio:    0.51
      Required ratio:    0.00 (Cumulative area) 

    Layer: Metal4
      Partial area ratio:   77.83
      Required ratio:    0.00 (Gate area) 
      Cumulative area ratio:   94.03
      Required ratio:    0.00 (Cumulative area) 
      Partial area ratio:  300.65
      Required ratio:  400.00 (Side area) 
      Cumulative area ratio:  365.36
      Required ratio:    0.00 (Cumulative side area) 

    Layer: Via4
      Partial area ratio:    0.05
      Required ratio:   20.00 (Gate area) 
      Cumulative area ratio:    0.56
      Required ratio:    0.00 (Cumulative area) 

    Layer: Metal5
      Partial area ratio:   28.08
      Required ratio:    0.00 (Gate area) 
      Cumulative area ratio:  122.11
      Required ratio:    0.00 (Cumulative area) 
      Partial area ratio:  152.07
      Required ratio:  400.00 (Side area) 
      Cumulative area ratio:  517.44
      Required ratio:    0.00 (Cumulative side area) 


  Pin:   fanout771/A (gf180mcu_as_sc_mcu7t3v3__buff_2)
    Layer: Via1
      Partial area ratio:    0.10
      Required ratio:   20.00 (Gate area) 
      Cumulative area ratio:    0.10
      Required ratio:    0.00 (Cumulative area) 

    Layer: Metal2
      Partial area ratio:    1.03
      Required ratio:    0.00 (Gate area) 
      Cumulative area ratio:    1.03
      Required ratio:    0.00 (Cumulative area) 
      Partial area ratio:    4.42
      Required ratio:  400.00 (Side area) 
      Cumulative area ratio:    4.42
      Required ratio:    0.00 (Cumulative side area) 

    Layer: Via2
      Partial area ratio:    0.20
      Required ratio:   20.00 (Gate area) 
      Cumulative area ratio:    0.30
      Required ratio:    0.00 (Cumulative area) 

    Layer: Metal3
      Partial area ratio:   28.55
      Required ratio:    0.00 (Gate area) 
      Cumulative area ratio:   29.58
      Required ratio:    0.00 (Cumulative area) 
      Partial area ratio:  111.05
      Required ratio:  400.00 (Side area) 
      Cumulative area ratio:  115.47
      Required ratio:    0.00 (Cumulative side area) 

    Layer: Via3
      Partial area ratio:    0.10
      Required ratio:   20.00 (Gate area) 
      Cumulative area ratio:    0.41
      Required ratio:    0.00 (Cumulative area) 

    Layer: Metal4
      Partial area ratio:  160.81
      Required ratio:    0.00 (Gate area) 
      Cumulative area ratio:  190.39
      Required ratio:    0.00 (Cumulative area) 
      Partial area ratio:  620.72
      Required ratio:  400.00 (Side area) (VIOLATED)
      Cumulative area ratio:  736.19
      Required ratio:    0.00 (Cumulative side area) 

    Layer: Via4
      Partial area ratio:    0.05
      Required ratio:   20.00 (Gate area) 
      Cumulative area ratio:    0.46
      Required ratio:    0.00 (Cumulative area) 

    Layer: Metal5
      Partial area ratio:   28.08
      Required ratio:    0.00 (Gate area) 
      Cumulative area ratio:  218.47
      Required ratio:    0.00 (Cumulative area) 
      Partial area ratio:  152.07
      Required ratio:  400.00 (Side area) 
      Cumulative area ratio:  888.27
      Required ratio:    0.00 (Cumulative side area) 



[INFO ANT-0002] Found 30 net violations.
[INFO ANT-0001] Found 38 pin violations.
