c1da418fc1021b18
4038bfd6c14438b8
a8adb677c143fc43
3cda409fc1172577
c280c38c40344a24
415fb84e3faf9cb8
4032c3f7c0df6ac2
b6fe3f17c0f8342b
c0574320c177c996
426cc383c1dc5f53
c398354dc1e66f81
4307bb9ac200928e
c089b8fcc1f5d7ae
c389c074c1b2bb86
b7f3a84ac1b2996e
c045c04ec18dd762
c080b52cc18805e2
bebac3a8c1290ba4
4167373ac1158679
3c8ec107c143523d
43e141c2bf5dc350
c211bd5b404c777c
3f163ec240c60116
42fcb8fc408060f6
41483d7340f37e56
be4b399b40d037ee
421f418a416fbacf
296939b24170360f
c373c01e41b571fc
40c2b97c41a86600
c13b363f41a03b1f
3e7f3d9541b25c94
bc02b7d041b64688
2c50407541b77a11
315cbad541b65525
ad47c38741b8d0bc
c34e3e8241894720
43bb39f741a05556
bacfc14641b24923
249643b741b2d6a8
4054351241b85322
41c4c0494186e95a
2f0d433d418a19ec
38fbb53b4188791e
bf6236254182cd79
4350c3e93ff1dd90
408a412140f6b5b4
422e3fb2415a76d2
40f230c841606016
37dbb8bb415bbaf7
c31a41ec404e0c5c
387bc0cd3ff004c0
28d5afb83fef6f90
bc95bced4051ff8c
34ed3be7406575f9
3b32b55b40523196
c38dc05441374576
c12a3968411b5a66
41c740c64184d507
40c1411041b4f727
bfd54178418a224f
3d8ac2ab414a6642
c3bcc3c441dd5301
4017c00241bc8aa5
c2403bfd41a39405
bcfac2e341c5d9b3
c172330241c11496
c14fbf4441e7a692
3ec5b5cc41e2bed2
bdb2b2b741e522b6
c39fbb4342006742
b910c0fe4206b8ba
c243426641bd5010
2d2ec0a841bbce2d
3ac3411341ccf5e9
c3abc3b74221a330
c1a83f01420dd45c
c1703e8c41f80f78
3db435b941fc23da
c078439c41b8219a
40c4304041baa9ba
c06e3cc141a59acc
baba38db41a185a8
bdb83c314195898c
c30fbe7241c3083a
437d4202420e8117
be3241bc41f97b76
be12430741ced2f8
3fceb95d41c45c02
bfedc3dd4201574d
420fc36541a914c6
411c436541f4a4de
387fc14141e8d53e
41e2439542210529
3e872c8b42217bc6
bbcfbce6422643c5
c0b53d934219254e
b84bc0e5421e6614
c2543d50420d96f4
be87968e420d99a1
bd9741f241f9f784
4265c3b6419759e8
c0c9bd8341b1b9c3
43cb408641f83a47
bd26c0974207edd8
3d954167421701d2
42eabcff4205bc47
421e3dfd42180d1a
aff043c542161fbc
c03f3f374206ce78
c2a5c1494229ec84
4293c098420bb93c
40253a6a42125e90
4175bc384206dbc4
bd1cbeae420f6406
41e13aa842192c70
43454232424635ea
c1d6368d42416e8e
c255c3604270216e
c2d441dc42481f3e
409c414242605b76
bd173b5f425baae5
4083bbce4252dd4a
3888c06c424ddaf2
c2b1bf774266d495
42413820426d479d
42cdb5684268af14
bf21409842584f48
413fc3cd422f62d6
3d74c288421d9406
c229422941ef42ec
c35cc02a4216468e
43cfb90e420c687a
c227c152422d23f8
c0233fcf421cfd52
c25b429241e676d8
bbca438641c929fa
428cbe97419e0566
bfe4b1e341a0ec99
c2663cde4181c825
c35ec3d541f52e91
43b9be8b41c2a71f
3a2eb66b41c02c8b
bdfac2fe41e9f697
429d43844226af40
4384c23841efe4c0
c08f3b8a41deb5b5
43ae357e41e9411e
3e063d2e41f8daa8
bfb6355341f3b8e8
be2ac00f42065eaf
c2b3bf04421dde95
43bcb6ab42176c42
3cdd3c97421d00d9
430dbb024210a692
be2fbd8742193204
bddd418e4208e939
424cbe4f41ea18fe
bd4d35a941e658e3
390e3a2441ea3a22
c014c3ad42146a95
c01ac2d842307c85
368ec2de422adc20
c2cc3c55421c2342
beb240ad420c7c1d
aae741cd420bdbf5
c18821db420bbb92
40b8c2c441d79d64
4330c13a418c7ba4
406b43c241d107d0
4125bdc441b35e7c
c24a2f5a41b07abc
42b6be9c41841fd4
424dc1bc40ef72f0
4291c37ec09a2000
bde34273c118fdf0
40dd4284bfd1f100
41743fe1406ebf20
3e11c126be31d100
b850c1793fa69460
3ee03d5e4066e330
bfebc2f84128141c
436a40ef419d31fa
364e354c419e3d23
419fb5fa4195d712
baadbd2a419e756a
bfbfc39c41d966ce
3cb0b95541d32732
3885c30141c35370
bca4c1ca41de30d8
c1ffbfb542063391
4143ba8a41fb3313
ba553b3241f58120
c043c3e1421c5472
33591f5f421c5623
3cc3b7e54219fcac
3df83f68422509dc
c030a90c42255e65
b16cc0664226dbf6
b99e37bb42258093
428342af4251061f
bf313caf42489a80
c33bc2db427a2bf8
2dfc420a427b4d17
c173404242641971
4221be064251a40e
3e2941954262d57c
bc1c3e71425c3765
3f913a0e4261f163
41b3425842830c76
435c388f42873e02
c12ebffb42919388
c0853873428f1010
4020c32a42804970
3dd03ef3428555fe
bcdd2fb542850b08
c15d3f5b42765c89
c35943b3423dca4f
40ed3c1c4247e945
bf70429b422f58dd
435ac1c64204e741
406a4179421d0f5b
3d1c3e6a422540c1
b70842ca421f4937
438abb8842111763
40d8b84b420be491
c15dbd96421adf50
c1fb428b41e77c10
435ac218418de330
3a72b9e041892778
c21cbe8b41b120ac
c0073ffd4190f4c2
c3f0c0f641dfb602
b7d6c3aa41eeb989
3c153ac341f5a009
415ec0b241c33951
bee3356b41be8f55
bf42397d41b49a06
bff93ddf419d3293
40a840f041cb2d93
439435cf41d62ebe
acb541b141d4821c
404e388441de3a38
bb79bee941eb2300
c24540ec41ad6bc8
c21c3fea417a2460
35cc43704187d980
402d439441c72388
c1d11a1641c711d5
38a5be0a41c00eb8
2636bc9541bfd5cd
3345c3fd41b89387
b762b67541ba10e5
be3fba7041c41e49
40883ddf41deb8c1
abe33cba41de23a5
bbd6c0bd401483f8
c3f0bf1e41161d3e
3a48421b413c76d6
41452d9d41402960
43cbb4eb412cffb4
415ab9d4410dcf2c
3fd443cd4183f85a
be3bc14641a4d37c
3baf33ed41a6baac
bc80c3f241ca7bac
bb18b8bf41ceb109
ba1041c841bd2ac9
39673f7c41c74682
425e3ff641f9f6d6
ab793fdd41f90bcc
3c7e3cc34201dee4
3c26b9f441fd913a
3c233c4842033613
42fe40854222d009
418a4048423a86d9
410c3ac042430b19
bcd1bf89424c1dcf
3ea841fc4260087f
35aac191425c1796
4154afea425ac640
b436c346425e9a58
2d443fd5425f3f4e
b8f4bca242621d9b
3d05c3af424ed4e6
2b564323424fa651
3e18ba47424ade3c
3e0c3ab8424ff250
c0a8c0ad4265b7d8
422dbf64424ee58e
c2cd414a422aed4c
31f0bc38422a24e8
2de63f93422ad79c
c14e3ce6421dd992
3ed4410a422f0db6
bf5e3b05422896db
c04937d042246791
c13e40a3420c1917
41debd7441f83396
c071436c41b6463e
3e9d418041daa5be
c3834264417546cc
3bd6bddf415e4617
b85e402f414c00d5
4091c0f640e2c6fa
3c07c15a408c9122
4392b739402bc740
429c3f4e410b80e0
3acdbf9e40e3343a
32cfc1c840cf85de
c1ca3ee73fbec318
bc724006bf3ecf50
c0273efbc08bcade
3efebe39c0e2cffa
c24cba97c08fd252
abd2c267c0899022
c103c31d4093a28e
3a3e423940e1522a
c089c3724177b91d
3e87410a419cc0d4
436d3b3e41b7a487
bd0b4168419c610f
c21c3e2a416d70ee
c27aba6b418b80f6
a919bbd1418bd0a7
c14dc04b41b953c5
411fb4ca41b33228
391ec09c41a76704
3ee1bd704194b34c
39fe428d41a853bf
43e9c34340d5c72c
40c241b94157cc5e
bdc6bb7b416d646f
392342b44187e986
ba6842154168dc84
4023c190410cd1c4
429ec3c2c0810a58
c1ad3d46c0f8c390
c316bbb6c08b7c48
c1ecb4c0c05eb690
4171427f40ab6d28
c36fc3074193555a
4173c3514107312c
bf3fc21f415fe66c
c28bc38f41d2dc7e
3c673fd441e417a4
3dfa41884202933a
3d37bb0f41fbf2a6
3c324383420dbb1e
3c88c01c42046bae
c30942f641a6e610
39cbbcd0419fedd4
3abe37b741a32e11
31adc307419e31ba
bcb2b99741a4c17a
c0cf421541548708
b8db3d324147ea25
3ed53fc9417d1a61
3f134009419b18dc
bff3439f413d07e0
c19542b3401dcca0
41ac41a241273e88
c328c28a41b13664
4102b3e541ac454b
bc2743c1418c12e5
c35c34074184aa04
b740c1f3418f7274
bab53ea541844e4a
421ec39b409d07d8
3246c28e4088786e
40cec2a1c06ca804
c374bb69be7bdb40
3f72bdfac041bb04
c1eb40b7c1200ab5
40e941b2c040bab4
be48b8d0c00445b4
c0133752c03febe0
bd70bd2abf9f34c0
408a434d40e14ee0
3963c253409d2cb0
3ce2b694408d1d5c
43cf3f0541342ec2
415b3e7141792d16
348f42594183d279
414ebead4140d186
c17dbc26416e5aa2
3165c2714165aabd
bcf338cb4159ce64
c34e410a408d2468
3cd6bdf74026e6e8
be74bcb740904d4c
bd973ff43fdd8dd0
205432b03fddc7b4
c19f42a1c0f2a603
bd95bd85c0b50731
c2e643acc1971adc
b133429bc19b65d8
42d84384c0d21c60
410d42cf4001ff60
42c240d24122cc68
c1d932124119ec98
38d743e141400e8e
408b3e7e417b0b62
3fe5bc6e415812fc
43143c98418c8d5e
ba3cb489418e51c0
43ad341d41963666
c151c1a041d205a6
3dfe380541d80b24
4282c10c41965af4
b9b03f4b418bfc50
c333c26a41e8568c
35dabf7f41e2dae7
c24abfa042096794
3c3a32c1420a4bf2
c2bec2d6423862c6
419c3c9542453cac
c13a41ca4226fae8
c3a7bc3842371f2c
41903ebb4249d744
beec424342342b62
3a4741d9423d58ae
4249b8c64235d890
3d9f35b14237d86f
431e40c54259ca85
3f3a4106426bf133
43f8bfca424ce85b
c0c73fe6423a0a76
40532f50423b076e
ae9eba29423b58f5
422040bd42585e95
396ac35c424e688f
419eb551424aacef
c0f7be6c425a9e09
3e1fc3e94242686e
c214be5142559a98
42323fe6426e120e
4388358242734170
389b3694427433cd
3290356242747a73
41194341428cba66
b9de3c29428b33dd
be27be5742901405
2a783985429025df
366643a04293327b
c1643c60428d4d1b
43ea3f8e429c3f8e
3838bc36429b2351
ba4342fc4295abd2
42533d6e429e417c
426142cd42b3f252
418bbb7642aec6f0
b49040bc42ad6d54
bc133ffb42a95ce0
b0c2bd3b42a9c06b
b59dc22342abe792
bca8b96d42ad7bca
c3b6c13f42c1b5af
bfac41ba42b6b9f1
39bcbed042b448e5
43f7bfbf42a4dc53
2f0f3faa42a54885
3e1fb84142a3a7e7
406faf4642a326ea
3ee5ac6a42a2ea0c
438b3eeb42aff5b2
c28ac1ee42c358d8
4377c05542b32d97
c395bfe642c2264e
b12d433c42c0fac2
ba753f2742be17d5
415ac29342ac807e
3b2943ef42b39a47
3659346a42b3d251
bce8432342ab1163
4383c25942933a1e
36c3b9254292aef9
3d7ec21a428a4e46
bf82bf144290f2cb
b13240b142902fce
41ba4095429d4e6f
3da8c29b4293f741
bb0f3d6642919591
be962c01429160d4
427bc224427af65c
41a9c24f42574136
bb46427c424b76bc
c0c8314f4249e0a0
b9564235424198ec
43dfbec44226f88e
abb44252422635cf
35bcc0914222efe0
4028bd3742181994
af2ec3dd4219dd3a
43d33d08422d8c06
42d043804260a406
bf703530425e3ab6
b7a64028425a4178
417ac05842427788
bf373e9a42368f42
b9a8c1eb423eed90
c0e037ca423a2e78
3a4e435c4245c7fa
34323afa4246b221
c19eb984424e70ff
bf0c3e4142436c7c
bf74c09242547490
bc3cb38a425573f3
bd2c3ac44251143d
c11a421442321235
3e3734734233cca0
c312bd9142477a39
3e153ca43fe1cba0
40fe424441195754
bde9aa6b411a86c7
bd70c1f4415b4447
c1c2bfcb419a80fa
c29734f841925168
3e7e38094198de04
3deac061417df0b4
c0cf385341692597
4226b8fa414a8c7b
c3efc3ae41df2122
be3b3b6241d3a13c
c2a6c06842071c0e
3dc843c3421d8bba
bd163a7942196e4d
30b8c3a142172e52
bd72c1c54226e3af
bff940524215aace
3dccc358420061be
c2c33f3341d015a4
c259bddb41f540c6
bf62c33442153757
c380c1c742408bd7
ba7142f042355fdb
3c6ec021422c3ac4
3dc0bf3e4221d1a4
2fcdbdb442211faf
432ebcb942102b90
40db3c85421b2474
417e3acb4224782e
41edba12421b7a04
3dba3bb942210131
331a38204221765e
3494bacc42207d6e
42603c3f422e063e
364ac323422869fa
2c5ec1334227b454
c08fb82f422c78e4
35e2bffd422988fe
bf5533b84227c43d
b2daba3142286dec
c257bc0c423541f6
3cf135a842370128
35ba4180423af108
3f243de842457c30
c383be24425c8c66
3dd6c182424c7a10
429ec1bb42268ea6
4211c08a420b057c
417741924229765a
bd444238421916ea
c172419641f5583c
bb92b7b741f8feb2
c21d3a7741e53bf5
bf5e3d5741d1907c
40ca3aa341e174cb
c3de433d415f21fe
42b73c93418e4814
bbb637ed418a763c
4220b52e418287cc
40783a4f4190a050
b8f942f0417ec130
b9dc3ac54174d69d
c326b37c41811b5c
c3673e8841218548
c3fec35441c5e554
c239c1c44206d34e
2c23bc994206873a
bf5543bd41d451b4
428b3cf541f4c0ba
40d5411e42131a53
c01440ef41fdf74e
c02a37fb41f5a882
bc8ec176420743fb
406e42a94224c499
bdf642144212a6fd
bceb3d0b420c73b7
43ef405a422ef9bd
c31cb82b4236622a
bbebbe98423ce8db
410fb78d42382293
3e603c51423f03ab
30ddc31a423cdb14
3d8a4243424e32a3
c13f3c914242384c
ae6ebd174242bb34
3ebc439a425c53c0
c3a7425b422bb164
bb7941574221b79c
c1343eee420fb070
c268bd4342208b0c
43853d03423362d3
408db4f442309186
b362ab8d42309f76
405f3f2542403cd4
c0e6b79a4244e460
356138924245a90b
42d44170426ac9cb
c19abbee4275e496
c242c3954292ab80
c2cec11342a3ef25
40423d5a42a9a172
40c4bec542a190bd
c183438e428cbee8
41374326429f627d
c3b3ba9f42a5c1c2
3c483f8e42a9ccc0
429a34d442abcab8
bafdc3ea42b2b480
40dd43b742c576fd
42843d3142cdebce
bd0ac02c42d32d3c
406642f842e280a4
435dc13142cf63be
39762eb742cf8869
b8a540b642cccc3f
42f93f3042d953ab
3e693e1a42de3740
3cea34b442def024
c009407942d5ea04
c2183c9b42cee5e2
bb3c37ad42ce07c4
3c87b16542cda613
43a6c02c42bdb1cf
c3ce434942a143f0
be04bf1a42a69afd
b9673a1442a5944d
43c73ea442b27dac
bdd0347142b1af26
b691228042b1ac7b
b946c15142b52da0
bab0bb1942b6a95a
c0ca411242aa8540
bc7bc19442b0c4c7
3848418442b3b86b
407d3bd042b81a7d
3f65bd3f42b34122
c1b7bfd742be748e
bcd2bf1142c2b68c
b420c19e42c42948
c1eabfea42cfdcc1
c0db40d442c42413
34cfc0d342c2b0e9
b88841f342bf5246
38f836e742bfdb75
baf5c0de42c41704
3c03c2c442bd4df1
4094c31442ad1a29
3fe2bb8342a966bf
3dd639d342ab8695
c1ef34ee42a9b292
c2d0c02442b7cd32
bb93bedc42bb0c77
3d2d43ca42c52098
bc95416b42beebc6
c0663eb342b78df2
bcdf348742b6dd85
c295413d42a5a045
c0a9b4ae42a6fd33
beb640f7429ea8cc
39ed3b5f42a0063c
4013bfd8429808fa
c311414242857549
bde740ff427c2c06
434e3c224285a21a
c25941aa4267501a
3c45c011425ea1d0
c0ad2be8425e0df1
c20e427f4236b8ff
3ea7411c4247b7a1
bb6f42c5423b2306
c1db3eec4226df14
bfdac3f142460c31
c211c0c642630157
4037bbce425ac806
b09a3b45425a4238
bf6f3c6e425206cc
3d7e42be42648a8e
25df41af4264cd4b
437c404d42827ecc
b90bbf4c4284cb90
c270414c42677de0
c1ed379e4261d977
b5e6c348426737cd
c092412b424f9947
34f342ca4253cc7f
4287c27f42296587
3db3c35142148c36
b8f3b7744215b34f
434f3a1a4220d950
c0f62cfe4220132f
3197c0d9421e619f
bc7d420a4210d42e
43b4406e4232f386
c2f8427e4205b576
b55141584202285b
c12cc1a3421f4f5f
4282bedd4208fa42
c350204b4208dade
43d9415e4232f98c
baa343e44225e201
40bf4179423fdb48
3cadbac2423be825
427eb3854238db0e
42f436ae423ea949
428fb1d9423c43a6
b8af39ad423a9a52
bdd9c19c424b00f0
39b8419e425308d4
bf1c41d7423e4692
40984069425288ea
b96f43fb4247b1b5
40a738d7424d52c5
c22f38b9424605c7
c3c5426f4214095d
bd3abc3742198b3a
36833c66421b557d
394bafb8421b03c7
3c4d418e4226f5a2
b6e311344226f55a
40f7c3f241ff05b8
c16ebd99420eb53b
c094425641e36706
c1a1c24642150389
bdd92c6d42149c03
412543ee423d6769
41a13af74247347e
c366c2fc427ae0e6
3c2f411e4282ca94
bf814382426969e7
367338b9426a5d90
3b98c2cd425d7462
c14642fb4238a4c0
bf72c2ab42517753
bef63f3d4244deac
bf97c0a142566fa7
bf22b10342578da2
3f9abe5c424b77cc
41fa439d4278f81e
4127c2cc4255f30a
bde842d04241d4ca
41c0c1de4220184a
b765bc5b42221b98
3febc38a420442c1
bde83ffe41f0eb6a
4231c35a4195e2f6
39a83d3c419d49ce
41f7b8d4418ee388
4392c0d7410b3898
c22ac1eb418e9168
398dc20a417b9d4e
bf78c0dc41a219c7
c31e436640e3277c
bd48436d400c91b8
3f25c07cbfe77b50
42ecc3dac176534a
43b5c37cc166bab0
bfe536a7c173dbc8
c3da403cc1bc6c14
c2a54113c1ffda90
c3703335c20346eb
c0a6bec2c1e7240a
acdfbc1ec1e68399
baea3ce9c1ef0058
c0e0c119c1bd4c98
3de7be7fc1d07864
42edb8b8c1e0cf90
b2a7c3a1c1da778f
c3abc253c172f55e
3c053d44c15dcb0a
433cb852c17d0c42
3ea5bd01c18f25f3
c2d1b91cc17b780a
3e7440dec13ca6da
433b4151c00b90c8
38123672bffce58c
207cb1bcbffd18fa
3dc738d8bf8d295a
41b7b664c00f9fa5
b3614150c036d2f5
3d9f3242c0253c76
381040e4bfab86ec
3adfbfb5c03facca
be123ab2c0887ae9
c344b56ec0420f62
4245c049c11bfa8c
b7263e62c12762af
42cf3e48c0a3b47e
3c07bb6ec0c1a080
b8023c8bc0d3d596
bc99408fc113d5b9
c3de4006c1893944
3fbfbe32c1a137eb
c3c3bd2ec17207c2
39b54097c157d5ff
41edc0aac1a331c4
c2b1c215c1239978
43d33ca7c0b59860
c1f23e1bc123653c
435a3ae0c0e1b4f8
c0474366c16f6fa4
3e6bc112c1984258
40422846c197b0c8
38bdbc4bc19cc6a0
be9ab918c1945e84
32c2b4efc194e3e0
41dcc2d0c1e4b960
c0d14300c21413b0
3ae73b86c210d4d1
3c27c01bc2195ae0
babec0a3c2118a22
c19143d5c23d22c6
3fcd4211c2257978
c3fa3e8bc23f91d7
be2ba447c23f7775
3d9cc380c2548075
bc2336e6c256490c
41fd2ec3c255051e
bdd63aa4c259dd41
395abea6c25e4fcc
3627bf2ac2611102
c3d2be0fc249605b
c29eac27c248848a
20b541ecc24868aa
3fef3ffbc2389495
43d6bf88c256166d
bc13c050c24d4d75
c25c2fccc24eda20
2dcdc1edc24fed1e
42c343a8c21c2826
c2e8c3f3c1ca83dc
c3033f6ac1fe801a
41a4c2f1c2266771
c3db34dbc22b2bfc
bd5ac3b3c2169205
c3dcc09ec1e4907a
c0ccbe8cc1c528ea
367cbff5c1cb9c00
c044c0a1c1a41e78
4231c02fc1d7ec76
3715b610c1d943f0
bd65b9f8c1d1373a
c3bec10ac1833062
3c7c402fc160db3c
c082c12dc10387d4
427ec26fc1954d2e
40b8420dc13864fc
c1a94154c1988366
c199c34fc10d61f4
bed7bcfbc0d6a250
39bbb75bc0e12bee
40b23d46c07c427c
c218c0c340540204
3fe1c225c02f4a1c
433e40fc40c92332
c07cbed84121f2d9
bfefb8f0413588e1
c006c37c4196fe40
bff2c0e241bdc9e4
bccdb5db41c14d70
41fd3d1b41dfe01f
3b6441d541f56d39
bb43b8bb41f9b877
c017414941ce7d59
420a4293420ef26a
3ab7c22e420492b2
c2d840c341c7f854
422b342141ce5637
42bb42e442158ba8
4013bc24420d1c52
b597bcbd420ec41a
baa7b358420f8784
c3bac1f6423d9640
c15038474237e7f4
41f23ec4424c0498
c19cb56b424fd11e
3c13c1d64243edad
c2ba3b2c4237de2f
c03c3ca4422e0af7
c14141b242101ec5
be17b89642139c74
3665422e42188cf9
42a94184423d491d
3de8c2e54228ecd9
c103346e42262670
43c33f3d42423dab
c0efbc9c424d9c7d
43662bef424e8746
41ed41ba42707678
40823c114279a0c9
3d4fbd0e4272eb74
c213432d4247551e
c37abf554262bddf
3b4a437042704b77
c0a3c00c4281878e
4191bd894273a750
ba36bc7d4277235c
c335431242442ea2
3e54c3e4422b373a
c272c1d54250ce14
bc32423f4243b3ed
c1bfc05a425cb513
be092d7a425c30de
426b350d42603e2c
4275355e4264932b
b85841f2425e1e5f
392cb268425d99d8
2e60bc9f425d2402
b848c2d042646ea2
c0b74035425098bf
c1ddc0ab426bf75e
c162bc634277c5d1
c336bc784283f13c
3b053db2428670e4
41e1c29b42660c8e
3c9ac0dc425ade62
bd0b38cf4257d665
41683d764266995d
43c4c3b6422ab805
bde3b107422ba4c7
c36cc3294260c913
bc433793425ec49c
c1d5c2e8428385d2
bdcc3fbb427bd7a3
384d43f3428231d4
3aba423f4287724d
38aab0e2428744c1
b968c2db428be6c0
c2fe3d12428309c9
41bfc3b24259dbc4
c11ebd854267fb0f
bdfb41594257fd6e
bfecbe334264446f
ae5b43374262d59b
be933c47425bcdea
c339b8634263b9ad
42d6c0864244cda9
bc983cef423f232f
383238de424069e5
3af33d9d42454a26
bdadbcbf424c062b
ba9731b8424b6f6d
384a41fc4251da23
baabb67f425334aa
4153438a427b5868
c01d3f60426c2d78
c00a3fb7425c98e5
c3622b4d425bc14b
387b3e63425f54fd
42ac40b9427ed749
380aa5c9427ecb9a
c3ca36be42783b1c
37f73fbf427c1640
c15b39ad42747ce0
c32d3f3b425a8bb1
4125b7f742556c7b
3e023d32425d3a14
be49c2974271ef9b
4021bc9342687e22
c16bb766426d80d6
41544344428a1b93
384f4385428e2854
c13aace8428e8ee6
c3dec042429f4e84
4206c30d428a125d
3cf12ce3428a42a8
43cd43e642a9113f
c207bf9d42b48a12
43ddbd7142a9d7af
c11d42974298fea2
3b81be2442961d60
36f6b8a542959c0e
b56136ac42955448
c1493b6642907105
434839e44295cd89
409abef5428dccb0
c187c3e642a3a0d5
43b3c218428c2b71
bbae3cf34289cb4e
3f823b8f428d5748
b7bc410a428ae7b2
b761415d42886e7e
c3233f1b42778224
c271bb3242818c34
b73fc1174283da4e
b68941a542818c19
c36bc0e64293b72a
439cb6684290ab34
bb0f429a428ad813
406ac139427ea28c
3a44c11d4276a01f
40693739427a9b6b
40c7c2f642595a31
42d9c053423bbdd6
4199b77a42368299
4239c260420ed739
c324b40f4212769c
42e3b471420ea3d6
2ba7c15f420dff6e
3541b8a9420d3b8f
42353fb6422529e6
b1b1c19e4227296a
c1aa438a41f8eb8c
3b1bc06741e9479e
40fac08b41bc1022
b5e4420941b32ce1
c258c25a4201e160
c329c1934229caea
bc04bdb5422f859f
bf09c3c6424add9a
ae98b6fe424b0bb5
3fb5be4d423ee7d9
3932bdfbbf789030
400cc137c0c7e6a6
ad74b6f1c0c6b7d4
b54834e1c0c9f05d
34a0bde0c0d7865d
4130433940286e46
378e3c5640492ffa
3f28bdc43f1095e8
39e8b4ca3eb00790
aff8bac63ee60160
34a4c083be51fac0
c025c0cc40987c0a
3a0cc013404e6c84
407d427c41280551
4028bd7f40f4ab42
4315bcfc404ef124
bc6e3a194018eba8
3d24b9d63fb9d6f0
409641a840fdf93c
bec4c068413a9bde
ba903e5b4125c146
3d6fc13140daad90
bb20426e407e1c20
435c3aac40e141b0
407b417041521418
c072c2f241a6c994
3b20bb6141a03730
3ebebe9a4189f60a
b83a40ef417f11ee
c282b9e64192ba5d
c18c344d418cc396
3f7343cc41c6d83a
400ec1b14198b0de
b8083566419754ab
3c693e6d41a58006
43934313420854eb
c0aac1774221d1f1
4385c16f41f1ec8e
437ec2154196c9e2
3970c1ec4186b042
c1dcbd5141a5d6de
40b33e7941c44179
bdd9c1ce41e63317
bc86c13741fdc9e1
c03da63f41fe33c5
adc642c341fbc328
c290343641f4da90
3826c1b741e8fffb
bc77c1cb42016eac
424cbcd941e456ec
c2f6b25b41e9de9a
336f423241efa050
3f03c0b441cea634
4289c3eb414e5160
3e4fc35340e3d050
411dc0f83f447c80
40c2410440d777d0
4058c23dbd27f800
ba62c253401ed738
3eff43e8411655fe
31d23cdd4119dfc7
3d59c1b740b98112
bc1dbcd640e1498e
4003b9ac40b3c786
bc39364640a688bb
c0b4c2f54156256e
c031c3ab41ab5a2b
3d6cb58941a799d2
3b77385641aba591
c322410b4147694a
411ac3e1401a8788
b87840923f91ab90
b96941c2bf4f1200
3e3f3d243f9955e0
427e407741071d04
3970c33e40bf77c8
b5d43e0a40addea4
31ee396c40b1e371
bcd2417640113082
c0133c77bbac4c00
b80cc19f3fb54f54
c3b2c1ec414cf24a
bec7b3134152f082
c392c2ed41d25495
40be43af420d9a2c
b86ab3bc420e22bb
3a93c27342038939
34f43d92420542ac
431c3c9542158c52
35bfb9c1421483d2
429731fa4216f9f9
b1bd3f7b4215a293
b7f4c2ed421c8530
39e141db4225204e
bc2fc2764232a423
c24f42804209a2a3
c2393cef41f4920f
c29a2e5541f1f53d
4294c04041ba0b3d
be2a3b2141af0ee2
38b437be41b1557c
bae9c35841cab508
3a18bf2541bfd2aa
3bb5b7f341bbfe6d
bf6743ef41814445
bdb54389412c86d2
b1b5345b412bbff7
bf65c1384178ee27
3e99b5b1416f8af5
3973c1144153def9
2d1a3d1441557d7a
40283d544180e3dd
b9843dee41716d5e
3a33b1c9416f2f8d
3c2bbe3241555d27
c2fdc1a241b968c8
43904249420c3c74
413cbfb541f0217c
416c40a242112f16
3546be4e420f1b21
c24a43f741ba0776
43fb419d4209cfa9
b6f23f5942069f27
42913560420b0893
c1ff439f41baac66
34d4405041bfe0f6
3bd7c2f741a493be
b4dec3cf41ae141e
bf7e4362416d87c4
3e203834417a6704
c2353ded4130d6e4
3ac03c66413faf24
3e0742d941891d80
b6bd3b1b41861f71
339e39b341877abd
3dbdc0fe4155aa6e
c31cc22441c22517
c351370d41b53f90
be3d408e4198d5ba
c169c19941d5673c
41dac29141888e48
bcb53e1541747bb7
3803bf7641658486
c1d838fa41486f96
c00841b340d9126c
bf8642ee3e8881c0
c3a73b19c0483100
bef7b280c0318e40
b81040f2c080f560
c1094049c116c8f4
c3753c60c15808b4
412eb885c16f719a
4196bca6c191b011
bca44293c1b0323d
43d940a1c14f169a
c0544314c1a4d06d
bc4e41e2c1be2349
bdb3c085c1a4614a
bfc13e1cc1bc10d8
43ac315dc1b6ec28
c2493de9c1dc1198
42604081c1a2a4d8
c3f8be03c16579e0
406d3e71c12c75a6
43f0425f3fee94d0
40c63e1140af79cc
bba5c37141109fba
404ab57f4104d65f
41d7c1e4be987220
41b73ca74041a4c4
422e3e71410005cd
b816301a40fdf352
c26dc01f4168e675
38ccc12841502a95
bc873c95413b6c02
3a10424d41619ed2
b84636de415df3bc
b901401441498ba8
3c06432041817094
c1bcc1f741c5d95c
bea43b7141b97ec3
3c6fc0c641a454e9
bf513a1b41992a06
bf8a41474162c180
c24b408640e1c8f0
c18d3edb401324f0
408343184124ce5c
426fc39cbff821a0
3d274291401297e0
4053b5dd3fbfc524
4001bee9bffae96c
40d9b9ffc071b952
4389c38ec1901126
394bc1ecc19fbd38
40424387c13f4738
ac1d4176c1421604
c046c38dc0820798
40dab9bac0b99860
c2a83d87c1266160
426bc2a9c1a8adf4
3b17bce0c1b151fc
c352c2d4c11ab458
c346be2fc0818148
be2634cbc0903d59
3bba419bbfe67874
41b3c143c114c272
3c164207c0c7027c
c0003a98c0fbc27c
43d03c4dc06ab878
3e73be0ec0c374d0
43e1414e408ae7a0
bdacbe5840d2dde0
c3ecb0d340e5f9a2
41f9408f415fe52d
c1a4c022419e9226
c16cbfb141c845d2
c0c2c15c41fb4542
36cf42a1420346e7
41ac3bc4420e49d3
bde2428941f621b4
c0a0c362421d361a
c08b40a44208210e
3e6cbe0e41fcd128
c07c3c6441e920b8
2de640b541eadcf2
b6efc2aa41f66a20
c2dfc04e4218c902
32093edf421a14c1
372fc3d8421309ac
433fb55b420e2fe0
352ac0ed420b01e4
c01bc093421dc965
3ad0428a4228ec6d
bf8cbcd1423202c0
becdc389424ba21a
c3d5407f42286b70
43a4c35241e0f9d0
c2c5b62041eb5778
be44c00e42025f98
41ebc0e941caa16a
c0e3427f418b2430
3be23df44196df8a
3d63c396415c0510
43a6c38abf2a0e00
c05db258be6d5880
416743314117b176
c3dcc1c941a6c833
c3bfc1ce42005acc
429fc2a541a8b8a4
3503c0e241a29a7a
c3e0bf0d41da20da
bfb7357a41d4d8d3
41fb33b441da9b02
3442bf1341d6d725
c11fb14d41da3bcf
bac9426d41c46f05
c0abc397410db770
c32cbdda4161a660
c080ba99417f56e0
42163f4d41ac1a0e
39fa415041bbfa1e
4211c2f6414f0ae4
3e0dc1e741079d70
b9b6bb114111b436
bf4fc34a417c3fe2
c0e43e9b413ba3ca
4351428e41bdbbc1
c3a2387441acbd0d
c0f3315841a96ebc
344cc16741a3a117
c298b10341a7c290
c328417541335000
4238c3c3bf5c2a00
40d0416b40b51240
c35d39944045d970
b26ec132406740ec
411a383e409ee90e
40ff42f6415a90af
43853d344194685c
41f7c2fc41022c28
bd30b2714106596e
2e41bc3d4104b156
41123945411f6930
418cb749410b34ba
4311bc9d409403c4
43e4383f40d705fc
bbdc3bb840b8b0ec
c24d3dfb3f87dbd0
3a6440e24040bf08
c2cab92740a65510
3985c30740318398
4034426841181566
3c06403a413a181e
431cb5ce412575da
2e184236412a30fc
3da8bf254101c7b4
39b94047411a4203
4182c1ec3fbe5518
c1543e00c0209574
3ee93f583f299bb0
ad7fbb713f3e0eb7
435ebfd9c0cf80e1
bed3c39ab9148000
c2a63c02c0552cb2
3d35c07fc0c83b85
3fafc146c1352776
bc193c60c14714d6
4070b60ac1547b06
40efb328c15d4e9c
3d3f4156c1255248
38033800c1214f48
42edc375c1b7f244
c3b3c36bc10b7148
be0d34d1c112ba6f
3b8b3dcec0f9ac04
c3ba41fbc19ad5bd
c033437bc1d9a8bf
bcef4184c1f4defb
3ecec3a2c21467ac
2e2dbacec214bbb8
43e5c04ac23697ea
bab8c136c22dd736
c3ed34eac232b58a
3bafc166c23d1438
4167c072c2551816
42ff3d8dc241ad5d
438ab7f3c2492b1d
416a3abcc2400da7
3ee1b9bac244fa36
2dd4bf4dc245a469
bd3742cfc2576525
c2bf4151c27b4293
4000c168c288714a
b872415dc28b6c37
2c842bfec28b69f6
27bec140c28b929c
43da3ff2c277f42e
beddbce3c26f91b0
3ea541ecc25be522
3697bed6c25eb5e6
bc8435b9c260535c
422e3e87c24c283b
c064c3aec22a7043
3d0abf93c233faf2
4207c16fc254bafa
43f140d0c22e832a
bfedc3c0c20fccca
4122c23bc22fc7a0
c191bb67c2257a8a
c13dc27cc20382fe
364c3cf4c2018ff7
4091c313c221ddb9
c32eb314c21eb0a0
3fbcc0adc230c5a6
3a1dc23bc23a4b52
426141fac2142b98
42fbbb19c2208e78
c2ae4115c24280be
b781bcd1c2403e79
b8a63eb2c2442266
3f4cb81bc247e106
bf79c196c2330213
c3284365c267ecdb
437ac2ecc28dd6aa
39f44392c2883485
38db4388c283a25a
c1ad3f05c28d9832
4176c22bc29e6f9b
c0bb4326c2af57fc
c0453b75c2b352cd
42973ec3c2a82f0c
405ebe6ec2af3425
4198c1cac2bf651d
ba67ad8dc2bf4193
3e87c374c2cb6b1e
c2ccbc38c2c43ff6
c182428ec2d64d04
b73639b6c2d6f1be
b8ba41c0c2da576e
42cf4268c2c48862
c2b43b19c2ca7ad4
406e42aec2bbaf72
3730b3b3c2bbe6c9
c12ec3dfc2a78440
c39dbf16c29a07a0
3f0dba41c29cc925
355cbf51c29e02d6
439342bac284896f
bf8dbb68c2810aaa
c250bab4c2778144
c0233f41c283411b
bdfe3df3c287b5de
c3933e9ec2943d8c
3c65beb5c297ecb9
405641d4c28b4a1d
427e3e39c281309a
b7cb396ec281d9db
4031bde5c2880710
42224096c273ee34
3e384025c2670b28
c32e4102c2857fc2
b6d53df8c286c5fd
3cd3b8e5c2883fc9
3f8b41b9c27aea59
43e9c3b8c29bfc68
42a34067c28d609e
3a1f4032c28a2adc
bcdbba1dc2884fef
c35a42dbc2a182ee
40eb3035c2a0dd69
3b35412fc29c31f2
c157387fc29f3237
3f23394cc29cd561
43a1bfccc2abb434
3dbd4077c2a54c7d
bafd430bc2ab7379
b9a1c1a8c2a778a4
c146bad7c2a2f66b
43cb42a3c2891a4b
42653d39c280c0ec
26d23c8ec280b164
3abb4347c2752411
badabaecc2722d42
3f5640dcc2605a4e
3fa9c172c275356f
3c46bf66c27d1ce8
bf3abfd3c26efa34
c3dcc216c23f254c
3d7f40bcc23222aa
c24a4326c25f17a6
b4604085c2619062
c356c2b9c2303f3c
4108c275c250bbe4
c3673d0bc263661a
c34db972c25975c8
410bc22dc2789ab7
417b4290c254a387
439a3b4ec246c1cc
4124c174c262ca1c
38be4202c25baabd
41d9c141c27a63d6
4142ba86c2817b7c
2e6340c2c28101f0
3d62bd92c284c16c
41b242e4c2624450
40f0c334c282ea88
c3c238d5c2879a15
c269c29bc264dc98
41f0c33dc287eb64
bf01be3dc282753c
42ec4326c2536f70
408eb54bc25672e3
c220436cc281f432
c06d3c84c286f33f
40752cf8c2869aaa
422b4306c261e352
bc493eb3c2691095
c27db86cc261e466
3d82bf35c26bd0e0
bc0f4027c2743e04
c0a042c2c289bfa2
c1bfc06fc27a0573
3b52c052c280f6c2
4170bc84c2871a32
c1f73d69c28f2b86
b8a53beec2905229
c236c327c2743818
be8d2fc2c275035f
c0d1c0abc25e87c4
4161c021c274bd45
bce541f1c281a3c8
43f7405bc26096c4
c1c0403cc278efc4
c28e40cbc28c2d2f
bf2bc07ec2842064
b8bac1bac280be40
3d57412cc273ad86
3d5340c2c2670313
c16bbf47c2534c3d
4166bd8dc26247d4
3fe73848c25e0d35
c19cc075c2450ce9
42c6426ec2197fd5
3a24c3bfc225640c
c3bb4301c25b88c6
40c73e55c24c68bc
bfb2428ac26591b6
c2d53e04c27a1e60
3e06bc26c2802ecc
4101c0f8c28c9d48
436542edc2660410
bd26bd72c25f01d5
40b8bd06c26adbfd
39ab3e1ec266867c
43204010c249947c
bf2cbcb2c2412956
c2cd40dfc26249e8
4184c06ec27ab8a0
b32abcecc2799e8a
bef3c388c25f737e
3a104335c254872a
c1434011c269ec9d
405e348ac2677248
4192b8e9c26e48c0
3bc1c2e9c27badea
c18e3992c281b514
417ab29ec282d6fe
42f0aa66c2832fc5
b9c0408ac28672f5
42bb426ac261ba7c
3d1bc090c26d6014
be1e375dc27030c2
c36cbe7040bf1d00
409cbff73fb10bc0
3cbebe47bef46740
c1debd54405b89d8
bdb9bf1c40bf2364
be1042b33f657520
38c9a5b33f620c6f
bf8cbeba4081c8fe
40cabd503f6023f0
c19ebb37405a24c4
3d8c430d4104c169
4154a93d410302d9
c14e422dbaffe000
c35e394dc01c5514
438bbddbc0fed62a
31ddbe3ac103fb57
b968c242c0c44d0e
3b873e72c093c8f0
c1efc3d540dffde0
c023bca941168d26
b8303ecc41085206
3134c37a40fd30a8
c3b2b739411a62a5
c14e40ee40472254
3fdf40de40fcceb2
3b7bc0a640b7432e
40acbebe3fe51238
c15cc361413ad1b7
bb0443484107bc97
3de53d1f4125ec52
bbaeb816412dc48f
428e43fc41bf8dd8
bd5339a041b81120
aeb2c0c041ba0df8
2dd1c29441b7a9cb
40bdba1b41a932d4
3cf0407c41bf5714
c03c432a4182ab64
43cbaf84417e0492
c2d83c774140e7c2
3db6c082410d6aea
4073befb409e9ad0
bfaec2a341353cfc
3b9d401941546f51
3e38be3a412db6a1
be7dc32341852966
c131bfdc41adf682
c0a9c35341f23a16
ba73c3d74205c0f0
26b6c3f542055624
bb93c27342118c66
c1693e4c420083d0
c2d7407d41c3a1aa
3dc63c8241d0a4f0
33e13f1c41d4252a
c07aba0241e197a4
c3b7c3ef422e00aa
b9653b7b422b7b02
4373416c4253de86
c32542ae42242560
baabb97a42266da8
c174c289424a10bc
b62735af424984dd
41a33d4442585c03
c0ee3a224250cd1c
4122c00b423c0ca6
bea4bfc04248ea66
438ec1a5421e45e0
3c3dbc6d42199562
3f32189642199982
c07f41c141ff7586
34c0c3a641f66066
c081c14d42131000
bdb2c16542226c9d
3ca63af2422675ba
bb2dbfc2422d6b1d
3c54bbf842291b71
404a41d34242166f
3f074307425ac787
be5b419e4248edf2
ba0941ba42404a10
3b84bed44239dfe6
bf0841b64225cc0e
b046c18f42274820
3920c1bc421fef40
c305bfac423adc6e
4067c0ab42264fa1
41d1c35b41f70eae
bd36c3ee42103071
3e043b5f4215bb60
408d410d422cb789
4286b8e34224bf54
bc453af3422109e4
af31c0e7422223ee
b851baf04224030d
4239c2b541f48d82
3f423e9842063d8d
42a03861420d7e35
3e92c20841f35bda
41fac32b419dadde
3aeac23241884304
c0553e01415c815e
bb723df541465451
c07ac277419d0b94
bce629e1419c9863
40f541dd41d6b965
bbc8431541bb2bb1
380cc10d41b0f363
27773dc141b1494a
4035c217417c1788
438f374c418bd5a1
c3ecbedd41c2345d
4151c321416ccefa
be063db6414a68b6
c1f63ef940ee9054
39b9bf6940c42874
40f7c2d5c0166738
c0e8403bc0f13f5c
3a88c089c1163e76
bae04193c13c9116
c13bc2f8c02b11d8
a21dc0bdc0294261
3dd7c016c0b41318
c0f93b48c0fc7d28
435b362fc0cf0174
437643de41034896
400638be41165d0a
bc17c2bd414d7b00
333dc1224144313a
3849b841413fa298
374638d8414409fa
37af42d7415e50f6
36e6c21f41493409
42273fbb41942980
bc3cb7334197f8fe
37f8baed419485f4
3d6e43f841bfca84
c32a42ae41402ad8
43d741cf41bb291c
b4b03d3941b819b6
b444bc0f41ba43b6
c180c0c941eee6b6
b1d4bef841f1708c
c0ac3afa41e12490
bef4415141bc2d5c
c297c05e41f5bc40
b8d6c093420065d8
4164abfd41ff7331
c303c0bc4220ebcc
3e5bbe1d42173538
be6bc0a142260fde
c3cd40224205d2a4
bd95c0194211426a
c25129854210b6f6
3fa44327422c09f4
42ecc3b941ed2ad0
a820af8841ed3294
364db8b441eb5872
42d73a0341ffe7b4
b81a436741f0b979
3094c3df41ec385c
3c11437142053d6e
3ce7c0ce41f2ecfa
416ac36e41a279e2
418ec1d841431c84
4175c12540a5a1c0
c1a8bff3412cbdd0
28123e27412d8626
2e5dc2dd4128109d
4327416b41a188e6
bc45c36641c11f64
b9cd436941aba15a
4343c14c413d6724
c0d943a14025e510
bd2a3e463f113c80
42dd413741183db0
40df3b36413b5dba
40edc03d40cfb7ac
4277c097bf6d4ee0
c2074051c0edcb94
43dd40253f375f60
3be2c294c02192c8
3340c125c046df08
3537b9c6c055eccd
c1c135a2c08b5f88
40aa3ee0beb1c880
c1c242fbc126531c
42e9bc86c164d708
43a5c0f4c1be260c
ba624175c1cf9071
c2a0bac3c1b92a81
c3d8c09dc1619722
bc9b4158c18967d9
3c03c27bc1a3674a
40bf4025c1782028
be30c13ac1377268
3f844300c09c74d0
c07ebd71bfeab960
bd5d4379c0dafe28
c32fc3b440dfb238
c117b4d040f830e8
4374c36ac0c1df58
40c33282c0b260d5
423e436c40c0406b
3ef9c000402160d6
4291c3cfc124c0c2
43cfb98cc15010f6
bf5c4221c1952357
a249bb50c1950c5c
be3bb92cc18cfe13
c0073098c18f4e18
b819bf8dc18791e7
c3e8c193c0bdb5dc
40803eadc00b17b8
42c8c19dc13b088e
42d34232bf8f5db0
bccc4346c0af668c
43be418840a730f4
374941f040d27264
c188c1e0416b3532
c1c73e3b4123377a
435dc0e43f996150
c1cf422bc0f845cc
420dc1f7c1864087
c377bf19c12289d2
bf43c3e2c0403618
c1ad415dc129d0ea
c2fbb59bc116406e
3eee3edac0cd8b84
be19c1dcbffa8650
b8bbbc7bbfa5beec
b6aabea5bf1a5f90
b25a4397bfad99f4
c3dfc05240e4a4f3
41969c4a40e4451e
408bc2bcbf03dc10
43d7c3f6c180f214
4094c013c1a6400c
3ec640e0c1853acc
3f814347c11d3e0c
c07141a2c180a80a
3b88c111c193bc0e
c082c28dc13159b4
4271bd6ec1774cd0
bce6c20cc13c0f40
40d93732c12a9e8f
c0ba40b9c181f41c
34a940afc178fe74
3e96b865c183bb86
bc994249c1a0a127
c11ac260c13f2b4e
41bd3dffc0f4b594
42d03b15c0943774
43fdb864c0da5d1c
c2fc3d50c137640e
bff2bae9c11bf06d
bc36bd8e3fbb1fa0
30423a503fc88ff0
c2de424bc113ca2a
bce03f98c138cf2a
bce9c217c0fa0298
bd76c065c09a0460
be453d62c0dd8334
3db6c0f0c12726da
3e923b6dc10ec1c5
c1673920c12a71a5
c3173d24c173561d
bf7f39b8c18462a0
43013e9ac12c4c0c
37733879c12821e1
c009b407c12001c2
c320ab52c11cbf3e
437e263fc11b48de
3fd04272c05a4e78
3838c1ecc09f1e7c
43d82c8fc0962e12
b89cc2ffc02b5e94
3f25418d4011e46c
341bc10a3fd108a0
3e9ac0f8c01de530
bce5c02e3db88000
32e33cca3eb20c78
3777c15bbf66cc24
c03fc07c4076f537
2d57436b408561b2
3cfb41c040f7eeb2
c28ec39b41a1afa0
35b6c054419b81b2
bd5c3f644187b3ba
c280420e40e3f6e8
b9983a0140d32c1c
c352c301419b55ab
3d8cc3654164a2de
3c60be09414a3b7e
be65434a40da0634
41cfbe2f4014b468
bb5dbe924075767c
c2154341c0e63762
3cd43eddc0a3f15a
b8ddc0aac06d27ac
3c2fc012c0bab10e
429e431f40be4802
437dc090c02614fc
be8741ccc0ea64ce
b4783776c0ee8fb8
3ed8c0a2c136b13c
b4c2c2aac126d6d2
c382437ec1c3eb61
3f1b3bcdc1b60ffa
c0b9be8dc1972015
42b743e7c0b3ff54
3c9042c6bfe18750
babd4180c08280d4
3f4bc075c10242f6
42bfc3c6c1aa02ef
bf6aaaacc1a93d12
4302bcbcc1ca6a8a
c2403f1fc1f6ec4a
3d71c215c20c0247
3e0dbb2ac2116d6b
b90d430dc21a5495
415143a3c1e37606
3e78bb43c1ef3460
bc0cc1bcc1d7ff90
c2ea2e04c1da990a
c1723942c1e8e9bc
c09b25a0c1e9515c
425eb470c1f061a4
42cbbe5fc20dd47c
c1d83ea2c22135d4
b83e3d66c22412aa
390ab81dc2255e4c
bc60c084c21b7d8c
43dcc0bfc240cab0
b4fa4247c244b25b
411043b9c21d99cb
3be6bee5c2246863
41e3c2f2c24d4af9
4314b6b1c2533694
3dd3424ec240da6f
30d64120c23f4de3
416b2ca1c23e8541
4294c007c259034d
c17d3ea9c26b4a0f
4130b9a6c2729d57
c384b886c26a1d91
c065c2d9c24c05f4
c15b3a8bc254c88e
bbb640bfc25deec0
c07b3aa5c2656012
bf6abeebc2588d7e
c19a3fbfc26e3f71
befc3d75c277c6bc
3e0836efc27529a4
3d303dd2c26d9d4c
c271405cc284d8f4
30b44108c2841ba7
c23ac314c25c24c6
3cb1be2bc26360b5
43c2be33c27b6c88
b640bcfdc27979b4
3788c099c27dcdbd
435ebf3dc28c3bb8
42b643c2c2646784
bd2d4112c2718699
4258c36ec2905434
4388bb71c2975595
bd2740dbc29d96ac
c152c390c289789c
437ec3b8c2a662e4
3c693869c2a52bb3
b9194138c2a87f02
410fc39cc2bbbe14
3b8f41bcc2b65314
bb19c202c2b0fe8e
38c0c3bcc2b5962e
bb719dd6c2b59377
c0903978c2b8b1e7
413eb328c2b9de04
356ac0f9c2bb8cc6
c3deb332c2b9c7eb
bffb3c34c2bdf94a
c264b614c2bb8bcd
302f408ac2baf3e2
c32b423ac2d144c1
c18a42b1c2e3ccf6
40fd423fc2d438d4
42cfc2adc2eaf2c5
bc6c39ebc2ec9577
bd673d21c2f00c20
41edc0bec2fe1913
bdd641f0c303615e
bd6dc2b2c2fdadca
3fe7be9ec3021b8e
3956c2f2c3046c83
382a4106c3031dd3
b719bc59c302a264
4051326fc3023350
b269c136c301adb3
3db94144c2fbd2dd
c3ffbe21c2ef9266
3cdac19ac2f65daf
41bcc1dac303925e
c019b572c302dfdd
c1cb427dc30c4564
2a9bbb11c30c510f
3b153febc30a9075
35aa3caec30a266f
3dcfb816c30ae44d
bf09c1fec3059f4f
3d35bbcfc306e496
4341bf39c30d7125
4086b7a9c30e8659
c185bb05c30c1a70
3c163d8cc30aafd0
bce1c063c30802f0
c18139f0c30a0dcf
3dc1426bc305701a
ad43bd6ac305539d
40c83c53c302be02
3f35c2f8c309052d
412cbad3c30b39e1
3d76c2d4c30fe318
c3ffc385c300dafa
c2cdc29ac2eb434b
41c83631c2e90696
c30443fbc3028286
b86f3dd3c303511a
3d32bca0c304d18e
41364379c2f62ad9
b9c6bca9c2f47c5e
b8f2414fc2f7c474
2473c260c2f7e0d1
c3d63d28c300fd56
c1a14045c306ff6f
3a62c09fc308d75d
c2e93d6ec30d8801
c17043b1c317fc9d
2f08bd89c3182388
40de3b88c315d909
3d14409fc312ea1c
b619c34cc3118629
c17343dcc31c3b1e
3befc39ec3200206
c1a2c24bc3172568
bfcb3cefc3198c90
42d63898c317961f
9fa742c1c3179c95
c1e84261c32107cf
3c92c039c323715f
4049c134c3290454
39e2b51bc3294066
c24842ffc3343cd4
c0dfbc4dc3319e72
3c61bf5bc333a1ca
c27cbe64c32e73bc
bbe340e9c330df56
35c442c2c32fa7a2
c1c5413bc33732fc
43c643bbc3282d14
be6cc265c3230b00
403ab7adc3240e8a
3c7bc26fc327a8f5
436dbab2c32ac472
4373c3e0c3396eda
be99b3d9c339074d
bc31c0a7c336974e
43af3629c3351ca6
42fd30dcc33494d0
40943c8ac331fbd7
c1cc3e58c336949b
3fed3ef0c33324d8
ac6fc339c332e4cd
4148437fc328ff1f
c2efc351c31c5078
b85b3f95c31d58a8
b67b4118c31e60bc
42153a1dc31c0dd6
3b713c9bc31afbab
bc20c0bec31889b3
4291bfb2c31edaad
413a30a2c31e79d2
3fa94099c31a12d2
4221416ac311c728
bd844159c3157704
41e83c8bc3121c65
c0d343c3c31b78d3
40c8bb69c31dafb4
be4e4109c321a78c
3d1cbc05c322f025
428243d7c3162eda
3db7414ec31264c2
3a2fbe3ec313998d
40c73e68c30fc632
4218bcdec3137b4c
43053e3cc30e02e6
4002417bc3088528
b5be416dc3097e67
42424389c2fb6925
3a5dc303c3007e74
c023c0d8c2f6f824
c1c0bbc5c2f1628c
399c43d6c2ebe3ff
c2af4351c3022b97
360440d1c30143cd
413fbcafc304560f
3e7d3fcfc3012b6e
bd7942cbc305d10c
421cc3d3c311c451
41acbb3ec314558c
4352c311c3214428
417c2df1c32102fd
bf27ac463df48550
4159b896bfb4e8db
b5ac4225c0202826
4173c07ac1099d42
2de3ba57c10ac7d3
c0eec0c7c0324f2c
c236c15340af647a
b903bfe840d70432
3f35c2843f597710
c02a4363c0dae30e
3884c10fc1044943
4124c3bbc1919f3a
be3bc1c9c15b27d0
b9aab435c1582d4a
42a9a88ac15a10fc
42634354bff6d860
c349c24e4118ddec
40f8be9740aec2b8
b4b13cf440a3245e
b8a841de405901fc
c393bf9a4129675b
c303bfb3418aafc6
43c7c38a402b59d0
359dc0823ff17cb8
3fb8c161c0536764
3fcd3104c03fd74a
4368c2bbc17759b2
32054291c16d77fd
315eb8c0c16f0fe5
42c74143c0c0d72a
4082ba00c0f6ef2a
bd83befac0aa074e
4394c2c2c190ee24
c1d73c3dc1a9ae5f
422243aac1175a6e
3af741c4c0de64a4
bc5c2fe2c0e2b04b
404dc134c14adab6
3e79b8d3c15a7794
c346bc9bc11778d0
3fb640cbc09b1c58
3de93f26c00d3a58
bc29be14bf205620
ba7db7e6be675e10
bd90422bc09077b0
3e6bc193c10fc8b8
c1e0b1b0c1076e38
3c623e35c0d873dc
b8a938f8c0e407b8
3abcbe96c10830f0
40e3bcf9c138ca86
c1e6c1aec04b24d8
3cbfb294c05ac10e
41854208409cf0b9
c047407b3de7f440
3dd838023f585c08
43eec148c119fe00
b91fb9c4c1129c51
bf5e3b7bc12e2a66
41b1b12bc13584d5
c2b4bf98c09f6e2a
3f06b533c0b1b043
c345bfe73fd06314
33bcbdb23fa4565c
c0b4bb994061197e
c23a4231c0c3dc11
bdb7b3eec0b887c8
315eb684c0bab750
42bfc188c1729d88
aa28c182c1707f03
c3073e8bc1a63a4e
bd4c3fb0c1ba966e
ae1bc369c1b7c28d
c2b6c393c1243312
38d5ba19c12b90c5
beabbe64c100f3f9
b85d41d7c11a6f14
4244412fbfc42920
3fdec213c0f03030
bc1a4125c1224b9c
c0bf3f36c166be30
c243410ac1b27a54
bfbcbfbec1948990
436fc23cc1f13998
4265be90c20d9834
bf0dc1b0c1f31678
c314bbc1c1d7a56e
b71dbdfcc1d2533c
c3e44242c21a8a66
417b3c22c20f373b
c1d1c19ac1dd4502
af92c140c1dac91a
befec07ec1bb6016
40503d63c1a42526
c0ae432bc1e73b9a
3aa640b1c1d7a337
3d7ab4aec1dad754
b3c0b8a9c1d9b666
c2e84314c21dbd53
bcfac31dc20c0a2a
c256bb74c2003bec
3ee09416c2003dad
bd69427fc211d038
c2e8bf6ac1f06c60
4224b406c1f69996
b46bc2b8c1ef2ddc
3a343f4dc1e3db73
416ac22fc2136830
3891410ec20da2f4
4246c282c2367680
c1b0427ec25b6320
bb89b8e2c2591671
3f76c082c269e767
c1a737a8c26f503a
3b8442f6c2623c04
c2613ca7c27112a8
c2033950c2790ea4
3c97b954c27c1d36
bac0b983c279c9f2
41294198c25cec9a
b6423fd0c25ffad4
b81bb79ac25f012a
3bd83aedc25b9bfa
b57ab19bc25b5e94
41cabd60c26aed74
3c10c1bec2769764
43a5c34ec2973755
407dc156c2a330d4
3d16c3eec2ad45f1
bd8ac357c2a31bf8
b9003b9fc2a44cd0
c3b93655c2a75b37
ba4a41f6c2ac0ada
bab5c38fc2a5b497
c0284200c2b22c97
af21bb02c2b1faa2
bdf5bec5c2acf031
c1c6383bc2affdc5
c1c3c1bdc29f75ca
c1abc035c2938996
424ec0d3c2a2bebb
c3824332c2bdc16d
ad484385c2be6047
409ab3c2c2bf7ddd
b89ac3fec2bae504
b91ec02fc2b837f4
bbbe41bbc2bdc3ad
3b9d4314c2b70744
404d41a7c2aadfa6
c2432ec8c2ab897f
4129406ec2a01bb0
411bb894c2a307a4
c1ef3166c2a407e6
38554033c2a1c1c8
bc3e425cc2a8805a
42073ff3c29c85f1
3fd443d6c28d3023
c28bbccec285542c
b770b900c284bf6c
3da4b7cac2861ee7
bbe5c38dc27d56c6
c33cae28c27bf27b
bdadc04ec26fbb20
c3b0c2c4c23bb860
c120b25ec239ae44
c04db529c236e819
3fb8c2cac2511bb1
3c1b401bc248ae44
427943e8c215819c
c103c34ec1e1cb64
3cc2359ac1de768e
427e3a19c1caab67
4128c3d3c20dadac
b3a5c0d3c20b5f9c
c119c2d9c1d0eed8
4321baf0c1e9a950
40c14062c1bffd8c
40eebe53c1df2ab6
4049b5d0c1e564ca
42f43dc7c1bd391e
425d4341c141cfcc
bc90bc95c12ce7fc
c3f44153c1ab2436
3b87c15ec1bf577f
3bd64316c1a3944d
42d043dbc0e231b4
bd38bffbc08ee5e4
c3f3c1b540dc088c
bfc43c0f409cff94
c3e642dec10a7606
3cbe41b8c0a871cc
bee53203c0b2ce78
42a0c23ec17ed23c
c2c1c19bc0cec5a8
c0c1c126beaf8780
c380c17d411f29c4
b7afbdbe412a317c
b6d4240c412a15da
3ea33908413ac7e6
4389431e41c8a60f
4261319b41cd1e46
c01cb61e41d36718
ac4a2f2641d357c4
43093d7441f9b4d8
42fac19641abc3e0
3c7abf84419af16c
c3b5c3ef420a9db0
bc23c10e42151225
bd87c35342295007
c387c0094247afc6
3f35b08d4246a964
3f1a42a7425e485f
9d853995425e4485
c0cfbcc24269b4f4
3ff44094427be97c
c1b0c0e6428be2ce
b4e7b6a3428c23e0
3b5141dc42917fb4
c00dc27a429e9dcd
c297be0242a88398
bc2bc20c42aed099
414fbc7842a8e257
c003beed42afd489
42233c2242b62bb2
40f3c20242a74dbf
c152b9fb42ab47ec
b49ec1d142acf59c
c0d9c2bb42bd45dd
c2d6c18942d03120
c019be5a42d6b2d2
3a8443fb42dd32c0
38b4b16242dd001e
bb46c24342e2b188
3d1eb5da42e1c1fc
3d18babd42df9cd0
c09abd5442e5bdf2
c198bf6942f01ac8
433dc0de42de7d55
3a4542d042e3d417
ba3fbdb342e60da8
c248c1e142f8844c
42dab39542f6e4b5
bd9dc34f43009329
3eb3c1db42f757ca
a052401342f74efd
40d741bd430298ed
bfc3c1814307eff5
c219bdd5430c61ee
bd11c0db430f751f
c20eb96743118079
b917c1df43135e9a
4120c294430af0fa
bb21bb4d430bc12a
baca3b94430af35f
30293a8a430b0e93
3f6ec28243050358
437231f73f31a3f8
4012c0cfc0865ff1
b2ec4059c0956bf7
bdd63759c0aadcaa
41f63347c0952c0d
32273e5fc08b5f6f
42bfbfaac12d1764
43973fb2c0611da0
bad6c146bfa1d720
bfb2b9f83e2f1500
3e9aba25bf8c5e68
c324c2b2412db053
4308c2babf77eed0
4272429f411b344b
3b183d1a412d4c83
41a8416041937442
3ed1401041af2552
42c3c023416e6800
b9c5400a41571a4e
3de0ba554144809e
43f5c342c00a0028
c0fec1a3409c1dbc
bd2743043eb874c0
43dd4056410e249e
b91442de40d68a8c
bd5c34be40c9d568
3ef4bcd34086bf30
3ea342a9411bc6cc
bcc9406440e38388
c2dc4285c0823ed8
b418bc95c071bbb8
4355c286c17bc0e6
2fe84346c17490b8
bbd8bf97c156cc84
b5673d46c15debce
bf90431ac1a4aa87
42a6408dc1504f56
3312b8e1c1527743
c038bcc3c12a49f3
b463bd65c1245f6f
3103c3d1c12e2a8c
40e74025c0b9ca00
4097c26bc152b974
bf46c06bc11274f0
38274367c0e7707e
bc8d415bc124767d
c3603d78c175207d
bb1fbcb2c16468b6
3d2d4183c12b5aa8
42f0b9d6c153d748
2ca9b557c1543ad2
c3263748c16e412a
3fc342b7c1060462
c09a3753c116de59
40bbc0cdc171b555
bf13b94ec15ef1f0
3dc54191c11eb6c8
bea53ab7c13505c1
4363433a4001ffdc
4135b9923e5faf40
3e69b0b6bc8f2f80
2f83bc82be195808
43e1400140f79448
3597c38040cda7c8
bda841c3401697d0
c28c4227c0f6eeb8
b784c2a1c0c51cb4
b37140b2c0d694fd
c333a9f4c0d1398a
3e10b817c0ea04fa
be943adec10b98a9
35a8c219c11cd75d
424841aabf6881d0
345a42b73ba07000
3b84c377c0601938
43113d553f9aa7d0
c193c3a7413df48a
4008bba0411f378a
c1e13d7240be624c
370d413640e3200a
3a8ab65840d8c12e
bd8243de3fadb8f8
4339c2fac133d789
43dd402bc042fc44
bfee4088c0f137e2
3cca3c1cc0c9dbb2
41f2be55c130388d
41113849c11a82b4
bbcf438ec1558086
c2ca399dc17b9c68
417cc300c1ca9634
41c232e3c1c5a153
36d0be0cc1cac78b
4049c1b3c1fb9fa1
af95bc3cc1fa9eca
361ac0b3c200e4eb
3560c3c6c2061df3
3c0339b5c203414f
c1b2bde2c1e5017a
b77d415bc1ef0816
43de39e0c1d7ebf6
408dbc26c1eacce4
42764326c18e6ddc
43e43b8bc16156ec
c2a8c08cc0d08ed8
c06f3b04c1076228
bce2b845c0f9eb66
403ec276c16a9803
c388c044c0d42f06
3cadc029c110feed
42d9336cc1044a4a
36462d2cc103c882
c3043c64c14163a2
39883eb4c12ed9d2
bd514238c170f942
b8e2404fc1830180
c3fa3933c197bde7
42e1c124c1de772f
c3f8c3bbc14685be
bc4b412dc172f61c
c0823d16c190683a
40d0c01bc1b7ec1a
4245398cc1a688bc
b96bbbb6c1a14fda
c143415ac1d9a0f6
4113c0adc2048a52
c315c1a4c1b92fbc
bad8bc78c1b18a6c
42fd403ac16cef90
c14d4248c1b90f18
4360435ac1193f30
96db3ca5c1194726
4284c113c18ec32b
43f6bec9c1c4c751
bccfc01fc1b0f640
3e8c3f68c198b7d0
c057c084c1630c30
43ea40e7c08fb730
bf664100c111d798
3e81b877c1205c94
430e3f94c055c190
bf0b4295c1122730
bc7d4087c13acb06
ad0bb9b4c139e4f0
c0c52eefc13e072d
3398bde7c143a172
c0483517c14e86ae
b8e735a2c151fa54
402f42e2c0bd98b8
2e723a76c0bafe6f
c27cc0c23fef4544
baff35c83fc6d30c
c0a0328a3f8a568c
3fdb3ee9408f2647
41a73a9d40d9e91b
400a3c7c41112e3e
c2513c5a40b46a94
3db2be9840529e68
40bbbc3d3f48e7c0
41b0420a4115f1fc
b90340ba40fc839c
c00fc0f4414eaafe
41aec2a2405fea38
3dd53fb440c9cea4
abcdbfcf40cd9d40
c376bac941196e46
ba4db493411d088d
c0bbbede415e00e1
c048c1b6419fe6d0
bd3941fc4180a5b4
41f7352941885798
3da93b1641925e7a
3940b6384190541a
3d90bc07418520a2
bdfac05d419f3474
bac33fd34191fa86
c364407341206d5c
40ca3dcd4157fce0
3d1ac1d1411ca46c
bcc0c1b34152c8ec
1d67b6c94152bfc2
ba7543bd4120c862
b95541db41018fab
bdcfc0b141380fe9
bb47ba684143b79f
2d42c28f413f6823
3c66437941809248
c23340ff4105415c
bbadc2364134edda
4057437f419b873d
3f3940d041be498d
4183411f41f6bd47
b440b05e41f70785
c2b1401141c09c03
42804344420f8802
432ab52d420ae576
4016bb7142034b88
4198c0fb41cedf00
c305c0da42097dc2
bf08c124421b9052
a5493fc6421b673d
331642a4421e581e
c184c3d642499076
be283e35424002e4
c10cc39e4266744c
bebd425b42510ab5
bee0c145426327e5
be742c6a4262b5f5
40b73d5a426f53a0
41dab696426a8268
c09ec0e442808b90
c32b3ac74274f205
bd83bc98427b4677
bb7bc34b428474fc
bab2c17c42890c03
c1894255426f0b8a
c11b3e2f425f4290
b4fdbcf74260ced2
43882fe84262ab2c
42bfc084424434b0
3598c02342415037
40cfc2fd421fb5a5
c0294324420200e1
347cb4a44201ada3
bd4c43a141daf27a
4391ac2f41d8f800
ae31c1e141db3e61
b8ccc10241e7412d
37c3bbd341e37582
41fb3d84420238f7
40da3e5542119528
c01bb00f42129fc1
bd1eb7054214de7a
c2bd41c241dc2480
437543154222e1d8
c17cc327424a1bbc
b30a41aa42479dd2
3b063c97424ba563
c352c372428112f4
42f6b1ce427f9f69
b54bb439427ff8d0
b886ba084280d6aa
c257bee2428bbf5e
c051c25042995f06
b8833d424297e37a
427f401242a51bf1
40bebe30429dc609
3c31c1c74297b843
bdfcbe09429c3bfe
399143c642a1a4a3
c36ec0da42b3aa79
b4893f2742b2a6fa
4173c07042a68fd2
c3f242f4428af07e
c23ab8b5428e9a5e
bfedc1c3429a0500
3e6628d93d7823b0
bc03bd033fa89966
428141d8412d1a8d
c32941723f892c28
c163c05440dcceea
b1123bcd40d7dd3d
35e1c24040b31efd
43af402d4159e686
3b39439241884a04
43f739b5419f0455
b8253c76419a6512
3fb8c3814140f2b4
3e60b14e413cb88c
3a62c1e14117326a
c34a34de41057554
be5a40ea408e1198
4383389d40d36044
42bfbfc53d5c2e00
bcd7bd573fd5a1f8
bc4ec37540b5cf16
b8a8a6ff40b65163
4392bc1e3fe693cc
bfe74367c0b056cd
4019c2f1c149f18a
bfb1bea2c116ed88
4060be9bc150b9c8
42c63e9dc0ee45d8
41de418d3f3222c0
3d8a33ca3f843644
428ec0d0c0db4d6f
389731dcc0d7f0d6
bed93714c0f02cd0
c0633cfdc123da16
c1ad3f02c17366ca
3c32435ec1359612
3c433eb3c1190939
3ac54073c0f5d574
3d584370c02db6e8
4228403b4072fc98
c330c2c7417f9866
408c426741ba04db
c0ff416c4183d7b3
c3ecb8be4196a047
c011427b4143d7e2
c233bc064175ba46
417f3a75418c9ba8
41ad31fb4190d9dc
c27fbdd041b69c0c
3c3ab42341b46c8e
43ee37e541c41308
b8493a7c41c099dc
bbf0bcfc41ca7dec
be9eba8141d54054
435cbc2f41b67670
417ab9e941a6476b
b89642c24196c895
3e1bbd6c41863b63
c1be429e40e8f36c
bdf74059408137f0
4229bc133f669e20
bc66c2b840930904
4008c1e4bfabbff0
3ca5c36cc0b4d26c
c1bc3f74c12fe396
bf89c35ac0823284
c1f5c02940081ec8
43bdc0a1c0da7f7c
c17bc0d0be6fff80
bc15be0b3fa75748
39fdb51a3f88ca96
38be3f7a400b4e63
3c10c37ebfd0613a
c1bf3d1dc0a99eda
2ea3c099c0b13fb5
42603a93c03adaea
32402ef9c0397e48
42a33eb6402ad0c8
3f703e2840b0fb64
378cb46840acd348
3918427940eec3f8
3829c24c40ba5fa0
be66407a400f9a60
c033c0b640e60f40
c122400a40006940
400e423d410547a8
3c42413a4131c990
c04d3c8c410aad58
ae3b3e1541084f0b
427fc18cbefa58a0
43753c1b40559fa4
c222b70d40960d8c
3d7c434f411b314e
40e33c6641462e32
4056c00341009a2a
425ec13abe9060c0
3af9c2e9c052c698
41bcc29ec14c79c6
414f3e4dc1099442
3124be56c10da685
3d9135b6c105b400
3c6dbde8c11fd7c8
c1a505b9c11fd8ca
3e67c13dc162ebde
40673b6dc1423b04
c3fdc2e53fd091e0
351742be402ceb14
c33b41dbc0fc3e36
3cbb3454c0f20188
b52c3847c0f78955
43a4c3b8c1b3d615
bc9dc2b7c194dbda
c2f8c12bc119a914
38b538eec113dc02
c0e73d6ec1491886
431baee4c14f3748
bcde41bac1837af0
4292acbdc1856d0d
c25a41d3c1cf6969
3529c12cc1d6156c
429fc271c215b0e4
be67426ac22a3937
3bbb3893c2280371
34cb38dbc2274944
392eb7b6c22888ca
401cb7c8c22c8806
4091342fc22a24b2
39b9be46c22ea185
bf604168c2429105
413e43cfc219a1e3
c37541e8c245aceb
3eefad50c2464042
43194120c221e022
3f5e3ef3c2151394
3d534349c201aebf
38fcb81dc202f6c8
c0193530c2059efe
c2d53d93c218a9a5
bfe13dd3c2242282
4049bd28c22f2eb6
42adbb97c23bd978
c1e6438bc268575a
bda1b9f7c26424ef
c2b33944c26cf692
439ab831c274edb0
bac83888c276d954
40563b77c26ec1d6
401dc1dec28371fe
419043f1c25ab76c
c3b73c93c26c5c76
c324b795c26597f8
bcee411ac2722b0e
bd8d40d8c27f9c8a
3e5a4360c26830aa
3f393bd8c2611bc7
c092c0ccc24b2f6f
bb174061c252f25d
3eacbf13c25ebf0e
c16a3d70c26d773e
40443ae6c2661bf8
c2e03b92c2731ee8
388835acc272514d
c01a99b4c2724b74
b66935c1c272defd
c2324388c290c3c6
bd9c3edec295946f
bbd9c06ac2913ff4
c277b64ec28eb3d0
c235403dc29bdb20
43dfbff1c2ab7b9c
2f4abe53c2abd7ce
c3af3aafc2b24322
3dcdbb67c2b4f22a
b8662277c2b4f5b8
b68fb233c2b4cd10
bfcb3fa0c2bc3a8c
409738eec2b96680
c2eac20bc2a48279
bb69c21bc29edab7
bf7141a3c2a95734
c287bcfcc2a134fb
bae93d98c2a39f70
42fe3fe2c295d7e1
3ca03c86c2933a69
ba64bfa2c2902df4
3d9cbb56c292c05a
c3c03da7c29db3ea
34ccc2d4c29fbff9
ba23c249c29aedba
40594295c28c9ed4
4349b4e1c28ed786
ba21ba00c28db156
c397bf04c280617f
406baef9c280dcb7
b938406ec283c079
c12fc0fac26db50c
bbebbeebc266dc35
42e54341c234d911
361eb98ec235e8e6
c1a943bac261a4b0
be7e3ccdc2696f6a
3973c380c273a70a
3201be98c274e3bf
ae5c42ffc27647ac
3fb04074c26529cc
400abb78c26cb478
3e7bab1dc26d10aa
41084083c2565d92
b91fbe90c2522a24
4219bce5c2611652
bd0cc015c256c954
43194162c23094c2
c27ec187c20cb250
bde439eac2110d1d
43feb2a6c2145f48
bb5c35a2c215aaea
c03f3280c2176482
366942abc2120cbe
b94dbb50c20fa08d
435ac3ddc2496f3f
41ae3893c242f084
37fbbde1c245df2e
40b34221c229121b
41f33c23c21cc3fe
c081b806c2183c3c
c12c3856c21dd76e
3f17be78c2294ea0
4254b30ac22c1754
404e32e2c22a3d46
422141c8c206ce7e
3c7ac029c2101e43
c2df41b4c2374e0f
bd963cf9c23e3fc8
3b0bc07dc24626e0
4062c16bc25de5d6
4128c317c2813a37
bc9741dbc287f242
3b90be42c28ae774
c356b6d3c287c676
43bc3fe3c2710d12
c13937b6c27615c3
40f13dc8c267cd1f
a2a03f24c267e4c6
be2ec177c2570215
3d5e33cec255b2f8
3f534123c242e34c
4020b887c2478e84
c02043a6c2671b44
bc6042fdc27664b4
bcb93ed1c27e70f6
bc453da6c2823c33
3d353df8c27cb350
c3503875c2826c9a
42c030b5c2816e6c
bb5bc277c276f985
c3f7c3f7c2378935
c123c241c2176953
bc0f2e28bdc7e2c0
ba5bb7f63e986918
3ad52fee3ece961e
bf49b1533f34de63
c1163d13c0213d77
43e23cbf400a0f79
c2c242fdc11a630a
c16bc069c06b3df8
bed041a5c107b79e
427dc336c1a16e8b
3a8fc3e6c1bb5548
3e42c3cdc1ec2622
4299b765c1f85879
c0efbbecc1e4cdcf
c19dbd25c1c7ed1e
3b8fc245c1df9ee3
40fc3b6bc1cd2239
bd25b8f6c1c6c0d6
3f1bc15ac1ecc754
2008b40fc1eccb6b
421ac2aec21f2762
c08f3a70c2267d86
c1c2c006c20f52fa
c02b41bec22741e4
bc7231adc2280bbc
3899c0d6c22d9ab6
c37cc26cc1fb14cc
b9b141c4c205be87
40ff2977c2055151
c053c31ac1cd37c6
c14c40afc1fed5ae
3d46b864c2024fc2
34f8bf65c2049ba0
4003425fc1d61906
409a34cec1d0920b
be8ec036c1b4f817
35d2bd73c1b8ef02
37343fadc1b205be
b98d35c0c1b4046a
3a53428cc19f50b8
40713454c19a8273
c38bb1dcc194fc24
c0bac26bc130a150
b7b03c37c138bb04
42e8aa1ac13b5d3d
369b4018c12dd7f9
b6b83dbbc1377813
c0eb4016c183ec6e
3cda3c56c172cfa0
3ab44206c14a6f68
c3e140ffc1b3f1f0
3d5ebb45c1bdb306
40e1294cc1bce448
bf3c3838c1c48590
4049378dc1bc6ec3
b61dbba8c1b981e2
babbc31ec1a18e6d
c308bcaec180a6fd
3f45b529c185575e
b3a3c365c17c90a8
4396c0f1c1c940c0
bdb7429cc1ef0644
be6b42ffc20df66c
3f6fc005c21ce702
3e75c17cc22e9bd8
423c39aac225c7e2
3de541f8c2143076
bc04c249c20791e4
3e13b8cfc20b3890
b8dd4110c2116044
c06dc12cc1f4f910
3a1d3bbcc1ef1006
b438c25cc1e85afe
ba5441dec1faeb6a
400fc0f0c2117fc5
3dc338b3c20e1d5a
4310bc8ec21e32ca
3a17350fc21d3c57
40fe39c0c2160f37
c034bb56c20e59d9
3b43bf77c215207e
c168435ec23cf4ae
408bc09cc251e562
bcf7c11fc2452eee
43f2beb2c25fc810
c2284160c2806f88
3cb8c3c3c2899792
bec8c1abc27ff758
39183ae9c27dc42a
3627c208c28133c8
3d04c0c5c2872ecd
3bf340bac2827c7b
3ef33aadc27f2c6f
c12e3d0fc2862324
c0f4434ac2983068
4242c23ac2ababe2
3945429ac2a752b2
bf61c3f5c298a4fd
3c683eebc294d58e
4209be4cc29e55b9
3505ba20c29ed0b4
bddbc1d8c29642c2
42193ad9c2910a9c
c172b4f9c28f595e
bb72c281c2894bd0
b762c20dc2868110
c1024315c2983ca5
41c54101c289cd42
3fc5be72c2900fb9
bc933e67c293b8de
3d744179c28c42e9
400d350cc28afbcf
3c97412bc2850db8
b869bf9ec282f43b
34614289c2812a5c
3c2bc036c2858da0
3d4540d1c27e6a96
3d30409bc272788e
c32b4022c2880c22
431841c6c26723b4
3e88c310c27e33f4
3d3ec315c2886200
43dec36ac2a58bf6
bcaa41a4c2ac1fb0
c14cc11dc29e94e2
c10040ffc2ab1262
3ca1c34ec2b38666
3b2f3b3fc2b1e5fa
3c144203c2abc4eb
3dbdaa06c2abe77b
3c133545c2ab3bba
c02a438cc2baf236
c027c246c2adebe1
bd99c12dc2a6ada8
427b2fdec2a5e1b9
bb44bcadc2a3c22a
42a9bd12c2ac3362
b7f6b2ccc2abfd46
3f2ac162c2b5a14b
c3063e7cc2c10405
bd7b3866c2c285b5
c381c189c2adc131
c0db413cc2ba765b
3b07b42ac2baeb68
c061c30cc2ab7da2
3b5ac15ec2b06c44
b5fb3941c2b0e9f3
4244c3fcc2c9ed6b
c3423bb4c2d0ea78
c2d23e92c2dc1e69
ba414243c2e10389
40af3e08c2d9f3ab
4121bd26c2e08da4
c25dbb1ac2dae796
bddd3a4fc2dd3769
c0c543a3c2ef6da0
43e43e54c2e2f1ec
3cab39e1c2e13ad7
be37be9ec2dc16d9
2900c16dc2dc4d1b
c14d4295c2edbf03
38423d0cc2ec6732
3e17387fc2eab11b
b81c40b0c2ed1983
435fc277c302768c
b8143651c302aa11
3034b4dac302b443
3fa73d52c30028db
40e738a6c2fd787d
c0ed43b7c3083c59
3ea941c9c3036b63
bddd432bc308ac47
c21bc21ac2feb82f
c32e371ac300f3fd
bca04253c3049bf9
c24f4251c30e9238
c312bd83c309b331
b7fd4125c30afbf6
b559c1f9c309fc71
3407c230c30ac3cc
39fc42e8c3082e86
c2b3b896c30642f8
2c3ac2a1c3067b01
bc9c4325c30a98d2
c14e38dac30c3499
9de43cc5c30c365b
41512bffc30c0bd8
403b42d6c304d104
4006b432c305580d
c0a8408ac30aa0b1
c0ecc301c3020276
bf22c3c8c2f624c8
b774b698c2f5c27e
3d59c0aac2fbfec4
4220be50c302d4a2
c2a44127c30b6261
33d93d1ac30b124f
c146c14fc30412a8
c097b902c302a2e5
bfe94061c306f74e
c18c3756c3083cd6
42ffbd7fc30d0b46
403542e1c305cf21
40643ffdc3016cc6
c04e3c3ac303b2fc
c317c063c2f7d906
3daab8b4c2f9833e
c3eec376c2dbee64
3df13a7ec2d9853a
40d6b7bdc2dbdbfa
3f8142e7c2cee920
c1a8bc58c2c8c4b0
41ac4020c2bd11f0
380b415cc2ba5c92
43a4377ac2b6ca90
bf10244cc2b6d9bc
bec6be9dc2b1404e
329ac302c2b2b268
c31fbc26c2ab4fc2
c22b282bc2ab832c
bf363eb9c2b1926d
c31c43b7c2ccfeef
bd2abcd8c2c9de81
4049439dc2b98e9f
ad09402bc2b9e291
c2ebb9dfc2b4ceda
b3b3413ec2b611bd
b993b832c2b556a7
b58f2ed8c2b569ac
c2b12be1c2b5d31d
bbb0c0c9c2b139f7
3bafc366c2b8550e
c1b643c4c2ce81ba
bcb840d0c2d42f1a
438b41b4c2beacbc
40bac280c2ce093c
41a9c025c2d9c3f2
43e7c3b7c2f83f82
3d8db830c2f9b369
bf81bd18c2f4ec46
3efbc2abc3004798
3fd9bf67c303e90d
b8c24331c3060c7f
43f9413fc2f72f5b
4153bc1dc2fca8f5
3b94403ac2f8a804
c0383ebac2ffc030
c1323d63c3035fa3
4357434bc2ebfb88
419ac0e9c2f9bc1d
3c24c04ec2fe30db
b9813f6cc3005f39
c1b23d94c30457d6
b452414cc3050ee9
3a3641aec302da7e
432140d2c2f48673
3ec5c266c0ad41f8
c0ffc2fe40546c30
3894c08740018400
bdd0baf840528700
c141bea740f51118
bf10421c4010f430
c059c217410e2508
432cc1b9bfb03140
42e1bcc0c0aebf50
3a3539e1c09c8086
426e3221c088cc6f
c28eb838c022fc9e
bd28328cc033dd8e
352b439ebfca44f4
30febeddbfec883a
3045bdadc00261ee
c19fc26640de89d9
3d23c19240582c02
c071be5240dc5ec9
b8ff427f409b75c9
bf913c1b403aaa66
3bf641e240baff8b
3c8342de411b76fa
b759c31941358a52
37b9c3ff4116aa2f
4313be78406c917c
20813c94406d3671
c232bc6340e35090
bc464342404e80c0
c1994111c07741d0
3d733f4ebfb01350
40edadaebfcc0d66
435b3617be4705b0
bcbac31c40803132
c21ea63c40829362
3df8c282bf4662f0
c3063f6ac0e9164e
c2d8c3d240c31332
3a1043aa41100039
3b4c43624145df51
c04e3ef84109e031
36f1ba064104a63c
393e3e3e411502be
c17f3d8b40b029a8
417fc31bc0884178
c38842c7c18825ce
3d46b626c18c335a
c3713e8ec1bcfa08
40bdbb85c1cecaa0
3cb34044c1babf14
c3643253c1c096c2
c10d3b44c1d2effc
bef9c21ac1a864b2
38e0c10cc1b4b1f2
39f6b181c1b5b86a
402dbfdec1d69270
41ff370cc1cc0233
41073daec1af7471
c1e1c050c1797fa2
bd3db7a4c16f7e1d
bcda4042c18c6742
3eddc3d2c1c2138c
42be3f6fc18ff52a
388b4176c1838da1
c3c535f7c18f23a6
400a4253c1381a54
be954337c18b8a2c
3c0143c8c158c4c8
36904273c1439b70
38ee282fc14348f1
41c63e1ec0f94d12
36b79bdfc0f95a49
b323bcf9c0f07b06
b9df3dbbc1090ff5
c26c4126c186a80a
40ebc0b3c1b4e0ac
3e783a99c1aa353e
399ac30cc1bdf1da
43e6c075c2022d0b
41fe43d1c1a6ad5a
40a5bbe2c1b8fbaf
c32dc32fc123c656
40314202c07c3338
421d4002400bd068
bf1d4204c04a8338
39183e57c009ece8
c258419fc1311dda
bcddb43fc12bf441
3f58b929c13ee6cd
3e934254c0d764aa
42f9c394c19f8712
3ff943b3c14449f0
41d93d56c105e224
c110c2b53df78e00
3a3f3fe23fd46b58
3b29c394bfddaa48
c0f341a9c10bc2f5
c307ba7fc0bc38fa
bf60b903c09742da
42ba423c40b839e6
b627c2e340e2987a
c0adc382417db7a5
b9a4416d415f1cd1
b7b9c127417301e8
c0efc28441b9cb6c
3e3cbc6b41ac05e2
42c33dc541d308f0
3395376141d3e8ba
c3e1bf124205cec6
bc80c38d4216cc06
43dcb8c8420d670e
bc303d8642079ec6
4120b4c24204927e
3ed13fcd4211dd95
c23c3f7a41f51e92
4033420c4213f3ad
c0a6bd0b421fac3e
b8663e8b421c1352
406ac31341f9b2e8
c27fbe0b42107a2e
432e40e84233b3de
bc70c2ab42427f46
be33b75e42455a02
c16038a1423f21aa
3443c0d3423c8fc3
4377bd824228010c
3a3b394c422a1114
b9be43ee421eaeeb
3cfebbcc4219d15e
3877bbc34217a6e4
befcbc97421faa8d
415bc1c24200d497
34eebe7641fdadf8
41c8c27c41b2b438
ae78bccb41b3ac41
baa0411d41a2bc31
3d21c2a44180ad0d
438b42c141e690a1
c30bc186421a2f12
392143644223a90b
c111c2e642469c51
bad0c0e9424ef925
bae6bca34252f8b3
399bc137424ba9e0
b9f642ec4241592e
c0443fb54230e924
bc013b25422d55bf
c3df40c94207aba9
3e45becb41fa0bf7
403cbf7041da8db7
42bbc0b5419b3149
4035c361413a363e
4055c22a409eccec
3d91c32dbcf90400
3ccca47dbd52a070
aec63b71be1976e8
c0623dcac054920e
b96fc328bf6422b8
43aa4311414a5efc
c348268b4148e1db
3ce3c0f241188caf
3c15c16b40d8a242
c095c3b341796dd9
3c1c43be419c87b4
ba12bc3a41a2f1b9
bd54c19441c0aa49
bdac3e0b41af8717
3c33bda441a3af41
b5fb41dc419aec94
c16742b141254050
3f32ae6f41225ba5
42da41bd419fcfb6
c0fc3bcf418c59d4
b9a7414e417ab7c6
c23f303d41741985
c34c400440fdc98a
c08936b140df70d1
3e6641194130f454
b917bd49413e679c
428e429e41b5f316
ba4d424a41a222f5
429cbf634162a142
41abc3ca40482628
b6dac32640950d70
384740b540bd51d6
3e39369140d1bffa
c37ac14e4183c256
433e3d2a41a92882
b500c3d141b2edc2
363a417a41bb742b
c063341141b6fe86
2d3b3c9941b7bee8
39e4414141c7385a
43823e8541f82ae4
3ec1ae9341f6c7ad
bd513f1941e3e9b9
c099c0184204c734
3cf8424b42146988
c15bbe5d4225738f
c2bec0ab4244ec79
42f6c2cc42159c71
400c406842277151
bfbfbc7142300b24
c1bf396c4228413f
c02dc2ce4244ab75
3353c138424247e2
c309352c423dbb90
c34e43f44203a338
3742397e4204e21c
b1cdb95c42055e77
39e5c23341f8779f
3ec041bd420f99b0
27e93fdf420fd7f3
400f3d32421a62ea
bfbb3fb2420b83a8
bee540db41f58d6a
be802cdf41f4901e
283f3b3941f4cd74
c239c2f64225b780
4273be0542124e61
43bd3c884223d695
bc1638e3422157a5
3e8f43fd423b89ce
41e6424d4260b3fc
43fe3fd542800014
2825c067427fb72c
41f2bfe74268397d
b9793cfb4264d149
c13cc23242829f80
3f05b7f74280e039
3f35402442885616
43b7bcd6427e04af
c216bdf242880e0a
4376c15f4268094a
3f9bb69a4264e5f6
40c241c3428027de
a32b381242802438
bdb4c26f4289507b
c26cc01a42967bf7
c01f433c428793d5
c34a416a4267b106
c30343c642312fb4
3deabe3f4227f38e
3bd73f8a422f56eb
4148c1a942117263
42c23ffd422c7040
42bac2de41fc7de8
42fa4078421d6c24
c12e4044420753ec
3eaeb81a4203e736
3dc0bf9241f20aac
c16cba0c4201379a
41a5c10941c9979a
c02db48441ce4e67
3b5b42c941e742a0
3b13befc41dae873
bda03da9bffeb500
42cd42ec411c7550
38b9befb410bf99f
418bc0e13ffe6798
425abefac0634b54
c1b9c39740e9d346
b813bccc40fd5e6a
3ef941c9414f5c35
b89c42fa412f33dd
43ecbc8940ceb28a
c137c2e7417753c5
bf9dbd42418fada0
43ddbe3c413d4fa8
c183432d3ff8dc80
3a753cab4038b68e
40f6b469400cf4c2
40703b3e4086c0a1
c299c3de41897f84
4049c3be410e4a50
4060bc2f40d35e20
42a1c34bc0af6330
c335428ac18a19f0
c0ca4047c1b311fc
c0e938a8c1be8070
c0d33408c1c35d16
3f4c3854c1bb77da
41c9bdf2c1dddcdc
35c63c10c1daee50
42c23d28c1b81600
c3a1b186c1b2d197
c3cbbdc4c185e32b
4273bc84c1a30277
b9ab42c6c1b63498
3e87c242c1df0d66
43ca3d0bc1b7c5b8
420a4136c171ab00
43e6c156c1cd2008
c2e0c3aac1477d10
281cc3ffc1498ace
4016c1d8c1948687
40a8be46c1b1bc77
b221c304c1ac5c86
c19cc3fcc12592cc
3a24c368c1530d6c
c223bb22c12747c6
43743229c11bcd61
3948be28c12c0f01
c3e4c3a4408a327e
33e143b940a89eca
3c5ebf1840555254
bc5b4357bf29b450
c097426bc1006fb9
b88d3f1bc1109aa8
24d7c336c111b1db
c1ee40f1c183730a
3bf83c9ac174907c
42fe41a2c0ae0b18
baa44320c106560c
a9493a50c106db7f
c19b3e68c14ead6f
bffcc309c0bcab6e
3429c2dac0d92c58
42fd439f40d0e4b8
4006c17d3f80f520
ae54bc053f8dacf2
4235403740f4b654
be7b41b94040bd98
c13fbe5640e55374
c389c01c416e85aa
3fb3c2c441065792
be8d40fd4089f9c4
c26b42ffc0dd3adc
c0784034c139beee
bc6fb671c1329b2e
bdab35e1c13aefc0
b6d8b833c137581f
3298c235c141937d
3a54bfccc15a3ef5
b477bbc0c155ebad
c271bd52c1116149
3c04c3d5c15047f1
c13842aec1addc18
b871c386c19d2705
3f6a3df1c18720a0
3a48c35ec19e43d8
43fdc392c20b9b36
3ce5b643c20d8595
417833abc20ae6a2
b6163ed9c20d816c
c2c33f3bc225f364
4295b8abc22da1c6
ac07b882c22d7d77
baf13c11c23104b7
387c3f20c22d0647
3c84c25ec23b6683
404135dcc23848e8
c18642f6c25ebbac
c08f3fc6c2707379
bd023f46c2798e9c
3c70c25ac283d326
3a213cb1c2820719
ab5542fac2826d67
c3653d24c28bee34
c270ab42c28b90c2
c17d41c7c29b6b58
bcbebda4c2981361
c10839cdc29bb94e
c0943beac2a040b7
3512c243c2a23cb2
c180c210c29190b2
c34b3dffc29c7f5f
31543c2cc29c2675
394d413ac298afe7
3dd04310c28e6ca7
3db03f94c289096f
373cc228c28bd205
3782c00cc28db826
b9463a67c28ec63f
c159bd7fc2876d35
40c241c6c273625e
4015c146c284748e
bc3641b6c28a77a7
41ad3d27c2832810
42704266c25d1f80
40a842d4c23d5460
b9334213c2453992
c1803984c24ccf12
3c05b0d4c24d6a53
bf5e3c8fc255cfb4
296d3857c255b828
401221d6c255a067
b088400cc256c5cd
41f14017c23e7926
417d3eb2c22c19b1
43b7c002c24b051f
c1c8c14fc22c5467
3e50c27fc240d53f
c3164284c26f0097
37cfc31ec275f2ff
a3d7b493c275ee83
c39dabcac275014f
beef3f61c280e5d9
b1714179c281d414
be0f3c31c28500b0
41a6431cc261d938
c03d43e5c281a764
c2e5437bc29b70e7
3efdbebfc2a1557f
40b8c261c2b0625b
403bc1d0c2bcadd3
bc8cc173c2b67c1a
3fc2439dc2a7b81c
c25343f5c2c0e153
c0dac03cc2b69bc7
3c49c357c2be78bb
bd5d4205c2c68aef
bbd9bc52c2c46c77
3b183e9cc2c17e4d
401bb421c2c28d85
3dd8bd5ec2c6792f
4078c3b2c2d7aae7
2d42c1f0c2d827c6
c3ad414cc2ec7bf4
c0094006c2f49a0f
43ba3ddec2e944bc
3f4c43f5c2dac0cd
3c77437bc2d26742
bbf5425fc2d8bd7f
324d43c5c2d735dd
c0d9c081c2cc4b30
bdfb4067c2d2e02f
3f3040dbc2ca26ab
bf9cbae8c2c6ddd5
bdd6413fc2ce8540
c0cd3dd0c2d57f24
b4f7c183c2d3c94e
bbdfbdf5c2d0db17
c031b43ec2cfbe99
3f514394c2c1e224
435ebcbec2ca9e15
4148425bc2b9d5c9
bd35b755c2b8a45c
3da43e4cc2b433c6
3d87ae21c2b47787
3dffc30ac2bf04c4
b4c9c281c2bd12cf
42d0433fc2a46437
c164c09fc297efa9
c165be50c28f6c45
bae64311c295842e
c0fd3a49c2996f73
c3c83c51c2a1d505
3fbcbf81c2a9163c
36efc2c4c2ac04cc
4278bb04c2b1b108
387743a0c2ad6f9c
c363c0dcc29b7d12
b2e243a0c29d20ec
c08abda5c296b930
aea82e24c296be4c
3eb8bf90c29d183c
c16dba23c298eebf
41ee41dac2879569
40ffc064c2928d37
b9fbb6cac291eacf
3ee5bb38c2950720
c3fac0f6c2813e02
bcbcc250c2738aa4
c366b336c270350c
c0f23d69c27d95ad
bde63d6cc282ca38
2984c0b3c282fe0f
40d84265c26702e6
32d238b9c266820f
bfd1433fc28169e3
c1acc3c8c256b166
401f40acc2437092
39e2c08cc24a2078
c133c1c2c22c30d2
c13eba24c22424a4
3916c3fbc22e4a48
39204161c2276600
410b42d7c204e7c4
402fc08ec217f5d6
c2b93fa8c231b20a
b49c425cc2355c0c
c14442edc259d400
4397c3b5c28a2961
b9814186c28df632
39523967c28d1042
c11ac26ec2795358
38c14114c2734a53
3ea5c0cbc2819b5f
30cdc3cec282c71f
41244308c261691e
40253566c25e9d26
c0d3a2a0c25e7d30
ba763aabc2612e7d
3f2d4366c246a306
bc1cb465c2458215
b23dc30bc242c31b
bd5c3e24c24afd57
c00ec1fec232b173
babfc04cc22b7246
be68bc29c224c89c
4227bf2ec23ade9d
3f0ac18cc24e6459
34fe3acbc24d550e
b1c3b9a4c24cd30e
3ee4c3cec267b6ca
3c04be75c26e323f
c32cb786c267739e
b8ccc398c25e5856
bf03c027c24fc99c
c1af3e52c261bfa3
bab5355fc262dfd4
3e814018405500c0
403ebc413f8945a0
ae253b6b3f7bc105
b95ec25840472181
c2b4c141413ea730
c3c44337c005d500
c2ad3334c035eb24
3875c108c087cee2
32fe3730c084aac8
427dc111c145d294
43abc2cac1cb0726
c243c3f5c14ec1d4
4057bc53c1744a3e
3f70395ec16054ae
c1c6c037c0fdfd0c
bd8e4359c1509f42
426b33dcc1440305
3c503447c13f6679
4311b7a3c15a61e2
391c42b6c13817fa
c192c325bfc73c90
42e0c0dcc11e8992
ac9b4312c1229b8f
c0d8ba70c1036d0f
bcf82b16c10486ba
421541a13e8d42c0
c075c0e340b71224
3c04c3c03fea5890
c182a9223ff87b32
3efaa6643ff2e87d
bf65c20640eee397
c2e2bce6413adfe4
c0d1b8a4415139c8
b9cdbfc04167b428
310642bd41702a84
bbdec3744195668e
3ffdc0ec415c2aa4
ba0b403a4142a026
bf283eae4112d2f6
c1313e4340a39ea4
bcd33db74058f5f4
43c3390740ba85a2
bc0eb82c40cb700a
bc3ac2064118a2bd
c324c098418dec1e
3b3abc8a4185b8cd
373b39604188269f
42f4bed44131591e
37a3b8ed412ca561
41fbbc1e40f6cd1a
4204c155be9cd860
c112bc83402366a4
3e0eb3ab400c2ff7
3c0a3de3406b4b6f
c0edbdbb40e68e34
41813fc94148f9aa
b894425e412bd352
b7cfb91c4130d006
c2bac0d341994e9f
c237c36341f51f27
41c2c3ed4199d9f3
4073426f41d319ad
c02b3ab141c527d0
3d70c0b941ab79e0
414ec38b4136e658
40323c0141587ebc
3e73c1de410cd148
b668439b40e8e998
bd7640cf407fbfe0
4124c302c0a05250
be47b4a0c091ce20
c173390cc0c8cee8
c0a5bea4c01ae030
39ab38b2c000434a
bed3bf063f7dd1f8
3698433a401ec15e
4240c16cc0bfb751
32be3a06c0baa3c2
434843e541089bbf
be56ba94411d729b
c04ac1524178b96b
c14243d640a7d976
357ac01840916e06
c084c19e412e2ce3
3e84c2cd40ab1af6
41183e1d4113d4eb
c228be3e4160b04b
c3d4ba064187eba2
439c41b341dea7ca
c3193a9141c75a36
c1e4babb41db2cfc
41ffc02f41a9015a
b3833c6441a6f1a7
c06543984148676e
320eb94041466ad6
b50e380f4143da5c
beff3c5f412545bb
2ea740f1412961a2
426cc1e93f8c8390
342139623fa2bd32
30ba35e13fa9af90
c137c373413098c2
41fc35da41421b0e
3b2a43ed417ae2f0
bd9642314135b784
3c4b3e9e41521fce
4400c13e40297f38
40d8ab0c4020f6b0
43acc00bc0a7a7c8
c0a82f43c0b01bc6
40f2ba1fc0eca662
3efb41acc01c8fa4
c116c34b40da73be
c36ba3ab40dc3aca
c213be04413731fd
41b93a84415c7b61
40c6bcf0412d5821
c09c42924050d104
c168bf144100bc81
41df3f9f415a3981
bc68c368418dbf00
c097c13a41bdb96c
3ca9c0a541a8147f
c3cdbaa041c1eb8f
43463dfe41ed8103
4230416d421852f2
3a883cbb421c2f9d
3fff40fa42301520
4198c31142088e08
ba1e431841fb69a8
40c0ba5641ec5d68
be40c0e042056ab4
3b4a419c420fa37a
c387c36142472ea0
b566ba2a424838d6
35c94155424c13ee
4098414342643fb6
3a4c3fda426a6dcd
42ac3de5427e17bb
c1c640394265b6a5
3e75408e42746b18
3c22bd66426ed735
bb59c3b9427d06c9
b41a436642793bbe
c3bf4159424fcf58
42f9c0074233ba89
ba194161422b876b
3adec18b42220348
c2c5c0f242437d82
414638024248c625
42e23e3f425e44f4
419abc3e4252634e
3f16c07a42428710
c27f3a934237d9d5
41ae43f542650b5b
bce742cc42546251
43fab8d5424abf90
b99a3d2242472782
c2cd40f2422585b8
3c2b3c434229f688
41e93a5c42335bf7
bdcec0f94241caa6
4369bc82423116fd
3da4bc06422b6a87
c0d8439e42068537
bdac36c242041ff2
42a7432f4233e99a
c291c0f34254693c
b68f38f44253655a
c0dabd964260f238
b7c74140425bd7a0
be682d7d425b4afd
c2dd36e842555e34
c1f3bdb142664c35
bb48428b425a632f
3d6dc1aa424b057e
bfc6c00f425acbcb
3ec0bc354253b25b
3b813ff0425b2459
be5b29c3425adb1c
4185bcfc424d19a6
43d2c19c42213bae
a38241144221158e
c37bbafa422e2196
3e29b81e422af5fc
4230c24742041eac
4193b8cf41fad66a
4146b86f41ef25bd
bb68c2fe4204852a
c1153dff41ea9169
c094c107420c4cc0
3f694092421d3bb1
c07bbb5a422577c0
3e3bbca0421e4388
3a48c1be42153f2c
3d4843164227f544
40d6bfca42151fd6
c00b40c24201e380
41d1c2db41b4076c
43a0c0c34156d358
b80840314145edd0
41c6bdb74103f0bc
4315b88140c8164e
c2a6c116416b4c37
435fc03a40dd5c3e
bcad412f4078d264
38a8436040c11732
40fcc153bf19b370
b607405ebfb62400
400443a840c86c00
c38dbfe1415b31d8
be3cc25941952bc8
4259c0c2413189c8
b4c3c068413c0764
c38b4077405543d0
4166b46d40257af4
b62f3c7f4009ada3
b853bbb5402b0151
4336c29bc113c674
42173d2dc0a978bc
ba9ec255c02b57a0
41844046404dc9e0
bcb3baa44086199c
aeac42ea4075229c
3c97412a40d96066
c1bec0b041585ab3
3f89c3c740c64b6e
43ed3f0041521bb7
42a1aea9414c96ee
bd00420f411000ee
c292c0a44184fb87
3e483be6419162b3
362e40fb4199147a
bfe93ec4417ca490
c278407c41089c10
4363b95a40c22884
4189371a40e9776e
c185b53941032586
c05bbdfd41374f64
36e73fcc4144c3a9
c1f2358441345e45
bab43eff411ceb9f
412743e6419fd9e4
41a4c36841189948
3ec5c373404ef930
4329bc42bf13ad80
c351b4f53f0e76a0
3f32b5aabda47180
2848359ebd8c6510
ba234003bfcdb999
bfe5c2b940a0db8a
430c408741500b15
bde43cfe4132a2dd
c3203c6340e8403a
bdb2c08c4127eacd
b893c043413b6946
beefc3ec40dbb550
c099ba1d4109f5fd
be60ba0c411d3c3d
ae563a08411c0a88
4063c3bb3fa32a40
b69942d1be05cb00
b8bc40b9bfc39840
c083bc493f637ae0
b8024332bf69eb60
3d0440f2400bf368
36b03bdc40263b08
c3a2c08f4134bcba
3feabc0c4114b5c2
c35b3ea4404c14a8
c2f53c1abec19340
c28b42c5c1373872
c058c28dc08acd24
c1f0bcc0bf4fe920
bf712ce2bf743ee2
392dc3c5c05dea38
4036bf0ac0e5858c
c2243d7ac1360516
bf0c4169c1812277
429dae2ac183aeb3
34b63a78c181c71e
c0ca3f35c1a44af0
c1483846c1af93c8
43da4322c0fe4780
c2e2416bc18a26cc
befb4247c1b5f868
42dfc0c4c1f775e0
bb61405cc203c5a7
bc324225c210a944
bc6935dac212462b
c1f43fcfc2298451
c1733d47c237e544
c3f7c1c7c209e144
c0c8379ec20e6eb2
c334401fc22c1dfe
c1edb30fc22980c0
c277bb1cc21e033f
bbbd3fe6c225a719
3aacc1dec22f7063
2cc0be83c22fec1c
38cd3f5ec22b8053
bd514236c23c02de
3ec53904c237c45c
c2a14043c254047f
3cd4429bc2441251
c0e94058c2596669
4303b7c0c2603151
438bc3bac28d3ca8
40fb40a2c281b33d
42d8414cc25f265a
c2543c33c26c6fb8
c3a842c2c2901684
367e4112c28e07d6
3a41bfa0c29102d0
42a8411dc27ffc98
c3a2c0fac25a0064
c13c42b2c27d0c1c
c211bc80c26f65dc
3d343d23c268b755
be1f3a33c26d759a
c08ac331c24cd130
c043b901c2477c5f
c041c1bec22f0f21
c3ecb430c22ae999
ac29432fc22bd8ad
c1a44236c24ee145
b48d4078c2516c08
3e3d3998c24d0f61
3ade3d40c2488db1
b9594148c24f9d33
427d3fdac236247a
bc0fb142c23579c3
c3e5bd5dc2204e2b
c266bd48c20f68d3
c34841a3c23873ab
424fc104c25817e7
3dc8c01dc263fbbb
3efdc1f4c278c8cd
43f439dac26d265b
c35e3879c2756336
bdfdb049c27495ed
3d803e7dc26baa0d
be76bfd9c25efd0c
bf1f1fbbc25f0acf
bbe0c016c256ff7f
417bbd04c264bdf5
be20388ac268379d
38e3bfa3c26ce1ce
3a52c2abc2776b00
a819431fc277dfb8
43804044c257e1b8
bc143667c2598379
38da353ec258b803
3a4642f2c24dd378
b1eb42d8c2505b7c
bdd5411cc25f41a2
308cc073c2608550
429742a8c234a838
bca4352ac23627a6
2e0ac141c237257a
424a3c54c2298956
402d398cc223beef
c0b2c37ec2009153
3c5ac0fec20b6df9
b52ebd68c209adee
417abde6c219d4bc
c122c04cc203c6a4
b939aea7c2038128
2caec202c2046213
3955c3bec20eb418
b459420cc211fd5e
35d9c1c3c2163387
c3cbb9e0c20ac15f
4103bf1ac21c8d06
bcf3425dc22c4c2a
b7dc3c5cc22e705b
ada7b4a8c22e5609
aa5c3c36c22e8b98
38a4c25dc235ed7d
bd1bb58fc234276c
3ddabb2fc239688d
bac3c2e9c22dba2e
c1cf3cd5c23bc2cc
c3aec11dc2147e16
3b9c41c5c2098453
42c7ba28c213f299
3edfbceec21c6a6e
335eba86c21d2aab
c2283b61c22885f5
bc67c3cac21760d2
c099401ec22a4ec0
c2bf387ec231e240
bcaac224c223904c
3b45c159c22d484b
c0a44314c24e211b
33b0b4f6c24e6d61
b014baf1c24dfc26
c3b3c205c21fa3a8
c138c042c2096b38
bdcf432ec21e4551
41a6b945c225b640
c1c83c67c2326ffc
bf47bc92c22a1f5c
c0a4bd07c21e751e
43dabef4c239c102
beb3c3a5c22025d3
bc5fa909c21ff9ce
402a3a72c2194421
c04943d1c23ac2b9
379935f3c23a0dec
c11dafd3c238cddd
3655c0efc23cb588
c10a3855c2422a9c
bdbd2946c2426721
3fcd3fd5c23320fd
c0de4176c24db551
412f41f4c22ed985
c06a3caec2392d8b
c0203efbc247933b
389c428dc24006c0
3b6cb8e1c2424a1f
417b3839c23c8106
bbc53d47c241a11a
3f0b402bc232f3ae
42c4c131c2561332
bb6ec183c24bd660
42b9c228c2753948
3358355fc274ea65
3d3bc158c2817204
c04dc2f2c265053e
bda4c30cc2512566
c200c1b3c22ef366
41ae404fc2167ab4
ba95bae9c213a2fa
42ec43e4c1ba0994
4225c15ec1fbfec0
c0e03825c2030c78
bf71bba2c1f7e5d0
c352b0d3c1f37bbd
4378c2b5c22bd5b6
4021422cc2125a0a
41d7c09bc22d3f37
3bb4c3fcc23c9f83
3ff2c034c24d5217
3ef6c0bbc25dc8f0
b32cbf79c25c1c32
c1723fbfc2713339
bf29bb10c26ae107
43d840e6c24474f7
bbf6c2d8c236d613
3596b83ec23793a6
c3fcc218c206ec06
c0ddc205c1d34b6a
3cc93d0cc1c73834
3b77c15fc1db4448
c3de3c8bc1ff01d2
bbe9c346c1e23d77
3c51352cc1df731a
c18a3c39c1f6d6d4
b11e4345c1fb7d37
43eabacec20b352e
c26b43ccc23d3f72
b6c5c012c239cdb7
3abdc150c242c0bb
42f7b703c248db78
43953c79c237e6c2
c0ec421fc2560756
b881b7e6c254eabf
c2cd3d2bc2667d76
c1884166c2822cd3
b849c0f7c27f080a
bafcc269c273d6b3
b8134085c278712b
4128438bc2518c73
401d3908c24c5ff9
bee9c0f8c23b351d
c34d401bc2592e3c
bff7a7a0c258f181
c29e4125c27afc57
40a1c1bcc28ac3ca
c2a9c114c273b560
ac7bb8ebc273894e
c357423ec290ad30
4262aed1c2915b38
c0c3c152c284b07d
c06e41c1c2916ef4
bb2c3e65c2944cba
3e5f3b3ac2916c12
ba5c40a6c2951e07
3f0d41c2c28af7d0
42883dc5c2818c26
c320bf81c2685cbc
c315c097c247db5a
c0913bf1c250ec3a
c0dfc369c22cd3c4
be274016c2396571
3bd833ccc23870d0
4399c396c2721376
3da8c1adc281105d
c17b3c75c2872bab
c34141c0c29c068b
c02bc0d9c291ec52
c381c01ac28288c5
c057c1adc26c6fbf
c3163655c2720b89
b825c371c26a55b4
428f3fe5c250723f
c0793890c2558c43
43933e1bc23e6d03
bf0442dac25675b7
bc32beaac24f786a
c24940a9c26cc29b
3231ba5ebe1daff8
37593a0d3e45fc28
41c43c164048d682
c2383f0dc015f03e
bf194362c10e4934
c34740dec18dfbbe
c0e63c5ac1a34c9a
3c254135c18db7f1
437441a9c0e56324
c33b3ddcc1476cfa
438842c83e9b80c0
b5f7c13f3fa40b54
41d7433e413dadb2
c13fc1c2419b4055
43bec03a41339c7a
c202bfec41896615
43fdc13040da14d4
c3224247c08c1e9c
3e5cc340c122454e
c1bec3e83f9a9b90
3d3442ec40b6b6a4
c37ec3cc41a28279
c120c35e41ee05f9
c348b19d41f321de
4332b66841e79bca
bf58b09041e9b3e2
41804270421841f1
40a837ef421ce00c
3b38c06e4214e188
4037b982420f13cc
c3a3406a41dabc9c
3ee2b7e341d3f38f
3f2bbad541c7b55e
c1a3c1294200f0ca
c132bdd6421019b0
c0833e3542021920
c26e3faf41d2cb0e
42a3c388415da7bc
42b3bdde410f0b48
3d5b40ad41412046
c1ec3b7341150342
bcdb3f6140e25e90
41a5c171bf1ac0c0
b979b77bbe91c0f8
c14bbc6e402959b1
4063bf86bfbd59be
437a436d41466890
bcadbca4415c1b64
3d20c15a412540e4
38e7bf304113a2bc
c1343337410a4031
bf9ec01841489dd1
3c3dc0b44120c009
3d953dbf4140d333
3cee3d65415b6b19
bdeec140418cd70c
bc33c3f041ae2bdc
c3cd3a5341958121
401643bc41d4b571
3e65431b4201128c
43d7427e4233f85e
3dce43c5424a8521
c2a738cf424285df
c295c257426c4081
c11ebc744277a54d
4227c07a425c1ab7
bc2fb966425eed6e
3616b7f9425e2b58
417840f342793c40
42a53435427cbac5
42ce3e904289875a
400eb5364288354b
38b6bb4442872378
bc904251427fde28
c24cb6ca42829b14
c225406c426a0a8c
4096b0cf4268a9b7
b532c0f8426be3c5
412cbc044261816d
3fe6ba6c425b2a4c
3095c38042590474
328cc2c442563fc1
3bd142a542633bae
c3c5afa742651752
bdfa4137425581f7
41cdc13c423724eb
bd6cc01b4242461d
c37dbe96425aeebc
42f3c39b4226149c
43d73d89423bc723
b6ca3be5423a1a5d
bdeebdb0424288c5
c1e840e642259a55
434440624245725d
37603b3f42471de2
41e4bddb4235dedc
3c9cc1324229e5a0
43c2c35641e1f8e8
40dcc3b94196eaf0
36f343cc41a47699
c1ca3d3b41862f0b
43e33495418f37d2
b5f9bf904194dd34
bd4cc25541b66770
b91d3c6e41b0bdd2
b847c36941c096e2
3b8d439541dd36ea
41fe353c41e50e4c
c3e1c22a42231810
bb2a43c0421536b0
3e8dbe9e420a606e
b839bc80420cc07e
b78eb816420db770
c2a339ba42043714
be81bea8420f09be
c2f13d8d41f78bc0
c25d3dbf41d2fb5e
3f3833c741d67da6
4032406341fb4c52
406ac11441ce77c2
41b0433342102df1
31b1c3b8420d6f0e
40a343a34230d7d6
38553134423131ff
c289b55e42359469
c08ebc39423f3238
c238c0474259cbc0
42ed43b342878f3b
c15a437f426700d0
c0c1bfa142792300
42d43b1242829a5d
bfb0c34142908b49
bd85b0b04290f2c7
b709c33942941fc7
b476bc6f4294be00
bcfec0dc429ace92
4103c190428cde3a
428b41e242a01d15
419eb9b2429c1d5a
bf8b3db44296bcc2
3d57c206428eb240
c0653f9f428652d2
b2b6c1cb428789d5
37c82fe44287a888
bcb3bef2428bbcef
4015c1684280b42b
bc3d40d342772f32
c08cc33f428c10d3
bfb2bd56429132cc
c10ebee94299ee3c
3ae7bbb0429845be
c0c03e6c4290a57e
bc933e2e428d1cf1
ac7dbee9428d5af9
4222bfc642816fe6
b7313cdd4280581c
4065c0b9426bef3b
bb8140c74262f8ea
3758c237425d446d
bb32404942558f1c
c067c2ef42741545
c3733c43426435b8
3c7d3f43426c5ba6
40803e6e427ad326
4398414542916b8f
be7f4021428ab6f7
bfca3cf94285df88
3a19bb12428486a2
c37141d5425da740
438f4114428204b6
bf1dc362428f25bc
406bc03b4285cd68
420b3f564290e294
3dc4bd26428d2cb1
b5e643e5428a43a5
4009bb9942866e99
c27635b342842171
43173dd6428e7980
402640a142981373
42fb42af42af673d
b738c3bd42b2e502
b8c2c37d42b75919
4375bdcc42ac8a8a
c0fe40e742a04df1
403bb2aa429f6c68
b1c63d14429ef722
3ce1406342a450e3
3ed7c14b429b43e4
39aa3d95429d3dc3
bccd41b542966447
bd6fc09c429ca730
c210c21c42af2c10
37413bbc42b00c7b
c1c1bbce42b5a985
4196407f42c2383a
b59abc1542c2ef27
36053c0f42c3b299
3d723fbf42c8f85b
4349ba3342c3532a
432bc2b542ab4977
377ebcaa42aa31ea
c1eaaee542aad503
b995bcd242ac8387
c307bcc742b4e823
c0bac32f42c5e236
3c8bbeaa42c2196c
32dbba2442c1c53a
432fc35342a7769c
c34141ec4291fc26
403c41ae429e028a
3ee839f942a09684
bb453b9f429edb4d
bce6b676429fd87d
bc3f40f2429a989a
c20a41e64288c91c
40f9c2e8426f3a90
c321c39342929cc1
c26d435e4275e27c
b9df4248426caa4e
398ac01a4266fc4d
327cc03f426543c5
43e4b62e425f2b66
b7cdc3ca4266c3be
4056408c427a7ac6
c0ba3e14426c1d82
41ccbdcd425b4d54
bfe0419a42453ef4
3d3743bd42596c41
3ea0c2d54242cab1
34e641084245df57
c174b879424bf84c
43cbc0704229637c
c3d4bbbe42388a52
c2eab824423fb28c
3cbdc21a42313df3
a653b12742314206
426cc137420fc4d2
384341d34215f960
bf95bdfb42214f66
428b3de0423487b6
c060436442143236
3a474313421f4c47
bef33e474214646e
ba5035d442133e1c
b45b412a42106e5e
3714c0b3420c45fe
41ee436342381308
413cc0e3421e7ed4
be1a409842107b1c
c2cfc2f5423fd936
bf9dc0a442518380
bc504198424573c0
3cc9437742574ff7
b590c2fd425c2be1
39dec0a042556331
b276c1b94257b2c5
427fc320c1392380
40e8c0aec18a7d20
41bb4192c1154ba8
c0aa3d06c14427a0
4027c1e5c1930796
40a3b55cc1993dfb
414c3964c18af723
b5a3c0cfc1843070
bb1dc28ec159c0ca
bca13e85c177ee6f
bd85b2aac1735565
bfb5b4fbc169bcc8
4217bc7ac190215a
c08ac283c12a083c
41c24284bf9fc0e0
41a2404340981af8
4013b9c540522f74
bf0a42bac0289aac
c08c3841c075f8dc
bf27bcc5bfdb09a8
c3dc3c8ac0c574ca
bdca42cbc13160c1
3ec736c2c125ed8e
c2cfc2413e8c9540
b99e431ac00dfd88
4390c32dc17c90a2
416342e6c0cfd9b4
c32b42a9c1937131
bd51b6e4c18edcec
c3ddb594c183e5bb
3e672b1fc1832f5d
3c99401ac160a7a6
ba2e40c8c17e3396
3ce33df6c1611274
43e340c0c09672e8
c26c40dbc147f304
bb7941d6c1738f2a
c1afbb7cc1490566
41b1bbbfc1751b74
3b793d75c160b7ce
39a33cefc152d038
3f98b248c158c690
42bac159c1b4549c
3c243dc3c1a866e6
c080c304c15285cc
bc3f3f7bc1724911
39a33cc4c164daab
437139f2c1389cd9
c31ab95cc1128d81
b41c40a1c11c104f
3f154266c082df26
bf1bc1373f0ac050
3afa42904059d294
b4a541bb40249786
c201c12441249a72
3fd3c13240a69c0c
418242fc416d2de6
3ef92fd04170957b
3d39405b418f0a00
40f3ba23417fb4c7
4377c2c040589f1c
bc17b6c6407452e6
3615b91a4064cf55
c2554219c0c27ab6
3e3fc3d2c142eeb7
3ec8358ec13983fb
b844408bc14ce4e7
ba3ec319c12096d9
3cc7b8eec12c5d5a
c3133bfdc164e020
9c2442b1c165178a
b88c3f56c175c50e
3e4fc14dc19c5349
3898c289c1ab55f5
42be42fcc11a4fca
c2b5ba8fc0dca560
424ec004c1539790
3b7f3d23c14056e2
421eb77dc1573e35
3daac0f7c187be20
c0abc23bc11b269c
b8f841a6c137376c
3c35be44c1519380
4380c1fcc1c28dc0
bf0b4235c1ee4506
429ac3c2c22a5937
3de3c345c23fbece
428e3d5dc22e2b03
3132c278c23044ba
424d3f15c219f512
b5afbdb0c217efdd
bfbc3a26c21de19a
c06442fac23c8342
3d1441bac22df8fe
c1584119c2493696
419ebeb0c25bfee6
c13e434bc2811d08
b4083d65c281cb01
429c3d32c2726ac6
c3d7bd1cc25e6384
c33d3fd3c27ab4a7
bdf4b21fc2799123
a87e30f5c27996b4
c2f842fec2952862
4348c1b7c2a9f69e
c32542ddc2c27b16
bc19408fc2c72694
c023bfe0c2bf01ac
3f69bc60c2c30f18
acfb41d8c2c38383
a2cfbd67c2c37a51
4101b96fc2c6e05f
bf21ba62c2c40855
379fc29ac2c72d4f
c093bc79c2c20ff0
c2a9c112c2b12d7f
ade6a9a7c2b12b6a
3c99b8e1c2b29252
bc6d3fbec2b6dacf
c031305dc2b76d1d
c13141a7c2c61918
b46a3899c2c66a45
42e1c33fc2df5674
3c84c35bc2e7a42f
c09ac1e2c2da1b35
3952c0cfc2dd4ddf
3da1c1bdc2e56116
bb0c400dc2e8f28a
b7784340c2ec54ea
4227b007c2ed1b23
353b375dc2ecce1c
3eee43f7c2df01b4
40b5bf95c2e7edca
410f2d5fc2e7811c
40d642b4c2d74be0
4377317ac2d604d2
c1aec019c2ca61d3
c08ebcb4c2c506dd
3a643bc8c2c3790c
bd733ea5c2c7ffb0
3f1e435ec2bae3ef
3120c1b6c2bbce15
bcd5bf57c2b75f29
ba5a4368c2bd407b
b52a2cb5c2bd4ca2
b82dbdb9c2bbce4a
3d6b421cc2b387dd
40bdbc72c2b8cbe8
42e4c061c2c7e21a
c33a3fdcc2d61510
c33d3d67c2dfdbb2
3cb0bf88c2e44562
4275bc71c2eb70cb
38fec277c2ef798d
37b2c0c3c2f1c3d6
4106ba05c2f58b7a
c09a4198c3013519
c115c278c2f1fa46
c00541b8c2fd7892
428cbce3c302bc0e
bc04c13dc3001af0
b324c0f4c2ff1aee
bea8bfefc2f88113
b4693a21c2f8ed31
c0594043c301186b
42c6c1c5c30add82
42d138aac308e0d5
40733c14c3069c36
b6893ba5c3070021
402cc246c30d8b23
40523b45c30b94a1
c32bc27fc2ffe118
c08bb640c2fe1acc
3eeab854c2fff998
c0f8c309c2ee7f3c
3953c1b1c2f248e8
bc963cedc2f51bc4
3fb2bd75c2fa5b8f
43b9be32c30328cc
42d9bd36c3079ea5
c0ef41c2c30eb8ac
c3e243ebc31e534a
b89ac31dc31c4793
41b641a2c3143cc8
bef2bef4c311381e
422b32e5c3108e04
bf2cbb11c30ef895
c0a143a6c317d26e
3f5f4165c312d9ff
c26ac36bc306f4ec
bdf2c081c3039c0e
3f553818c302abee
c3053d62c307650b
433bbd20c30c06d7
c22c40b9c313504a
39a5403bc311d23a
40b34209c30abb27
bc3abcc0c30979ef
4026c361c3112108
b8603f60c3122328
bf3f4348c318bb7f
b9b2c3fdc315e390
3803b92bc316367e
be36417bc31a77bc
b817405ec31b9583
3e253e67c3192015
c20243d7c324e680
c349c2fac31831ae
3064413dc317d5af
41a0bfa1c31d32e3
3bb43758c31cc1bf
b1ce428ac31d5993
c3fdbe25c31736e1
bfc6c309c31060e2
3f5a332fc30ff743
bc983cfdc31165e6
c2ff3bfec314e486
39ebc3e5c317d009
bc8fc1a4c3149936
c39141e0c31fb62e
b8b24060c320feda
c3dab9b6c31e316a
c2b8c3d2c3110eae
412a4116c30a7dc7
2f9bbe9ac30aaffc
c15fc00bc3054237
b6233c45c305ab05
411f4052c300230a
268dc190c3003542
41f4c2a8c30a1d4a
bed8c2fbc3042491
c267bdd4c2fef50f
439f43a7c2e1cc33
3addc3c5c2e87695
409e4187c2dbb3ec
c12cc188c2cd663c
360d425ec2cafdd0
427abbc4c2d1473d
c14f3f48c2daf10b
c17abedfc2d188ba
32f84067c2d0934c
40013beec2cc9b4e
bf38beeac2c65e28
41eb4002c2ba823d
be1fc3f0c2ae5cb9
409dbf4dc2b6c847
40a5ba6ac2ba8191
b9e9afbec2ba53cf
c3324098c2cadaa7
43d2b7f2c2cebccf
c30bc20cc2b9718d
b425411ac2bac3d9
b83e3cbac2bc04aa
bc883d68c2bf1492
428434bbc2bd276b
bd553c89c2c02d3b
ba9738d2befe1ef0
c33ac1c8411f2c48
3955414f413b7a83
c38b432abfe565a8
40cac2bfc11de78d
3ce731b2c11a6a19
bb613fdfc1377458
3f5843e2c08759f0
c2cbc33741005d78
319fc34440ec4f52
be96c2f74151e51d
41d83ef64191a01e
40e1c2bd411fbfcc
3c7dc3d940b29bc8
bf7c3adf407e5d88
40e743a64155928a
32004267415f2d0a
bd58381d41542f8e
c3a23a174125b400
b96b3f014112bacb
41a0c0a84027db2c
c159a79a402ceffd
c29a41b7c0d758b2
c066c3b73fe07a78
3785c0a13f2a7fd0
4249b78ebf515c20
3d4f2fb5bf287246
c17eb20abe0f1a58
37bdb547be993a00
3fd1bc7ec01f9ab8
bd44c0fe3f4ac420
3912c25abf9c4090
3d873a05be395040
406cbc3dc02182e4
be8abd68bea0d520
c00f4086c09cec22
c28ec0d44040813c
3d8abc4d3fc26e68
41293cd54094580e
c227c02541302a93
b3b6b5c541318e7b
415eb1a24129ff9c
3c52c2e340dcfc60
c2503d20403728c0
3d90b97a3ff47700
4128c373c0f62a00
2c17b6cdc0f70883
4347c165c18c4625
c250be53c148b46a
3de3431ac0ea309c
3d42420dc055de68
4378bcf4c0fee8b4
39564301c0b42a08
417541583fd47ee0
c18fc2d94132d0b4
bc393c85411fbb17
33c44303412d57ea
b44640a541236b5b
4077c2944037c0ac
b59e3ff3400b19b2
42fcbb73bf8a063c
3fecbe96c08ada1f
bd8c3d12c0c319cf
3f5fc3b8c1535778
bacab811c14c709e
b73f428bc1642538
bb703882c16c86f0
c29440ffc1b7fe50
c01e436ec1f52c18
bdfcc2acc1cd3ec8
436d4340c1432490
c1b0424ec1a94988
c3f8c0c0c13b2b10
3f82c30ac1926e9c
40fac27ac1d2e4e4
bd5ebf15c1bfe389
3c6e404ec1acd205
42dc35c1c1a2f40e
c0ebb58cc19c222d
35e74001c19639b3
3d4bbbd3c1a09427
367bc27dc1ab172a
3ca2c214c1c73fd2
43cb422ec14dddbc
c197431bc1b65eb6
380b3ed8c1af73e4
b9f23e14c1b87c9e
c03fc0cec18faf3a
b5984108c196b86a
4132b8d9c1a3501b
be73c3a1c1643992
c2a740d9c1b29be5
38b44204c1a4767d
4194be58c1c7d95d
3d4a40f0c1adbbfd
bc41c16bc196afd2
bf72c1f3c154c938
3d584145c11c77c8
bc782e41c11e36f0
3cfe410cc0d7a640
c2394023c152ca4c
4384bf24c19f0fb6
3c1842efc182ad4e
c0a64102c1b13be6
3002c28bc1b48309
b9ff3b29c1b9e0e4
37293d5ac1b516b7
c1394202c1f3d79b
3897bfb0c1fca9cf
4318be52c214bfc0
3c1cbc0cc218e814
bce3c3f0c205832c
bdcd3b48c20acac1
b658ba6bc209850b
405cc0cfc21e7b6f
b81340f9c2238c0e
bcb73c10c22855ea
c205c346c1f91b18
3e0741bcc1d68af4
bba5bc06c1ceda7c
38a4c10ec1da94f8
c2b1b5e6c1d0b6f6
be2f3f5ac1e771b9
4375b955c1fb5325
390c3e01c1f3bfe2
43673be0c1d69a52
349aba7cc1d877bc
c1e8c087c1a2fd0c
c3bfc172c11d41e0
4344be79c17b5028
42153d37c13be122
c3353e70c18c55c1
2be9c0ffc18d91ea
43abc03fc1ceb012
42ff4031c1940a74
bbfc40c1c1a704f2
bec0c088c1886ef2
43934337c0591e50
3f10408a3f1d5ac0
381f35603f49a800
43b8bf72c0ccaac0
c0da4023c1369c98
427b4031c093ecd8
c3bcb9fbbfdda8c0
c29e412fc124e920
41fe3927c106096e
c3b343cdc1bb2363
405342b8c1810813
c03324dbc18159a2
c3b6b5b2c16cbdfe
43eeb7a6c1858894
3f434370c11f0c88
c376c1e93f8aa880
b1cab0083f8d934a
3c313ca64014b8bd
3658c3703f596ef4
b63bc0dd3fe5eb36
43e4b87bbed3a4a8
4144c3efc12db715
c317bf59c08b0e32
c2ecc3f44116aca7
c1d841004007329c
43e54304417f56f7
c0cdb0ca41828b34
41323d37419da2f2
3bec437841bb3842
345ac16941b55588
bac239cd41b06f1d
be723a2f41a67862
3d2342a241c88a88
bfddb7e141d04910
c10ec13342026c52
a2fe3fe1420250c6
c150405b41d65aac
bf8843e7419ad6f4
43c03cc441bfc5f4
3d1dc3a24198be9a
ba2b347941970535
3ce9c140417a7bea
bcb43ff44155145a
3474c3484144de0a
41dd3e27418681af
c39ec2f641f08d57
3ca638e141f638d0
c3df34fd41ec67f8
b86e3a9b41e8bfa5
c1adc12b4211b4e2
c3d83f3341eaf1bc
399140fb41f8ce52
c2adc320422bf7c9
c1ac4147420e0915
42fdbfd241e56ba0
3894383941e7d63e
c0f0426941a8895e
bcfbbcf941b4eb70
43c9aa9d41b34f8e
2c15bf6641b25df3
369d3f2a41b84a0b
40adbba341a66f78
c266c14f41ea5e6c
3dadbdd941d9c61a
42d940e5420e6729
41fac37d41c34c2e
c167be4d41e55628
b5a2c3c641f0487b
41413eda420a23ea
35e3c0c04206a522
bf1ac16c4219e59e
c0f337aa421527d2
be1dc2f3422a6595
41ad2460422a973f
c05e43b74208e60d
3f2a41ef421e2728
bd9938ce421aca84
418142c842401d4c
bd304368422ce78c
bd77c14f423b68e8
c26cb5bc42400352
c189c3ff426c45c8
424ec1e442472250
3728c0b14242effb
41c7427a42685ad1
40714028427ad079
c06dba8a42810655
bcdac28c4288f723
c06b3fd942804c36
c27abf13428bc07a
3690c1154289aadd
3e04bdb042856405
bbea362a4284a0e3
ba39427d427f29d1
b943c2de4284192c
344eb6e64283ddc8
be2abcc342878908
42c7c38a425bf9ca
c1edc2324280580a
bdac3d7e4278e66a
c01a39e14272df34
41a2c1c142527612
3a7141f4425c0c3f
431dc152423633f5
bff642f3421a8ab4
42df41bd4241f856
42d83ecd42593dd2
c30e3bb7424ba292
be65bd364253f726
4175bd0142464fec
3fdc3fb042556abc
c350413c422f23fc
42de4117425217ee
c269396f424962cc
c240c35442772fcc
c32b43f4423e2dd0
3ae49dad423e28ec
427641b4426301e4
3f9fc33e42476923
bcd6433ec08c1750
bc12c061c0099810
bdac42d9c0e02738
c3743c27c12df8f4
c1dd3866c147c302
3cf43ed8c125dd22
42c5c372c1b7bc05
c0f1bc85c1a166d0
4089409cc16f2fb0
c17ac0e5c103f728
40fac0abc160e320
3d18c055c1868288
b90b41dbc195463c
363bbb4bc1981d40
bd103cd7c1a45d78
c1de4352c1fa43b0
b614becec1f5182d
ba48ba4ac1f02813
4383c265c2281cb8
41063c5dc21d2721
439039bcc2124fb1
3e03bb0cc2179b56
b460be3dc215e6a8
b0ccaf0dc215d5bf
438bc22bc2445c17
42bc4098c2256c77
bdd141ddc23679ad
c1a742c5c25cbd2f
3e223f38c251abd3
41ee3af5c2475ba2
ba283b6bc24a364e
43a94230c21ad09e
3aa03aa0c218125e
3fb83ba8c210af46
3fc83fccc201846e
ae74bc05c2011cad
3ef5be3cc20bf488
c371bb67c1fc5e55
3b84b545c1fed7fe
bd0a3b0fc203de32
c20f406fc21ebab3
b8a9c241c2177179
b4debd99c215bd8e
42b73a91c20ab7a4
42cdc261c2361950
43bd43f8c1f0de70
4006344ac1ec8e01
b982bdf0c1e46109
3c3cc0e4c1f91679
3fae409dc1d5a8c3
c339b83dc1c65a78
c13c3d03c1e0962c
c35cb594c1d652e0
b878c0f6c1cb3d38
414dc31fc20b5dee
43b840f9c1c9f7ec
4297bc47c1e627cd
406cbb83c1f6c36f
c021c2b7c1bf5041
bfbf39d0c1ca91cd
3808c1acc1d6007d
2e09b822c1d66442
bd84c082c1bd873a
c25ebc77c1a11988
a3c2c16ec1a0c549
412ebb91c1b45dd0
c2373fd0c1e4eb80
422fb894c1f31316
424843c6c1916bb6
bab6bed2c185fa63
c1ffc09ec11d373e
bd983565c124c27c
43793c37c0cb88fc
bdd1b8e9c0aef9c3
43d3afd4c0be49b2
3e8cc224c12f8c39
3cafb4dbc1353ba6
c01d3d7bc1625184
4290beb9c19d46d2
bbbfbfb4c18e5bff
35ca405ac1880fbe
41633ea3c1489f6c
3e07c303c18e92ca
437342c0c0a80928
3cab3d3ac06e7b58
378634acc065b1d6
c20dc34440ecdab5
c2b53fa33f7fcde8
b9f140debf4ee1f8
c302c22b411ff738
c0edc1ab4187d23a
b616c109418f7b6c
43cbc09341106098
c1643f604081bb30
bc6240223fe51c80
c39ec347417a5ed8
43a1c1be409649c0
40b4412d412c8370
c03341cd40962828
c1b03cc13fa805a0
c32d43e6c14db504
bc05be3dc134a1d3
c08eb356c12c4766
c2b2c3443fb26dd0
c298c093410ef2da
3c1fc3b5409eda08
423f3c7a41075910
404f40544151f0c0
c22bc3bd41c86ddc
c3fcbfc942034b5c
c262bff4421cad10
c169bc194227c2b0
c266bd1a423814de
c19336d7423350d0
c289bf12424a6b21
3b00414d4253b1e1
c26dc3284280d6f4
c334c2da42998418
c363411d4286a17d
b968be434288bf20
340c40704289de74
c0803ca44284a5f4
32893b8f428508bf
2e6740654285794a
40493b4a428960cd
b87cb8ef428a11cb
417cbc46428435d1
3fd73dbc4289d46e
3b873eb2428cfacc
2440c195428ce313
c157c3e342a1f1a5
c3cdbbcc42a98bf0
2f40b25442a98078
3a9dbeea42a6a4e0
3f43c3f942982b96
3f5943cd42a67fe7
c00daf0542a6f1a4
c0cfc2a842b6f290
bf3bc0ef42bfdd95
3fc0421542cba645
c1d4c1ae42dc3351
c1f542ef42c78c74
c2513ed442bcc42f
b1b2c06742bd8cc4
40cdb5c042bbd318
365a41bc42be19da
3e1bb27d42bd7b65
38df3f3d42bfaf87
c0abbc3c42c4a08c
bebdc38d42d158d2
3ba3437042d8725c
431c3fc942e6489b
c141403942db30de
38723d5a42dcad7f
3e34433842e7df57
3db1b76a42e68dc5
433139c942ebc114
c388be7b42f7f4aa
b9f9b93e42f8ef24
b878c13d42fbdc37
34ad41b042fd85b6
c0edc2ce43072408
b4723dba4306be35
38a3c0414305829f
3ec6bb294303fea1
c2c8c258430ebfd1
bb2342bd430bbe64
3b34372e430c25d3
bad542da430938dd
42cac03143021bb2
c26dbedc43079e28
3d1d4164430b1032
41c733ed430bc75b
c02dbda7430ebaa6
c04340f4430973af
3d33bff34306de68
2930426f4306ffc8
c217b09a43076fdf
3d6ebdb943057eb7
be61c362430b61bb
3550ba07430b21b1
38b5c2b7430927fb
4191c3f942fc1f72
4199400b4303b81e
c05cc241430a88f5
bb603d7f430944b0
bc3cbf69430b3aba
c08b3c914308a2e3
424b41314310cdba
42deb9d8430e4ba5
4362bdc54308f898
c390bd65430e1212
b6063e97430d734c
3c0a414443101be1
c24dc1cb43193be4
c3fe3d6b4313d23f
42dbb72343124ad8
c3f0426843059478
c39437614303d51f
c3393b4d4300896d
3c4eadcc43007079
3f66bcae42fc8d08
c3bb433e42e08ee3
c380403a42d0b563
398fc0b542cd7020
c0cfc3df42e05cc8
bdce428242d6eb21
41c1c1f442c5caa7
bb233d5b42c36720
43be429742dce9a9
bfbf419942d212a0
3ccebefa42cde1fa
c075c15942d9ccd0
bc7ab88242db0faf
4251c27d42c691e9
bcea421e42bf0e0e
426bb9ce42ba65eb
42b240b642ca2b31
c062437642b9d19b
40d5418f42c73f98
3fffc09042be20bc
c1c1429542ab3112
4202428942bed29b
3d24c37142b54262
c0e53eee42acc7a8
c02343bf429cc21a
2f1e3e45429d1b58
c3cf422142852d81
c36643a94251aeac
437c41db427d81c0
3c6cba04427a2e8a
3967417d4280cc0e
bc0cbddd4283c35a
403943144292b514
bfc4c1a5429daa69
433243fe42ba6b37
4016422642c6fad9
438ac21f42afe7fe
c1d23e4a42a6c151
c0cd43b042944d59
4367b94f428f63e0
389828e6428f6f20
b7d6bdb24290d426
386a39a742919bbf
bbf4b52242923f09
3a56c199428dd01c
ba92c19142926272
3e9d4185429b8296
3924c0c042987536
41e2bbc44292bf55
c3f34309426d9220
415cbec2425b7644
3f943dde426693da
c08fbd1d42723b74
bfbb3f8c4263a5a3
c338215642637f1e
c02738e0bfa1f100
3f0a3037bf8445da
37f441243e7a1b30
333b3cc43f037124
c02a2b5a3ec9a8c0
b833bda63f914a78
3e16c3ecc09c8682
37cc3b07c08ed3dd
bd283f2dc0d8d3ed
c16cc061bf572468
a00fbae0bf5565f6
c34a36b2c016f466
c3c7c1ad410ad4ce
3f1b3c0e4127a448
c3faafba412f587c
4392c1c03d9d3e00
3ef8bdefc0207c30
ab824387c02e9d14
c2e0bcb03fa665d8
4163c2c0c0f9488a
3bfc4235c0962a32
c20c421cc15eda59
41a543b6c0430484
c1ddbb59beb589a0
b870b12ebe879160
3bf03b5f3f263f90
b89743f4bfd0e798
41323d823ff8eea8
c397bcdd40d1e112
bf45b95940f8c10e
bdf2c153413baf73
c03d39ff412245b0
c1fdc17f4192f5dc
c1b9c06c41c591f4
41ca4369420daed4
400b43d3422d50e5
bd2f40a042215435
bc253f444219cd00
4339c05d41f49296
b9a8b4af41f63a74
c03142bb41bdcede
42acc1ac41643f7c
c195393c41470790
c1f9b9ba41693b7a
3c13b4144165141b
3d18c3f34114188b
40549fc54113d54a
383f4148412a4202
3c1b38954133a9de
b495c331414423a0
40093e0f417508ae
428ac13d40d80a4c
b7c2be3b40f03527
be46c3b34158b478
b29ebc77415c65e6
b04cc2824163638c
b0a137c841624366
b574b8c041658046
3f2d4003418f89aa
bd7a3f0f41786b2e
c1d1bf9a41a86c51
bd3541e34189c552
c2a2351c41814c64
3ee0b74541761a30
bcf0425c41374db0
afcf436e41300d32
bb18c22c415bd552
3e4dc3a540f70024
4171bfa040221348
c3584017c09f3d9c
3e61b802c0b8ce5e
b9a6bdd6c097d79a
2801c089c09a1cab
3a5f391cc089d5f9
4315c39dc18e4b3e
3c5229e3c18de583
3d76c050c1a57263
c09cc1e1c15e8056
c0f53835c1735b0f
c367c2b8c031abbc
434bc3ebc189b328
be02c359c13b1cec
b80241b3c151f452
4269ac6dc1558029
3dee2e58c153264c
3a23303ac151874d
429e41f8c04e2c34
4170be2cc0ed531a
40293a75c0b799a0
421841ec40522ec0
c278bd8040f76760
418ab90240bfed38
c05cc16f413eb62c
405841e541929086
3599b5d641918b2f
4168c02b4148f47e
41eb3b8841758656
43cfb87a415291b0
3d6d4243418b425e
4317b822417937ae
bff03b50415c322e
be4842c34107407e
40d13f01414ab81e
38fcc249412b6442
431dc269bf2ff4e0
c1874109c0f4a494
3d3a3194c0ed5ab2
3eedc11fc13d9cbd
4328b66ec1549e55
b9f84328c17f5515
c26534f9c1879d9a
3c6b404ec1693200
36d9bc65c170b7e7
be66b2dbc16b3c3f
3f83b47cc173a81c
bf98401dc1991046
bd744277c1bc5132
31b83743c1bbab15
be4dc228c194e10d
c345bb51c1749246
41d6b347c17f305c
40f8c206c1bb73ce
4384bd4fc1e3598a
bb54bc38c1db9ef2
acd7c2f1c1d9856c
b60843bcc1e52ee4
404f3d3fc1ce9473
417842e9c1830003
400b40c9c1389d7a
41a24033c0b400c4
b4a2437ec0d6b680
429fbecdc14569e4
41b3c236c1a98076
c182c326c13583bc
c399c27b3f76e4c0
3e1bc258c0782110
422540b04054b5f0
bfabc3bc412bcaa4
3be5411b415418ca
18b7beb8415408f3
429b3f7b419b6df2
b4f5c10841a1aa1c
3f9b3c2341b16534
c0c643c8414e37a8
baadb5cb41530d2e
43e73db541969fe9
c2e5c1f041e87f49
42ad438c4226a140
c37ac0f7424bbff6
3b97c12a4241f384
37f5c168423c92f3
c17d418d421e1c1a
3e26c1a0420cd13a
42ebc03f41dee2ca
beaf3d9741cc34ae
3a9ec13d41badfdb
b7183d3141b64568
3001c08341b40358
36f0b42d41b31b96
c258361941a96ff0
c244bfc441da1800
432bc395415acbe8
360b3917415ea428
40ae3d8941893932
beeb42a14136bad0
3138c379412cfaf2
bd89c3eb4182513b
b52b3dad417d4d32
3aa3c08d415f196b
c3e5439dbf8a82a8
c0d03dc1c09163ea
ae3c3cc0c095178a
bc4cb9b5c079239c
435a402f4072f4c4
c1733290404f3214
4305415c414a47b5
b49b3e8c4142be04
c22536f1412d6a9a
3c6dc3af40d2cf2c
bfbabc5f410b2d9c
3c7ac29b40a013c0
b923bcd340b8db99
b28b41f740a5580b
bfd541123e500460
3c92b2bcbd18d580
adbe4277bea797f8
42e23a8c401f4b61
396541074085e336
430c42734178bb2b
43e6be8e41113003
3c27bb5d4101e66e
43c5c27bc08f0054
9c3a40fbc08f5487
c381be5e3fbf23c4
3d5543f940d9d3a1
3f323c63410c7a26
c038bc7941323716
433c38604151dd96
3df1bd324132ff84
b90ac31c4156d29c
3cab37be415fdb96
c05739864147e30c
badbc3c6417d2d6e
41dbc014411da8fe
304036b3411e8cc4
41822d61412240cc
3c96c1f340d76010
3757bc1b40c84efa
433dc1e0c08be406
b86ac23ec029915c
b582b872c01d536a
c3f3bc413fe2644c
bef3bdc140889177
c18cbd3940fc7227
41103e7e413ff4d4
43c731b8414b1356
424743d841c8037b
40d5418241fd3dcf
b5c0406f41f6de3f
c1a0c004421205a0
408d3fec42240c1e
c253bd024233e1f1
c0d6c1ef425093bb
42e83df5426525bf
bf343c09425de18a
c31db9ca42682d02
42aabf0d4250aeb1
b95532ca42501de5
c3adbf32426bbb4a
4302c30d423a5230
3ffdc0a84227b92c
3c97c34c4216fa42
b3ddc3c1421ac9cc
430bc3d841c71708
438cb55141bd0f35
4399b12841b82998
404e3f4141d76366
c1bcbcfd41f3fe32
c346bcf7420c0d5e
420e3f9942230d8d
c20dbf1c42388fc3
437b39f84243b94d
41d34004425b1c99
c32ab5ee42606bfa
430b42a142878df2
c1a6c3df429dc8bf
c170b71942a0323e
3e31c1d14297317e
41a4ba574292b926
407d430242a27323
40a4414942aeb685
be9fbe7b42b41392
bc18c2c742bb033c
c02d43c342aace99
c3ecc2cb42c5b6ab
bf36bc4f42c998e0
3bbebfdabff32730
c0e43500c02a7b98
c365c0d840c94bf4
3a732d3140cb63a4
b86a40da40a08f1c
3518c04e408aa1cc
3f2dc26abfb5e2f0
c05ac22740a8b4f4
b9243b7f40957086
35b838db409c61a0
3ff7bf793f956090
c03abc28405738c8
3bb1421d40c9a67c
40b4c1193e9d9dc0
c146c1ac40f9221c
bc50c0b24125104e
427f424e41a4718b
3ed541f941cd3fb7
c24f42fb416a599e
c0e243a540aa15ec
428ebb8c400e4d38
c1363ce0bf73b320
bff63989c0150e14
42e8c069c11f1825
b8784094c1338d85
b8e9bb51c12a9257
37f94362c10d242e
33fec2f2c11b04b5
3f93c2fac18259e8
43b9c14fc1d45814
bf47359bc1d97174
c1bb37dcc1e4b3e1
bd174026c1f9d14b
bf873e14c20858c8
c1964296c22d22ac
bcf1c07cc2220e4e
c304bfcac206bbba
c1cfc13cc1d0a86c
c3d032d4c1d75374
b69d435fc1e38344
c34a3592c1eda9d1
bd43c0c1c1d4a64e
422441cdc18d68a6
bd3dac5ec18cb1a3
b95fc0b6c1800ade
271ac33cc180d85e
c05bbc85c15a522e
3e83bff5c1871146
4388bcc5c1aafcee
c251c31bc12273b4
41f43dc0c0bbfb68
bedd4262c1359ae8
b0203dccc1389818
3ecb41a1c0d83d88
3cc74377c0132f10
35b43fbcbfce25c0
c345bec04090bd90
352bb696408c7c6a
c3e740d7c0a57b96
38ea4349c03bc444
41b53929bf8bf0a0
be834081c0984c34
bc7e41a7c0fddcfc
3da13c31c0cead5a
41ab43494077516c
befe31e74062aed3
c2f341b7c0cc5e36
403d4025bfff5eb8
c1f5c3d9411b12d9
410a307a4120b68a
be7536704116523e
434241e041a0709f
c294344241997015
400f36a341a02bf8
387fb61d419e7432
c166c13541d6ac6e
be1fc08e41f28da0
3a513e6941fcacee
4021c2ea41c3949a
bf643e2941acd118
c28fbd7d41d0cfea
404ebf8841b0647a
bd2dc0b241c8b1c4
327dc0b041c4e486
4159b85d41b939dc
4220387141c6d3ec
418340fa41fdafc8
2941bd3b41fd41dc
430f4023421bd3fb
401d3d0d42263738
42ad43f8425b69d0
40de41cd4277a596
be8fc102428408d2
43d443c942a2818c
42a4417a42b4b0a0
435dc3434299f475
4037c035429116c4
4350420342a711bc
4376b7e042a365a8
3ea4c16e429a620a
3c7840c2429fb2c6
3a20c266429accae
c18e426442890cf2
3d004176428fe072
c3b04180427578e4
b8443fe2427144e3
b721425f426b977b
b3e23fe14269a69e
c125bb7442733c8f
3773c3d2426bf464
3ded41a5427cadc4
4336c2ad424c8a46
3c4a40664255f904
3f7f4276426e3049
c1ce376f4268cb7f
3c9bc166425c5d1e
c127bd70426a5f26
4134c38242434ebe
431f4202426e16fc
c29fbe4f42817cc2
c1ddbda04289bb8a
bc033e814286789a
c104be9e428ec4b8
4260be1842850e78
c2764083426cf68e
41a4ae4a426bdac3
43f9b2514268b506
4015c01a4257f6e4
3de1bf96424cd0ae
42b3bd67423ab82c
aa103d7c423a75ac
2fa8418a423bc8f0
bd2a3fe442319916
40213f3042406fae
c072b6294243dbf6
c1573c174238f08e
2bbb4058423976df
c0044178422380ff
21f6c3074223571b
3bed42f9423127fc
bca541ea42236c13
41313d294230d100
4147c06642199ab6
be5eb8f8421d8f18
bd960a52421d8ed1
4279c0664201169b
41a0389c420791fb
bcfac1a542159d8c
bf822c084215247c
addb43f84213af33
422c3955421be95a
bedc41994208b69c
40c64364422bfdf4
3c7c42de423b63b8
b9793abb42391662
3be2c18d422e2604
2ff64186422f85ca
389d3e3642331aae
c177b4de42366dd4
b934b7804237a604
43efbf5b421a788a
43642f03421c171b
c35bbcb7422d6e21
c26bbcd9423cfc7a
c35438704234db4a
3c96400e423e2764
403640ca42525200
3d4dc3b3423dea15
41063574424156ac
b5b53cb7423fa826
bf5fc274425770ac
436539e342625290
379dc027425e5ef3
c081b526426144f8
b40bbd4842629a9a
c322b85e426a6439
438ec25e423a4a15
bde342254228342e
bb503f71422166e4
438fc35e41d36ec4
430e407d42096138
c269c122422a482a
41743c2f4235b050
314bc0d242341818
c2e9b818423b2a8e
3e3442f94250cad8
40e6b585424d69a8
43c63c87425f025d
c3894184423572b9
40c93f424246d022
c2ba40954227fde0
b63ebede422aabbc
38b4be6a4226e66b
bf6fb0684227ec74
317dbf094226b791
31493d3e42279536
bdc83faf421c7a48
3c16c2fa420e398a
c3d0c37342486bfa
c1deb6aa424d4f28
40d941e44269dd6c
c25b4259424185ca
c1b43c784234c79a
bd54c05842405a0a
3e37bad1423b0e6d
b836c31642428416
4327c22d4216583c
c18843a141d84b68
bff2b91a41e26d8d
410637fd41ec75c8
40f8388341f7ab3c
30adbc6241f66358
b610c11841fe1bb8
bb1e429a41e69db2
bf14419041bf3e72
3cefb42841bcae47
3e94bcb041ad4367
3e20bc1041a0d267
432ec1e24118b25e
3e00c3d6406aa978
42f23f6741217d1a
43513f76418754e3
41033cec419fffa7
43d7426242020a22
38c7b61142012248
42d342e842304380
bf41bf2d423d46db
4002b7e942395061
bfbab307423b02c2
c28ec112425c3ebe
c02d3c884252c8ca
c1e2c2f6427bbbf6
28c4c1d0427b4d29
41b1c188425bd221
41fc41084279ee01
c1d73d9d42698a14
415540d34281a192
c097b50f42831510
39e6b1c64282d0f4
393a401e4285818e
41ddc00742736611
b48e415c427058f0
3dc1428d428198cb
3f5040d9428a757f
42b2427242a00921
c304366a429d3926
bb2eb9ac429e7eed
410ec3fc428a5109
3a073a3c428b7da6
35f73da0428c8a11
bf0bc3044298e45c
c0b742a04289462c
bb24c01d428cf20e
c057c396429d680b
bdf5c0bd42a47683
c17cb65442a6a1ce
be6e4196c08fa9d0
b80bb8e5c085c4e4
3b3735ddc076630b
3a69c23bc0cb11ea
3a05bbf9c0e310d8
b4924375c10292c9
413cc33cc18d0584
25ffbdd3c18d4b5c
40adbd8bc1a7364b
40883fd4c183bdab
3689c0adc18b6150
43bd3e9dc13068d0
c1db365ac143014f
42cac10fc1a63054
b4504048c1aacdf4
bceb27f7c1ab1c4b
bdad3531c1aecb2f
3c43bea8c1bcfa2b
c1fa43acc20c570e
40fe42d5c1d47770
41fd41fdc18cbf60
bdebbdf6c17637ee
bf62c2b5c1132f5a
22e6c316c113f2e1
c323b9eec0d342ae
bb1ebeb3c0a394b4
c35bbed03f936c30
b8b7bd9e3ffd5bf8
2922a9a53ffd2206
c252c03f410afcf9
c2d2303a4103c814
40a4bfc1406f4330
4192c1d0c08b6368
bfda3c5dc0cfe7cc
3e8d4063c039eb60
bff54219c10f84b0
ac854202c112e991
4051bc7ec139b14d
43b2bc92c180042a
3e52c12dc1a0ba94
affcc39fc19cecfc
bd73bdb1c18d6b3a
3dbbbbacc19868e3
c0d5437bc1e0b38f
3e80b44ac1e42faf
aef6bb19c1e36a0f
42ab3c92c1c4f089
41304094c1957109
2db8397bc194f3ab
c0d3c08fc151efe2
c0db41dec1a1f1c5
c31fc0bfc13cb30a
be73c124c0f4c964
beff3c2bc1178d87
41cac197c18c7f10
43363d77c14a2dec
c008348fc1535e28
c2833ae9c1802eb1
43433e66c1236ffe
c078c1d6c06c7af8
3f9f3f5bbe440e80
c25fc20a4116d69e
c2f4c39b41b52ec7
32d3c2c541af687b
3b86b53b41acf2dd
39e63c5641b357ae
c23338b641a4bd8d
bf6831c641a21166
bdde360d419da15d
c353438640bdb1e4
b263c09e40cc7071
3891bc3640b935db
40adbc2a4056a8a6
345042f940896623
40fa39f540c4b0a7
c11634bd40ac9769
226ebe8b40abef22
c3d9bf0441441459
31a3c20e413b8c1e
b855c02b414d9a65
c0c5be3641846cc0
c1a4379641737474
3ce5424c41988c36
b73cb459419987d5
3cb8b95441933ebd
2acc42c24194ae32
bce44078417da6a4
3decba92416a3258
397431ef416c380d
c056356f41607068
43193411416edebc
c2944334404559f0
c3a138ce3f4aeee0
405d3add402a84dc
3c5034d2403f4e7c
bce342efbf9f81c8
4095400d4059382c
34264002407a78c4
c28ac1cc41563e11
3dacbd5041381c51
3d8c328a413ca500
bf06426c40c4dfe0
405042ee4159f970
3d4f43b84195f680
43403d8541bdfac0
4106c0484192f760
c3f4401a412373a0
3b963f11413e411b
b87a3c4d4134a0c2
bcf9431a40dc005c
bc6cbd984106bc4e
c298c15041896d27
bbde41f4416404b6
b8cbbef34174ac0e
406743e741bfe9e7
bc50c00941d150b7
c210c30142131e6c
4237bf4f41f8d0e0
405043fe421edfd0
41a343e6424b6542
c0fcc1354265596e
3c22b366426464d2
407b2fc442657b2b
3b76c2ce4258c9ee
babe416f424fa156
c2363dba423dd8b8
c39d435c4205d14c
3b71bc694201b721
ba46c1e0420aedf1
36343bac420c6aa8
c302404641dcf038
40fe4226420d29d0
bcec421941fc5094
c101c2c54220080e
4014c31a42031206
c1f83c4541eca834
c168c0a4420f6aba
c1e7400b41ef1b9a
36eebb1441ec0ad0
ba973d7941e306b8
b83e398241e01b08
43b03cfc42033624
43bdc1ac41aea450
3f46c21041828bf0
42a23c43419ed056
437fbb8641829d99
40523f6241a282fd
2d08c12441a0e52b
bf63c03a41c01d99
3ef4b23741bd6a32
424cc15f41738b94
c1aa39e6415222d8
bf5bb458415a1faa
c18b43e5402c5948
be9d40f7bfb4a510
c27d3866c04c79c0
3d65c199c0df0654
3c3a41e7c07679f8
427ebef1c117bfba
40c0bee7c159523a
3fb8a97dc15aa521
bd42b6dac151a394
c3693f8fc1a0d470
c3523c87c1c1f8ae
c1cfbe98c19babc6
c222b903c18c4d93
3d9c4389c144122e
ad384006c146b218
43403deac0e1e230
38afb657c0e94e8e
43293eb7bfa3f558
c0303b28c049d8ac
41273ffe3fff29c8
bf43c1dc40e9fcc2
413c40644150ec21
b52c3c86414b12df
3e14b734414020db
b8a23eef4130113c
4290bf62409e55f8
42323ddb4117b888
c21a439ec008bea0
ad6ac198bff33450
bb2abe35bf02ab10
c011c1a540a74a46
c16eb97540e28cd2
bc12356f40d77deb
43da41c341905997
b95540fd41830d16
4333434841ebe3c6
4286c1b941a13a1a
bc21c39741c09091
3a5fc23841acc12d
c033bbdf41bd47e3
3f22c3c84185c753
428bbe7e413699d2
3f4f3a8d414e8a13
c1f9c10241a316ee
408cb01241a0c6b3
c219b68241aab260
41bd426f41f48844
3c9c3f684202ccfa
b26bc2e84205922a
3ab83f65420bc7fd
43473f334225fa0f
36424183422a49c8
bc18c08942339234
a845411642333b58
a44ebd36423351c6
41ebc3d94204e094
3dfb43ed421c93c3
3ead3c434223b095
3e3142cb4238b802
bf1b408f422885f8
ba13369342274681
be4843c4420ee2f1
32e840454210baba
c1c8c2e84238a7fa
bc3a4191422ce48d
3f21c27d4215c3ff
c33c3b134208f8a2
3d5abbc14203c8c7
bff9403a41e5df24
31c63f2941e8748f
3973c14841da10e3
bbd3416341c4fe17
352cc1cb41bd809e
40edc2114181bd24
c1f843b14097b0d0
c3263fe0c012f860
c1c53581c0527aea
c28ebe1c3fdbc2ac
41313f4240cda733
b7a839c140c2a3c9
9405c32440c2c07d
9493bd9d40c2cd54
3c24bfd84081d894
b69bbced40921d53
3cdabe26402ce936
308538b840323e1c
bd2442eabfd43248
b6a1bfb3bf5c3e48
bccb3f96c0487f5a
c18c3e7cc0f41eed
38f04393c0a9534d
aed5c1f1c09f2d6c
40f23f2ebf093be0
35953aa7be7bddf0
3066c13dbf1b20b4
be852de8bf41a23c
3d85414740389e89
b914b8cb4050f565
bd1e40073f305b54
bee34258c098b4b6
42d9bed7c12a06d7
2f893ddac127455c
c31341a0c1a3386e
413821553cde9cc0
b072bd2f3e542b08
a9aec1593ea6d480
c1a7b6353fb60b68
322fc1f53f58bee8
3ceec1dec0313366
3a90c358c0b8fcb3
42533ea3bf08ca98
41cbc3f9c1414a72
39373ad6c13860f4
c33535abc14ccda7
c14ac0a1c0d5befe
3f983cbac08df61e
3c79bbd9c0b10fae
c1a9c0303ec8dd20
b82cb56f3f11c4b8
41a541df410dab34
c321be314165f1d4
c0a6c15e41a4ded2
3e15382b41ab3534
c2053a114198f30a
ba0fbc63419f97fd
4225403741d363e3
c1f842674186f653
41b4bc014160413e
425ebf86410072d6
417e35b541101ee1
bda642a74089f09a
c1d13dfabd0de700
3e03b3abbeca20e0
c200c02440ba1df2
baaac0bf40f95f9e
4281c1d9bfdb8c88
3ca2426d4000618c
3058c3eb3fbbf988
c0d4c27d4114cd41
be6139dd410219e3
3cf641bf413b1cf7
3557423b414bbf7d
4157b6f14139370a
405039c341520ffa
33b639f54154eeed
ba882b084154373c
c18936ae4141baad
4204bd9d40fc638a
3d11401c4127d57d
bde33fe540f2b8de
431e41334186b02c
ba2042454166f9b8
42212c40416a3b40
aaaf3fdd416896cf
4175c03e410bfd77
c0b4c39d418d9b84
c113b86a4198ce73
bf41404a41736352
437a3f6041b0d569
3dac3b5b41bb4372
38fdc10f41aea588
bfe1c39f41eab146
a81fbea941eb1f10
bf773de641d51b1b
3f25bc9a41c4aafa
bfc83ed241aa21f2
c061c08c41d1f40a
43d240b0420da265
bf72403341fc0114
3db5c0a341e18ad5
4398400f420f9752
bda1b0d842107171
40ae42aa422fa0fd
42e4b8054228b460
bfb936d6422567b6
c12a38d5421f2aba
c1163c854213ac83
4283c0f541e6ca4a
c2b7c0d94213f243
43bb432d424b6b21
bc774281423ce626
c06b3de9422fd7f4
c3febc654241678f
3889c3654239054c
28a9317842390bab
41dc41414257d487
c0623cb7424d7f80
c299c17142716608
3e9ab95d426cf90a
c26abd4d427df8fb
c3bd3c4c426d58ed
c308bdfe428134f2
3f34381c42830e8d
bff640bb427348c1
424cc18d425054e5
bb27c11d42597980
bc20c1d242657aa0
348cb11f42654c0e
3c923fa8426e0b82
baed3f7b426791a6
409ebf404256d4e6
b501bd2f425873e9
3e0a405c42659db5
bc233a0b42627dc5
c3a440ca423de65d
c0433d404232b67d
bef74134422097e7
3ef1c3c642059d34
c3d8c329423dc6cc
b7f4c2e94244a56e
c1af34d9424133c3
c2443d77423014f5
3f60422a4246cfd5
43093cbe42577e2c
c22bc244427e2398
c1913191427c33d6
430ec3e742447434
a42b42f142443a57
3efb423f425a0739
bcefc1be4268316a
c3bbc38c42914457
a6e7391b42913b88
3a72a432429134c5
424d423542a4c2bd
4063bd3e429f02fe
3cd5bcbf429c2521
2aa0c3fe429bbb3c
b1814145429ad336
427641ea42adee24
4078345d42af261e
4125352242b0cc9d
43d3bdf042a52f69
bec2bc7142a8efdd
43ae43ab42c6617a
c16842c342b41a5e
3a35416f42b8519d
3a55baa242b7019f
c0dc408042ac129f
bced3f3b42a79eeb
3c01b7ae42a6a8ee
41a5b44f42a523cf
be12364842a3f2c6
bf3f324d42a33c26
c0b4b6a942a53153
c04943c94294832b
b6a8b8aa4294ff59
be8a42f04289a801
bf05c3084295fecb
c09cbf41429e5ab2
42aa43f042b8cd62
b712bd7942ba02ee
b9e7312e42b9c5c9
c3fbc10742cdd537
c3e4c2dd42e8e921
3cec3f8542ed8974
3960c25642e947ac
bf3d3bd342e5bd88
bd9cc28c42eeebdc
3c62c18e42e8d5c5
bc69c26342efe06c
42ff3acc42f5d212
3b9f434a42fcc3b1
3c954326430279fc
3a8d41834304bbae
4324c06e42f9a6a0
41d642ba4306a3af
c1ffc222430fd526
c1c4b1f943105ee5
baa7bc9443115289
413ec2774308d994
3ef7c3fb4301e6ee
3efe40b8430606c0
bf8ac128430ae2b2
42c840e2431329d6
b1eac3a14313de4f
c1a4ba22431607cc
3f36beaa431306ee
42f73d1543177396
c30f43ea43097c68
be9141f043049cca
401e3f93430882b1
bdce42dc43038890
c1793d6b42ffa77b
43904257430bd03a
c12fc1b743133820
411e412a4319d35b
bcd041004316d15b
3c60435a431ad693
3d864188431ea839
384f403e431fccab
bb6a4245431ce4f2
bdcb415543190885
bc5ac33b431cf75d
41fb348a431dd087
bf6f34ad431d457f
c2b1bd0643217924
c0523c66431f190e
3ecd3b2a43209ed3
34edc0014320010c
b3134209431f5645
bbff3e7f431db6b9
424dc00743175eb2
394db9634316ec7b
3d03c34643125e01
c3a4bfd44319d7fb
414abc784316e3a5
b9c941f84314bb2a
24b9b3ad4314ba08
41613b93431745e3
3ef33e204319eee9
40b6c27f43124856
3c053a9643131c1d
bc41c27f43169065
beacbd034318a765
3ea0c3b843124305
41e2c3a5430704da
c3f838224304f5eb
3746c30443035db2
35963dcb4303df22
c0073f854300160e
3c64c33142f84753
357e2d4542f855cb
3ee23a4e42fb0c19
433c3f404304146c
c3adbb0e430776d3
bad13d64430650de
40d3c33a42fb3355
40dc3def43013457
4316b8e342fe149e
3994c0da42fab29d
b798c3dc42fe6d87
c1f43d1642f6dbc9
3939ac6f42f6c4a1
c274c3af4307c7a4
4251c26342fb639f
c380c19b43083470
3742361e430860d6
411d410e430ed6fc
c290bbbf43120453
3c50349743125380
3e65bea0430fadae
bd0abac94310bf35
3e8538de4311bd10
415141f54319a7f1
43a7c2ed430c680a
4002be9243091d66
bb9dc05f430b31da
c00542634304c6de
c0723f8243009ae2
bc00b53c4300eea2
aef8c0dc4301325c
c2b742bc42ebc886
4022347142ecee36
c3c8c0b742ff4632
c32743f242e2dc43
3cfcc06142dd6764
4152404942e8cd95
3f39435742f60e6c
be8fc0c642fde212
c38b4319c1562648
38c8bd15c1624c7c
a5b53eb1c162e53d
c250c320c03bf4f4
b9e53f5ac0894ffc
c0dfbbbdbff7b2e0
354bb443c0017d18
c224c0b540a67d14
c2e5c27f41833279
391c416841910229
c33d3ed0413f6532
416ec25340582a28
4362c0eec0b713cc
bedc3ebdc109c252
c0b53807c11cb745
3de73dd6c0f48a56
4249bfa3c15a441f
c13ebdf9c11ba583
bc32c21cc0d0c526
40083f6cc0322f4c
c104c136406ffe34
bf023207405adfad
3d5a3eb540b5391a
bc2db5df40c17b34
3eaa42c5413af73e
41ac43d441b6487f
3eeb3c3b41c4ea94
3d97422741e74e94
40f0bdf941c9d124
c3ab3b5d41ad9615
ba31c19241bed48e
35c6bd3a41bb0ef2
406ec3fc4168a4c4
415739b841839726
b9a73cbc4179ccfa
4074c3ea40d9a9b4
4325c26dc0959c4c
c243c101404a1b98
b98b43b23efbe800
bfdb3d99c0106688
bf9bc10f40236218
41803c3b40aec30c
4100285240b1764c
c17ab14140bfd949
bd343cb6408ed359
c31ac2ce41845aae
3d2abc4741729eb6
beb0be92418f478b
c087c2f141ce21b9
3bb6c1db41b78e60
b048bf3241b97b41
beee415d419450cb
39493b9041994fcd
2f82c10d4196f113
be613f124180642a
c3c3418240ab9078
ba95bcf840cc44d0
bb5dc1fe411241ae
bb30b6644117ff86
3f2bbf8240c45d60
c35e38844081d470
c0dab49740981906
34fbc04e4082a88c
415d37e640ad051a
438e4281418d8662
422140f441ca3d4a
421ec215417fa8bc
c1bcc37641d565ae
2bf3415341d6b844
40f9404042007e62
315d3bdf4201273e
3b13c08b41f23cd4
414541f442187d2e
c23fbc9e4226e89f
b8a0c1f5422dcbe7
c2c0c26a42591767
b6ca413d4254a563
405f306e4255db30
2dfd422f4257036c
c2453d194247088e
c13840d2422de09e
bf8d3b4942270058
3a4db8aa42252a26
3e5cbe7f421ad63d
42a6433b424ae87f
43d6380e4252d9ec
bc54bfc9425b4669
40d2405042701009
bcca3e354268a194
c3b942f34232f6fa
bc64b46942342cca
bb1843a8422698da
430c3faf4241ab74
3e0ab82b423e85fe
c27d38244237ce99
42d1b7cc423129e8
c1f23d03422243fd
c0e943a441f97f72
c2fc37fa41eb91ec
c30e3b6241d1873e
bfc2c3ae42068d8d
bd75408a41f45608
bd37c2d6420bfe01
390040c14211ef41
bf363833420e2649
bdbe422241f91556
c2e7372041ecc9de
427641fe421d1c03
bcad3805421ac297
c0c73cf4420eedc1
3e7cc13d41fbe3f6
b5c2c0b14201525f
41113df542106982
3c51415a421bf63f
3a25c01a4215a94e
3e7a40684223ee16
c1b738f5421cd90d
3f6241f24232cb5f
bf5ec3bd424f4c92
36463a00425079b2
bcae41454244253f
3ede4342425d10dd
c3d0c2d1428928d6
c125c26442999910
c0edbeb142a1d687
41c6be0b42991da6
4280c34942817066
42cdb94b4279e108
b4743ae34278ebb1
bf183e37426de627
c1e8c384428d24e4
4305402e429bd057
b41bb816429c1370
bf9ec0f242a57e47
4028c29b4297c42b
c100c2c642a8b32b
c219bee542b335c2
c22c41c542a167d4
43dcc0f8428de144
3f262e2c428e3981
bb6ebef342917398
b3df3e824290a6b3
3a82b3784290457d
b39f35f542901817
c22b3d9442877e20
b5cbc11a428956fa
c062392042868832
3c5643cd428efcea
bd66be1242931590
4157b919428fae80
c14d41a44280bb56
40b7b643427dc5ef
4255c00f426412f4
c39ebb494271f278
42e53f4842858616
c153c1e6429539df
b6a739f542949b5c
41503f06429def54
4081beab42966d49
b6fd40cb4294555f
c109c0ca42a063ec
400342e142ae303e
403b2eb442aea1ac
408cc2d3429f1dfa
40c3424142ae01bc
bf8ec39942bc5b34
be81404d42b55d01
3bf1380642b65c9e
c2c7c30842ce303a
41203d3a42d4e28a
b8d843c542d02e43
3c8eb4d242cf7e9f
bcd8b99942d13070
c2e23cb842c911d4
bd75408842c2e34a
3e92bef742bd2aee
3ec5c18c42b3c7bf
2f61b77142b3ac4b
3bb4402942b7adc6
41513d4942beb40c
c0afc17b42cb8996
c280c26542e051d6
bfe1410742d66acc
c097b5f942d8216a
b923b8e042d8e9bf
bed7423542ce4c9e
b4bcbba342cedd3d
405134cc42d02886
385dc20a42ccdd52
427741b842df5996
c03bc0a242e92641
bbe143c842e17c68
c25e414e42d09916
c0f1c11a42dd33d3
c2f7413c42caf961
c34fba0942d07cda
425e3c3942d73596
4328301a42d82066
434042d042f0d266
c18cc19143002146
3ba83e4b4301a2b8
b4d9381b43017aea
4162c32642efb88e
bba2bb7142f17ef2
bbdf3ca442ef3684
42c3c2df42d7fb96
3e95c35442cbec9d
3e98c24242c19bd1
bf1a3ebd42bba08b
c390419b42a66e73
b168439e42a52502
40113ea242abe332
c383349842a9bb16
ab55439c42a94b80
ad55b4ca42a95845
bc4641dc42a315bb
422141f542b55705
ba55411442b15210
36a2bef842afe048
aeb043e542af0d1a
c09dc33c42bfbd00
42f0b9fc42ba8c78
3e93367c42bbe182
c1d834e742ba1724
316fc1ae42b92040
bc54429f42b1f635
43f937c742b5d64e
b8e5436f42b14a05
b61e361942b0ff6b
b80e434f42ad4b21
c2a840e1429d0e4d
c3c7c06542ae250e
42f7bd8942a481c2
374f411c42a6d73c
2c8c415042a737db
43043fca42b4e125
3fbbc18d42aa26e6
32e4c32942a89c32
c2eb34f842a67638
2e66bcc642a63922
c0aa40b5429b3f09
c19f4202428a5c6a
b47640b542890c73
c3ef3f6c4274a7fc
bb823ee1426e3354
c295b9e44277e4c1
b915c339428088f6
3ac1c0e74278cae2
3e573bfb427f1dec
ba8ac36f4285a271
c307c1f1429a82bc
3ee8b99942981832
4341b8d34293b860
b60bba4342944fbc
38fb37634294e2e4
b8a6c18942981a3f
bebbbf91404bb3a8
4322c200c0f0862c
b913bed3c0cde584
4202bcf4c1227692
43813fbfc038d858
c33cb418bffb3a30
ba0a3e9ac04d5920
41c3b15cc06c3a34
41f941cb409eae76
40e7bd203fe8bbd8
3d80bdafbe0ac140
bc903a3bbf830ce8
bfa74177c0c809ba
b49abb59c0bf95d8
be83c046c0208d20
3a963b1abfe38fc8
41dbbfc1c0ee805a
c19c4094c15df8ed
c0083fa2c18dc186
32da40dec1899664
ae5fbc1ac188c557
c212c367c0bb9b6c
430ec3e3c19e2daf
bcf3bbeec1945df4
3c5241abc177c25c
c33e3fe8c1b5235e
be6b4385c1e565f4
c2704005c20c932a
bb6f40c3c2156c8d
bfeabcfdc20b8dfc
3c4d3566c20a1a81
bcfbc001c2002204
3b0ec0b6c2087101
3b633d77c2036540
41473dd0c1e81dd0
c3bfc2acc180c128
c0a6c3eac0dcb6c0
bff140c4c13a0c68
b571bffcc12f2fd9
c2dec196bfadfc48
387ec15ac0372754
3f3abe7cc0b94bda
b93e37dcc0c398ac
bfcec046bff8bd70
3f20c284c0f7e15c
c064c3263dcd5900
c0783dfec04fcdb8
3fc7c01fc0e81b3c
ad2dc28bc0dfa3e0
b6bb3481c0e36de7
b7fe3e59c0fccb8e
b6b8c1c7c0d5fa86
3e063dcdc09018ea
4029c250c13117b5
c1f93f16c182de40
3e983e53c15c0938
bea041ebc195397c
b8b3bbadc190b73d
3bff4261c16e6cdc
438fc13ec1c675b2
c31fc2b5c14ddfbc
b822c261c13382da
40903f80c0de25b4
c36e3dbfc14474fe
41874271c0582a98
397a3be0c02d09d8
3707bd87c053e188
ae002192c053f23e
bc5342c6c0df21e7
3fa73935c0b74955
3ed1c133c12285ee
c1d6c22ebf9220f0
434ac312c16068ee
c2494348c1cbbb87
bb18bcf4c1c2f2cf
c3f5a903c1c1b3c8
404c3948c1b65b18
c007c0fac18e456c
312b41cec18a8579
c219b36bc184de0b
4350c2b1c1e6baab
bbb5bddcc1db7088
c2a5c361c172c300
43653681c15ab70e
b9aec25ec1368d2a
bdfd4005c166b10c
c26cb806c14cda84
bd20432bc18b29a2
419f3da8c156bc94
38704098c1425a14
c129bc8cc1136d3c
4242b554c1241910
c137c060c091ad20
c0f1c3fb40a9cd30
41202d2040b05e30
304743da40c128eb
bcdfbbf940e7fed1
c05a42833e29cc20
bf664369c0d5fcf7
c2af3e93c142df74
be883759c14edec6
c0444270c19e5ae3
3c72c0eac1b43317
39a3c20cc1c53de9
c3a73f0dc1fb3263
37d8408ac1f24bc7
c321394fc2029bef
4076c2bac2209dab
c2e4327cc2236892
c04e4057c2361714
c23c4354c263c6c4
bc423f38c26b75e0
3ef34106c25a0187
38064107c254f2fc
c149c284c2328358
4292bf44c24a61bc
3daac3f2c260e216
4158ba5ac2695e52
c327b42dc265a297
b6a343f1c26c3925
42a142e6c23e7e7f
c19ec391c213fe01
c2574009c22d9310
4271424ec204f6a2
41dabaebc20f156a
437ec2a8c240f41a
bf3cbbbec239f3c9
3e743c1fc2334dc6
3c30c396c2432fd6
3c0fc01ec24b8ab7
bee54075c25ae80c
c3b63fc1c278cd27
ab5d41f3c2797c60
42fec138c28efcf8
c36d3751c2926240
41e9c262c2a53ed9
b33e415fc2a67609
bc1d43abc2ae58a1
bcafc2e2c2a64982
41afbd3fc2adbdc6
421ac191c2beb923
422b3dd7c2b5b7dc
ad85c200c2b53364
40d2b62fc2b7104d
c0ed41f5c2c5bc36
428ac3f5c2dfc03f
38a6408bc2dd1c7b
c1524216c2ed4d01
4105b8adc2f03c0d
428197afc2f03f2d
c09ec272c2e15dff
3f47c345c2ee97c8
bca7c286c2e7016e
347c3888c2e6b026
c3e84270c3001173
c26ac04ec2f254c0
c3603ebbc2febd88
b9503fc4c300a8ce
c192bc57c2fb4674
306e3f4dc2fac518
c120bf9fc2f10160
bddbbc0bc2ee0bd3
3ceb3dcac2ea7cc5
bd91420fc2f2eb24
3dcac238c2fbeb30
410f439dc2e8a997
b2824392c2ea33b8
c3a7bd21c2e063d6
c260382ec2e3b87e
4128c19ac2f22986
c30fbe18c2e768ac
41a7c19cc2f7430e
afd13b89c2f77df4
bcf13fb2c2fc3ec6
4105c35fc3075f5a
c25e40fac30f4b4d
b9ed40f9c31122c5
3ece420ac30bffc4
c0a5c0c8c306728a
c347c31fc2f2fbc8
43123a24c2ed8e77
32fa3529c2ed6a77
bb592fa7c2eda2b1
402cc267c2fafd8b
c04fbe9ac2f3e12a
3b2f419ec2eed5ea
b8ed3db0c2f09629
c3433f54c2fde3e8
426ebd63c3034645
c1f2c31bc2f16d47
c270bda3c2e85af3
b2d0406ac2e94b84
3c6ebfe5c2edaa91
b167424fc2eebb37
c114c0a9c2e2e61d
c14dc192c2d422a8
3c16af0dc2d45c46
42594146c2c39f9b
a9b1c188c2c360a5
c397c314c2a8843f
436b9b3ec2a88af6
bc1a3753c2a97b49
c3893556c2abfe99
342239dbc2ab9dcd
c05a3936c2ae736c
c352c25fc29721b5
bdbdb20dc29696d3
b883c09cc293fd58
c1e440d5c2a238b2
c0f9bf57c29918ca
430fb59ac29b916a
433f3ce9c292ac54
bc0ca41ec292a3ff
bd8f4008c2983e1d
c3ffc106c28428a0
c35d3d18c28d890e
c249c19ec277c40e
bd95bee5c26e24fc
3806c174c273a12a
42bbb8fdc27c05de
c10441e5c28ccb39
43693f94c27d8298
c235b90ec275aa9e
42febeeac286eb5a
bd2fc135c2802beb
bf80b9f4c27ac316
c07d3903c280315a
c1e7c2e3c257bce0
bccb41e1c265d396
41e9abc3c2668b14
407240b3c251a75e
3d2941b3c242f308
c04131b3c24476ef
41b2c28bc269ba95
c375b8b8c260ee8f
38f64234c2593d11
b4f7c251c255518c
c12e4070c26c4dac
37203bf0c26a893c
3dfd31e4c2696f09
c0f73dd0c277dce1
a2e1407ec277fbc8
43664077c256f35e
408cbea1c2660564
40bfbe76c2755a69
42f7c113c28c58de
426b407ec27bdd12
b617b123c27b9e82
4079b85bc2803ea1
3f6341d1c26b01d9
b884384ac26c37bc
41b73fdfc255ba08
43b7be42c26ddd9f
bc7eb957c26ade05
ba7a4031c271a75c
a32ea9b6c271a6b8
41c3bf90c0ae4ac0
3bc4bce2c0d435c8
c346c1a9406a47d0
be2ec37041167e34
3d2c40e841493df4
c2bd3722413135e7
bf9d42b84095d06e
b834c32140d1bdd6
3731c13040ac6fa6
316bc3314098f469
409142ff414c43f0
3a053c764159b117
3ebdb7e0414c6cff
4140b91e41318f7f
c2a541833ff88e38
bbdd3e603ec02ae0
c2b33f7ec0bcc1ba
c073c2cc3fd4ad98
37bec1083ee37760
422142c3412ce043
c257c081418f8bd0
416a34044194fb3a
336e43d5419c414b
bc943f5f418b61d5
403636e24192a0c0
c37c4086411dd5e0
3607414e412dd271
40ff42154193af0e
3f0abf2141752fd2
c3adbd0c41a15505
1b3c3e8241a160ca
4226c07041559f14
bdabbeed417ce062
39ceb1f6417ab6c3
c03e38f04165c4a3
3803a8ae4165798b
3f7bc30b40f835f6
42c5b94940b0a79e
3621388840b79900
43d8bcf43f618c00
3e4e3edf4065aac8
40f140f6411b790a
c38fb87b413d56be
3be5c11b41150898
a206c093411576ce
43353629412ba98c
3f14c14c40c15b58
aa6ac3b140c78601
3952b15640c3f990
c0fb40923ede0600
b8734369bfd03fd0
3ceac198c0a203b4
bfbbc001bf98d320
4026c273c0fc3d58
ad15421ec102017b
416e3b18c0b6fa56
b00340dac0c0b59d
c19242f6c17b73fe
3d0e3c6cc1651a16
41cd3e93c118d4aa
bd4fc381c092521c
3adbbb9ac0ac607b
c3f1bc1abfa85a4c
be2d3a92c025547a
3c6ec341c0d331f5
c12ec1bf3f5744d8
b63040d2bdbab140
b75fc2db3fbe75fc
bc55c04a4073df8e
bc9a3f6e3fd63dbc
3c5640db4089c5b7
403bbb2e401a0d06
b28743e43fcd1794
bc97c0af408942c9
40ebc145c00c1fde
3eb9422c403fce82
ba84c23a40b10b11
bb63c1dd4103d4fe
c3f2b45d41152a73
c2114277bef6a4a0
423e411940ef2626
bba8bedd4111d917
b8d9bf704123e00f
bfa8c1184171df8f
404642e641b3e590
3f83c3ab41749820
b8da436f4150879a
c3f63f5240b7f404
b619bdb540c95a5a
396024bd40c9c03a
c10541c4bf6e3330
3d06be06c034955c
347441b8c001a69c
3faa40514006ffb4
3ad236ca401e268e
417a4201412b0f8c
c0e2bc4e41551944
c3ba316b414aa214
425fb95b41288350
409ebf9440c51140
424c41b341721530
bc3ac05c418b7770
c2ef300a4187f745
3e08c045415c6e3a
410fc3c9407b9c88
c3a940f9c0b2ecbc
c2fab274c09c6a18
c084af17c0946921
c13243d2c16cb8a0
414c3cd2c139a7f0
bcf643dac183c774
c1c6439ec1dbbbdc
3f9cc0b2c1ff7654
bc844336c2100316
c0d7be06c2016f91
41ffc3d1c2304dbf
4366310cc22df852
c09c4034c2415802
b998c12cc23a1c7a
bd164044c244f566
392c3c9ac241fbd7
c15cc308c21c4cf7
3c5d2a4fc21c15ea
b49b3c0ec21d40b2
3af2baeac2204105
3e87c29cc235d327
3e90bd35c23e5e1b
30fe3da1c23d7d4d
41a8be66c24f95c5
35413bedc24e48a4
40c5bdf0c25c717c
bba141f4c267cc19
43674095c245e127
afe7bceec2454554
c03cc0e3c2309420
c107b9c5c22953c7
c1943c31c2350471
3e0c4069c227aefb
3afb4317c21b4f98
be123306c21ca4ab
b79ebaa2c21b107b
b9e2b29cc21a74f4
c2b9c085c1f825ae
3360bbbac1f9ed8c
3c8a4051c1e655e2
4271b521c1ee9846
42554149c1aba9ce
31acbfc0c1ae691e
bd25c01fc19935a3
4400c28fc20112d2
38ccbafec2032b78
c35b4218c22ffe00
c023c0aec21ca236
401fbea8c22a5962
be853ea8c23532b4
42d2c0d7c2563512
c11530bbc257b5b7
c2c031b4c25a1da7
be46b5e5c257cdfd
41d3428cc231ac99
3d403f1ec2285539
374d3d44c225ee22
b6522d5dc2261008
be7ac205c21291d7
4345c11fc237cc31
bfeac2ffc21c1d26
3e1a3ca1c2150d90
3d8c42b5c2027392
b8b4b309c201ef39
b89b3f55c20627c8
3f03c22ac21bc407
b7033c3dc21d9f82
b8e0be5fc219bd9e
bd273949c21d2502
437d4215c1df3384
3b04b8a0c1e341d4
bf62b712c1dcbb78
4024c169c204c480
3a9d30c9c20445eb
428cc398c235fd0b
44003ed8c21a9d0b
a646bb3dc21a8657
2846be81c21abdee
40fdc230c2399b5e
40f8beb4c24a428e
41f43edac235ddaa
439b3a73c2299a82
34d1beeac22baf53
39aebe0cc22ffa58
bdc6bbf8c22a3a1e
43dfbd7cc23fcfa0
c3c9bd70c22aa528
265142d9c22a4ea7
bdfdc00ec21e2abc
bd9c437bc23325b6
c1e1c35cc207e1da
ad32c01fc2073692
415ac2c1c22b5b6c
c1a13c4dc2377622
38efc1f1c23eca22
3e0e3cd7c23776b2
c1b93f5bc24c8293
c0b242c4c26c46db
c22ac1e7c247e4f5
42fbc2c5c277261b
c232322cc27989e4
c3c1c27bc2474a2a
c260be97c23248da
4116c293c253b87c
415f4364c22c0660
c173b44ac2291a78
bc87c1ffc21b87bc
3ee8c1b5c22f3cc0
2eb34245c22decbe
bafe3b7cc231320e
414c41b0c21311ce
b9d242c0c21ce42e
c1acbc62c2107642
b21a4255c212e06c
bf86bb2cc20c21cb
40b143f7c1cd880a
42f042a0c1633814
4101bef6c1947100
3f6a4193c1563a44
42a3c3a4c1d087fa
40fdc137c2024758
3971c102c2091750
3c21382cc206f01a
3d193886c2040e37
40d4b191c205bc38
43ba2c1ec204bdba
40283d6bc1f2f6bc
c001398fc1fe1784
bc504066c20887b2
3a50bb02c20b4b7c
bd02b09ec20a9282
c1d042f6c2330862
c2f139acc23ce01d
344318cec23cdf79
33ba3a32c23c2000
c05b41cdc25563df
3f59422bc23ebae6
b7c630b5c23f0414
416d4277c21bf06a
333dc02ac21dd2aa
b130bb89c21d364f
be4a42a6c2321e4d
38f7b017c2326f86
c31cbfcac216bf7a
424ebfdcc22f85fe
4283414dc20d0198
32ceba5fc20daf02
c0814179c22654fb
c3fbc278c1e56aa6
347ec255c1ec871c
bcb43deec1fa78c8
4292bcc7c07b1bf0
4374b071c08e1b12
36edc198c0b4d8ca
3b8bb7a6c0c34512
3a14b851c0d0633c
4208c00dc149eb3e
c1cab84dc131057c
416bc320c1a5b77e
415ac1d6c1e42df6
c12e315bc1e7a5a1
3cc53e02c1d951dc
40d2422bc19ddb50
bb03baccc197e644
38cd353dc19653e6
3db7bbd0c1a17d52
3ef0bd42c1b3ba42
c1a93e7ec1d87970
3efc41c3c1b03b7c
3aadb965c1b4bbe4
3db63cd9c1a6e441
3f07c3d5c1ddee13
c251bb3cc1c71515
43df3ae8c1abe709
c0bcc303c1530542
c0e5a869c151abe3
c22cc26dc04c23cc
c0cabdce3e9204a0
43643d2340a0fafa
2cfdbe4e409d0c97
b0514064409392c5
3dc1c1a43f0e01a8
b74e427fbf6d9be8
bc044347c09297ed
39e5bf49c0bd8939
c220c1f6404d198e
371841b6408f0fd7
41e6b45e406a9ac6
3883318e4070deb0
c126bc5b40d22160
4315414a417ee4f8
bc93c13b41975f5d
3ff743d241d5a8fb
3d3e34d141d8d0ef
ae1bc27641db4816
b876be6541e269ba
43204138421663dd
2cecc0194215c285
41a12d804216ba31
a0dfc3214216dceb
bf6f43d041f3a6a6
c3f5b8054201d245
43ddc355419055ca
bf32c22f41bcd3f8
3fb7b22741b9dc8a
4155bf1241942990
3cfc36d641986be5
40f6414941ccdc31
31b6c2ea41c7eca6
ac07b74b41c82764
35ebb9fa41c5f17c
417b412741fe6af6
436042dd4231d35b
b8fcc345423ae256
c3f2baa242480f1f
c391c143426fdf11
41523dea427f9a8b
41723e834288aa9b
b53bc111428a529a
3c473576428b0d78
37f6391f428bb08b
b0f836cd428b8ec0
3521c2074289a022
3f9934f4428acd31
38c94235428e83a5
3da4b92b428cb13c
3910bb59428b87a8
33313b29428beea4
41c9bcd24284f5ec
409740f4429053e2
b795c25e4293584d
43772be44293ce1b
3c154354429b4894
bed53cb44297445c
3e303d6d429b76aa
bfa9b9e3429e4828
4080c2e9428ebbe8
421a34d5429093a2
4270b127428f8a4a
399137d04290383d
bb31c2c342964c47
b5783d3e429566ee
3dddb95442937316
4254bfd2428713dc
4096bc784281f448
3efab9b3427ef036
41e641f14290fdde
c146be6242996811
afefc146429a0f6a
b89a43bf42959acd
3f28c04f428de577
4354c263426cfd72
bc4138d1426a6dd0
bcd33cef42647a91
3d84405642706fbd
b508ba9842717923
a31bbd3b42718bb8
bf57beea427e3b9a
3c5040624283d775
42cabfb3426d8c4b
3b88b88d426b67ec
b3ac43fa426794cc
c09c33f142654b1e
38213fde42695a92
bdcac0e442778286
c0513ca6426d7a43
41c0c2ef42459c03
3ffc40164255ebd7
b5c9c1224259a20d
c3ad3c854248499d
4120bf8a4234f7fd
40943fe242470351
404f43624266d28f
4128c3ec423df9af
c1c3b49b42414ad1
c01cc2ed425dc0bd
be0f416e424d4e04
bbc641cf4242043e
bc8bbec84249b7e4
b85ac2ff4251544e
40734127426840d3
35464206426c3948
3a3832d5426ce33a
4033bc8c42635748
2fecba404262f442
3d55c2014252f298
3f22437e426daaf6
c33f43cd42352484
3c5f3bfc42398154
c385b8594241ada3
bb72377f423fef27
b89b3660423f0446
382bbaa5423d492b
3e2440af424baa79
bc6c3b444247a663
b86ec39842500f37
c0b243ff422a83e9
41df3f3f423fc959
4292c132421da6d5
3c87c3dd420bda10
b8f0398c420a23dc
bd40bf4f4213bb8c
c2d6428741ce3964
4142bc3941b805b2
c1ea378e41acda3f
4300c2d94119f87e
bbbc433d40c3f964
3b293be540e03cba
c0cbc3d441831966
c3fa404d40f9f408
3cf0406341284ba4
c0cfc15b4187a6fc
3f18bd8441682d98
c1643ffd41120df0
be622fc2410ef5ac
c3a7c2be41aeaaba
406bb02741ac5fb0
4192422341f0bd9c
b4e6bc4541f35adc
c3113cad41d25060
43b440c9420e0484
c1d5bec74221c7cd
43043452422591b6
38f9bf8d4220e032
3cbabaac421cef13
b81fc3ec42251878
3df342b7423911d2
b237be3b423a4797
bd61c06b4246295c
422a3cc64254df9a
3a83437f42611399
3adfbd75425c63bc
c2e9c2ae4285460d
4186c11e426e4866
38b2b935426cc138
36f942b4427298da
c12b3c4c42677e78
c25335e34262d725
c065c2df42808490
3f0ac3a342662871
29803c4842665789
c25bbde842791c45
3debc08e426ba218
3a60c3ff425ee3b0
bfd8435f4241fb1c
bfbfc26c425ada66
c332400f423da678
b948c3f34248254e
c23e2cf242472e59
41d9be904233fe51
a920c11242346642
bc5f43e242232bd3
c0eebe4342329af8
b876c0b64237dbf1
c0293d20422d32e1
b964c179423492f2
bf4741734220bf00
be73bd034228d396
bb764352421b2c23
40c0393942215fd3
43833abe422e0922
3a57be914228d4f9
c059bd58423472c5
40b8c17b421a965d
c295359f4215f66c
bf1cbfc74223c91d
b27c42324221465a
c1244042420b6312
3f803d6442157e92
ba26c3b6422158d3
4015b455421f22f4
c241437b41e0b574
43f642d54226be68
bfe5c131423b3c52
c181be27424c2aa5
41333e49425c816a
c209c142427c3cbc
b3c9b92f427cde28
40a3b88c427798df
c30f411942539d69
bfbabd98425e6b85
bfa03f9f424fe46d
c283bc79425e7462
c1373472425b8e92
c3b3bc62426c6dd5
c1fcc370428c780a
34c6bfcd428b4e26
c2e9404142793723
b9bfbdc1427d5923
43a73c374286bcca
bc04424542807185
bc66b82c4281971e
360a428c42840fb6
b65cb5f942845bad
43473d15428d9aa2
3f3ac1dd428302de
3c74c14e427a3610
b1ecbd61427b34e3
3dc7c3c04264d1c3
41c33fa8427ae03f
b66541504276a12d
42d03b444281807e
41743eae428a9bb4
3b6ac27d4284985c
400cc0ef42753984
3ea0bfea42681df4
424bbf614250e63f
c341c23d413501f0
c3ce3e6540a262c8
3d0e4348411acd44
312a405d41206f54
4158c1104050e550
c26bb89d40a3a9e6
c01bbd5240fb087e
c04c30ef40f06f04
4112c0084019d508
3bcb3bed405798f6
3e2cc0e2becbee50
41c6b696bfcb13a4
bf75c38240ad2cbf
3d0eb0a140a7534c
c3b44012c02703e8
bcd04176c0bca174
c21cc0c53fb1ebb0
bf9db9ed40333088
c3d24281c11ea726
c3a8c28d4027dbe8
43d52adb40354836
c10fbc0940ac4a37
3dfec06d40046b3e
ae13b54b40066da7
c25b43d8c125cbb6
3d2843d4c0aa22ec
3ad142e8c017f838
c3d9c351413fac92
c11fb05f41454532
43ca43cd41dc281d
3e78c21341b4dd35
b5ef41e541ac1ec2
c2c341f84136cde4
43bbc253bf4c09c0
3f0bc018c08cd558
38903e73c05ed150
c0e9411fc11c4930
c00fc0a1c0a246e8
c3f1bc7ebf1ca380
359a3a07beb23a28
40393e8a40469e8b
bf3241abbfff494a
3e8ebf6ac0a103ea
ae0ebd30c09d16d6
2c033e43c099f2fd
c2894238c16f895e
c3e5c39b3d213a00
438740fd4116d2e2
3d4e42c1415e7a7e
3d17436e41950e21
b347c261419adb9e
42a1bfce414e3e20
b3cebd864153a19a
bb7941aa41294e40
3d20c00a40ffcf80
a9a1a56340ffd715
42b8bdc2404a32aa
c200c2e9415864aa
411ea6b34157526a
bff243c840b75894
43dabf0cbf97e130
40173c1e3f6b13e0
43c43d4640c130dc
409abd124047bb18
423a439e416fa5f6
38a640c24182e1e1
3a79bdc0417327e2
3ac441b4418cded9
3d65432e41b399ff
39a5c2ee41a00b4c
409ac36c41377ab8
3e5ebd3841164028
43e0c305c08dbab0
40883b94c0121ae0
bdb2b865bfc018d8
c023bca43f661bd0
c0283b70bf843e18
42b443804138903d
3cbb43c841811736
4372431b41eae542
2a9640ed41ebe8c9
3ef0c3d241b5a7e9
4264b78541a9a46c
b893c07b41b3e3bc
40582e5841b59ca0
399fc00841aa4824
4232c190414ab7c8
40c3c18e40c1d640
bd0dc036410b749c
c128413240013570
bf3fc24340f618a8
40363c22411ddaac
434f40a941930ba2
c3a93a3e41764656
c1a4b74d41856ec0
43e1bf06411c30f4
376c3cff41257619
b8d4c02041396099
c1013e5640f3efda
4105c0dd3fc29548
c3cf3c4ec02b9dec
39a53d30bfe21c18
c18f4376c142272b
418a32b8c138d95f
428a3ddfc0d821e6
4023c252c154a5cb
3132c32cc15df671
c1b2b7cdc147bfac
4212b8a0c163d2ec
43a3c22ec1d04c0a
ba9bc276c1baf551
bd21bffac1a680b4
ba70c373c18e868c
42443ff6c1394a68
c32ec26abd8b1c00
c297405fc0e89cb8
b84438edc0f31e32
b8ba415fc112f21f
b6963d68c11bd8db
42c1c275c1a524d6
c20242cdc1f6dc0a
3ef7c047c20a5346
bd3cc3c3c1ec05d8
c19bb4cbc1e54e5e
baae3d85c1ee85f8
3e943468c1eae674
4312301ec1e742f0
bf333ad1c1f38798
b72c4051c1fb44d3
391a3a16c1f7634c
c1fb4103c219aa97
4328bc26c228828f
41f2b9dcc231380d
342742afc22dbff8
bcb6c0fac222071a
b76bc1f5c21c810d
bd5fc295c20ad3e8
be363e10c2143dc0
be2942c5c2291786
c12cb517c225cd28
c0504220c2403728
4018c397c25f4950
bb9cc346c2517326
c32141cec27ad4b4
b7fd43e5c2815b5f
40593ef6c27394fb
3ec7be05c27dc7f4
bfffc2a8c2632b48
c02d433ac280ac3d
4295c00bc28dfa70
c1c0c3f5c26e3420
c3a2c16dc244ca26
43e2421dc214998c
3ad1c250c21f5b60
bc2e3c0fc223990c
c2fe38f2c22c3e13
41903e85c21a1c2b
4058415ec202cbdb
c012c3b9c1c6b9b2
bea943d8c1faf74a
c1c7bae0c1e71b3a
c24e3e13c206b382
b1153e98c207bf96
43b4c093c22afbf2
c262c14ec2092016
bfdfc1b9c1e53506
c0a8c03bc1bdcf96
b870c2d6c1aea4c6
429340f8c15a9fec
3eeb3324c154732a
3a66be3ec1686b84
c26e41dac1bf751a
4077387ec1b56dd1
3b66bc11c1bcf342
43853cf8c197966a
ba463d09c19f7c08
3c63408ec18b811e
2fca43ebc187a657
42bbc284c1df5b2f
c0783eecc1fe49cf
bb0ec112c1ec6751
3f84bd1cc1ff9a89
42c8bfb0c219de04
c2823bb2c226631d
41fec098c241e9ed
42fb3e70c22b7205
afe53e29c22c348c
3efe3a75c2268fc9
3aa93ff9c21fec9d
4356c30bc253974f
40b93d3ec2473668
baee3ea7c24cf990
c2d63ecac2642dfe
bcccc3bac251a5e2
3cf33f14c248e3e3
c08940c4c25e80c7
bcd22804c25ea77e
be8f42bdc274c047
3eaa3834c2713ff6
ba94c39cc264bc6a
3c274189c2593e7a
438b43d9c21e0ca8
342c4048c21bd11c
bc6a40cec2266bc2
bb0f3c5ec22a4632
c2b63d17c23b5a5f
aad6c05cc23ae32b
bfadc0a6c2290c14
4269b6bbc22e70aa
b14643d9c23106cf
be233ed5c23b8216
c2a3c32dc20be270
b905c2adc20381d8
adfe3e79c2041cfc
4345bcdcc215c6a2
3ee74127c203fe8a
b908b4c6c2033e68
2f7440e0c2021bbc
40b4b659c205d70e
bcbd41cdc213953a
3f834169c1fe86ba
bf924053c20fa188
37fdc1c9c215685c
43a93de9c1fd8ae8
c0f140e5c216f509
c2adc2a4c1d5406a
4007c327c2076e46
427ec0b0c225dce6
b783bdc8c2232610
42b1c0c0c242eed0
b6f7409cc246f220
43e7c2f7c27dfc00
c016c2a0c262ea40
35654181c25f3423
408041a0c245e423
b97ebf54c240dc38
401c42ccc224ede8
c21bbb1dc21a1264
3b853afbc216ca8e
b60141c3c21b1d86
bc99c39ec2099acf
bbb83a5cc20cac31
bef6bc8ac204c60a
c04cbddbc1f06310
c1f5c054c1bcd248
41c53c71c1a33253
41943db7c1835187
b4954145c1895ad1
b3c93cf9c18bc639
c0513df0c1a56729
2ef2c012c1a72b79
414db634c1af63e2
36383e0cc1aab08e
425a4108c1558ddc
bafbb091c1538fd9
c3d1b3fcc143f5aa
b47943e1bf8cf560
38f7b866bfb8a234
c273bc6b40079f6e
3a2fbe783f5e7d78
415538434012845a
3fb5bf6dbfa4cfcc
aae4bdebbf9a9df9
3e133b9f3e7469b8
ab24c0e23ebff06c
401dba65bfa26f6d
bfb139b4c028f29e
41ccc284c1415168
344dbc54c145f8b9
beb0b53dc13d36bd
3854c39ec15e2e95
4247411bc0bbf94a
4078c3b2c1678a65
b8a7c139c14f3e36
3c48c0a4c176fa76
3fffc126c1a4a815
c0e63f9cc1c9ee3d
bf9b4002c1e86973
3f52c3cac210b714
36e5c1e2c215c8f9
414b3a6ac20d4c36
c033c374c1dc0034
bbe338a7c1e09656
be24a453c1e0613b
4076325fc1dcd3c2
429bb9bdc1efc779
43643cecc1cb6749
c28bae65c1c8c9dc
bf77c12bc1a235e0
c21c3ca5c1be95ec
3c82bc71c1c8989d
b98542ccc1db5a9b
c28fbe80c1b0b91b
c0884395c1f56f6b
427cbafac20606fc
bfe2c151c1e22576
424eb5cdc1eb4a14
429bb9b8c1fe2d48
3f113834c1f6c06b
3d3b3ba7c1ecbecc
bcd23b2bc1f5621e
3fb443d6c1b905a6
bd693985c1c07cc9
400fc024c1e21901
3969b588c1e3f7ce
39d03cd1c1dcf81a
3cf64289c1bc8c74
c2ecc3bdc122d7f8
41d93c54c0e07320
404c3fc7c0358da0
c371ba283cd88000
bbf63e2abfc0e770
c1544067c0ebe03c
3b12baacc101bb24
c12abd51c095a520
c0d4c1553fe13800
bbdfc11640885e54
c0dfb5b540a42aff
beb4b8d540c48ec3
c00cbb4a40ff8db3
bbb53c2340dfabf4
40753ec3412c1c38
418a43de41ad3574
be01b31a41afdfa6
3b8f3fe041bec12e
c019bfc541de976b
c186301b41dbc1c7
ba9fbecc41e701f4
43e5c2f04172f128
3346c1144169b54a
3f7c3fb84191bd35
c30ec0b641d4351d
c2b7b8d641e4719a
39863d2541eb8c32
427dc2a941951f2a
c05fbd2641aba044
3d79bc88419f3a20
43d6c23040f90780
c1044307bf83c580
b5e1becdbecf3ca0
bfb2bf92404f1e7c
3f72be8e3e3e98c0
c2d2c3bc4155fb43
c201ba23417ad365
4261427b41d016e6
4113be2c41b0c5a2
c2213eb8418797ea
4368bc30415128d4
4258bec640f67168
c20c334240e07fdc
394dc1f340a16dae
36fbc0fc407d4534
bff33cc73fcabb48
3f3d40ac40b9f2c2
402cc0123fc86808
c0cb42b4c0ceebde
40303bcfc08d863e
4231bc8ec0fe52f6
c29eb274c0e8f92a
ba25370dc0f3cde2
4339c0c0c18190f8
41ba339fc17838ce
a9b03c47c178fb6c
b519c2f0c1674cb4
b86c38b3c16c7e95
41c0bd85c195fc0a
bb08c18ac18282e2
b453a98ec1826add
c3d53a7fc19bdb32
bc6b4093c1b010a3
b230c399c1aa304d
c0d7c28bc155b5a6
c1d6c03cc0e5ba0c
411931a9c0d74ccc
bcb0c1efc0501718
c1a22c49c05c28b1
3a2ac02ac0a16a20
4310414540885060
c17bc1ec4145f9c0
427f429041b83fc0
3fa4c36b417f2468
c141c02f41ab8812
437ec06f4152319c
434040ae41acf3ce
3e263ac141b75578
c2ec422d4143ad00
41dfad5b413fbed7
c2813c8f410472b9
41a4c245bf102170
c3292962bf36ac22
4395bc57c09a740c
c05634dec0af8ea0
42e13c5abfdf48e0
b88c408ec0427b10
41ac2a6bc0396157
c2b9c058408cec14
4193b7a540449eac
b4063d71402eba06
c217c0f24124257a
40a1c3ef3f8a0210
3dfc433a40cf7ce4
3e50bda740882084
bdde3d1940189e50
41414357414067ec
4199bf9140d76538
bea343a43ec8f880
b46641b2bec7d640
c1bac16e40ec41fc
c0e1c15b415ea4ea
bf2a3a43414836eb
3e9c38cc41581113
3eb23966416a2389
bdb7bcbe41829eae
410f3ac74193c302
3aedbde841898910
400a3ea641a4638c
c39f4051414531e0
b34f429341392ec9
3f553e384166c761
3a90ba08415ce241
41803a34417f0041
c0fb37d2416b86ce
411d39aa41843e88
3de638e4418b74be
c0953c03417225fe
bcaa39274166220b
bc8dc310419334d6
4303400541cb92f4
b4483fb741c77205
408f3d7841e0600d
4333c2944181a915
c0af42de4102ab22
bd86bd59412034b8
c398396c40ee1130
4051428241676520
434c42eb41d8a818
bc84421f41bd041c
c1554283416f2640
3c55c16641406084
bec8c259418b3bca
bc5cbd444196b602
c1653acd41845e12
388ec33e4167bfc0
3ee6bcba414724a4
3e9d4021417dc11e
3f45be3e41506068
bf2fb269415621f1
4159429641b18144
3872406541bb45c1
42c3bf09418bb3e7
40a6b1194188bda0
c24dc3d941eba228
3fd0c16541c17d18
c3ba3f3f41898052
4052bc54416d9ad4
42eec02e40f37f88
3d1f3cd0411264f4
40e842434186a3ea
420e3c14419f5502
39b83e4e41a85886
4123bda5418b59f7
3d603eed419df6e7
3d28bfc14189f953
35a1c2c741806fca
397fc364415840f8
c1e1419440aa2950
2ed7c29d409eda5a
be0bb85f40b9446f
be29c2034126b32c
43a9415241a4dbda
42c4438542054dc1
34bac0e742026846
2f14412142038ab3
3b93a74142036f3a
ae31c23d4204a437
257bb38142049f13
2d1b3a2e4204de2d
3d31bd8041fb759a
c274b3674200b718
3eef429642178c1d
c346a899421811e0
b57ec021421ae788
bb95c07742235e18
3dcf419942339ff3
355240e24236df40
c34c43444201db10
c2383d4841e2de60
b3f2b65a41e3a83c
c04cbb2a41f30c78
bc773c8941e8eca0
41b8387741f5b0e4
c3bc40bf41ac465c
3a81c357419467f1
38a9b79c41923091
bf2ec08441b29c49
bc213e7641a545ae
418e426441ec449e
c25c438b418c54b6
c01bb165418f196b
c047411b4146d8e2
4176394241638f4e
3ee3c37d40f8d744
af0d3ded40f39e43
42fdc266c064305a
c2e3426bc169d796
b263c02ec1632b24
412ab88fc17ab59a
3f77c38fc1b5c745
c2f0b3b1c1af1bc7
c3abb789c1a0a9e6
42a043adc0ebd698
a7a03e16c0ed49d6
c1c3c1c641050f48
c0fc393f40d5d288
42953c1241207e38
342d33b641217fd0
bae534e4411d48d2
c0d94107406f3458
c07ebece40f1dfbc
410543654186b3df
b245429641818a91
be62430641296c8a
436543c641c7ac81
3eda3c2241d5d4fb
b53a3c0e41d32ed6
4131b8dc41c691c8
b57e413b41bf6346
c0c5c10f41efa45c
c09cbcf642034122
c0afb9b14209eb22
40e13f8f421c5b79
40d5b98b4215a94f
408dc0644201ae3b
40c4c29841c483b6
2a783c8441c4f88e
befac11241e85822
31ed42e841ed75bb
b3b9438d41e62bbe
4096b94241da1d68
3f6fbf1241bfd601
3b99bfdd41b0e67c
4251c320412dc878
406141224183d800
3c82bb8f4176a6b1
bce7c02f418fd5c2
bf10bb08419c3fe2
43f0c3bd40859e08
42e03ccf4104ed44
ac16b470410535ca
bac2b8b7410d2cf6
c02040154093a4ec
4054c31cc0450928
a2fbc12dc042c716
3d323dfdbf8caadc
41bcbdbfc0a6f7c7
4018b50ec0bba917
c0c1bf89bfb17fdc
4010c16fc0dcf777
bc3ab9b8c0c4cbc7
c3fa3c03c12265c0
427bb8a0c1405ea0
b68742b5c1564259
c323ba2bc12a3d79
bfb343c3c190e114
bdc7c3dac147093c
c0613ec0c181135e
364b3fafc176102b
3c6442f8c138de6b
3c4b4106c10dbce7
426fc1c0c190daf4
42acbeadc1bd6530
384b3eb3c1b63494
b0e63829c1b6d79b
c27ac015c181f797
c1df34cac188ff14
3873b626c18ab4c5
c0c0c092c13e938a
3445c0f2c1492227
bdfb3dd3c16bf707
c273c32bc04c371c
3ca3ba72c083fe24
b8ea43ddc0d14628
c361bb28c04f53b0
43aec2acc1806446
4215bf6cc1ad8822
c18fc3c3c12e7c94
bd783ff3c159f57c
352641b8c14b3cd4
4136c102c199cf42
428d401ac148253c
4295c1aac1aea282
bc98c0c7c198b05a
3950c3b1c1ad1e82
398440f7c19f6d54
423b412ec13dc440
322cc3c5c149c137
bf25c251c0deff9e
437d2e09c0d3b345
c26f3b43c11891ae
36d53c44c1114889
bbd234b2c115df8a
c35542d8c1af4b35
42a4355fc1a6607e
c256bf55c16fd7e0
2f39bb7fc1718902
bad341f9c18d259e
2556c0e5c18d8e16
c3cbc2e8c087a898
bf714027c101a0ba
3bb2bdd8c1181cd2
3fd54265c04fcb08
3f25c263c10f355e
340cc196c11a82e2
c043400ac15f5d5a
43d0c39ec1e6b36d
b7a1c0c9c1dd9313
3a6742b6c1c81776
c38cba29c1b0d8c0
420e3dccc18dbf98
c2e54276c1e6d6b4
3de03defc1d568a4
9fc828e4c1d5693c
c26cc074c19c375c
c171c1aac13d2690
bc8d4147c16d2ec6
41b743c6c06df278
3c62c0eac0cd1f8c
c2612f04c0d84fad
40413e86c0529f2a
3aa7363bc03de5ec
41abc3cac1601133
bcb93445c1651baa
c11c3e29c1920751
bd22c153c16d6696
c08e413cc1a661db
c2e2b7b3c199225a
c05540cec1c2c326
c2ba3e1bc1ebd4c4
c096b5d7c1e522c6
42434180c1a041c6
40264205c15ca094
419927bdc15b460c
3dd8c32fc1979dae
4187427ac1200a04
ac6ebe65c11e44ce
4265c224c19daacf
419f43e5c109d4b6
391cba66c1120100
42dabfbec17c1898
3a30c09ec18c551c
415d3e75c1536738
40363db4c1235f48
2e00bf81c1262fa8
43ad42603fec5ec0
adf5bf9c40018473
c38f4384c142d9d3
42f6c2e2c1c13f42
b264bf12c1be6c52
414c43c4c1584fe4
414b39a9c13a5a61
c013377fc1499f98
c0a62d03c14c8916
bdf9c380c0e5e42c
3e6ec044c129cc86
c01e35bfc135a0b7
3da8b852c141d89f
3e68b74dc14d89f1
385241ddc1343527
c3a44398c1ce2554
bec63e68c1e3d78c
bfb7c05fc1c21ea4
3ce94258c1a2f88c
439b328fc19cbc5a
bf8dc294c15621ac
bf7041d5c1967106
b8b0b945c1935a98
4277b1e2c1981b9a
41383c9cc1800d7a
c184319cc183eb88
41b03fb0c1306510
bc32c0e2c1076cc8
3ef8c21fc15cbcd8
bd6e3aa2c16ebea6
42dcbb90c1914f33
43933e19c1463fb2
c0b942b8c1a295c9
3190bc22c1a4059b
424bc113c1e3e2bd
b9c5c2b9c1d07e0f
34123177c1d02516
43dc40adc186a5be
bf1e4214c1b1e816
41e9c2d5c20154e7
c0a0c172c1d04b4e
406e3eaac1b2c642
c0043e97c1cd3c9e
c0db3cfbc1e56b57
38e6bb34c1e9d46e
3b7dc35ac202ad74
c1ddb25bc200593b
4153b8ffc206ffa6
3b1e3f85c2004f13
3f6240b7c1ddcf18
37d8c3bec1ecfdac
c1aeb9a3c1dcfbc7
35673a45c1dadddb
c349c12fc18f570f
c0332ccfc1909a23
bfeeb93dc18637b6
4044c281c1bdb43e
bd0640c8c1d5b8ee
c227bcdcc1b7d36a
bbb743f2c1d67969
43b83c64c1b49589
adc9c2eec1b2141b
4108c381c1fd962b
c23ec32dc1a4005f
3fb03a5cc197c78f
41f7c146c1d6b0a3
bc563e88c1e4d97b
2db6be10c1e5ee76
395f38acc1e2cb7c
42c2bfd0c20bcb8e
bc53380dc20dfc15
ba39bcffc20a193c
35fac17ec20e339e
3e3dbbf9c2146b28
4294c036c2301e60
433235bdc22af523
3e383744c2282235
c056c102c2126b89
bbd0c278c205c929
43473c3fc1ecabd9
aefa4137c1eef1f4
3e2cb64dc1f3ce5c
c17ac05cc1c40eac
421b4045c18fec1e
c104bc85c1728214
bad13b91c17f66ec
bc443873c1847219
bf45b882c17881ad
aef53827c17968c8
3ab2bf49c188e614
c14ac3ecc0d46690
3ca839a1c0ba30e8
402fae1ac0c0929a
4271c0eac15ee675
c23741eec1b9277e
c365c028c1775fdc
4300c396c1e5e3ee
3b91ae9ec1e6ac34
be0b43c0c20ac0ba
401cc100c21f4cba
3e7ab70cc22226f6
c3f5c0f0c1f5ba8c
36e8425ac1eac328
41f3396bc1daa560
c298b03dc1d72719
3276c271c1dc5adc
3c95bae2c1e43d3e
3f20c28bc2096dcf
3913c13ac2100f22
bf403d8ec21a2082
b3f940e0c21c8e60
3cc241cac20ec8d6
c1623fb8c2238f0e
40f4403ac20e9fc6
c400407dc23287c6
3d97c3dcc0afbb10
b749c3c2c06e6d7c
39bc409ec004855c
c38ab6fbbeda2600
416f37d83f67e240
3d00376f3fbe4720
3659bf213f478c60
395441874027b048
3ca33f6d4098b4f0
3d55beae4022f2c8
be19414cbfbee130
30513f11bfa060cf
3202bd2dbfbf7929
3f43c3c3c108a935
43943df8c038c9d4
bf59c30640640edc
c223b64e4098b818
b2d8c3b640b31ae0
371d3e6440c9d58a
4165bbff406720ac
ba6fc39940d55302
3976403141018d17
b808bd73410c88e3
c15f4316bf3b3c50
41bd403d40ab28be
430ebe1bbd109500
3f2840ea408b8916
c237432ac0d8a71a
ba8bbf53c0a8bb0a
3da6bff0c1013325
c27ec05ebf7ca150
4051c16fc0db3522
4100c368c180dd48
c076b526c1763ece
2c2743bdc1723a95
b8ff3fcbc182d918
3c56bde3c18f9c39
43c4410cc10273b2
bb05bd18c0e125ec
be5fc2d8bfcaf530
ba3db938bf89d880
c24a3dacc0b12500
c2c7c32040d12a00
c1f0be544133ba80
c167c36e41aa23c4
4168bed041854f44
aa9243164183dad0
c05732ac41803c42
bc70b69d4183e758
418ac09b4121c478
b78540764110fed1
4258409a4182e148
c3ee243541825bd7
c048c14141af5867
3eca42d441ddb3af
bd7e41b041be770f
4033436641fc99b3
36483ae941ff502c
41f8be0341db6e44
be27beb841f01948
2aeec33b41ee8871
b6d041ae41e4dc19
431e413a4217a0d8
42183c524224cab0
c3bc40d541fed688
b70c429241f34352
bdca430a41ca836e
c08740f9419d7cd0
b8dec2c541adf63b
3e4dc1f1418886bf
b3f2c30a418f846e
4334392741a212e4
c3053a51418be79a
3f5ec30a413017dc
c2dbc1c941a75dd2
38b941eb41b5573c
3d883cf141c301c0
c255ad4441c51739
3c32c07b41b24b33
c271bc6141ce8004
bad9334341ccf236
b9b1bfd341d8142e
3fefc2e541a16164
b909c2b241b23c85
c304c27442066412
c1683baa41f8109c
bfe343a841bbaea4
c35e2bce41b9e2a7
c097438a41695bb6
c0e9aae1416b7822
36cfc1cb4157bf90
3aa33acf41630b83
c2a6b2ef416e91c2
bf1243c24100de7a
3dab344c4106f52b
429f3e054156ab5f
3ba9400141755708
c322bac34192c8f7
4054ba4c4185287f
3cc2c1a641549166
421141fd41b2f04b
c2d942cc412bb4e6
b8ef410241130008
c01943883fbc7740
4319bf8ec0a75da8
42ce37aec0663748
2ff640b2c05386c2
be644221c1033778
3997b99bc10b0cd3
40d63da8c0a8afe6
bf763ee7c107d76d
c14eb92ac0d8e542
c0fcbfcabff66788
3f65433340975696
c1adc0744130c4db
b9bcc2e04158315b
c062bd744183ff16
bee7bcb041942c7e
c3b6426840c58278
37c826c140c5eb94
427d3cd0412168ea
3c8abf6d40ff6850
b161417140f0c5e8
3c8641c5412c9530
a6d743bc412aedf9
397bbb504120e91d
bcc0418040d9523a
c25638af409df8a6
c371c07341536b5b
b98341454136600c
3c8fafb941342cc7
4095bf4b40e2aef6
3a8d3efe41083e6e
c1b7428ebf5979a0
3ffbc044c0a359e4
c3ccc31a410bcdee
c34340d9bd809d00
425dc074c0e4b394
43c641ff40902e3c
3d553b8040b82bbc
b326380c40b48e03
39c842cc41019262
3e05b97a40e22d62
c3a8b1a240f7bd8a
b9513be240e2c949
bb6ac3ca412b2448
303843f4413387a0
bdf136724129f4cc
40dfc19340756260
2fc843504088ead0
43cebf47c0348b70
43d0c2d2c18122ae
c28f3c33c19cad2b
3a4d3de5c1936433
35e3c176c19b6d9c
426b4294c10dfbc8
c092bb8ec0d6e998
c2463a9ac114dee8
3ae8424ec0d2a870
4224baeec113e1b0
37ab4062c10313f5
3fae4293bff0d108
423ac153c122b559
3c3ac0e0c14bead9
c195b333c141deee
37d93e1ec135de92
43beb58ac14b4fc8
40e52f18c146f8b9
bdd8428dc189c454
be9dba89c17deca6
b98b4243c1905103
c2143493c1974462
c26d40dfc1d5de48
40ff3d69c1bad6b1
3affbfd0c1c880bd
b6823eecc1ce2238
bca3c358c1ac1530
b52db5ffc1ab1ce9
bf6db973c1a0ff2c
b593bfbdc19b9adb
b51c4229c1a3793a
bffdc110c17610d4
3f6a3d19c150457a
a236c28fc14fa289
3a95435cc11f31fd
b9ee3becc12af057
43e2425e3fee9cc8
c394c0fb4134cc09
c13b3c07410aaacf
34d7409e4115d728
bbe9ae7641177003
bc78bf8941391c3b
427cbdc540dc92c6
3d80c0e54061c98c
c0693aee3fcf1628
c22e3c8abff1b698
3ae143c83fba7fa8
39fb3f9b403837c4
c2fcc2d4416cd0b1
4384439e41e8e748
3680c2b941ddfaa8
aee243b141daaba4
c159be0b41fafc76
4283c07941c0bca0
c20eba4441d3b47c
3bd42db841d4678e
3364432b41db06c8
bed4400b41bf6bac
4012c281418a7988
3256c1c74185e62d
371543e04193d785
c065bb6841a41d89
c2d1c1ef41f501c5
3d223bc241fef636
a09c41af41fec1d1
c3a1c3f2423bfe1a
391fc0d44235cfaf
3affc2eb4229b62a
3e76bcf04221bc82
b7403cd9421f8a2e
c0e6adf442207378
43a0c0204200ff78
b26d3b9b42003bfc
c3fabc244210bf90
c2593d5741ff99e2
c15ec3ad4228ff77
331dbea042278676
3cf420474227910e
c03d41e1420ea671
bfb2400e41fe1926
41cdc20a41b80922
c32f420a41428aec
4091c24540a00d30
c05643f2c0671a60
c01d4131c10f30cc
c20fbcbdc0ab8d4c
26f4c22cc0ae3beb
354a3856c0a88034
bcdfb94cc08eb300
35833a51c085fee4
424e3781c02d5f2c
4123428b40b6306a
382ab8a540ac84e1
3d94c2e23f179208
c2e3b9ba4043a43a
c1043ff2bff6540c
3c2a385cbfadb7ac
417cc21dc11bd326
4277402bc0402cc8
3ec6bdc0c0adfb64
c15ac01b3d644600
bd6540bcc048c048
40e6c187c11e7d3a
432e438440656698
3fb83f9c40e82b8c
417dc1cbbf316b60
