Net: _02019_
  Pin:   _11025_/A (gf180mcu_as_sc_mcu7t3v3__nor2b_2)
    Layer: Via1
      Partial area ratio:    0.10
      Required ratio:   20.00 (Gate area) 
      Cumulative area ratio:    0.10
      Required ratio:    0.00 (Cumulative area) 

    Layer: Metal2
      Partial area ratio:    1.87
      Required ratio:    0.00 (Gate area) 
      Cumulative area ratio:    1.87
      Required ratio:    0.00 (Cumulative area) 
      Partial area ratio:    7.67
      Required ratio:  400.00 (Side area) 
      Cumulative area ratio:    7.67
      Required ratio:    0.00 (Cumulative side area) 

    Layer: Via2
      Partial area ratio:    0.20
      Required ratio:   20.00 (Gate area) 
      Cumulative area ratio:    0.30
      Required ratio:    0.00 (Cumulative area) 

    Layer: Metal3
      Partial area ratio:   17.97
      Required ratio:    0.00 (Gate area) 
      Cumulative area ratio:   19.84
      Required ratio:    0.00 (Cumulative area) 
      Partial area ratio:   70.21
      Required ratio:  400.00 (Side area) 
      Cumulative area ratio:   77.88
      Required ratio:    0.00 (Cumulative side area) 

    Layer: Via3
      Partial area ratio:    0.10
      Required ratio:   20.00 (Gate area) 
      Cumulative area ratio:    0.41
      Required ratio:    0.00 (Cumulative area) 

    Layer: Metal4
      Partial area ratio:  113.14
      Required ratio:    0.00 (Gate area) 
      Cumulative area ratio:  132.98
      Required ratio:    0.00 (Cumulative area) 
      Partial area ratio:  436.86
      Required ratio:  400.00 (Side area) (VIOLATED)
      Cumulative area ratio:  514.74
      Required ratio:    0.00 (Cumulative side area) 

    Layer: Via4
      Partial area ratio:    0.10
      Required ratio:   20.00 (Gate area) 
      Cumulative area ratio:    0.51
      Required ratio:    0.00 (Cumulative area) 

    Layer: Metal5
      Partial area ratio:    5.77
      Required ratio:    0.00 (Gate area) 
      Cumulative area ratio:  138.75
      Required ratio:    0.00 (Cumulative area) 
      Partial area ratio:   31.53
      Required ratio:  400.00 (Side area) 
      Cumulative area ratio:  546.27
      Required ratio:    0.00 (Cumulative side area) 



Net: _02072_
  Pin:   _11087_/D (gf180mcu_as_sc_mcu7t3v3__ao31_2)
    Layer: Via1
      Partial area ratio:    0.10
      Required ratio:   20.00 (Gate area) 
      Cumulative area ratio:    0.10
      Required ratio:    0.00 (Cumulative area) 

    Layer: Metal2
      Partial area ratio:    5.39
      Required ratio:    0.00 (Gate area) 
      Cumulative area ratio:    5.39
      Required ratio:    0.00 (Cumulative area) 
      Partial area ratio:   21.25
      Required ratio:  400.00 (Side area) 
      Cumulative area ratio:   21.25
      Required ratio:    0.00 (Cumulative side area) 

    Layer: Via2
      Partial area ratio:    0.20
      Required ratio:   20.00 (Gate area) 
      Cumulative area ratio:    0.30
      Required ratio:    0.00 (Cumulative area) 

    Layer: Metal3
      Partial area ratio:   25.03
      Required ratio:    0.00 (Gate area) 
      Cumulative area ratio:   30.42
      Required ratio:    0.00 (Cumulative area) 
      Partial area ratio:   97.43
      Required ratio:  400.00 (Side area) 
      Cumulative area ratio:  118.69
      Required ratio:    0.00 (Cumulative side area) 

    Layer: Via3
      Partial area ratio:    0.10
      Required ratio:   20.00 (Gate area) 
      Cumulative area ratio:    0.41
      Required ratio:    0.00 (Cumulative area) 

    Layer: Metal4
      Partial area ratio:  106.08
      Required ratio:    0.00 (Gate area) 
      Cumulative area ratio:  136.50
      Required ratio:    0.00 (Cumulative area) 
      Partial area ratio:  409.64
      Required ratio:  400.00 (Side area) (VIOLATED)
      Cumulative area ratio:  528.32
      Required ratio:    0.00 (Cumulative side area) 

    Layer: Via4
      Partial area ratio:    0.10
      Required ratio:   20.00 (Gate area) 
      Cumulative area ratio:    0.51
      Required ratio:    0.00 (Cumulative area) 

    Layer: Metal5
      Partial area ratio:    7.12
      Required ratio:    0.00 (Gate area) 
      Cumulative area ratio:  143.62
      Required ratio:    0.00 (Cumulative area) 
      Partial area ratio:   38.75
      Required ratio:  400.00 (Side area) 
      Cumulative area ratio:  567.07
      Required ratio:    0.00 (Cumulative side area) 



Net: _02132_
  Pin:   _11140_/A (gf180mcu_as_sc_mcu7t3v3__nor2b_2)
    Layer: Via1
      Partial area ratio:    0.10
      Required ratio:   20.00 (Gate area) 
      Cumulative area ratio:    0.10
      Required ratio:    0.00 (Cumulative area) 

    Layer: Metal2
      Partial area ratio:    2.81
      Required ratio:    0.00 (Gate area) 
      Cumulative area ratio:    2.81
      Required ratio:    0.00 (Cumulative area) 
      Partial area ratio:   11.30
      Required ratio:  400.00 (Side area) 
      Cumulative area ratio:   11.30
      Required ratio:    0.00 (Cumulative side area) 

    Layer: Via2
      Partial area ratio:    0.20
      Required ratio:   20.00 (Gate area) 
      Cumulative area ratio:    0.30
      Required ratio:    0.00 (Cumulative area) 

    Layer: Metal3
      Partial area ratio:   17.97
      Required ratio:    0.00 (Gate area) 
      Cumulative area ratio:   20.78
      Required ratio:    0.00 (Cumulative area) 
      Partial area ratio:   70.21
      Required ratio:  400.00 (Side area) 
      Cumulative area ratio:   81.51
      Required ratio:    0.00 (Cumulative side area) 

    Layer: Via3
      Partial area ratio:    0.10
      Required ratio:   20.00 (Gate area) 
      Cumulative area ratio:    0.41
      Required ratio:    0.00 (Cumulative area) 

    Layer: Metal4
      Partial area ratio:  130.79
      Required ratio:    0.00 (Gate area) 
      Cumulative area ratio:  151.57
      Required ratio:    0.00 (Cumulative area) 
      Partial area ratio:  504.93
      Required ratio:  400.00 (Side area) (VIOLATED)
      Cumulative area ratio:  586.44
      Required ratio:    0.00 (Cumulative side area) 

    Layer: Via4
      Partial area ratio:    0.10
      Required ratio:   20.00 (Gate area) 
      Cumulative area ratio:    0.51
      Required ratio:    0.00 (Cumulative area) 

    Layer: Metal5
      Partial area ratio:    4.63
      Required ratio:    0.00 (Gate area) 
      Cumulative area ratio:  156.20
      Required ratio:    0.00 (Cumulative area) 
      Partial area ratio:   25.35
      Required ratio:  400.00 (Side area) 
      Cumulative area ratio:  611.79
      Required ratio:    0.00 (Cumulative side area) 



Net: _02149_
  Pin:   _11157_/A (gf180mcu_as_sc_mcu7t3v3__nor2b_2)
    Layer: Via1
      Partial area ratio:    0.10
      Required ratio:   20.00 (Gate area) 
      Cumulative area ratio:    0.10
      Required ratio:    0.00 (Cumulative area) 

    Layer: Metal2
      Partial area ratio:    1.47
      Required ratio:    0.00 (Gate area) 
      Cumulative area ratio:    1.47
      Required ratio:    0.00 (Cumulative area) 
      Partial area ratio:    6.12
      Required ratio:  400.00 (Side area) 
      Cumulative area ratio:    6.12
      Required ratio:    0.00 (Cumulative side area) 

    Layer: Via2
      Partial area ratio:    0.20
      Required ratio:   20.00 (Gate area) 
      Cumulative area ratio:    0.30
      Required ratio:    0.00 (Cumulative area) 

    Layer: Metal3
      Partial area ratio:   14.44
      Required ratio:    0.00 (Gate area) 
      Cumulative area ratio:   15.91
      Required ratio:    0.00 (Cumulative area) 
      Partial area ratio:   56.59
      Required ratio:  400.00 (Side area) 
      Cumulative area ratio:   62.71
      Required ratio:    0.00 (Cumulative side area) 

    Layer: Via3
      Partial area ratio:    0.10
      Required ratio:   20.00 (Gate area) 
      Cumulative area ratio:    0.41
      Required ratio:    0.00 (Cumulative area) 

    Layer: Metal4
      Partial area ratio:  127.26
      Required ratio:    0.00 (Gate area) 
      Cumulative area ratio:  143.17
      Required ratio:    0.00 (Cumulative area) 
      Partial area ratio:  491.32
      Required ratio:  400.00 (Side area) (VIOLATED)
      Cumulative area ratio:  554.03
      Required ratio:    0.00 (Cumulative side area) 

    Layer: Via4
      Partial area ratio:    0.10
      Required ratio:   20.00 (Gate area) 
      Cumulative area ratio:    0.51
      Required ratio:    0.00 (Cumulative area) 

    Layer: Metal5
      Partial area ratio:    4.63
      Required ratio:    0.00 (Gate area) 
      Cumulative area ratio:  147.79
      Required ratio:    0.00 (Cumulative area) 
      Partial area ratio:   25.35
      Required ratio:  400.00 (Side area) 
      Cumulative area ratio:  579.38
      Required ratio:    0.00 (Cumulative side area) 



Net: _02169_
  Pin:   _11178_/D (gf180mcu_as_sc_mcu7t3v3__ao31_2)
    Layer: Via1
      Partial area ratio:    0.10
      Required ratio:   20.00 (Gate area) 
      Cumulative area ratio:    0.10
      Required ratio:    0.00 (Cumulative area) 

    Layer: Metal2
      Partial area ratio:    2.83
      Required ratio:    0.00 (Gate area) 
      Cumulative area ratio:    2.83
      Required ratio:    0.00 (Cumulative area) 
      Partial area ratio:   11.35
      Required ratio:  400.00 (Side area) 
      Cumulative area ratio:   11.35
      Required ratio:    0.00 (Cumulative side area) 

    Layer: Via2
      Partial area ratio:    0.20
      Required ratio:   20.00 (Gate area) 
      Cumulative area ratio:    0.30
      Required ratio:    0.00 (Cumulative area) 

    Layer: Metal3
      Partial area ratio:   21.50
      Required ratio:    0.00 (Gate area) 
      Cumulative area ratio:   24.32
      Required ratio:    0.00 (Cumulative area) 
      Partial area ratio:   83.82
      Required ratio:  400.00 (Side area) 
      Cumulative area ratio:   95.17
      Required ratio:    0.00 (Cumulative side area) 

    Layer: Via3
      Partial area ratio:    0.10
      Required ratio:   20.00 (Gate area) 
      Cumulative area ratio:    0.41
      Required ratio:    0.00 (Cumulative area) 

    Layer: Metal4
      Partial area ratio:  134.32
      Required ratio:    0.00 (Gate area) 
      Cumulative area ratio:  158.64
      Required ratio:    0.00 (Cumulative area) 
      Partial area ratio:  518.54
      Required ratio:  400.00 (Side area) (VIOLATED)
      Cumulative area ratio:  613.72
      Required ratio:    0.00 (Cumulative side area) 

    Layer: Via4
      Partial area ratio:    0.10
      Required ratio:   20.00 (Gate area) 
      Cumulative area ratio:    0.51
      Required ratio:    0.00 (Cumulative area) 

    Layer: Metal5
      Partial area ratio:    4.28
      Required ratio:    0.00 (Gate area) 
      Cumulative area ratio:  162.92
      Required ratio:    0.00 (Cumulative area) 
      Partial area ratio:   23.37
      Required ratio:  400.00 (Side area) 
      Cumulative area ratio:  637.09
      Required ratio:    0.00 (Cumulative side area) 



Net: _02295_
  Pin:   _11307_/A (gf180mcu_as_sc_mcu7t3v3__mux2_2)
    Layer: Metal1
      Partial area ratio:    0.01
      Required ratio:    0.00 (Gate area) 
      Cumulative area ratio:    0.01
      Required ratio:    0.00 (Cumulative area) 
      Partial area ratio:    0.88
      Required ratio:  400.00 (Side area) 
      Cumulative area ratio:    0.88
      Required ratio:    0.00 (Cumulative side area) 

    Layer: Via1
      Partial area ratio:    0.10
      Required ratio:   20.00 (Gate area) 
      Cumulative area ratio:    0.10
      Required ratio:    0.00 (Cumulative area) 

    Layer: Metal2
      Partial area ratio:    2.72
      Required ratio:    0.00 (Gate area) 
      Cumulative area ratio:    2.73
      Required ratio:    0.00 (Cumulative area) 
      Partial area ratio:   10.96
      Required ratio:  400.00 (Side area) 
      Cumulative area ratio:   11.84
      Required ratio:    0.00 (Cumulative side area) 

    Layer: Via2
      Partial area ratio:    0.20
      Required ratio:   20.00 (Gate area) 
      Cumulative area ratio:    0.30
      Required ratio:    0.00 (Cumulative area) 

    Layer: Metal3
      Partial area ratio:    7.38
      Required ratio:    0.00 (Gate area) 
      Cumulative area ratio:   10.11
      Required ratio:    0.00 (Cumulative area) 
      Partial area ratio:   29.37
      Required ratio:  400.00 (Side area) 
      Cumulative area ratio:   41.20
      Required ratio:    0.00 (Cumulative side area) 

    Layer: Via3
      Partial area ratio:    0.10
      Required ratio:   20.00 (Gate area) 
      Cumulative area ratio:    0.41
      Required ratio:    0.00 (Cumulative area) 

    Layer: Metal4
      Partial area ratio:  123.73
      Required ratio:    0.00 (Gate area) 
      Cumulative area ratio:  133.84
      Required ratio:    0.00 (Cumulative area) 
      Partial area ratio:  477.70
      Required ratio:  400.00 (Side area) (VIOLATED)
      Cumulative area ratio:  518.91
      Required ratio:    0.00 (Cumulative side area) 

    Layer: Via4
      Partial area ratio:    0.10
      Required ratio:   20.00 (Gate area) 
      Cumulative area ratio:    0.51
      Required ratio:    0.00 (Cumulative area) 

    Layer: Metal5
      Partial area ratio:    2.34
      Required ratio:    0.00 (Gate area) 
      Cumulative area ratio:  136.19
      Required ratio:    0.00 (Cumulative area) 
      Partial area ratio:   13.00
      Required ratio:  400.00 (Side area) 
      Cumulative area ratio:  531.91
      Required ratio:    0.00 (Cumulative side area) 



Net: u_a_buffer.GEN_SRAM.GEN_A_ROWS\[2\].sram_q_raw\[1\]
  Pin:   fanout604/A (gf180mcu_as_sc_mcu7t3v3__buff_2)
    Layer: Via1
      Partial area ratio:    0.10
      Required ratio:   20.00 (Gate area) 
      Cumulative area ratio:    0.10
      Required ratio:    0.00 (Cumulative area) 

    Layer: Metal2
      Partial area ratio:    2.20
      Required ratio:    0.00 (Gate area) 
      Cumulative area ratio:    2.20
      Required ratio:    0.00 (Cumulative area) 
      Partial area ratio:    8.93
      Required ratio:  400.00 (Side area) 
      Cumulative area ratio:    8.93
      Required ratio:    0.00 (Cumulative side area) 

    Layer: Via2
      Partial area ratio:    0.20
      Required ratio:   20.00 (Gate area) 
      Cumulative area ratio:    0.30
      Required ratio:    0.00 (Cumulative area) 

    Layer: Metal3
      Partial area ratio:   10.91
      Required ratio:    0.00 (Gate area) 
      Cumulative area ratio:   13.11
      Required ratio:    0.00 (Cumulative area) 
      Partial area ratio:   42.98
      Required ratio:  400.00 (Side area) 
      Cumulative area ratio:   51.91
      Required ratio:    0.00 (Cumulative side area) 

    Layer: Via3
      Partial area ratio:    0.10
      Required ratio:   20.00 (Gate area) 
      Cumulative area ratio:    0.41
      Required ratio:    0.00 (Cumulative area) 

    Layer: Metal4
      Partial area ratio:  183.73
      Required ratio:    0.00 (Gate area) 
      Cumulative area ratio:  196.84
      Required ratio:    0.00 (Cumulative area) 
      Partial area ratio:  709.13
      Required ratio:  400.00 (Side area) (VIOLATED)
      Cumulative area ratio:  761.04
      Required ratio:    0.00 (Cumulative side area) 

    Layer: Via4
      Partial area ratio:    0.10
      Required ratio:   20.00 (Gate area) 
      Cumulative area ratio:    0.51
      Required ratio:    0.00 (Cumulative area) 

    Layer: Metal5
      Partial area ratio:    1.98
      Required ratio:    0.00 (Gate area) 
      Cumulative area ratio:  198.82
      Required ratio:    0.00 (Cumulative area) 
      Partial area ratio:   10.80
      Required ratio:  400.00 (Side area) 
      Cumulative area ratio:  771.85
      Required ratio:    0.00 (Cumulative side area) 



Net: u_a_buffer.GEN_SRAM.GEN_A_ROWS\[2\].sram_q_raw\[4\]
  Pin:   fanout586/A (gf180mcu_as_sc_mcu7t3v3__buff_2)
    Layer: Via1
      Partial area ratio:    0.10
      Required ratio:   20.00 (Gate area) 
      Cumulative area ratio:    0.10
      Required ratio:    0.00 (Cumulative area) 

    Layer: Metal2
      Partial area ratio:    1.06
      Required ratio:    0.00 (Gate area) 
      Cumulative area ratio:    1.06
      Required ratio:    0.00 (Cumulative area) 
      Partial area ratio:    4.53
      Required ratio:  400.00 (Side area) 
      Cumulative area ratio:    4.53
      Required ratio:    0.00 (Cumulative side area) 

    Layer: Via2
      Partial area ratio:    0.20
      Required ratio:   20.00 (Gate area) 
      Cumulative area ratio:    0.30
      Required ratio:    0.00 (Cumulative area) 

    Layer: Metal3
      Partial area ratio:    3.85
      Required ratio:    0.00 (Gate area) 
      Cumulative area ratio:    4.90
      Required ratio:    0.00 (Cumulative area) 
      Partial area ratio:   15.75
      Required ratio:  400.00 (Side area) 
      Cumulative area ratio:   20.28
      Required ratio:    0.00 (Cumulative side area) 

    Layer: Via3
      Partial area ratio:    0.10
      Required ratio:   20.00 (Gate area) 
      Cumulative area ratio:    0.41
      Required ratio:    0.00 (Cumulative area) 

    Layer: Metal4
      Partial area ratio:   10.84
      Required ratio:    0.00 (Gate area) 
      Cumulative area ratio:   15.74
      Required ratio:    0.00 (Cumulative area) 
      Partial area ratio:   41.84
      Required ratio:  400.00 (Side area) 
      Cumulative area ratio:   62.12
      Required ratio:    0.00 (Cumulative side area) 


  Pin:   fanout589/A (gf180mcu_as_sc_mcu7t3v3__buff_2)
    Layer: Via1
      Partial area ratio:    0.10
      Required ratio:   20.00 (Gate area) 
      Cumulative area ratio:    0.10
      Required ratio:    0.00 (Cumulative area) 

    Layer: Metal2
      Partial area ratio:    6.48
      Required ratio:    0.00 (Gate area) 
      Cumulative area ratio:    6.48
      Required ratio:    0.00 (Cumulative area) 
      Partial area ratio:   25.43
      Required ratio:  400.00 (Side area) 
      Cumulative area ratio:   25.43
      Required ratio:    0.00 (Cumulative side area) 

    Layer: Via2
      Partial area ratio:    0.30
      Required ratio:   20.00 (Gate area) 
      Cumulative area ratio:    0.41
      Required ratio:    0.00 (Cumulative area) 

    Layer: Metal3
      Partial area ratio:  106.52
      Required ratio:    0.00 (Gate area) 
      Cumulative area ratio:  113.00
      Required ratio:    0.00 (Cumulative area) 
      Partial area ratio:  412.68
      Required ratio:  400.00 (Side area) (VIOLATED)
      Cumulative area ratio:  438.11
      Required ratio:    0.00 (Cumulative side area) 

    Layer: Via3
      Partial area ratio:    0.20
      Required ratio:   20.00 (Gate area) 
      Cumulative area ratio:    0.61
      Required ratio:    0.00 (Cumulative area) 

    Layer: Metal4
      Partial area ratio:   10.84
      Required ratio:    0.00 (Gate area) 
      Cumulative area ratio:  123.83
      Required ratio:    0.00 (Cumulative area) 
      Partial area ratio:   41.84
      Required ratio:  400.00 (Side area) 
      Cumulative area ratio:  479.96
      Required ratio:    0.00 (Cumulative side area) 



Net: u_b_buffer.GEN_SRAM.GEN_B_COLS\[3\].sram_q_raw\[7\]
  Pin:   fanout342/A (gf180mcu_as_sc_mcu7t3v3__buff_2)
    Layer: Via1
      Partial area ratio:    0.10
      Required ratio:   20.00 (Gate area) 
      Cumulative area ratio:    0.10
      Required ratio:    0.00 (Cumulative area) 

    Layer: Metal2
      Partial area ratio:    1.50
      Required ratio:    0.00 (Gate area) 
      Cumulative area ratio:    1.50
      Required ratio:    0.00 (Cumulative area) 
      Partial area ratio:    6.24
      Required ratio:  400.00 (Side area) 
      Cumulative area ratio:    6.24
      Required ratio:    0.00 (Cumulative side area) 

    Layer: Via2
      Partial area ratio:    0.20
      Required ratio:   20.00 (Gate area) 
      Cumulative area ratio:    0.30
      Required ratio:    0.00 (Cumulative area) 

    Layer: Metal3
      Partial area ratio:    0.32
      Required ratio:    0.00 (Gate area) 
      Cumulative area ratio:    1.82
      Required ratio:    0.00 (Cumulative area) 
      Partial area ratio:    2.14
      Required ratio:  400.00 (Side area) 
      Cumulative area ratio:    8.37
      Required ratio:    0.00 (Cumulative side area) 

    Layer: Via3
      Partial area ratio:    0.10
      Required ratio:   20.00 (Gate area) 
      Cumulative area ratio:    0.41
      Required ratio:    0.00 (Cumulative area) 

    Layer: Metal4
      Partial area ratio:  162.76
      Required ratio:    0.00 (Gate area) 
      Cumulative area ratio:  164.57
      Required ratio:    0.00 (Cumulative area) 
      Partial area ratio:  628.68
      Required ratio:  400.00 (Side area) (VIOLATED)
      Cumulative area ratio:  637.06
      Required ratio:    0.00 (Cumulative side area) 

    Layer: Via4
      Partial area ratio:    0.10
      Required ratio:   20.00 (Gate area) 
      Cumulative area ratio:    0.51
      Required ratio:    0.00 (Cumulative area) 

    Layer: Metal5
      Partial area ratio:   17.28
      Required ratio:    0.00 (Gate area) 
      Cumulative area ratio:  181.86
      Required ratio:    0.00 (Cumulative area) 
      Partial area ratio:   93.56
      Required ratio:  400.00 (Side area) 
      Cumulative area ratio:  730.61
      Required ratio:    0.00 (Cumulative side area) 


  Pin:   fanout343/A (gf180mcu_as_sc_mcu7t3v3__buff_2)
    Layer: Via1
      Partial area ratio:    0.10
      Required ratio:   20.00 (Gate area) 
      Cumulative area ratio:    0.10
      Required ratio:    0.00 (Cumulative area) 

    Layer: Metal2
      Partial area ratio:    0.76
      Required ratio:    0.00 (Gate area) 
      Cumulative area ratio:    0.76
      Required ratio:    0.00 (Cumulative area) 
      Partial area ratio:    3.38
      Required ratio:  400.00 (Side area) 
      Cumulative area ratio:    3.38
      Required ratio:    0.00 (Cumulative side area) 

    Layer: Via2
      Partial area ratio:    0.20
      Required ratio:   20.00 (Gate area) 
      Cumulative area ratio:    0.30
      Required ratio:    0.00 (Cumulative area) 

    Layer: Metal3
      Partial area ratio:    0.32
      Required ratio:    0.00 (Gate area) 
      Cumulative area ratio:    1.08
      Required ratio:    0.00 (Cumulative area) 
      Partial area ratio:    2.14
      Required ratio:  400.00 (Side area) 
      Cumulative area ratio:    5.52
      Required ratio:    0.00 (Cumulative side area) 

    Layer: Via3
      Partial area ratio:    0.10
      Required ratio:   20.00 (Gate area) 
      Cumulative area ratio:    0.41
      Required ratio:    0.00 (Cumulative area) 

    Layer: Metal4
      Partial area ratio:   28.44
      Required ratio:    0.00 (Gate area) 
      Cumulative area ratio:   29.52
      Required ratio:    0.00 (Cumulative area) 
      Partial area ratio:  110.14
      Required ratio:  400.00 (Side area) 
      Cumulative area ratio:  115.66
      Required ratio:    0.00 (Cumulative side area) 

    Layer: Via4
      Partial area ratio:    0.10
      Required ratio:   20.00 (Gate area) 
      Cumulative area ratio:    0.51
      Required ratio:    0.00 (Cumulative area) 

    Layer: Metal5
      Partial area ratio:   17.28
      Required ratio:    0.00 (Gate area) 
      Cumulative area ratio:   46.80
      Required ratio:    0.00 (Cumulative area) 
      Partial area ratio:   93.56
      Required ratio:  400.00 (Side area) 
      Cumulative area ratio:  209.22
      Required ratio:    0.00 (Cumulative side area) 


  Pin:   fanout346/A (gf180mcu_as_sc_mcu7t3v3__buff_2)
    Layer: Via1
      Partial area ratio:    0.10
      Required ratio:   20.00 (Gate area) 
      Cumulative area ratio:    0.10
      Required ratio:    0.00 (Cumulative area) 

    Layer: Metal2
      Partial area ratio:    1.02
      Required ratio:    0.00 (Gate area) 
      Cumulative area ratio:    1.02
      Required ratio:    0.00 (Cumulative area) 
      Partial area ratio:    4.36
      Required ratio:  400.00 (Side area) 
      Cumulative area ratio:    4.36
      Required ratio:    0.00 (Cumulative side area) 

    Layer: Via2
      Partial area ratio:    0.11
      Required ratio:   20.00 (Gate area) 
      Cumulative area ratio:    0.22
      Required ratio:    0.00 (Cumulative area) 

    Layer: Metal3
      Partial area ratio:    6.89
      Required ratio:    0.00 (Gate area) 
      Cumulative area ratio:    7.91
      Required ratio:    0.00 (Cumulative area) 
      Partial area ratio:   26.63
      Required ratio:  400.00 (Side area) 
      Cumulative area ratio:   30.99
      Required ratio:    0.00 (Cumulative side area) 

    Layer: Via3
      Partial area ratio:    0.10
      Required ratio:    0.00 (Gate area) 
      Cumulative area ratio:    0.32
      Required ratio:    0.00 (Cumulative area) 

    Layer: Metal4
      Partial area ratio:    0.01
      Required ratio:    0.00 (Gate area) 
      Cumulative area ratio:    7.92
      Required ratio:    0.00 (Cumulative area) 
      Partial area ratio:    0.06
      Required ratio:  400.00 (Side area) 
      Cumulative area ratio:   31.06
      Required ratio:    0.00 (Cumulative side area) 

    Layer: Via4
      Partial area ratio:    0.10
      Required ratio:    0.00 (Gate area) 
      Cumulative area ratio:    0.42
      Required ratio:    0.00 (Cumulative area) 

    Layer: Metal5
      Partial area ratio:   17.28
      Required ratio:    0.00 (Gate area) 
      Cumulative area ratio:   25.20
      Required ratio:    0.00 (Cumulative area) 
      Partial area ratio:   93.56
      Required ratio:  400.00 (Side area) 
      Cumulative area ratio:  124.61
      Required ratio:    0.00 (Cumulative side area) 



Net: net335
  Pin:   _14924_/B (gf180mcu_as_sc_mcu7t3v3__oai211_2)
    Layer: Via1
      Partial area ratio:    0.05
      Required ratio:   20.00 (Gate area) 
      Cumulative area ratio:    0.05
      Required ratio:    0.00 (Cumulative area) 

    Layer: Metal2
      Partial area ratio:    0.61
      Required ratio:    0.00 (Gate area) 
      Cumulative area ratio:    0.61
      Required ratio:    0.00 (Cumulative area) 
      Partial area ratio:    2.57
      Required ratio:  400.00 (Side area) 
      Cumulative area ratio:    2.57
      Required ratio:    0.00 (Cumulative side area) 

    Layer: Via2
      Partial area ratio:    0.10
      Required ratio:   20.00 (Gate area) 
      Cumulative area ratio:    0.15
      Required ratio:    0.00 (Cumulative area) 

    Layer: Metal3
      Partial area ratio:  127.22
      Required ratio:    0.00 (Gate area) 
      Cumulative area ratio:  127.83
      Required ratio:    0.00 (Cumulative area) 
      Partial area ratio:  491.15
      Required ratio:  400.00 (Side area) (VIOLATED)
      Cumulative area ratio:  493.72
      Required ratio:    0.00 (Cumulative side area) 

    Layer: Via3
      Partial area ratio:    0.05
      Required ratio:   20.00 (Gate area) 
      Cumulative area ratio:    0.20
      Required ratio:    0.00 (Cumulative area) 

    Layer: Metal4
      Partial area ratio:   14.06
      Required ratio:    0.00 (Gate area) 
      Cumulative area ratio:  141.89
      Required ratio:    0.00 (Cumulative area) 
      Partial area ratio:   54.26
      Required ratio:  400.00 (Side area) 
      Cumulative area ratio:  547.98
      Required ratio:    0.00 (Cumulative side area) 

    Layer: Via4
      Partial area ratio:    0.03
      Required ratio:    0.00 (Gate area) 
      Cumulative area ratio:    0.23
      Required ratio:    0.00 (Cumulative area) 

    Layer: Metal5
      Partial area ratio:   14.74
      Required ratio:    0.00 (Gate area) 
      Cumulative area ratio:  156.63
      Required ratio:    0.00 (Cumulative area) 
      Partial area ratio:   79.78
      Required ratio:  400.00 (Side area) 
      Cumulative area ratio:  627.76
      Required ratio:    0.00 (Cumulative side area) 


  Pin:   _17443_/A (gf180mcu_as_sc_mcu7t3v3__oai211_2)
    Layer: Via1
      Partial area ratio:    0.05
      Required ratio:   20.00 (Gate area) 
      Cumulative area ratio:    0.05
      Required ratio:    0.00 (Cumulative area) 

    Layer: Metal2
      Partial area ratio:    1.02
      Required ratio:    0.00 (Gate area) 
      Cumulative area ratio:    1.02
      Required ratio:    0.00 (Cumulative area) 
      Partial area ratio:    4.18
      Required ratio:  400.00 (Side area) 
      Cumulative area ratio:    4.18
      Required ratio:    0.00 (Cumulative side area) 

    Layer: Via2
      Partial area ratio:    0.10
      Required ratio:   20.00 (Gate area) 
      Cumulative area ratio:    0.15
      Required ratio:    0.00 (Cumulative area) 

    Layer: Metal3
      Partial area ratio:    0.16
      Required ratio:    0.00 (Gate area) 
      Cumulative area ratio:    1.18
      Required ratio:    0.00 (Cumulative area) 
      Partial area ratio:    1.07
      Required ratio:  400.00 (Side area) 
      Cumulative area ratio:    5.25
      Required ratio:    0.00 (Cumulative side area) 

    Layer: Via3
      Partial area ratio:    0.05
      Required ratio:   20.00 (Gate area) 
      Cumulative area ratio:    0.20
      Required ratio:    0.00 (Cumulative area) 

    Layer: Metal4
      Partial area ratio:    0.08
      Required ratio:    0.00 (Gate area) 
      Cumulative area ratio:    1.26
      Required ratio:    0.00 (Cumulative area) 
      Partial area ratio:    0.53
      Required ratio:  400.00 (Side area) 
      Cumulative area ratio:    5.78
      Required ratio:    0.00 (Cumulative side area) 

    Layer: Via4
      Partial area ratio:    0.05
      Required ratio:   20.00 (Gate area) 
      Cumulative area ratio:    0.25
      Required ratio:    0.00 (Cumulative area) 

    Layer: Metal5
      Partial area ratio:   14.74
      Required ratio:    0.00 (Gate area) 
      Cumulative area ratio:   16.00
      Required ratio:    0.00 (Cumulative area) 
      Partial area ratio:   79.78
      Required ratio:  400.00 (Side area) 
      Cumulative area ratio:   85.56
      Required ratio:    0.00 (Cumulative side area) 


  Pin:   _19883_/A (gf180mcu_as_sc_mcu7t3v3__oai211_2)
    Layer: Via1
      Partial area ratio:    0.05
      Required ratio:   20.00 (Gate area) 
      Cumulative area ratio:    0.05
      Required ratio:    0.00 (Cumulative area) 

    Layer: Metal2
      Partial area ratio:    1.26
      Required ratio:    0.00 (Gate area) 
      Cumulative area ratio:    1.26
      Required ratio:    0.00 (Cumulative area) 
      Partial area ratio:    5.08
      Required ratio:  400.00 (Side area) 
      Cumulative area ratio:    5.08
      Required ratio:    0.00 (Cumulative side area) 

    Layer: Via2
      Partial area ratio:    0.10
      Required ratio:   20.00 (Gate area) 
      Cumulative area ratio:    0.15
      Required ratio:    0.00 (Cumulative area) 

    Layer: Metal3
      Partial area ratio:    0.16
      Required ratio:    0.00 (Gate area) 
      Cumulative area ratio:    1.42
      Required ratio:    0.00 (Cumulative area) 
      Partial area ratio:    1.07
      Required ratio:  400.00 (Side area) 
      Cumulative area ratio:    6.15
      Required ratio:    0.00 (Cumulative side area) 

    Layer: Via3
      Partial area ratio:    0.05
      Required ratio:   20.00 (Gate area) 
      Cumulative area ratio:    0.20
      Required ratio:    0.00 (Cumulative area) 

    Layer: Metal4
      Partial area ratio:   14.06
      Required ratio:    0.00 (Gate area) 
      Cumulative area ratio:   15.48
      Required ratio:    0.00 (Cumulative area) 
      Partial area ratio:   54.26
      Required ratio:  400.00 (Side area) 
      Cumulative area ratio:   60.41
      Required ratio:    0.00 (Cumulative side area) 

    Layer: Via4
      Partial area ratio:    0.03
      Required ratio:    0.00 (Gate area) 
      Cumulative area ratio:    0.23
      Required ratio:    0.00 (Cumulative area) 

    Layer: Metal5
      Partial area ratio:   14.74
      Required ratio:    0.00 (Gate area) 
      Cumulative area ratio:   30.22
      Required ratio:    0.00 (Cumulative area) 
      Partial area ratio:   79.78
      Required ratio:  400.00 (Side area) 
      Cumulative area ratio:  140.20
      Required ratio:    0.00 (Cumulative side area) 



Net: net435
  Pin:   _12431_/B (gf180mcu_as_sc_mcu7t3v3__nand2b_2)
    Layer: Via1
      Partial area ratio:    0.05
      Required ratio:   20.00 (Gate area) 
      Cumulative area ratio:    0.05
      Required ratio:    0.00 (Cumulative area) 

    Layer: Metal2
      Partial area ratio:    1.31
      Required ratio:    0.00 (Gate area) 
      Cumulative area ratio:    1.31
      Required ratio:    0.00 (Cumulative area) 
      Partial area ratio:    5.28
      Required ratio:  400.00 (Side area) 
      Cumulative area ratio:    5.28
      Required ratio:    0.00 (Cumulative side area) 

    Layer: Via2
      Partial area ratio:    0.10
      Required ratio:   20.00 (Gate area) 
      Cumulative area ratio:    0.15
      Required ratio:    0.00 (Cumulative area) 

    Layer: Metal3
      Partial area ratio:   21.42
      Required ratio:    0.00 (Gate area) 
      Cumulative area ratio:   22.73
      Required ratio:    0.00 (Cumulative area) 
      Partial area ratio:   83.29
      Required ratio:  400.00 (Side area) 
      Cumulative area ratio:   88.57
      Required ratio:    0.00 (Cumulative side area) 

    Layer: Via3
      Partial area ratio:    0.05
      Required ratio:   20.00 (Gate area) 
      Cumulative area ratio:    0.20
      Required ratio:    0.00 (Cumulative area) 

    Layer: Metal4
      Partial area ratio:   22.76
      Required ratio:    0.00 (Gate area) 
      Cumulative area ratio:   45.48
      Required ratio:    0.00 (Cumulative area) 
      Partial area ratio:   87.93
      Required ratio:  400.00 (Side area) 
      Cumulative area ratio:  176.49
      Required ratio:    0.00 (Cumulative side area) 

    Layer: Via4
      Partial area ratio:    0.02
      Required ratio:    0.00 (Gate area) 
      Cumulative area ratio:    0.22
      Required ratio:    0.00 (Cumulative area) 

    Layer: Metal5
      Partial area ratio:   22.87
      Required ratio:    0.00 (Gate area) 
      Cumulative area ratio:   68.35
      Required ratio:    0.00 (Cumulative area) 
      Partial area ratio:  123.85
      Required ratio:  400.00 (Side area) 
      Cumulative area ratio:  300.35
      Required ratio:    0.00 (Cumulative side area) 


  Pin:   fanout431/A (gf180mcu_as_sc_mcu7t3v3__buff_2)
    Layer: Via1
      Partial area ratio:    0.10
      Required ratio:   20.00 (Gate area) 
      Cumulative area ratio:    0.10
      Required ratio:    0.00 (Cumulative area) 

    Layer: Metal2
      Partial area ratio:    1.26
      Required ratio:    0.00 (Gate area) 
      Cumulative area ratio:    1.26
      Required ratio:    0.00 (Cumulative area) 
      Partial area ratio:    5.33
      Required ratio:  400.00 (Side area) 
      Cumulative area ratio:    5.33
      Required ratio:    0.00 (Cumulative side area) 

    Layer: Via2
      Partial area ratio:    0.20
      Required ratio:   20.00 (Gate area) 
      Cumulative area ratio:    0.30
      Required ratio:    0.00 (Cumulative area) 

    Layer: Metal3
      Partial area ratio:   25.03
      Required ratio:    0.00 (Gate area) 
      Cumulative area ratio:   26.29
      Required ratio:    0.00 (Cumulative area) 
      Partial area ratio:   97.43
      Required ratio:  400.00 (Side area) 
      Cumulative area ratio:  102.76
      Required ratio:    0.00 (Cumulative side area) 

    Layer: Via3
      Partial area ratio:    0.10
      Required ratio:   20.00 (Gate area) 
      Cumulative area ratio:    0.41
      Required ratio:    0.00 (Cumulative area) 

    Layer: Metal4
      Partial area ratio:   21.38
      Required ratio:    0.00 (Gate area) 
      Cumulative area ratio:   47.67
      Required ratio:    0.00 (Cumulative area) 
      Partial area ratio:   82.91
      Required ratio:  400.00 (Side area) 
      Cumulative area ratio:  185.67
      Required ratio:    0.00 (Cumulative side area) 

    Layer: Via4
      Partial area ratio:    0.10
      Required ratio:   20.00 (Gate area) 
      Cumulative area ratio:    0.51
      Required ratio:    0.00 (Cumulative area) 

    Layer: Metal5
      Partial area ratio:   22.87
      Required ratio:    0.00 (Gate area) 
      Cumulative area ratio:   70.53
      Required ratio:    0.00 (Cumulative area) 
      Partial area ratio:  123.85
      Required ratio:  400.00 (Side area) 
      Cumulative area ratio:  309.53
      Required ratio:    0.00 (Cumulative side area) 


  Pin:   fanout432/A (gf180mcu_as_sc_mcu7t3v3__buff_2)
    Layer: Via1
      Partial area ratio:    0.10
      Required ratio:   20.00 (Gate area) 
      Cumulative area ratio:    0.10
      Required ratio:    0.00 (Cumulative area) 

    Layer: Metal2
      Partial area ratio:    1.59
      Required ratio:    0.00 (Gate area) 
      Cumulative area ratio:    1.59
      Required ratio:    0.00 (Cumulative area) 
      Partial area ratio:    6.21
      Required ratio:  400.00 (Side area) 
      Cumulative area ratio:    6.21
      Required ratio:    0.00 (Cumulative side area) 

    Layer: Via2
      Partial area ratio:    0.41
      Required ratio:    0.00 (Gate area) 
      Cumulative area ratio:    0.51
      Required ratio:    0.00 (Cumulative area) 

    Layer: Metal3
      Partial area ratio:    0.88
      Required ratio:    0.00 (Gate area) 
      Cumulative area ratio:    2.47
      Required ratio:    0.00 (Cumulative area) 
      Partial area ratio:    3.80
      Required ratio:  400.00 (Side area) 
      Cumulative area ratio:   10.01
      Required ratio:    0.00 (Cumulative side area) 

    Layer: Via3
      Partial area ratio:    0.20
      Required ratio:    0.00 (Gate area) 
      Cumulative area ratio:    0.71
      Required ratio:    0.00 (Cumulative area) 

    Layer: Metal4
      Partial area ratio:   22.76
      Required ratio:    0.00 (Gate area) 
      Cumulative area ratio:   25.22
      Required ratio:    0.00 (Cumulative area) 
      Partial area ratio:   87.93
      Required ratio:  400.00 (Side area) 
      Cumulative area ratio:   97.93
      Required ratio:    0.00 (Cumulative side area) 

    Layer: Via4
      Partial area ratio:    0.02
      Required ratio:    0.00 (Gate area) 
      Cumulative area ratio:    0.73
      Required ratio:    0.00 (Cumulative area) 

    Layer: Metal5
      Partial area ratio:   22.87
      Required ratio:    0.00 (Gate area) 
      Cumulative area ratio:   48.09
      Required ratio:    0.00 (Cumulative area) 
      Partial area ratio:  123.85
      Required ratio:  400.00 (Side area) 
      Cumulative area ratio:  221.79
      Required ratio:    0.00 (Cumulative side area) 


  Pin:   fanout433/A (gf180mcu_as_sc_mcu7t3v3__buff_2)
    Layer: Via1
      Partial area ratio:    0.10
      Required ratio:   20.00 (Gate area) 
      Cumulative area ratio:    0.10
      Required ratio:    0.00 (Cumulative area) 

    Layer: Metal2
      Partial area ratio:    0.79
      Required ratio:    0.00 (Gate area) 
      Cumulative area ratio:    0.79
      Required ratio:    0.00 (Cumulative area) 
      Partial area ratio:    3.51
      Required ratio:  400.00 (Side area) 
      Cumulative area ratio:    3.51
      Required ratio:    0.00 (Cumulative side area) 

    Layer: Via2
      Partial area ratio:    0.20
      Required ratio:   20.00 (Gate area) 
      Cumulative area ratio:    0.30
      Required ratio:    0.00 (Cumulative area) 

    Layer: Metal3
      Partial area ratio:    0.32
      Required ratio:    0.00 (Gate area) 
      Cumulative area ratio:    1.11
      Required ratio:    0.00 (Cumulative area) 
      Partial area ratio:    2.14
      Required ratio:  400.00 (Side area) 
      Cumulative area ratio:    5.65
      Required ratio:    0.00 (Cumulative side area) 

    Layer: Via3
      Partial area ratio:    0.10
      Required ratio:   20.00 (Gate area) 
      Cumulative area ratio:    0.41
      Required ratio:    0.00 (Cumulative area) 

    Layer: Metal4
      Partial area ratio:   22.76
      Required ratio:    0.00 (Gate area) 
      Cumulative area ratio:   23.87
      Required ratio:    0.00 (Cumulative area) 
      Partial area ratio:   87.93
      Required ratio:  400.00 (Side area) 
      Cumulative area ratio:   93.58
      Required ratio:    0.00 (Cumulative side area) 

    Layer: Via4
      Partial area ratio:    0.02
      Required ratio:    0.00 (Gate area) 
      Cumulative area ratio:    0.43
      Required ratio:    0.00 (Cumulative area) 

    Layer: Metal5
      Partial area ratio:   22.87
      Required ratio:    0.00 (Gate area) 
      Cumulative area ratio:   46.73
      Required ratio:    0.00 (Cumulative area) 
      Partial area ratio:  123.85
      Required ratio:  400.00 (Side area) 
      Cumulative area ratio:  217.43
      Required ratio:    0.00 (Cumulative side area) 


  Pin:   fanout434/A (gf180mcu_as_sc_mcu7t3v3__buff_2)
    Layer: Via1
      Partial area ratio:    0.10
      Required ratio:   20.00 (Gate area) 
      Cumulative area ratio:    0.10
      Required ratio:    0.00 (Cumulative area) 

    Layer: Metal2
      Partial area ratio:    2.67
      Required ratio:    0.00 (Gate area) 
      Cumulative area ratio:    2.67
      Required ratio:    0.00 (Cumulative area) 
      Partial area ratio:   10.75
      Required ratio:  400.00 (Side area) 
      Cumulative area ratio:   10.75
      Required ratio:    0.00 (Cumulative side area) 

    Layer: Via2
      Partial area ratio:    0.20
      Required ratio:   20.00 (Gate area) 
      Cumulative area ratio:    0.30
      Required ratio:    0.00 (Cumulative area) 

    Layer: Metal3
      Partial area ratio:  229.73
      Required ratio:    0.00 (Gate area) 
      Cumulative area ratio:  232.40
      Required ratio:    0.00 (Cumulative area) 
      Partial area ratio:  887.01
      Required ratio:  400.00 (Side area) (VIOLATED)
      Cumulative area ratio:  897.76
      Required ratio:    0.00 (Cumulative side area) 

    Layer: Via3
      Partial area ratio:    0.10
      Required ratio:   20.00 (Gate area) 
      Cumulative area ratio:    0.41
      Required ratio:    0.00 (Cumulative area) 

    Layer: Metal4
      Partial area ratio:   22.76
      Required ratio:    0.00 (Gate area) 
      Cumulative area ratio:  255.16
      Required ratio:    0.00 (Cumulative area) 
      Partial area ratio:   87.93
      Required ratio:  400.00 (Side area) 
      Cumulative area ratio:  985.69
      Required ratio:    0.00 (Cumulative side area) 

    Layer: Via4
      Partial area ratio:    0.02
      Required ratio:    0.00 (Gate area) 
      Cumulative area ratio:    0.43
      Required ratio:    0.00 (Cumulative area) 

    Layer: Metal5
      Partial area ratio:   22.87
      Required ratio:    0.00 (Gate area) 
      Cumulative area ratio:  278.02
      Required ratio:    0.00 (Cumulative area) 
      Partial area ratio:  123.85
      Required ratio:  400.00 (Side area) 
      Cumulative area ratio: 1109.54
      Required ratio:    0.00 (Cumulative side area) 



Net: net451
  Pin:   _12315_/B (gf180mcu_as_sc_mcu7t3v3__nand3_2)
    Layer: Via1
      Partial area ratio:    0.05
      Required ratio:   20.00 (Gate area) 
      Cumulative area ratio:    0.05
      Required ratio:    0.00 (Cumulative area) 

    Layer: Metal2
      Partial area ratio:    6.24
      Required ratio:    0.00 (Gate area) 
      Cumulative area ratio:    6.24
      Required ratio:    0.00 (Cumulative area) 
      Partial area ratio:   24.29
      Required ratio:  400.00 (Side area) 
      Cumulative area ratio:   24.29
      Required ratio:    0.00 (Cumulative side area) 

    Layer: Via2
      Partial area ratio:    0.10
      Required ratio:   20.00 (Gate area) 
      Cumulative area ratio:    0.15
      Required ratio:    0.00 (Cumulative area) 

    Layer: Metal3
      Partial area ratio:    1.92
      Required ratio:    0.00 (Gate area) 
      Cumulative area ratio:    8.16
      Required ratio:    0.00 (Cumulative area) 
      Partial area ratio:    7.88
      Required ratio:  400.00 (Side area) 
      Cumulative area ratio:   32.17
      Required ratio:    0.00 (Cumulative side area) 

    Layer: Via3
      Partial area ratio:    0.05
      Required ratio:   20.00 (Gate area) 
      Cumulative area ratio:    0.20
      Required ratio:    0.00 (Cumulative area) 

    Layer: Metal4
      Partial area ratio:   22.96
      Required ratio:    0.00 (Gate area) 
      Cumulative area ratio:   31.12
      Required ratio:    0.00 (Cumulative area) 
      Partial area ratio:   88.68
      Required ratio:  400.00 (Side area) 
      Cumulative area ratio:  120.85
      Required ratio:    0.00 (Cumulative side area) 


  Pin:   fanout447/A (gf180mcu_as_sc_mcu7t3v3__buff_2)
    Layer: Via1
      Partial area ratio:    0.10
      Required ratio:   20.00 (Gate area) 
      Cumulative area ratio:    0.10
      Required ratio:    0.00 (Cumulative area) 

    Layer: Metal2
      Partial area ratio:    1.76
      Required ratio:    0.00 (Gate area) 
      Cumulative area ratio:    1.76
      Required ratio:    0.00 (Cumulative area) 
      Partial area ratio:    7.25
      Required ratio:  400.00 (Side area) 
      Cumulative area ratio:    7.25
      Required ratio:    0.00 (Cumulative side area) 

    Layer: Via2
      Partial area ratio:    0.20
      Required ratio:   20.00 (Gate area) 
      Cumulative area ratio:    0.30
      Required ratio:    0.00 (Cumulative area) 

    Layer: Metal3
      Partial area ratio:    0.32
      Required ratio:    0.00 (Gate area) 
      Cumulative area ratio:    2.08
      Required ratio:    0.00 (Cumulative area) 
      Partial area ratio:    2.14
      Required ratio:  400.00 (Side area) 
      Cumulative area ratio:    9.39
      Required ratio:    0.00 (Cumulative side area) 

    Layer: Via3
      Partial area ratio:    0.10
      Required ratio:   20.00 (Gate area) 
      Cumulative area ratio:    0.41
      Required ratio:    0.00 (Cumulative area) 

    Layer: Metal4
      Partial area ratio:   22.96
      Required ratio:    0.00 (Gate area) 
      Cumulative area ratio:   25.04
      Required ratio:    0.00 (Cumulative area) 
      Partial area ratio:   88.68
      Required ratio:  400.00 (Side area) 
      Cumulative area ratio:   98.07
      Required ratio:    0.00 (Cumulative side area) 


  Pin:   fanout448/A (gf180mcu_as_sc_mcu7t3v3__buff_2)
    Layer: Via1
      Partial area ratio:    0.10
      Required ratio:   20.00 (Gate area) 
      Cumulative area ratio:    0.10
      Required ratio:    0.00 (Cumulative area) 

    Layer: Metal2
      Partial area ratio:    1.73
      Required ratio:    0.00 (Gate area) 
      Cumulative area ratio:    1.73
      Required ratio:    0.00 (Cumulative area) 
      Partial area ratio:    7.14
      Required ratio:  400.00 (Side area) 
      Cumulative area ratio:    7.14
      Required ratio:    0.00 (Cumulative side area) 

    Layer: Via2
      Partial area ratio:    0.20
      Required ratio:   20.00 (Gate area) 
      Cumulative area ratio:    0.30
      Required ratio:    0.00 (Cumulative area) 

    Layer: Metal3
      Partial area ratio:  215.77
      Required ratio:    0.00 (Gate area) 
      Cumulative area ratio:  217.51
      Required ratio:    0.00 (Cumulative area) 
      Partial area ratio:  833.63
      Required ratio:  400.00 (Side area) (VIOLATED)
      Cumulative area ratio:  840.77
      Required ratio:    0.00 (Cumulative side area) 

    Layer: Via3
      Partial area ratio:    0.20
      Required ratio:   20.00 (Gate area) 
      Cumulative area ratio:    0.51
      Required ratio:    0.00 (Cumulative area) 

    Layer: Metal4
      Partial area ratio:   22.96
      Required ratio:    0.00 (Gate area) 
      Cumulative area ratio:  240.46
      Required ratio:    0.00 (Cumulative area) 
      Partial area ratio:   88.68
      Required ratio:  400.00 (Side area) 
      Cumulative area ratio:  929.46
      Required ratio:    0.00 (Cumulative side area) 


  Pin:   fanout449/A (gf180mcu_as_sc_mcu7t3v3__buff_2)
    Layer: Via1
      Partial area ratio:    0.10
      Required ratio:   20.00 (Gate area) 
      Cumulative area ratio:    0.10
      Required ratio:    0.00 (Cumulative area) 

    Layer: Metal2
      Partial area ratio:    4.28
      Required ratio:    0.00 (Gate area) 
      Cumulative area ratio:    4.28
      Required ratio:    0.00 (Cumulative area) 
      Partial area ratio:   16.60
      Required ratio:  400.00 (Side area) 
      Cumulative area ratio:   16.60
      Required ratio:    0.00 (Cumulative side area) 

    Layer: Via2
      Partial area ratio:    0.41
      Required ratio:    0.00 (Gate area) 
      Cumulative area ratio:    0.51
      Required ratio:    0.00 (Cumulative area) 

    Layer: Metal3
      Partial area ratio:    1.63
      Required ratio:    0.00 (Gate area) 
      Cumulative area ratio:    5.91
      Required ratio:    0.00 (Cumulative area) 
      Partial area ratio:    6.68
      Required ratio:  400.00 (Side area) 
      Cumulative area ratio:   23.28
      Required ratio:    0.00 (Cumulative side area) 

    Layer: Via3
      Partial area ratio:    0.20
      Required ratio:    0.00 (Gate area) 
      Cumulative area ratio:    0.71
      Required ratio:    0.00 (Cumulative area) 

    Layer: Metal4
      Partial area ratio:   22.96
      Required ratio:    0.00 (Gate area) 
      Cumulative area ratio:   28.87
      Required ratio:    0.00 (Cumulative area) 
      Partial area ratio:   88.68
      Required ratio:  400.00 (Side area) 
      Cumulative area ratio:  111.97
      Required ratio:    0.00 (Cumulative side area) 


  Pin:   fanout450/A (gf180mcu_as_sc_mcu7t3v3__buff_2)
    Layer: Via1
      Partial area ratio:    0.10
      Required ratio:   20.00 (Gate area) 
      Cumulative area ratio:    0.10
      Required ratio:    0.00 (Cumulative area) 

    Layer: Metal2
      Partial area ratio:    1.73
      Required ratio:    0.00 (Gate area) 
      Cumulative area ratio:    1.73
      Required ratio:    0.00 (Cumulative area) 
      Partial area ratio:    7.14
      Required ratio:  400.00 (Side area) 
      Cumulative area ratio:    7.14
      Required ratio:    0.00 (Cumulative side area) 

    Layer: Via2
      Partial area ratio:    0.20
      Required ratio:   20.00 (Gate area) 
      Cumulative area ratio:    0.30
      Required ratio:    0.00 (Cumulative area) 

    Layer: Metal3
      Partial area ratio:    7.54
      Required ratio:    0.00 (Gate area) 
      Cumulative area ratio:    9.27
      Required ratio:    0.00 (Cumulative area) 
      Partial area ratio:   30.44
      Required ratio:  400.00 (Side area) 
      Cumulative area ratio:   37.58
      Required ratio:    0.00 (Cumulative side area) 

    Layer: Via3
      Partial area ratio:    0.10
      Required ratio:   20.00 (Gate area) 
      Cumulative area ratio:    0.41
      Required ratio:    0.00 (Cumulative area) 

    Layer: Metal4
      Partial area ratio:   22.96
      Required ratio:    0.00 (Gate area) 
      Cumulative area ratio:   32.23
      Required ratio:    0.00 (Cumulative area) 
      Partial area ratio:   88.68
      Required ratio:  400.00 (Side area) 
      Cumulative area ratio:  126.26
      Required ratio:    0.00 (Cumulative side area) 



Net: net479
  Pin:   _11814_/B (gf180mcu_as_sc_mcu7t3v3__nand2b_2)
    Layer: Via1
      Partial area ratio:    0.05
      Required ratio:   20.00 (Gate area) 
      Cumulative area ratio:    0.05
      Required ratio:    0.00 (Cumulative area) 

    Layer: Metal2
      Partial area ratio:    1.66
      Required ratio:    0.00 (Gate area) 
      Cumulative area ratio:    1.66
      Required ratio:    0.00 (Cumulative area) 
      Partial area ratio:    6.62
      Required ratio:  400.00 (Side area) 
      Cumulative area ratio:    6.62
      Required ratio:    0.00 (Cumulative side area) 

    Layer: Via2
      Partial area ratio:    0.10
      Required ratio:   20.00 (Gate area) 
      Cumulative area ratio:    0.15
      Required ratio:    0.00 (Cumulative area) 

    Layer: Metal3
      Partial area ratio:    2.20
      Required ratio:    0.00 (Gate area) 
      Cumulative area ratio:    3.86
      Required ratio:    0.00 (Cumulative area) 
      Partial area ratio:    8.75
      Required ratio:  400.00 (Side area) 
      Cumulative area ratio:   15.37
      Required ratio:    0.00 (Cumulative side area) 

    Layer: Via3
      Partial area ratio:    0.03
      Required ratio:    0.00 (Gate area) 
      Cumulative area ratio:    0.19
      Required ratio:    0.00 (Cumulative area) 

    Layer: Metal4
      Partial area ratio:    5.84
      Required ratio:    0.00 (Gate area) 
      Cumulative area ratio:    9.70
      Required ratio:    0.00 (Cumulative area) 
      Partial area ratio:   22.67
      Required ratio:  400.00 (Side area) 
      Cumulative area ratio:   38.04
      Required ratio:    0.00 (Cumulative side area) 

    Layer: Via4
      Partial area ratio:    0.03
      Required ratio:    0.00 (Gate area) 
      Cumulative area ratio:    0.22
      Required ratio:    0.00 (Cumulative area) 

    Layer: Metal5
      Partial area ratio:   29.72
      Required ratio:    0.00 (Gate area) 
      Cumulative area ratio:   39.42
      Required ratio:    0.00 (Cumulative area) 
      Partial area ratio:  160.91
      Required ratio:  400.00 (Side area) 
      Cumulative area ratio:  198.95
      Required ratio:    0.00 (Cumulative side area) 


  Pin:   fanout475/A (gf180mcu_as_sc_mcu7t3v3__buff_2)
    Layer: Via1
      Partial area ratio:    0.10
      Required ratio:   20.00 (Gate area) 
      Cumulative area ratio:    0.10
      Required ratio:    0.00 (Cumulative area) 

    Layer: Metal2
      Partial area ratio:    2.20
      Required ratio:    0.00 (Gate area) 
      Cumulative area ratio:    2.20
      Required ratio:    0.00 (Cumulative area) 
      Partial area ratio:    8.93
      Required ratio:  400.00 (Side area) 
      Cumulative area ratio:    8.93
      Required ratio:    0.00 (Cumulative side area) 

    Layer: Via2
      Partial area ratio:    0.20
      Required ratio:   20.00 (Gate area) 
      Cumulative area ratio:    0.30
      Required ratio:    0.00 (Cumulative area) 

    Layer: Metal3
      Partial area ratio:    7.38
      Required ratio:    0.00 (Gate area) 
      Cumulative area ratio:    9.58
      Required ratio:    0.00 (Cumulative area) 
      Partial area ratio:   29.37
      Required ratio:  400.00 (Side area) 
      Cumulative area ratio:   38.30
      Required ratio:    0.00 (Cumulative side area) 

    Layer: Via3
      Partial area ratio:    0.10
      Required ratio:   20.00 (Gate area) 
      Cumulative area ratio:    0.41
      Required ratio:    0.00 (Cumulative area) 

    Layer: Metal4
      Partial area ratio:   95.47
      Required ratio:    0.00 (Gate area) 
      Cumulative area ratio:  105.05
      Required ratio:    0.00 (Cumulative area) 
      Partial area ratio:  368.71
      Required ratio:  400.00 (Side area) 
      Cumulative area ratio:  407.01
      Required ratio:    0.00 (Cumulative side area) 

    Layer: Via4
      Partial area ratio:    0.05
      Required ratio:   20.00 (Gate area) 
      Cumulative area ratio:    0.46
      Required ratio:    0.00 (Cumulative area) 

    Layer: Metal5
      Partial area ratio:   29.72
      Required ratio:    0.00 (Gate area) 
      Cumulative area ratio:  134.77
      Required ratio:    0.00 (Cumulative area) 
      Partial area ratio:  160.91
      Required ratio:  400.00 (Side area) 
      Cumulative area ratio:  567.93
      Required ratio:    0.00 (Cumulative side area) 


  Pin:   fanout476/A (gf180mcu_as_sc_mcu7t3v3__buff_2)
    Layer: Via1
      Partial area ratio:    0.10
      Required ratio:   20.00 (Gate area) 
      Cumulative area ratio:    0.10
      Required ratio:    0.00 (Cumulative area) 

    Layer: Metal2
      Partial area ratio:    2.67
      Required ratio:    0.00 (Gate area) 
      Cumulative area ratio:    2.67
      Required ratio:    0.00 (Cumulative area) 
      Partial area ratio:   10.75
      Required ratio:  400.00 (Side area) 
      Cumulative area ratio:   10.75
      Required ratio:    0.00 (Cumulative side area) 

    Layer: Via2
      Partial area ratio:    0.20
      Required ratio:   20.00 (Gate area) 
      Cumulative area ratio:    0.30
      Required ratio:    0.00 (Cumulative area) 

    Layer: Metal3
      Partial area ratio:    7.38
      Required ratio:    0.00 (Gate area) 
      Cumulative area ratio:   10.05
      Required ratio:    0.00 (Cumulative area) 
      Partial area ratio:   29.37
      Required ratio:  400.00 (Side area) 
      Cumulative area ratio:   40.12
      Required ratio:    0.00 (Cumulative side area) 

    Layer: Via3
      Partial area ratio:    0.20
      Required ratio:   20.00 (Gate area) 
      Cumulative area ratio:    0.51
      Required ratio:    0.00 (Cumulative area) 

    Layer: Metal4
      Partial area ratio:   95.47
      Required ratio:    0.00 (Gate area) 
      Cumulative area ratio:  105.52
      Required ratio:    0.00 (Cumulative area) 
      Partial area ratio:  368.71
      Required ratio:  400.00 (Side area) 
      Cumulative area ratio:  408.83
      Required ratio:    0.00 (Cumulative side area) 

    Layer: Via4
      Partial area ratio:    0.05
      Required ratio:   20.00 (Gate area) 
      Cumulative area ratio:    0.56
      Required ratio:    0.00 (Cumulative area) 

    Layer: Metal5
      Partial area ratio:   29.72
      Required ratio:    0.00 (Gate area) 
      Cumulative area ratio:  135.24
      Required ratio:    0.00 (Cumulative area) 
      Partial area ratio:  160.91
      Required ratio:  400.00 (Side area) 
      Cumulative area ratio:  569.74
      Required ratio:    0.00 (Cumulative side area) 


  Pin:   fanout477/A (gf180mcu_as_sc_mcu7t3v3__buff_2)
    Layer: Via1
      Partial area ratio:    0.10
      Required ratio:   20.00 (Gate area) 
      Cumulative area ratio:    0.10
      Required ratio:    0.00 (Cumulative area) 

    Layer: Metal2
      Partial area ratio:    4.30
      Required ratio:    0.00 (Gate area) 
      Cumulative area ratio:    4.30
      Required ratio:    0.00 (Cumulative area) 
      Partial area ratio:   17.05
      Required ratio:  400.00 (Side area) 
      Cumulative area ratio:   17.05
      Required ratio:    0.00 (Cumulative side area) 

    Layer: Via2
      Partial area ratio:    0.20
      Required ratio:   20.00 (Gate area) 
      Cumulative area ratio:    0.30
      Required ratio:    0.00 (Cumulative area) 

    Layer: Metal3
      Partial area ratio:    2.20
      Required ratio:    0.00 (Gate area) 
      Cumulative area ratio:    6.50
      Required ratio:    0.00 (Cumulative area) 
      Partial area ratio:    8.75
      Required ratio:  400.00 (Side area) 
      Cumulative area ratio:   25.80
      Required ratio:    0.00 (Cumulative side area) 

    Layer: Via3
      Partial area ratio:    0.03
      Required ratio:    0.00 (Gate area) 
      Cumulative area ratio:    0.34
      Required ratio:    0.00 (Cumulative area) 

    Layer: Metal4
      Partial area ratio:    5.84
      Required ratio:    0.00 (Gate area) 
      Cumulative area ratio:   12.34
      Required ratio:    0.00 (Cumulative area) 
      Partial area ratio:   22.67
      Required ratio:  400.00 (Side area) 
      Cumulative area ratio:   48.47
      Required ratio:    0.00 (Cumulative side area) 

    Layer: Via4
      Partial area ratio:    0.03
      Required ratio:    0.00 (Gate area) 
      Cumulative area ratio:    0.37
      Required ratio:    0.00 (Cumulative area) 

    Layer: Metal5
      Partial area ratio:   29.72
      Required ratio:    0.00 (Gate area) 
      Cumulative area ratio:   42.06
      Required ratio:    0.00 (Cumulative area) 
      Partial area ratio:  160.91
      Required ratio:  400.00 (Side area) 
      Cumulative area ratio:  209.38
      Required ratio:    0.00 (Cumulative side area) 


  Pin:   fanout478/A (gf180mcu_as_sc_mcu7t3v3__buff_2)
    Layer: Via1
      Partial area ratio:    0.10
      Required ratio:   20.00 (Gate area) 
      Cumulative area ratio:    0.10
      Required ratio:    0.00 (Cumulative area) 

    Layer: Metal2
      Partial area ratio:    2.43
      Required ratio:    0.00 (Gate area) 
      Cumulative area ratio:    2.43
      Required ratio:    0.00 (Cumulative area) 
      Partial area ratio:    9.84
      Required ratio:  400.00 (Side area) 
      Cumulative area ratio:    9.84
      Required ratio:    0.00 (Cumulative side area) 

    Layer: Via2
      Partial area ratio:    0.20
      Required ratio:   20.00 (Gate area) 
      Cumulative area ratio:    0.30
      Required ratio:    0.00 (Cumulative area) 

    Layer: Metal3
      Partial area ratio:    0.32
      Required ratio:    0.00 (Gate area) 
      Cumulative area ratio:    2.75
      Required ratio:    0.00 (Cumulative area) 
      Partial area ratio:    2.14
      Required ratio:  400.00 (Side area) 
      Cumulative area ratio:   11.98
      Required ratio:    0.00 (Cumulative side area) 

    Layer: Via3
      Partial area ratio:    0.10
      Required ratio:   20.00 (Gate area) 
      Cumulative area ratio:    0.41
      Required ratio:    0.00 (Cumulative area) 

    Layer: Metal4
      Partial area ratio:  141.38
      Required ratio:    0.00 (Gate area) 
      Cumulative area ratio:  144.13
      Required ratio:    0.00 (Cumulative area) 
      Partial area ratio:  545.77
      Required ratio:  400.00 (Side area) (VIOLATED)
      Cumulative area ratio:  557.75
      Required ratio:    0.00 (Cumulative side area) 

    Layer: Via4
      Partial area ratio:    0.10
      Required ratio:   20.00 (Gate area) 
      Cumulative area ratio:    0.51
      Required ratio:    0.00 (Cumulative area) 

    Layer: Metal5
      Partial area ratio:   29.72
      Required ratio:    0.00 (Gate area) 
      Cumulative area ratio:  173.85
      Required ratio:    0.00 (Cumulative area) 
      Partial area ratio:  160.91
      Required ratio:  400.00 (Side area) 
      Cumulative area ratio:  718.66
      Required ratio:    0.00 (Cumulative side area) 



Net: net495
  Pin:   _11734_/B (gf180mcu_as_sc_mcu7t3v3__or2_2)
    Layer: Via1
      Partial area ratio:    0.10
      Required ratio:   20.00 (Gate area) 
      Cumulative area ratio:    0.10
      Required ratio:    0.00 (Cumulative area) 

    Layer: Metal2
      Partial area ratio:    2.31
      Required ratio:    0.00 (Gate area) 
      Cumulative area ratio:    2.31
      Required ratio:    0.00 (Cumulative area) 
      Partial area ratio:    9.35
      Required ratio:  400.00 (Side area) 
      Cumulative area ratio:    9.35
      Required ratio:    0.00 (Cumulative side area) 

    Layer: Via2
      Partial area ratio:    0.20
      Required ratio:   20.00 (Gate area) 
      Cumulative area ratio:    0.30
      Required ratio:    0.00 (Cumulative area) 

    Layer: Metal3
      Partial area ratio:    0.32
      Required ratio:    0.00 (Gate area) 
      Cumulative area ratio:    2.63
      Required ratio:    0.00 (Cumulative area) 
      Partial area ratio:    2.14
      Required ratio:  400.00 (Side area) 
      Cumulative area ratio:   11.49
      Required ratio:    0.00 (Cumulative side area) 

    Layer: Via3
      Partial area ratio:    0.10
      Required ratio:   20.00 (Gate area) 
      Cumulative area ratio:    0.41
      Required ratio:    0.00 (Cumulative area) 

    Layer: Metal4
      Partial area ratio:    1.31
      Required ratio:    0.00 (Gate area) 
      Cumulative area ratio:    3.93
      Required ratio:    0.00 (Cumulative area) 
      Partial area ratio:    5.20
      Required ratio:  400.00 (Side area) 
      Cumulative area ratio:   16.69
      Required ratio:    0.00 (Cumulative side area) 

    Layer: Via4
      Partial area ratio:    0.05
      Required ratio:    0.00 (Gate area) 
      Cumulative area ratio:    0.46
      Required ratio:    0.00 (Cumulative area) 

    Layer: Metal5
      Partial area ratio:   40.60
      Required ratio:    0.00 (Gate area) 
      Cumulative area ratio:   44.53
      Required ratio:    0.00 (Cumulative area) 
      Partial area ratio:  219.91
      Required ratio:  400.00 (Side area) 
      Cumulative area ratio:  236.60
      Required ratio:    0.00 (Cumulative side area) 


  Pin:   _19130_/B (gf180mcu_as_sc_mcu7t3v3__nand3_2)
    Layer: Via1
      Partial area ratio:    0.05
      Required ratio:   20.00 (Gate area) 
      Cumulative area ratio:    0.05
      Required ratio:    0.00 (Cumulative area) 

    Layer: Metal2
      Partial area ratio:    0.59
      Required ratio:    0.00 (Gate area) 
      Cumulative area ratio:    0.59
      Required ratio:    0.00 (Cumulative area) 
      Partial area ratio:    2.43
      Required ratio:  400.00 (Side area) 
      Cumulative area ratio:    2.43
      Required ratio:    0.00 (Cumulative side area) 

    Layer: Via2
      Partial area ratio:    0.09
      Required ratio:   20.00 (Gate area) 
      Cumulative area ratio:    0.14
      Required ratio:    0.00 (Cumulative area) 

    Layer: Metal3
      Partial area ratio:    7.19
      Required ratio:    0.00 (Gate area) 
      Cumulative area ratio:    7.78
      Required ratio:    0.00 (Cumulative area) 
      Partial area ratio:   27.92
      Required ratio:  400.00 (Side area) 
      Cumulative area ratio:   30.35
      Required ratio:    0.00 (Cumulative side area) 

    Layer: Via3
      Partial area ratio:    0.05
      Required ratio:   20.00 (Gate area) 
      Cumulative area ratio:    0.19
      Required ratio:    0.00 (Cumulative area) 

    Layer: Metal4
      Partial area ratio:   15.98
      Required ratio:    0.00 (Gate area) 
      Cumulative area ratio:   23.76
      Required ratio:    0.00 (Cumulative area) 
      Partial area ratio:   61.88
      Required ratio:  400.00 (Side area) 
      Cumulative area ratio:   92.23
      Required ratio:    0.00 (Cumulative side area) 

    Layer: Via4
      Partial area ratio:    0.05
      Required ratio:   20.00 (Gate area) 
      Cumulative area ratio:    0.24
      Required ratio:    0.00 (Cumulative area) 

    Layer: Metal5
      Partial area ratio:   40.60
      Required ratio:    0.00 (Gate area) 
      Cumulative area ratio:   64.36
      Required ratio:    0.00 (Cumulative area) 
      Partial area ratio:  219.91
      Required ratio:  400.00 (Side area) 
      Cumulative area ratio:  312.14
      Required ratio:    0.00 (Cumulative side area) 


  Pin:   fanout492/A (gf180mcu_as_sc_mcu7t3v3__buff_2)
    Layer: Via1
      Partial area ratio:    0.10
      Required ratio:   20.00 (Gate area) 
      Cumulative area ratio:    0.10
      Required ratio:    0.00 (Cumulative area) 

    Layer: Metal2
      Partial area ratio:    1.72
      Required ratio:    0.00 (Gate area) 
      Cumulative area ratio:    1.72
      Required ratio:    0.00 (Cumulative area) 
      Partial area ratio:    7.09
      Required ratio:  400.00 (Side area) 
      Cumulative area ratio:    7.09
      Required ratio:    0.00 (Cumulative side area) 

    Layer: Via2
      Partial area ratio:    0.11
      Required ratio:   20.00 (Gate area) 
      Cumulative area ratio:    0.22
      Required ratio:    0.00 (Cumulative area) 

    Layer: Metal3
      Partial area ratio:    0.18
      Required ratio:    0.00 (Gate area) 
      Cumulative area ratio:    1.90
      Required ratio:    0.00 (Cumulative area) 
      Partial area ratio:    1.12
      Required ratio:  400.00 (Side area) 
      Cumulative area ratio:    8.21
      Required ratio:    0.00 (Cumulative side area) 

    Layer: Via3
      Partial area ratio:    0.10
      Required ratio:   20.00 (Gate area) 
      Cumulative area ratio:    0.32
      Required ratio:    0.00 (Cumulative area) 

    Layer: Metal4
      Partial area ratio:  162.60
      Required ratio:    0.00 (Gate area) 
      Cumulative area ratio:  164.50
      Required ratio:    0.00 (Cumulative area) 
      Partial area ratio:  627.61
      Required ratio:  400.00 (Side area) (VIOLATED)
      Cumulative area ratio:  635.82
      Required ratio:    0.00 (Cumulative side area) 

    Layer: Via4
      Partial area ratio:    0.20
      Required ratio:   20.00 (Gate area) 
      Cumulative area ratio:    0.52
      Required ratio:    0.00 (Cumulative area) 

    Layer: Metal5
      Partial area ratio:   40.60
      Required ratio:    0.00 (Gate area) 
      Cumulative area ratio:  205.10
      Required ratio:    0.00 (Cumulative area) 
      Partial area ratio:  219.91
      Required ratio:  400.00 (Side area) 
      Cumulative area ratio:  855.73
      Required ratio:    0.00 (Cumulative side area) 


  Pin:   fanout493/A (gf180mcu_as_sc_mcu7t3v3__buff_2)
    Layer: Via1
      Partial area ratio:    0.10
      Required ratio:   20.00 (Gate area) 
      Cumulative area ratio:    0.10
      Required ratio:    0.00 (Cumulative area) 

    Layer: Metal2
      Partial area ratio:    0.93
      Required ratio:    0.00 (Gate area) 
      Cumulative area ratio:    0.93
      Required ratio:    0.00 (Cumulative area) 
      Partial area ratio:    3.68
      Required ratio:  400.00 (Side area) 
      Cumulative area ratio:    3.68
      Required ratio:    0.00 (Cumulative side area) 

    Layer: Via2
      Partial area ratio:    0.30
      Required ratio:    0.00 (Gate area) 
      Cumulative area ratio:    0.41
      Required ratio:    0.00 (Cumulative area) 

    Layer: Metal3
      Partial area ratio:   14.36
      Required ratio:    0.00 (Gate area) 
      Cumulative area ratio:   15.29
      Required ratio:    0.00 (Cumulative area) 
      Partial area ratio:   55.77
      Required ratio:  400.00 (Side area) 
      Cumulative area ratio:   59.45
      Required ratio:    0.00 (Cumulative side area) 

    Layer: Via3
      Partial area ratio:    0.20
      Required ratio:    0.00 (Gate area) 
      Cumulative area ratio:    0.61
      Required ratio:    0.00 (Cumulative area) 

    Layer: Metal4
      Partial area ratio:    1.31
      Required ratio:    0.00 (Gate area) 
      Cumulative area ratio:   16.59
      Required ratio:    0.00 (Cumulative area) 
      Partial area ratio:    5.20
      Required ratio:  400.00 (Side area) 
      Cumulative area ratio:   64.65
      Required ratio:    0.00 (Cumulative side area) 

    Layer: Via4
      Partial area ratio:    0.05
      Required ratio:    0.00 (Gate area) 
      Cumulative area ratio:    0.66
      Required ratio:    0.00 (Cumulative area) 

    Layer: Metal5
      Partial area ratio:   40.60
      Required ratio:    0.00 (Gate area) 
      Cumulative area ratio:   57.19
      Required ratio:    0.00 (Cumulative area) 
      Partial area ratio:  219.91
      Required ratio:  400.00 (Side area) 
      Cumulative area ratio:  284.56
      Required ratio:    0.00 (Cumulative side area) 


  Pin:   fanout494/A (gf180mcu_as_sc_mcu7t3v3__buff_2)
    Layer: Via1
      Partial area ratio:    0.10
      Required ratio:   20.00 (Gate area) 
      Cumulative area ratio:    0.10
      Required ratio:    0.00 (Cumulative area) 

    Layer: Metal2
      Partial area ratio:    2.67
      Required ratio:    0.00 (Gate area) 
      Cumulative area ratio:    2.67
      Required ratio:    0.00 (Cumulative area) 
      Partial area ratio:   10.75
      Required ratio:  400.00 (Side area) 
      Cumulative area ratio:   10.75
      Required ratio:    0.00 (Cumulative side area) 

    Layer: Via2
      Partial area ratio:    0.20
      Required ratio:   20.00 (Gate area) 
      Cumulative area ratio:    0.30
      Required ratio:    0.00 (Cumulative area) 

    Layer: Metal3
      Partial area ratio:    0.32
      Required ratio:    0.00 (Gate area) 
      Cumulative area ratio:    2.99
      Required ratio:    0.00 (Cumulative area) 
      Partial area ratio:    2.14
      Required ratio:  400.00 (Side area) 
      Cumulative area ratio:   12.89
      Required ratio:    0.00 (Cumulative side area) 

    Layer: Via3
      Partial area ratio:    0.10
      Required ratio:   20.00 (Gate area) 
      Cumulative area ratio:    0.41
      Required ratio:    0.00 (Cumulative area) 

    Layer: Metal4
      Partial area ratio:    0.16
      Required ratio:    0.00 (Gate area) 
      Cumulative area ratio:    3.15
      Required ratio:    0.00 (Cumulative area) 
      Partial area ratio:    1.07
      Required ratio:  400.00 (Side area) 
      Cumulative area ratio:   13.96
      Required ratio:    0.00 (Cumulative side area) 

    Layer: Via4
      Partial area ratio:    0.10
      Required ratio:   20.00 (Gate area) 
      Cumulative area ratio:    0.51
      Required ratio:    0.00 (Cumulative area) 

    Layer: Metal5
      Partial area ratio:   40.60
      Required ratio:    0.00 (Gate area) 
      Cumulative area ratio:   43.74
      Required ratio:    0.00 (Cumulative area) 
      Partial area ratio:  219.91
      Required ratio:  400.00 (Side area) 
      Cumulative area ratio:  233.87
      Required ratio:    0.00 (Cumulative side area) 



Net: net555
  Pin:   _14093_/A (gf180mcu_as_sc_mcu7t3v3__nand2_2)
    Layer: Via1
      Partial area ratio:    0.05
      Required ratio:   20.00 (Gate area) 
      Cumulative area ratio:    0.05
      Required ratio:    0.00 (Cumulative area) 

    Layer: Metal2
      Partial area ratio:    1.00
      Required ratio:    0.00 (Gate area) 
      Cumulative area ratio:    1.00
      Required ratio:    0.00 (Cumulative area) 
      Partial area ratio:    4.10
      Required ratio:  400.00 (Side area) 
      Cumulative area ratio:    4.10
      Required ratio:    0.00 (Cumulative side area) 

    Layer: Via2
      Partial area ratio:    0.10
      Required ratio:   20.00 (Gate area) 
      Cumulative area ratio:    0.15
      Required ratio:    0.00 (Cumulative area) 

    Layer: Metal3
      Partial area ratio:    5.40
      Required ratio:    0.00 (Gate area) 
      Cumulative area ratio:    6.40
      Required ratio:    0.00 (Cumulative area) 
      Partial area ratio:   21.23
      Required ratio:  400.00 (Side area) 
      Cumulative area ratio:   25.33
      Required ratio:    0.00 (Cumulative side area) 

    Layer: Via3
      Partial area ratio:    0.03
      Required ratio:    0.00 (Gate area) 
      Cumulative area ratio:    0.19
      Required ratio:    0.00 (Cumulative area) 

    Layer: Metal4
      Partial area ratio:    1.67
      Required ratio:    0.00 (Gate area) 
      Cumulative area ratio:    8.07
      Required ratio:    0.00 (Cumulative area) 
      Partial area ratio:    6.53
      Required ratio:  400.00 (Side area) 
      Cumulative area ratio:   31.86
      Required ratio:    0.00 (Cumulative side area) 


  Pin:   _14130_/A (gf180mcu_as_sc_mcu7t3v3__nand2b_2)
    Layer: Via1
      Partial area ratio:    0.10
      Required ratio:   20.00 (Gate area) 
      Cumulative area ratio:    0.10
      Required ratio:    0.00 (Cumulative area) 

    Layer: Metal2
      Partial area ratio:    0.81
      Required ratio:    0.00 (Gate area) 
      Cumulative area ratio:    0.81
      Required ratio:    0.00 (Cumulative area) 
      Partial area ratio:    3.48
      Required ratio:  400.00 (Side area) 
      Cumulative area ratio:    3.48
      Required ratio:    0.00 (Cumulative side area) 

    Layer: Via2
      Partial area ratio:    0.18
      Required ratio:   20.00 (Gate area) 
      Cumulative area ratio:    0.28
      Required ratio:    0.00 (Cumulative area) 

    Layer: Metal3
      Partial area ratio:  123.96
      Required ratio:    0.00 (Gate area) 
      Cumulative area ratio:  124.77
      Required ratio:    0.00 (Cumulative area) 
      Partial area ratio:  478.92
      Required ratio:  400.00 (Side area) (VIOLATED)
      Cumulative area ratio:  482.40
      Required ratio:    0.00 (Cumulative side area) 

    Layer: Via3
      Partial area ratio:    0.20
      Required ratio:   20.00 (Gate area) 
      Cumulative area ratio:    0.48
      Required ratio:    0.00 (Cumulative area) 

    Layer: Metal4
      Partial area ratio:    1.67
      Required ratio:    0.00 (Gate area) 
      Cumulative area ratio:  126.44
      Required ratio:    0.00 (Cumulative area) 
      Partial area ratio:    6.53
      Required ratio:  400.00 (Side area) 
      Cumulative area ratio:  488.93
      Required ratio:    0.00 (Cumulative side area) 


  Pin:   fanout551/A (gf180mcu_as_sc_mcu7t3v3__buff_2)
    Layer: Via1
      Partial area ratio:    0.10
      Required ratio:   20.00 (Gate area) 
      Cumulative area ratio:    0.10
      Required ratio:    0.00 (Cumulative area) 

    Layer: Metal2
      Partial area ratio:   69.05
      Required ratio:    0.00 (Gate area) 
      Cumulative area ratio:   69.05
      Required ratio:    0.00 (Cumulative area) 
      Partial area ratio:  266.79
      Required ratio:  400.00 (Side area) 
      Cumulative area ratio:  266.79
      Required ratio:    0.00 (Cumulative side area) 

    Layer: Via2
      Partial area ratio:    0.30
      Required ratio:   20.00 (Gate area) 
      Cumulative area ratio:    0.41
      Required ratio:    0.00 (Cumulative area) 

    Layer: Metal3
      Partial area ratio:    5.40
      Required ratio:    0.00 (Gate area) 
      Cumulative area ratio:   74.45
      Required ratio:    0.00 (Cumulative area) 
      Partial area ratio:   21.23
      Required ratio:  400.00 (Side area) 
      Cumulative area ratio:  288.02
      Required ratio:    0.00 (Cumulative side area) 

    Layer: Via3
      Partial area ratio:    0.03
      Required ratio:    0.00 (Gate area) 
      Cumulative area ratio:    0.44
      Required ratio:    0.00 (Cumulative area) 

    Layer: Metal4
      Partial area ratio:    1.67
      Required ratio:    0.00 (Gate area) 
      Cumulative area ratio:   76.12
      Required ratio:    0.00 (Cumulative area) 
      Partial area ratio:    6.53
      Required ratio:  400.00 (Side area) 
      Cumulative area ratio:  294.55
      Required ratio:    0.00 (Cumulative side area) 


  Pin:   fanout554/A (gf180mcu_as_sc_mcu7t3v3__buff_2)
    Layer: Via1
      Partial area ratio:    0.10
      Required ratio:   20.00 (Gate area) 
      Cumulative area ratio:    0.10
      Required ratio:    0.00 (Cumulative area) 

    Layer: Metal2
      Partial area ratio:    1.49
      Required ratio:    0.00 (Gate area) 
      Cumulative area ratio:    1.49
      Required ratio:    0.00 (Cumulative area) 
      Partial area ratio:    6.21
      Required ratio:  400.00 (Side area) 
      Cumulative area ratio:    6.21
      Required ratio:    0.00 (Cumulative side area) 

    Layer: Via2
      Partial area ratio:    0.20
      Required ratio:   20.00 (Gate area) 
      Cumulative area ratio:    0.30
      Required ratio:    0.00 (Cumulative area) 

    Layer: Metal3
      Partial area ratio:    0.32
      Required ratio:    0.00 (Gate area) 
      Cumulative area ratio:    1.81
      Required ratio:    0.00 (Cumulative area) 
      Partial area ratio:    2.14
      Required ratio:  400.00 (Side area) 
      Cumulative area ratio:    8.35
      Required ratio:    0.00 (Cumulative side area) 

    Layer: Via3
      Partial area ratio:    0.10
      Required ratio:   20.00 (Gate area) 
      Cumulative area ratio:    0.41
      Required ratio:    0.00 (Cumulative area) 

    Layer: Metal4
      Partial area ratio:    1.67
      Required ratio:    0.00 (Gate area) 
      Cumulative area ratio:    3.48
      Required ratio:    0.00 (Cumulative area) 
      Partial area ratio:    6.53
      Required ratio:  400.00 (Side area) 
      Cumulative area ratio:   14.88
      Required ratio:    0.00 (Cumulative side area) 



Net: net630
  Pin:   _21045_/A (gf180mcu_as_sc_mcu7t3v3__nand2b_2)
    Layer: Via1
      Partial area ratio:    0.10
      Required ratio:   20.00 (Gate area) 
      Cumulative area ratio:    0.10
      Required ratio:    0.00 (Cumulative area) 

    Layer: Metal2
      Partial area ratio:   28.99
      Required ratio:    0.00 (Gate area) 
      Cumulative area ratio:   28.99
      Required ratio:    0.00 (Cumulative area) 
      Partial area ratio:  112.26
      Required ratio:  400.00 (Side area) 
      Cumulative area ratio:  112.26
      Required ratio:    0.00 (Cumulative side area) 

    Layer: Via2
      Partial area ratio:    0.20
      Required ratio:   20.00 (Gate area) 
      Cumulative area ratio:    0.30
      Required ratio:    0.00 (Cumulative area) 

    Layer: Metal3
      Partial area ratio:   35.61
      Required ratio:    0.00 (Gate area) 
      Cumulative area ratio:   64.60
      Required ratio:    0.00 (Cumulative area) 
      Partial area ratio:  138.27
      Required ratio:  400.00 (Side area) 
      Cumulative area ratio:  250.54
      Required ratio:    0.00 (Cumulative side area) 

    Layer: Via3
      Partial area ratio:    0.10
      Required ratio:   20.00 (Gate area) 
      Cumulative area ratio:    0.41
      Required ratio:    0.00 (Cumulative area) 

    Layer: Metal4
      Partial area ratio:   24.91
      Required ratio:    0.00 (Gate area) 
      Cumulative area ratio:   89.51
      Required ratio:    0.00 (Cumulative area) 
      Partial area ratio:   96.53
      Required ratio:  400.00 (Side area) 
      Cumulative area ratio:  347.06
      Required ratio:    0.00 (Cumulative side area) 

    Layer: Via4
      Partial area ratio:    0.10
      Required ratio:   20.00 (Gate area) 
      Cumulative area ratio:    0.51
      Required ratio:    0.00 (Cumulative area) 

    Layer: Metal5
      Partial area ratio:    4.39
      Required ratio:    0.00 (Gate area) 
      Cumulative area ratio:   93.90
      Required ratio:    0.00 (Cumulative area) 
      Partial area ratio:   24.15
      Required ratio:  400.00 (Side area) 
      Cumulative area ratio:  371.21
      Required ratio:    0.00 (Cumulative side area) 


  Pin:   fanout625/A (gf180mcu_as_sc_mcu7t3v3__buff_2)
    Layer: Via1
      Partial area ratio:    0.10
      Required ratio:   20.00 (Gate area) 
      Cumulative area ratio:    0.10
      Required ratio:    0.00 (Cumulative area) 

    Layer: Metal2
      Partial area ratio:    0.78
      Required ratio:    0.00 (Gate area) 
      Cumulative area ratio:    0.78
      Required ratio:    0.00 (Cumulative area) 
      Partial area ratio:    3.46
      Required ratio:  400.00 (Side area) 
      Cumulative area ratio:    3.46
      Required ratio:    0.00 (Cumulative side area) 

    Layer: Via2
      Partial area ratio:    0.11
      Required ratio:   20.00 (Gate area) 
      Cumulative area ratio:    0.22
      Required ratio:    0.00 (Cumulative area) 

    Layer: Metal3
      Partial area ratio:    0.82
      Required ratio:    0.00 (Gate area) 
      Cumulative area ratio:    1.60
      Required ratio:    0.00 (Cumulative area) 
      Partial area ratio:    3.35
      Required ratio:  400.00 (Side area) 
      Cumulative area ratio:    6.81
      Required ratio:    0.00 (Cumulative side area) 

    Layer: Via3
      Partial area ratio:    0.10
      Required ratio:    0.00 (Gate area) 
      Cumulative area ratio:    0.32
      Required ratio:    0.00 (Cumulative area) 

    Layer: Metal4
      Partial area ratio:    2.29
      Required ratio:    0.00 (Gate area) 
      Cumulative area ratio:    3.89
      Required ratio:    0.00 (Cumulative area) 
      Partial area ratio:    8.92
      Required ratio:  400.00 (Side area) 
      Cumulative area ratio:   15.73
      Required ratio:    0.00 (Cumulative side area) 

    Layer: Via4
      Partial area ratio:    0.10
      Required ratio:    0.00 (Gate area) 
      Cumulative area ratio:    0.42
      Required ratio:    0.00 (Cumulative area) 

    Layer: Metal5
      Partial area ratio:    4.39
      Required ratio:    0.00 (Gate area) 
      Cumulative area ratio:    8.28
      Required ratio:    0.00 (Cumulative area) 
      Partial area ratio:   24.15
      Required ratio:  400.00 (Side area) 
      Cumulative area ratio:   39.88
      Required ratio:    0.00 (Cumulative side area) 


  Pin:   fanout626/A (gf180mcu_as_sc_mcu7t3v3__buff_2)
    Layer: Via1
      Partial area ratio:    0.10
      Required ratio:   20.00 (Gate area) 
      Cumulative area ratio:    0.10
      Required ratio:    0.00 (Cumulative area) 

    Layer: Metal2
      Partial area ratio:    1.97
      Required ratio:    0.00 (Gate area) 
      Cumulative area ratio:    1.97
      Required ratio:    0.00 (Cumulative area) 
      Partial area ratio:    8.05
      Required ratio:  400.00 (Side area) 
      Cumulative area ratio:    8.05
      Required ratio:    0.00 (Cumulative side area) 

    Layer: Via2
      Partial area ratio:    0.20
      Required ratio:   20.00 (Gate area) 
      Cumulative area ratio:    0.30
      Required ratio:    0.00 (Cumulative area) 

    Layer: Metal3
      Partial area ratio:   17.97
      Required ratio:    0.00 (Gate area) 
      Cumulative area ratio:   19.94
      Required ratio:    0.00 (Cumulative area) 
      Partial area ratio:   70.21
      Required ratio:  400.00 (Side area) 
      Cumulative area ratio:   78.26
      Required ratio:    0.00 (Cumulative side area) 

    Layer: Via3
      Partial area ratio:    0.10
      Required ratio:   20.00 (Gate area) 
      Cumulative area ratio:    0.41
      Required ratio:    0.00 (Cumulative area) 

    Layer: Metal4
      Partial area ratio:    0.16
      Required ratio:    0.00 (Gate area) 
      Cumulative area ratio:   20.10
      Required ratio:    0.00 (Cumulative area) 
      Partial area ratio:    1.07
      Required ratio:  400.00 (Side area) 
      Cumulative area ratio:   79.33
      Required ratio:    0.00 (Cumulative side area) 

    Layer: Via4
      Partial area ratio:    0.10
      Required ratio:   20.00 (Gate area) 
      Cumulative area ratio:    0.51
      Required ratio:    0.00 (Cumulative area) 

    Layer: Metal5
      Partial area ratio:    4.39
      Required ratio:    0.00 (Gate area) 
      Cumulative area ratio:   24.48
      Required ratio:    0.00 (Cumulative area) 
      Partial area ratio:   24.15
      Required ratio:  400.00 (Side area) 
      Cumulative area ratio:  103.47
      Required ratio:    0.00 (Cumulative side area) 


  Pin:   fanout629/A (gf180mcu_as_sc_mcu7t3v3__buff_2)
    Layer: Via1
      Partial area ratio:    0.10
      Required ratio:   20.00 (Gate area) 
      Cumulative area ratio:    0.10
      Required ratio:    0.00 (Cumulative area) 

    Layer: Metal2
      Partial area ratio:  104.14
      Required ratio:    0.00 (Gate area) 
      Cumulative area ratio:  104.14
      Required ratio:    0.00 (Cumulative area) 
      Partial area ratio:  402.15
      Required ratio:  400.00 (Side area) (VIOLATED)
      Cumulative area ratio:  402.15
      Required ratio:    0.00 (Cumulative side area) 

    Layer: Via2
      Partial area ratio:    0.30
      Required ratio:   20.00 (Gate area) 
      Cumulative area ratio:    0.41
      Required ratio:    0.00 (Cumulative area) 

    Layer: Metal3
      Partial area ratio:   17.97
      Required ratio:    0.00 (Gate area) 
      Cumulative area ratio:  122.11
      Required ratio:    0.00 (Cumulative area) 
      Partial area ratio:   70.21
      Required ratio:  400.00 (Side area) 
      Cumulative area ratio:  472.35
      Required ratio:    0.00 (Cumulative side area) 

    Layer: Via3
      Partial area ratio:    0.10
      Required ratio:   20.00 (Gate area) 
      Cumulative area ratio:    0.51
      Required ratio:    0.00 (Cumulative area) 

    Layer: Metal4
      Partial area ratio:    0.16
      Required ratio:    0.00 (Gate area) 
      Cumulative area ratio:  122.27
      Required ratio:    0.00 (Cumulative area) 
      Partial area ratio:    1.07
      Required ratio:  400.00 (Side area) 
      Cumulative area ratio:  473.42
      Required ratio:    0.00 (Cumulative side area) 

    Layer: Via4
      Partial area ratio:    0.10
      Required ratio:   20.00 (Gate area) 
      Cumulative area ratio:    0.61
      Required ratio:    0.00 (Cumulative area) 

    Layer: Metal5
      Partial area ratio:    4.39
      Required ratio:    0.00 (Gate area) 
      Cumulative area ratio:  126.66
      Required ratio:    0.00 (Cumulative area) 
      Partial area ratio:   24.15
      Required ratio:  400.00 (Side area) 
      Cumulative area ratio:  497.57
      Required ratio:    0.00 (Cumulative side area) 



Net: net732
  Pin:   _10849_/B (gf180mcu_as_sc_mcu7t3v3__mux2_2)
    Layer: Metal1
      Partial area ratio:    0.02
      Required ratio:    0.00 (Gate area) 
      Cumulative area ratio:    0.02
      Required ratio:    0.00 (Cumulative area) 
      Partial area ratio:    0.92
      Required ratio:  400.00 (Side area) 
      Cumulative area ratio:    0.92
      Required ratio:    0.00 (Cumulative side area) 

    Layer: Via1
      Partial area ratio:    0.10
      Required ratio:   20.00 (Gate area) 
      Cumulative area ratio:    0.10
      Required ratio:    0.00 (Cumulative area) 

    Layer: Metal2
      Partial area ratio:    1.79
      Required ratio:    0.00 (Gate area) 
      Cumulative area ratio:    1.81
      Required ratio:    0.00 (Cumulative area) 
      Partial area ratio:    7.36
      Required ratio:  400.00 (Side area) 
      Cumulative area ratio:    8.28
      Required ratio:    0.00 (Cumulative side area) 

    Layer: Via2
      Partial area ratio:    0.20
      Required ratio:   20.00 (Gate area) 
      Cumulative area ratio:    0.30
      Required ratio:    0.00 (Cumulative area) 

    Layer: Metal3
      Partial area ratio:  145.03
      Required ratio:    0.00 (Gate area) 
      Cumulative area ratio:  146.83
      Required ratio:    0.00 (Cumulative area) 
      Partial area ratio:  560.29
      Required ratio:  400.00 (Side area) (VIOLATED)
      Cumulative area ratio:  568.57
      Required ratio:    0.00 (Cumulative side area) 

    Layer: Via3
      Partial area ratio:    0.20
      Required ratio:   20.00 (Gate area) 
      Cumulative area ratio:    0.51
      Required ratio:    0.00 (Cumulative area) 

    Layer: Metal4
      Partial area ratio:   22.50
      Required ratio:    0.00 (Gate area) 
      Cumulative area ratio:  169.33
      Required ratio:    0.00 (Cumulative area) 
      Partial area ratio:   86.95
      Required ratio:  400.00 (Side area) 
      Cumulative area ratio:  655.52
      Required ratio:    0.00 (Cumulative side area) 


  Pin:   fanout720/A (gf180mcu_as_sc_mcu7t3v3__buff_2)
    Layer: Via1
      Partial area ratio:    0.10
      Required ratio:   20.00 (Gate area) 
      Cumulative area ratio:    0.10
      Required ratio:    0.00 (Cumulative area) 

    Layer: Metal2
      Partial area ratio:    2.43
      Required ratio:    0.00 (Gate area) 
      Cumulative area ratio:    2.43
      Required ratio:    0.00 (Cumulative area) 
      Partial area ratio:    9.84
      Required ratio:  400.00 (Side area) 
      Cumulative area ratio:    9.84
      Required ratio:    0.00 (Cumulative side area) 

    Layer: Via2
      Partial area ratio:    0.20
      Required ratio:   20.00 (Gate area) 
      Cumulative area ratio:    0.30
      Required ratio:    0.00 (Cumulative area) 

    Layer: Metal3
      Partial area ratio:    0.32
      Required ratio:    0.00 (Gate area) 
      Cumulative area ratio:    2.75
      Required ratio:    0.00 (Cumulative area) 
      Partial area ratio:    2.14
      Required ratio:  400.00 (Side area) 
      Cumulative area ratio:   11.98
      Required ratio:    0.00 (Cumulative side area) 

    Layer: Via3
      Partial area ratio:    0.10
      Required ratio:   20.00 (Gate area) 
      Cumulative area ratio:    0.41
      Required ratio:    0.00 (Cumulative area) 

    Layer: Metal4
      Partial area ratio:   22.50
      Required ratio:    0.00 (Gate area) 
      Cumulative area ratio:   25.25
      Required ratio:    0.00 (Cumulative area) 
      Partial area ratio:   86.95
      Required ratio:  400.00 (Side area) 
      Cumulative area ratio:   98.93
      Required ratio:    0.00 (Cumulative side area) 


  Pin:   fanout724/A (gf180mcu_as_sc_mcu7t3v3__buff_2)
    Layer: Via1
      Partial area ratio:    0.10
      Required ratio:   20.00 (Gate area) 
      Cumulative area ratio:    0.10
      Required ratio:    0.00 (Cumulative area) 

    Layer: Metal2
      Partial area ratio:    1.96
      Required ratio:    0.00 (Gate area) 
      Cumulative area ratio:    1.96
      Required ratio:    0.00 (Cumulative area) 
      Partial area ratio:    8.03
      Required ratio:  400.00 (Side area) 
      Cumulative area ratio:    8.03
      Required ratio:    0.00 (Cumulative side area) 

    Layer: Via2
      Partial area ratio:    0.20
      Required ratio:   20.00 (Gate area) 
      Cumulative area ratio:    0.30
      Required ratio:    0.00 (Cumulative area) 

    Layer: Metal3
      Partial area ratio:    3.84
      Required ratio:    0.00 (Gate area) 
      Cumulative area ratio:    5.81
      Required ratio:    0.00 (Cumulative area) 
      Partial area ratio:   15.12
      Required ratio:  400.00 (Side area) 
      Cumulative area ratio:   23.15
      Required ratio:    0.00 (Cumulative side area) 

    Layer: Via3
      Partial area ratio:    0.10
      Required ratio:    0.00 (Gate area) 
      Cumulative area ratio:    0.41
      Required ratio:    0.00 (Cumulative area) 

    Layer: Metal4
      Partial area ratio:   22.50
      Required ratio:    0.00 (Gate area) 
      Cumulative area ratio:   28.30
      Required ratio:    0.00 (Cumulative area) 
      Partial area ratio:   86.95
      Required ratio:  400.00 (Side area) 
      Cumulative area ratio:  110.10
      Required ratio:    0.00 (Cumulative side area) 


  Pin:   fanout731/A (gf180mcu_as_sc_mcu7t3v3__buff_2)
    Layer: Via1
      Partial area ratio:    0.10
      Required ratio:   20.00 (Gate area) 
      Cumulative area ratio:    0.10
      Required ratio:    0.00 (Cumulative area) 

    Layer: Metal2
      Partial area ratio:    1.96
      Required ratio:    0.00 (Gate area) 
      Cumulative area ratio:    1.96
      Required ratio:    0.00 (Cumulative area) 
      Partial area ratio:    8.03
      Required ratio:  400.00 (Side area) 
      Cumulative area ratio:    8.03
      Required ratio:    0.00 (Cumulative side area) 

    Layer: Via2
      Partial area ratio:    0.20
      Required ratio:   20.00 (Gate area) 
      Cumulative area ratio:    0.30
      Required ratio:    0.00 (Cumulative area) 

    Layer: Metal3
      Partial area ratio:   32.24
      Required ratio:    0.00 (Gate area) 
      Cumulative area ratio:   34.21
      Required ratio:    0.00 (Cumulative area) 
      Partial area ratio:  125.73
      Required ratio:  400.00 (Side area) 
      Cumulative area ratio:  133.76
      Required ratio:    0.00 (Cumulative side area) 

    Layer: Via3
      Partial area ratio:    0.20
      Required ratio:   20.00 (Gate area) 
      Cumulative area ratio:    0.51
      Required ratio:    0.00 (Cumulative area) 

    Layer: Metal4
      Partial area ratio:   22.50
      Required ratio:    0.00 (Gate area) 
      Cumulative area ratio:   56.70
      Required ratio:    0.00 (Cumulative area) 
      Partial area ratio:   86.95
      Required ratio:  400.00 (Side area) 
      Cumulative area ratio:  220.71
      Required ratio:    0.00 (Cumulative side area) 



Net: net770
  Pin:   _10893_/A (gf180mcu_as_sc_mcu7t3v3__and2_2)
    Layer: Via1
      Partial area ratio:    0.10
      Required ratio:   20.00 (Gate area) 
      Cumulative area ratio:    0.10
      Required ratio:    0.00 (Cumulative area) 

    Layer: Metal2
      Partial area ratio:    3.43
      Required ratio:    0.00 (Gate area) 
      Cumulative area ratio:    3.43
      Required ratio:    0.00 (Cumulative area) 
      Partial area ratio:   13.47
      Required ratio:  400.00 (Side area) 
      Cumulative area ratio:   13.47
      Required ratio:    0.00 (Cumulative side area) 

    Layer: Via2
      Partial area ratio:    0.20
      Required ratio:   20.00 (Gate area) 
      Cumulative area ratio:    0.30
      Required ratio:    0.00 (Cumulative area) 

    Layer: Metal3
      Partial area ratio:    0.38
      Required ratio:    0.00 (Gate area) 
      Cumulative area ratio:    3.81
      Required ratio:    0.00 (Cumulative area) 
      Partial area ratio:    1.56
      Required ratio:  400.00 (Side area) 
      Cumulative area ratio:   15.03
      Required ratio:    0.00 (Cumulative side area) 

    Layer: Via3
      Partial area ratio:    0.05
      Required ratio:    0.00 (Gate area) 
      Cumulative area ratio:    0.36
      Required ratio:    0.00 (Cumulative area) 

    Layer: Metal4
      Partial area ratio:    0.01
      Required ratio:    0.00 (Gate area) 
      Cumulative area ratio:    3.82
      Required ratio:    0.00 (Cumulative area) 
      Partial area ratio:    0.05
      Required ratio:  400.00 (Side area) 
      Cumulative area ratio:   15.08
      Required ratio:    0.00 (Cumulative side area) 

    Layer: Via4
      Partial area ratio:    0.05
      Required ratio:    0.00 (Gate area) 
      Cumulative area ratio:    0.41
      Required ratio:    0.00 (Cumulative area) 

    Layer: Metal5
      Partial area ratio:   20.10
      Required ratio:    0.00 (Gate area) 
      Cumulative area ratio:   23.92
      Required ratio:    0.00 (Cumulative area) 
      Partial area ratio:  108.87
      Required ratio:  400.00 (Side area) 
      Cumulative area ratio:  123.95
      Required ratio:    0.00 (Cumulative side area) 


  Pin:   _10920_/A (gf180mcu_as_sc_mcu7t3v3__mux2_2)
    Layer: Metal1
      Partial area ratio:    0.01
      Required ratio:    0.00 (Gate area) 
      Cumulative area ratio:    0.01
      Required ratio:    0.00 (Cumulative area) 
      Partial area ratio:    0.88
      Required ratio:  400.00 (Side area) 
      Cumulative area ratio:    0.88
      Required ratio:    0.00 (Cumulative side area) 

    Layer: Via1
      Partial area ratio:    0.10
      Required ratio:   20.00 (Gate area) 
      Cumulative area ratio:    0.10
      Required ratio:    0.00 (Cumulative area) 

    Layer: Metal2
      Partial area ratio:    0.94
      Required ratio:    0.00 (Gate area) 
      Cumulative area ratio:    0.95
      Required ratio:    0.00 (Cumulative area) 
      Partial area ratio:    4.04
      Required ratio:  400.00 (Side area) 
      Cumulative area ratio:    4.92
      Required ratio:    0.00 (Cumulative side area) 

    Layer: Via2
      Partial area ratio:    0.14
      Required ratio:   20.00 (Gate area) 
      Cumulative area ratio:    0.24
      Required ratio:    0.00 (Cumulative area) 

    Layer: Metal3
      Partial area ratio:   90.35
      Required ratio:    0.00 (Gate area) 
      Cumulative area ratio:   91.30
      Required ratio:    0.00 (Cumulative area) 
      Partial area ratio:  349.36
      Required ratio:  400.00 (Side area) 
      Cumulative area ratio:  354.28
      Required ratio:    0.00 (Cumulative side area) 

    Layer: Via3
      Partial area ratio:    0.05
      Required ratio:   20.00 (Gate area) 
      Cumulative area ratio:    0.29
      Required ratio:    0.00 (Cumulative area) 

    Layer: Metal4
      Partial area ratio:    1.87
      Required ratio:    0.00 (Gate area) 
      Cumulative area ratio:   93.16
      Required ratio:    0.00 (Cumulative area) 
      Partial area ratio:    7.42
      Required ratio:  400.00 (Side area) 
      Cumulative area ratio:  361.70
      Required ratio:    0.00 (Cumulative side area) 

    Layer: Via4
      Partial area ratio:    0.05
      Required ratio:   20.00 (Gate area) 
      Cumulative area ratio:    0.34
      Required ratio:    0.00 (Cumulative area) 

    Layer: Metal5
      Partial area ratio:   20.10
      Required ratio:    0.00 (Gate area) 
      Cumulative area ratio:  113.27
      Required ratio:    0.00 (Cumulative area) 
      Partial area ratio:  108.87
      Required ratio:  400.00 (Side area) 
      Cumulative area ratio:  470.57
      Required ratio:    0.00 (Cumulative side area) 


  Pin:   _10931_/A (gf180mcu_as_sc_mcu7t3v3__mux2_2)
    Layer: Metal1
      Partial area ratio:    0.01
      Required ratio:    0.00 (Gate area) 
      Cumulative area ratio:    0.01
      Required ratio:    0.00 (Cumulative area) 
      Partial area ratio:    0.88
      Required ratio:  400.00 (Side area) 
      Cumulative area ratio:    0.88
      Required ratio:    0.00 (Cumulative side area) 

    Layer: Via1
      Partial area ratio:    0.10
      Required ratio:   20.00 (Gate area) 
      Cumulative area ratio:    0.10
      Required ratio:    0.00 (Cumulative area) 

    Layer: Metal2
      Partial area ratio:    5.67
      Required ratio:    0.00 (Gate area) 
      Cumulative area ratio:    5.68
      Required ratio:    0.00 (Cumulative area) 
      Partial area ratio:   22.32
      Required ratio:  400.00 (Side area) 
      Cumulative area ratio:   23.20
      Required ratio:    0.00 (Cumulative side area) 

    Layer: Via2
      Partial area ratio:    0.30
      Required ratio:   20.00 (Gate area) 
      Cumulative area ratio:    0.41
      Required ratio:    0.00 (Cumulative area) 

    Layer: Metal3
      Partial area ratio:   90.35
      Required ratio:    0.00 (Gate area) 
      Cumulative area ratio:   96.02
      Required ratio:    0.00 (Cumulative area) 
      Partial area ratio:  349.36
      Required ratio:  400.00 (Side area) 
      Cumulative area ratio:  372.56
      Required ratio:    0.00 (Cumulative side area) 

    Layer: Via3
      Partial area ratio:    0.05
      Required ratio:   20.00 (Gate area) 
      Cumulative area ratio:    0.46
      Required ratio:    0.00 (Cumulative area) 

    Layer: Metal4
      Partial area ratio:    1.87
      Required ratio:    0.00 (Gate area) 
      Cumulative area ratio:   97.89
      Required ratio:    0.00 (Cumulative area) 
      Partial area ratio:    7.42
      Required ratio:  400.00 (Side area) 
      Cumulative area ratio:  379.98
      Required ratio:    0.00 (Cumulative side area) 

    Layer: Via4
      Partial area ratio:    0.05
      Required ratio:   20.00 (Gate area) 
      Cumulative area ratio:    0.51
      Required ratio:    0.00 (Cumulative area) 

    Layer: Metal5
      Partial area ratio:   20.10
      Required ratio:    0.00 (Gate area) 
      Cumulative area ratio:  117.99
      Required ratio:    0.00 (Cumulative area) 
      Partial area ratio:  108.87
      Required ratio:  400.00 (Side area) 
      Cumulative area ratio:  488.85
      Required ratio:    0.00 (Cumulative side area) 


  Pin:   _10941_/A (gf180mcu_as_sc_mcu7t3v3__mux2_2)
    Layer: Metal1
      Partial area ratio:    0.01
      Required ratio:    0.00 (Gate area) 
      Cumulative area ratio:    0.01
      Required ratio:    0.00 (Cumulative area) 
      Partial area ratio:    0.88
      Required ratio:  400.00 (Side area) 
      Cumulative area ratio:    0.88
      Required ratio:    0.00 (Cumulative side area) 

    Layer: Via1
      Partial area ratio:    0.10
      Required ratio:   20.00 (Gate area) 
      Cumulative area ratio:    0.10
      Required ratio:    0.00 (Cumulative area) 

    Layer: Metal2
      Partial area ratio:    4.45
      Required ratio:    0.00 (Gate area) 
      Cumulative area ratio:    4.46
      Required ratio:    0.00 (Cumulative area) 
      Partial area ratio:   17.63
      Required ratio:  400.00 (Side area) 
      Cumulative area ratio:   18.51
      Required ratio:    0.00 (Cumulative side area) 

    Layer: Via2
      Partial area ratio:    0.30
      Required ratio:   20.00 (Gate area) 
      Cumulative area ratio:    0.41
      Required ratio:    0.00 (Cumulative area) 

    Layer: Metal3
      Partial area ratio:   11.07
      Required ratio:    0.00 (Gate area) 
      Cumulative area ratio:   15.53
      Required ratio:    0.00 (Cumulative area) 
      Partial area ratio:   44.05
      Required ratio:  400.00 (Side area) 
      Cumulative area ratio:   62.56
      Required ratio:    0.00 (Cumulative side area) 

    Layer: Via3
      Partial area ratio:    0.20
      Required ratio:   20.00 (Gate area) 
      Cumulative area ratio:    0.61
      Required ratio:    0.00 (Cumulative area) 

    Layer: Metal4
      Partial area ratio:  157.46
      Required ratio:    0.00 (Gate area) 
      Cumulative area ratio:  172.99
      Required ratio:    0.00 (Cumulative area) 
      Partial area ratio:  608.26
      Required ratio:  400.00 (Side area) (VIOLATED)
      Cumulative area ratio:  670.82
      Required ratio:    0.00 (Cumulative side area) 

    Layer: Via4
      Partial area ratio:    0.10
      Required ratio:   20.00 (Gate area) 
      Cumulative area ratio:    0.71
      Required ratio:    0.00 (Cumulative area) 

    Layer: Metal5
      Partial area ratio:   20.10
      Required ratio:    0.00 (Gate area) 
      Cumulative area ratio:  193.10
      Required ratio:    0.00 (Cumulative area) 
      Partial area ratio:  108.87
      Required ratio:  400.00 (Side area) 
      Cumulative area ratio:  779.69
      Required ratio:    0.00 (Cumulative side area) 


  Pin:   _10950_/B (gf180mcu_as_sc_mcu7t3v3__mux2_2)
    Layer: Metal1
      Partial area ratio:    0.02
      Required ratio:    0.00 (Gate area) 
      Cumulative area ratio:    0.02
      Required ratio:    0.00 (Cumulative area) 
      Partial area ratio:    0.92
      Required ratio:  400.00 (Side area) 
      Cumulative area ratio:    0.92
      Required ratio:    0.00 (Cumulative side area) 

    Layer: Via1
      Partial area ratio:    0.10
      Required ratio:   20.00 (Gate area) 
      Cumulative area ratio:    0.10
      Required ratio:    0.00 (Cumulative area) 

    Layer: Metal2
      Partial area ratio:    2.73
      Required ratio:    0.00 (Gate area) 
      Cumulative area ratio:    2.75
      Required ratio:    0.00 (Cumulative area) 
      Partial area ratio:   10.99
      Required ratio:  400.00 (Side area) 
      Cumulative area ratio:   11.91
      Required ratio:    0.00 (Cumulative side area) 

    Layer: Via2
      Partial area ratio:    0.20
      Required ratio:   20.00 (Gate area) 
      Cumulative area ratio:    0.30
      Required ratio:    0.00 (Cumulative area) 

    Layer: Metal3
      Partial area ratio:   10.91
      Required ratio:    0.00 (Gate area) 
      Cumulative area ratio:   13.66
      Required ratio:    0.00 (Cumulative area) 
      Partial area ratio:   42.98
      Required ratio:  400.00 (Side area) 
      Cumulative area ratio:   54.89
      Required ratio:    0.00 (Cumulative side area) 

    Layer: Via3
      Partial area ratio:    0.20
      Required ratio:   20.00 (Gate area) 
      Cumulative area ratio:    0.51
      Required ratio:    0.00 (Cumulative area) 

    Layer: Metal4
      Partial area ratio:  157.46
      Required ratio:    0.00 (Gate area) 
      Cumulative area ratio:  171.12
      Required ratio:    0.00 (Cumulative area) 
      Partial area ratio:  608.26
      Required ratio:  400.00 (Side area) (VIOLATED)
      Cumulative area ratio:  663.15
      Required ratio:    0.00 (Cumulative side area) 

    Layer: Via4
      Partial area ratio:    0.10
      Required ratio:   20.00 (Gate area) 
      Cumulative area ratio:    0.61
      Required ratio:    0.00 (Cumulative area) 

    Layer: Metal5
      Partial area ratio:   20.10
      Required ratio:    0.00 (Gate area) 
      Cumulative area ratio:  191.22
      Required ratio:    0.00 (Cumulative area) 
      Partial area ratio:  108.87
      Required ratio:  400.00 (Side area) 
      Cumulative area ratio:  772.02
      Required ratio:    0.00 (Cumulative side area) 


  Pin:   _16410_/A (gf180mcu_as_sc_mcu7t3v3__ao31_2)
    Layer: Via1
      Partial area ratio:    0.10
      Required ratio:   20.00 (Gate area) 
      Cumulative area ratio:    0.10
      Required ratio:    0.00 (Cumulative area) 

    Layer: Metal2
      Partial area ratio:    3.43
      Required ratio:    0.00 (Gate area) 
      Cumulative area ratio:    3.43
      Required ratio:    0.00 (Cumulative area) 
      Partial area ratio:   13.47
      Required ratio:  400.00 (Side area) 
      Cumulative area ratio:   13.47
      Required ratio:    0.00 (Cumulative side area) 

    Layer: Via2
      Partial area ratio:    0.20
      Required ratio:   20.00 (Gate area) 
      Cumulative area ratio:    0.30
      Required ratio:    0.00 (Cumulative area) 

    Layer: Metal3
      Partial area ratio:    0.38
      Required ratio:    0.00 (Gate area) 
      Cumulative area ratio:    3.81
      Required ratio:    0.00 (Cumulative area) 
      Partial area ratio:    1.56
      Required ratio:  400.00 (Side area) 
      Cumulative area ratio:   15.03
      Required ratio:    0.00 (Cumulative side area) 

    Layer: Via3
      Partial area ratio:    0.05
      Required ratio:    0.00 (Gate area) 
      Cumulative area ratio:    0.36
      Required ratio:    0.00 (Cumulative area) 

    Layer: Metal4
      Partial area ratio:    0.01
      Required ratio:    0.00 (Gate area) 
      Cumulative area ratio:    3.82
      Required ratio:    0.00 (Cumulative area) 
      Partial area ratio:    0.05
      Required ratio:  400.00 (Side area) 
      Cumulative area ratio:   15.08
      Required ratio:    0.00 (Cumulative side area) 

    Layer: Via4
      Partial area ratio:    0.05
      Required ratio:    0.00 (Gate area) 
      Cumulative area ratio:    0.41
      Required ratio:    0.00 (Cumulative area) 

    Layer: Metal5
      Partial area ratio:   20.10
      Required ratio:    0.00 (Gate area) 
      Cumulative area ratio:   23.92
      Required ratio:    0.00 (Cumulative area) 
      Partial area ratio:  108.87
      Required ratio:  400.00 (Side area) 
      Cumulative area ratio:  123.95
      Required ratio:    0.00 (Cumulative side area) 



Net: net781
  Pin:   _10914_/A (gf180mcu_as_sc_mcu7t3v3__mux2_2)
    Layer: Metal1
      Partial area ratio:    0.01
      Required ratio:    0.00 (Gate area) 
      Cumulative area ratio:    0.01
      Required ratio:    0.00 (Cumulative area) 
      Partial area ratio:    0.88
      Required ratio:  400.00 (Side area) 
      Cumulative area ratio:    0.88
      Required ratio:    0.00 (Cumulative side area) 

    Layer: Via1
      Partial area ratio:    0.10
      Required ratio:   20.00 (Gate area) 
      Cumulative area ratio:    0.10
      Required ratio:    0.00 (Cumulative area) 

    Layer: Metal2
      Partial area ratio:    2.38
      Required ratio:    0.00 (Gate area) 
      Cumulative area ratio:    2.39
      Required ratio:    0.00 (Cumulative area) 
      Partial area ratio:    9.65
      Required ratio:  400.00 (Side area) 
      Cumulative area ratio:   10.53
      Required ratio:    0.00 (Cumulative side area) 

    Layer: Via2
      Partial area ratio:    0.20
      Required ratio:   20.00 (Gate area) 
      Cumulative area ratio:    0.30
      Required ratio:    0.00 (Cumulative area) 

    Layer: Metal3
      Partial area ratio:    0.32
      Required ratio:    0.00 (Gate area) 
      Cumulative area ratio:    2.71
      Required ratio:    0.00 (Cumulative area) 
      Partial area ratio:    2.14
      Required ratio:  400.00 (Side area) 
      Cumulative area ratio:   12.67
      Required ratio:    0.00 (Cumulative side area) 

    Layer: Via3
      Partial area ratio:    0.10
      Required ratio:   20.00 (Gate area) 
      Cumulative area ratio:    0.41
      Required ratio:    0.00 (Cumulative area) 

    Layer: Metal4
      Partial area ratio:  104.89
      Required ratio:    0.00 (Gate area) 
      Cumulative area ratio:  107.61
      Required ratio:    0.00 (Cumulative area) 
      Partial area ratio:  405.04
      Required ratio:  400.00 (Side area) (VIOLATED)
      Cumulative area ratio:  417.71
      Required ratio:    0.00 (Cumulative side area) 

    Layer: Via4
      Partial area ratio:    0.03
      Required ratio:   20.00 (Gate area) 
      Cumulative area ratio:    0.44
      Required ratio:    0.00 (Cumulative area) 

    Layer: Metal5
      Partial area ratio:   27.43
      Required ratio:    0.00 (Gate area) 
      Cumulative area ratio:  135.04
      Required ratio:    0.00 (Cumulative area) 
      Partial area ratio:  148.56
      Required ratio:  400.00 (Side area) 
      Cumulative area ratio:  566.27
      Required ratio:    0.00 (Cumulative side area) 


  Pin:   _10977_/A (gf180mcu_as_sc_mcu7t3v3__mux2_2)
    Layer: Metal1
      Partial area ratio:    0.01
      Required ratio:    0.00 (Gate area) 
      Cumulative area ratio:    0.01
      Required ratio:    0.00 (Cumulative area) 
      Partial area ratio:    0.88
      Required ratio:  400.00 (Side area) 
      Cumulative area ratio:    0.88
      Required ratio:    0.00 (Cumulative side area) 

    Layer: Via1
      Partial area ratio:    0.10
      Required ratio:   20.00 (Gate area) 
      Cumulative area ratio:    0.10
      Required ratio:    0.00 (Cumulative area) 

    Layer: Metal2
      Partial area ratio:    2.10
      Required ratio:    0.00 (Gate area) 
      Cumulative area ratio:    2.11
      Required ratio:    0.00 (Cumulative area) 
      Partial area ratio:    8.55
      Required ratio:  400.00 (Side area) 
      Cumulative area ratio:    9.42
      Required ratio:    0.00 (Cumulative side area) 

    Layer: Via2
      Partial area ratio:    0.20
      Required ratio:   20.00 (Gate area) 
      Cumulative area ratio:    0.30
      Required ratio:    0.00 (Cumulative area) 

    Layer: Metal3
      Partial area ratio:    3.85
      Required ratio:    0.00 (Gate area) 
      Cumulative area ratio:    5.96
      Required ratio:    0.00 (Cumulative area) 
      Partial area ratio:   15.75
      Required ratio:  400.00 (Side area) 
      Cumulative area ratio:   25.18
      Required ratio:    0.00 (Cumulative side area) 

    Layer: Via3
      Partial area ratio:    0.20
      Required ratio:   20.00 (Gate area) 
      Cumulative area ratio:    0.51
      Required ratio:    0.00 (Cumulative area) 

    Layer: Metal4
      Partial area ratio:  104.89
      Required ratio:    0.00 (Gate area) 
      Cumulative area ratio:  110.85
      Required ratio:    0.00 (Cumulative area) 
      Partial area ratio:  405.04
      Required ratio:  400.00 (Side area) (VIOLATED)
      Cumulative area ratio:  430.22
      Required ratio:    0.00 (Cumulative side area) 

    Layer: Via4
      Partial area ratio:    0.03
      Required ratio:   20.00 (Gate area) 
      Cumulative area ratio:    0.54
      Required ratio:    0.00 (Cumulative area) 

    Layer: Metal5
      Partial area ratio:   27.43
      Required ratio:    0.00 (Gate area) 
      Cumulative area ratio:  138.28
      Required ratio:    0.00 (Cumulative area) 
      Partial area ratio:  148.56
      Required ratio:  400.00 (Side area) 
      Cumulative area ratio:  578.78
      Required ratio:    0.00 (Cumulative side area) 


  Pin:   _10986_/B (gf180mcu_as_sc_mcu7t3v3__mux2_2)
    Layer: Metal1
      Partial area ratio:    0.02
      Required ratio:    0.00 (Gate area) 
      Cumulative area ratio:    0.02
      Required ratio:    0.00 (Cumulative area) 
      Partial area ratio:    0.92
      Required ratio:  400.00 (Side area) 
      Cumulative area ratio:    0.92
      Required ratio:    0.00 (Cumulative side area) 

    Layer: Via1
      Partial area ratio:    0.10
      Required ratio:   20.00 (Gate area) 
      Cumulative area ratio:    0.10
      Required ratio:    0.00 (Cumulative area) 

    Layer: Metal2
      Partial area ratio:   17.99
      Required ratio:    0.00 (Gate area) 
      Cumulative area ratio:   18.01
      Required ratio:    0.00 (Cumulative area) 
      Partial area ratio:   69.84
      Required ratio:  400.00 (Side area) 
      Cumulative area ratio:   70.75
      Required ratio:    0.00 (Cumulative side area) 

    Layer: Via2
      Partial area ratio:    0.30
      Required ratio:   20.00 (Gate area) 
      Cumulative area ratio:    0.41
      Required ratio:    0.00 (Cumulative area) 

    Layer: Metal3
      Partial area ratio:    4.01
      Required ratio:    0.00 (Gate area) 
      Cumulative area ratio:   22.01
      Required ratio:    0.00 (Cumulative area) 
      Partial area ratio:   16.82
      Required ratio:  400.00 (Side area) 
      Cumulative area ratio:   87.58
      Required ratio:    0.00 (Cumulative side area) 

    Layer: Via3
      Partial area ratio:    0.20
      Required ratio:   20.00 (Gate area) 
      Cumulative area ratio:    0.61
      Required ratio:    0.00 (Cumulative area) 

    Layer: Metal4
      Partial area ratio:  104.89
      Required ratio:    0.00 (Gate area) 
      Cumulative area ratio:  126.91
      Required ratio:    0.00 (Cumulative area) 
      Partial area ratio:  405.04
      Required ratio:  400.00 (Side area) (VIOLATED)
      Cumulative area ratio:  492.62
      Required ratio:    0.00 (Cumulative side area) 

    Layer: Via4
      Partial area ratio:    0.03
      Required ratio:   20.00 (Gate area) 
      Cumulative area ratio:    0.64
      Required ratio:    0.00 (Cumulative area) 

    Layer: Metal5
      Partial area ratio:   27.43
      Required ratio:    0.00 (Gate area) 
      Cumulative area ratio:  154.34
      Required ratio:    0.00 (Cumulative area) 
      Partial area ratio:  148.56
      Required ratio:  400.00 (Side area) 
      Cumulative area ratio:  641.18
      Required ratio:    0.00 (Cumulative side area) 


  Pin:   max_cap782/A (gf180mcu_as_sc_mcu7t3v3__buff_8)
    Layer: Metal1
      Partial area ratio:    0.01
      Required ratio:    0.00 (Gate area) 
      Cumulative area ratio:    0.01
      Required ratio:    0.00 (Cumulative area) 
      Partial area ratio:    0.23
      Required ratio:  400.00 (Side area) 
      Cumulative area ratio:    0.23
      Required ratio:    0.00 (Cumulative side area) 

    Layer: Via1
      Partial area ratio:    0.03
      Required ratio:   20.00 (Gate area) 
      Cumulative area ratio:    0.03
      Required ratio:    0.00 (Cumulative area) 

    Layer: Metal2
      Partial area ratio:    0.43
      Required ratio:    0.00 (Gate area) 
      Cumulative area ratio:    0.44
      Required ratio:    0.00 (Cumulative area) 
      Partial area ratio:    1.74
      Required ratio:  400.00 (Side area) 
      Cumulative area ratio:    1.97
      Required ratio:    0.00 (Cumulative side area) 

    Layer: Via2
      Partial area ratio:    0.10
      Required ratio:    0.00 (Gate area) 
      Cumulative area ratio:    0.14
      Required ratio:    0.00 (Cumulative area) 

    Layer: Metal3
      Partial area ratio:    0.07
      Required ratio:    0.00 (Gate area) 
      Cumulative area ratio:    0.51
      Required ratio:    0.00 (Cumulative area) 
      Partial area ratio:    0.48
      Required ratio:  400.00 (Side area) 
      Cumulative area ratio:    2.45
      Required ratio:    0.00 (Cumulative side area) 

    Layer: Via3
      Partial area ratio:    0.03
      Required ratio:    0.00 (Gate area) 
      Cumulative area ratio:    0.17
      Required ratio:    0.00 (Cumulative area) 

    Layer: Metal4
      Partial area ratio:    0.02
      Required ratio:    0.00 (Gate area) 
      Cumulative area ratio:    0.54
      Required ratio:    0.00 (Cumulative area) 
      Partial area ratio:    0.16
      Required ratio:  400.00 (Side area) 
      Cumulative area ratio:    2.61
      Required ratio:    0.00 (Cumulative side area) 

    Layer: Via4
      Partial area ratio:    0.03
      Required ratio:    0.00 (Gate area) 
      Cumulative area ratio:    0.20
      Required ratio:    0.00 (Cumulative area) 

    Layer: Metal5
      Partial area ratio:   27.43
      Required ratio:    0.00 (Gate area) 
      Cumulative area ratio:   27.97
      Required ratio:    0.00 (Cumulative area) 
      Partial area ratio:  148.56
      Required ratio:  400.00 (Side area) 
      Cumulative area ratio:  151.17
      Required ratio:    0.00 (Cumulative side area) 



Net: net782
  Pin:   _10888_/A (gf180mcu_as_sc_mcu7t3v3__and2_2)
    Layer: Via1
      Partial area ratio:    0.10
      Required ratio:   20.00 (Gate area) 
      Cumulative area ratio:    0.10
      Required ratio:    0.00 (Cumulative area) 

    Layer: Metal2
      Partial area ratio:    1.33
      Required ratio:    0.00 (Gate area) 
      Cumulative area ratio:    1.33
      Required ratio:    0.00 (Cumulative area) 
      Partial area ratio:    5.58
      Required ratio:  400.00 (Side area) 
      Cumulative area ratio:    5.58
      Required ratio:    0.00 (Cumulative side area) 

    Layer: Via2
      Partial area ratio:    0.20
      Required ratio:   20.00 (Gate area) 
      Cumulative area ratio:    0.30
      Required ratio:    0.00 (Cumulative area) 

    Layer: Metal3
      Partial area ratio:    0.32
      Required ratio:    0.00 (Gate area) 
      Cumulative area ratio:    1.65
      Required ratio:    0.00 (Cumulative area) 
      Partial area ratio:    2.14
      Required ratio:  400.00 (Side area) 
      Cumulative area ratio:    7.71
      Required ratio:    0.00 (Cumulative side area) 

    Layer: Via3
      Partial area ratio:    0.10
      Required ratio:   20.00 (Gate area) 
      Cumulative area ratio:    0.41
      Required ratio:    0.00 (Cumulative area) 

    Layer: Metal4
      Partial area ratio:   13.65
      Required ratio:    0.00 (Gate area) 
      Cumulative area ratio:   15.30
      Required ratio:    0.00 (Cumulative area) 
      Partial area ratio:   52.69
      Required ratio:  400.00 (Side area) 
      Cumulative area ratio:   60.40
      Required ratio:    0.00 (Cumulative side area) 


  Pin:   _10925_/A (gf180mcu_as_sc_mcu7t3v3__mux2_2)
    Layer: Metal1
      Partial area ratio:    0.01
      Required ratio:    0.00 (Gate area) 
      Cumulative area ratio:    0.01
      Required ratio:    0.00 (Cumulative area) 
      Partial area ratio:    0.88
      Required ratio:  400.00 (Side area) 
      Cumulative area ratio:    0.88
      Required ratio:    0.00 (Cumulative side area) 

    Layer: Via1
      Partial area ratio:    0.10
      Required ratio:   20.00 (Gate area) 
      Cumulative area ratio:    0.10
      Required ratio:    0.00 (Cumulative area) 

    Layer: Metal2
      Partial area ratio:    1.60
      Required ratio:    0.00 (Gate area) 
      Cumulative area ratio:    1.61
      Required ratio:    0.00 (Cumulative area) 
      Partial area ratio:    6.57
      Required ratio:  400.00 (Side area) 
      Cumulative area ratio:    7.45
      Required ratio:    0.00 (Cumulative side area) 

    Layer: Via2
      Partial area ratio:    0.14
      Required ratio:   20.00 (Gate area) 
      Cumulative area ratio:    0.24
      Required ratio:    0.00 (Cumulative area) 

    Layer: Metal3
      Partial area ratio:    0.21
      Required ratio:    0.00 (Gate area) 
      Cumulative area ratio:    1.82
      Required ratio:    0.00 (Cumulative area) 
      Partial area ratio:    1.22
      Required ratio:  400.00 (Side area) 
      Cumulative area ratio:    8.67
      Required ratio:    0.00 (Cumulative side area) 

    Layer: Via3
      Partial area ratio:    0.10
      Required ratio:   20.00 (Gate area) 
      Cumulative area ratio:    0.34
      Required ratio:    0.00 (Cumulative area) 

    Layer: Metal4
      Partial area ratio:   13.65
      Required ratio:    0.00 (Gate area) 
      Cumulative area ratio:   15.47
      Required ratio:    0.00 (Cumulative area) 
      Partial area ratio:   52.69
      Required ratio:  400.00 (Side area) 
      Cumulative area ratio:   61.36
      Required ratio:    0.00 (Cumulative side area) 


  Pin:   _10935_/A (gf180mcu_as_sc_mcu7t3v3__mux2_2)
    Layer: Metal1
      Partial area ratio:    0.01
      Required ratio:    0.00 (Gate area) 
      Cumulative area ratio:    0.01
      Required ratio:    0.00 (Cumulative area) 
      Partial area ratio:    0.88
      Required ratio:  400.00 (Side area) 
      Cumulative area ratio:    0.88
      Required ratio:    0.00 (Cumulative side area) 

    Layer: Via1
      Partial area ratio:    0.10
      Required ratio:   20.00 (Gate area) 
      Cumulative area ratio:    0.10
      Required ratio:    0.00 (Cumulative area) 

    Layer: Metal2
      Partial area ratio:    3.04
      Required ratio:    0.00 (Gate area) 
      Cumulative area ratio:    3.05
      Required ratio:    0.00 (Cumulative area) 
      Partial area ratio:   12.18
      Required ratio:  400.00 (Side area) 
      Cumulative area ratio:   13.05
      Required ratio:    0.00 (Cumulative side area) 

    Layer: Via2
      Partial area ratio:    0.20
      Required ratio:   20.00 (Gate area) 
      Cumulative area ratio:    0.30
      Required ratio:    0.00 (Cumulative area) 

    Layer: Metal3
      Partial area ratio:  169.89
      Required ratio:    0.00 (Gate area) 
      Cumulative area ratio:  172.94
      Required ratio:    0.00 (Cumulative area) 
      Partial area ratio:  656.65
      Required ratio:  400.00 (Side area) (VIOLATED)
      Cumulative area ratio:  669.71
      Required ratio:    0.00 (Cumulative side area) 

    Layer: Via3
      Partial area ratio:    0.10
      Required ratio:   20.00 (Gate area) 
      Cumulative area ratio:    0.41
      Required ratio:    0.00 (Cumulative area) 

    Layer: Metal4
      Partial area ratio:   13.65
      Required ratio:    0.00 (Gate area) 
      Cumulative area ratio:  186.59
      Required ratio:    0.00 (Cumulative area) 
      Partial area ratio:   52.69
      Required ratio:  400.00 (Side area) 
      Cumulative area ratio:  722.40
      Required ratio:    0.00 (Cumulative side area) 


  Pin:   _10944_/B (gf180mcu_as_sc_mcu7t3v3__mux2_2)
    Layer: Metal1
      Partial area ratio:    0.02
      Required ratio:    0.00 (Gate area) 
      Cumulative area ratio:    0.02
      Required ratio:    0.00 (Cumulative area) 
      Partial area ratio:    0.92
      Required ratio:  400.00 (Side area) 
      Cumulative area ratio:    0.92
      Required ratio:    0.00 (Cumulative side area) 

    Layer: Via1
      Partial area ratio:    0.10
      Required ratio:   20.00 (Gate area) 
      Cumulative area ratio:    0.10
      Required ratio:    0.00 (Cumulative area) 

    Layer: Metal2
      Partial area ratio:    1.99
      Required ratio:    0.00 (Gate area) 
      Cumulative area ratio:    2.00
      Required ratio:    0.00 (Cumulative area) 
      Partial area ratio:    8.12
      Required ratio:  400.00 (Side area) 
      Cumulative area ratio:    9.03
      Required ratio:    0.00 (Cumulative side area) 

    Layer: Via2
      Partial area ratio:    0.20
      Required ratio:   20.00 (Gate area) 
      Cumulative area ratio:    0.30
      Required ratio:    0.00 (Cumulative area) 

    Layer: Metal3
      Partial area ratio:   84.95
      Required ratio:    0.00 (Gate area) 
      Cumulative area ratio:   86.95
      Required ratio:    0.00 (Cumulative area) 
      Partial area ratio:  328.33
      Required ratio:  400.00 (Side area) 
      Cumulative area ratio:  337.36
      Required ratio:    0.00 (Cumulative side area) 

    Layer: Via3
      Partial area ratio:    0.10
      Required ratio:   20.00 (Gate area) 
      Cumulative area ratio:    0.41
      Required ratio:    0.00 (Cumulative area) 

    Layer: Metal4
      Partial area ratio:   13.65
      Required ratio:    0.00 (Gate area) 
      Cumulative area ratio:  100.60
      Required ratio:    0.00 (Cumulative area) 
      Partial area ratio:   52.69
      Required ratio:  400.00 (Side area) 
      Cumulative area ratio:  390.05
      Required ratio:    0.00 (Cumulative side area) 


  Pin:   _10956_/A (gf180mcu_as_sc_mcu7t3v3__mux2_2)
    Layer: Metal1
      Partial area ratio:    0.01
      Required ratio:    0.00 (Gate area) 
      Cumulative area ratio:    0.01
      Required ratio:    0.00 (Cumulative area) 
      Partial area ratio:    0.88
      Required ratio:  400.00 (Side area) 
      Cumulative area ratio:    0.88
      Required ratio:    0.00 (Cumulative side area) 

    Layer: Via1
      Partial area ratio:    0.10
      Required ratio:   20.00 (Gate area) 
      Cumulative area ratio:    0.10
      Required ratio:    0.00 (Cumulative area) 

    Layer: Metal2
      Partial area ratio:    2.25
      Required ratio:    0.00 (Gate area) 
      Cumulative area ratio:    2.26
      Required ratio:    0.00 (Cumulative area) 
      Partial area ratio:    9.15
      Required ratio:  400.00 (Side area) 
      Cumulative area ratio:   10.02
      Required ratio:    0.00 (Cumulative side area) 

    Layer: Via2
      Partial area ratio:    0.20
      Required ratio:   20.00 (Gate area) 
      Cumulative area ratio:    0.30
      Required ratio:    0.00 (Cumulative area) 

    Layer: Metal3
      Partial area ratio:    0.38
      Required ratio:    0.00 (Gate area) 
      Cumulative area ratio:    2.64
      Required ratio:    0.00 (Cumulative area) 
      Partial area ratio:    1.53
      Required ratio:  400.00 (Side area) 
      Cumulative area ratio:   11.56
      Required ratio:    0.00 (Cumulative side area) 

    Layer: Via3
      Partial area ratio:    0.10
      Required ratio:    0.00 (Gate area) 
      Cumulative area ratio:    0.41
      Required ratio:    0.00 (Cumulative area) 

    Layer: Metal4
      Partial area ratio:   13.65
      Required ratio:    0.00 (Gate area) 
      Cumulative area ratio:   16.29
      Required ratio:    0.00 (Cumulative area) 
      Partial area ratio:   52.69
      Required ratio:  400.00 (Side area) 
      Cumulative area ratio:   64.24
      Required ratio:    0.00 (Cumulative side area) 


  Pin:   _10967_/A (gf180mcu_as_sc_mcu7t3v3__mux2_2)
    Layer: Metal1
      Partial area ratio:    0.01
      Required ratio:    0.00 (Gate area) 
      Cumulative area ratio:    0.01
      Required ratio:    0.00 (Cumulative area) 
      Partial area ratio:    0.88
      Required ratio:  400.00 (Side area) 
      Cumulative area ratio:    0.88
      Required ratio:    0.00 (Cumulative side area) 

    Layer: Via1
      Partial area ratio:    0.10
      Required ratio:   20.00 (Gate area) 
      Cumulative area ratio:    0.10
      Required ratio:    0.00 (Cumulative area) 

    Layer: Metal2
      Partial area ratio:    2.62
      Required ratio:    0.00 (Gate area) 
      Cumulative area ratio:    2.63
      Required ratio:    0.00 (Cumulative area) 
      Partial area ratio:   10.56
      Required ratio:  400.00 (Side area) 
      Cumulative area ratio:   11.43
      Required ratio:    0.00 (Cumulative side area) 

    Layer: Via2
      Partial area ratio:    0.20
      Required ratio:   20.00 (Gate area) 
      Cumulative area ratio:    0.30
      Required ratio:    0.00 (Cumulative area) 

    Layer: Metal3
      Partial area ratio:   84.95
      Required ratio:    0.00 (Gate area) 
      Cumulative area ratio:   87.57
      Required ratio:    0.00 (Cumulative area) 
      Partial area ratio:  328.33
      Required ratio:  400.00 (Side area) 
      Cumulative area ratio:  339.76
      Required ratio:    0.00 (Cumulative side area) 

    Layer: Via3
      Partial area ratio:    0.10
      Required ratio:   20.00 (Gate area) 
      Cumulative area ratio:    0.41
      Required ratio:    0.00 (Cumulative area) 

    Layer: Metal4
      Partial area ratio:   13.65
      Required ratio:    0.00 (Gate area) 
      Cumulative area ratio:  101.22
      Required ratio:    0.00 (Cumulative area) 
      Partial area ratio:   52.69
      Required ratio:  400.00 (Side area) 
      Cumulative area ratio:  392.45
      Required ratio:    0.00 (Cumulative side area) 



Net: net783
  Pin:   _10834_/A (gf180mcu_as_sc_mcu7t3v3__inv_2)
    Layer: Via1
      Partial area ratio:    0.05
      Required ratio:   20.00 (Gate area) 
      Cumulative area ratio:    0.05
      Required ratio:    0.00 (Cumulative area) 

    Layer: Metal2
      Partial area ratio:    1.77
      Required ratio:    0.00 (Gate area) 
      Cumulative area ratio:    1.77
      Required ratio:    0.00 (Cumulative area) 
      Partial area ratio:    7.06
      Required ratio:  400.00 (Side area) 
      Cumulative area ratio:    7.06
      Required ratio:    0.00 (Cumulative side area) 

    Layer: Via2
      Partial area ratio:    0.10
      Required ratio:   20.00 (Gate area) 
      Cumulative area ratio:    0.15
      Required ratio:    0.00 (Cumulative area) 

    Layer: Metal3
      Partial area ratio:    0.16
      Required ratio:    0.00 (Gate area) 
      Cumulative area ratio:    1.93
      Required ratio:    0.00 (Cumulative area) 
      Partial area ratio:    1.07
      Required ratio:  400.00 (Side area) 
      Cumulative area ratio:    8.13
      Required ratio:    0.00 (Cumulative side area) 

    Layer: Via3
      Partial area ratio:    0.05
      Required ratio:   20.00 (Gate area) 
      Cumulative area ratio:    0.20
      Required ratio:    0.00 (Cumulative area) 

    Layer: Metal4
      Partial area ratio:    0.08
      Required ratio:    0.00 (Gate area) 
      Cumulative area ratio:    2.01
      Required ratio:    0.00 (Cumulative area) 
      Partial area ratio:    0.53
      Required ratio:  400.00 (Side area) 
      Cumulative area ratio:    8.66
      Required ratio:    0.00 (Cumulative side area) 

    Layer: Via4
      Partial area ratio:    0.05
      Required ratio:   20.00 (Gate area) 
      Cumulative area ratio:    0.25
      Required ratio:    0.00 (Cumulative area) 

    Layer: Metal5
      Partial area ratio:    2.80
      Required ratio:    0.00 (Gate area) 
      Cumulative area ratio:    4.81
      Required ratio:    0.00 (Cumulative area) 
      Partial area ratio:   15.19
      Required ratio:  400.00 (Side area) 
      Cumulative area ratio:   23.85
      Required ratio:    0.00 (Cumulative side area) 


  Pin:   _10915_/B (gf180mcu_as_sc_mcu7t3v3__mux2_2)
    Layer: Metal1
      Partial area ratio:    0.02
      Required ratio:    0.00 (Gate area) 
      Cumulative area ratio:    0.02
      Required ratio:    0.00 (Cumulative area) 
      Partial area ratio:    0.92
      Required ratio:  400.00 (Side area) 
      Cumulative area ratio:    0.92
      Required ratio:    0.00 (Cumulative side area) 

    Layer: Via1
      Partial area ratio:    0.10
      Required ratio:   20.00 (Gate area) 
      Cumulative area ratio:    0.10
      Required ratio:    0.00 (Cumulative area) 

    Layer: Metal2
      Partial area ratio:    1.53
      Required ratio:    0.00 (Gate area) 
      Cumulative area ratio:    1.55
      Required ratio:    0.00 (Cumulative area) 
      Partial area ratio:    6.29
      Required ratio:  400.00 (Side area) 
      Cumulative area ratio:    7.21
      Required ratio:    0.00 (Cumulative side area) 

    Layer: Via2
      Partial area ratio:    0.14
      Required ratio:   20.00 (Gate area) 
      Cumulative area ratio:    0.24
      Required ratio:    0.00 (Cumulative area) 

    Layer: Metal3
      Partial area ratio:  141.55
      Required ratio:    0.00 (Gate area) 
      Cumulative area ratio:  143.10
      Required ratio:    0.00 (Cumulative area) 
      Partial area ratio:  546.83
      Required ratio:  400.00 (Side area) (VIOLATED)
      Cumulative area ratio:  554.04
      Required ratio:    0.00 (Cumulative side area) 

    Layer: Via3
      Partial area ratio:    0.10
      Required ratio:   20.00 (Gate area) 
      Cumulative area ratio:    0.34
      Required ratio:    0.00 (Cumulative area) 

    Layer: Metal4
      Partial area ratio:   13.27
      Required ratio:    0.00 (Gate area) 
      Cumulative area ratio:  156.36
      Required ratio:    0.00 (Cumulative area) 
      Partial area ratio:   51.22
      Required ratio:  400.00 (Side area) 
      Cumulative area ratio:  605.26
      Required ratio:    0.00 (Cumulative side area) 

    Layer: Via4
      Partial area ratio:    0.01
      Required ratio:    0.00 (Gate area) 
      Cumulative area ratio:    0.36
      Required ratio:    0.00 (Cumulative area) 

    Layer: Metal5
      Partial area ratio:    2.80
      Required ratio:    0.00 (Gate area) 
      Cumulative area ratio:  159.16
      Required ratio:    0.00 (Cumulative area) 
      Partial area ratio:   15.19
      Required ratio:  400.00 (Side area) 
      Cumulative area ratio:  620.45
      Required ratio:    0.00 (Cumulative side area) 


  Pin:   _10926_/B (gf180mcu_as_sc_mcu7t3v3__mux2_2)
    Layer: Metal1
      Partial area ratio:    0.02
      Required ratio:    0.00 (Gate area) 
      Cumulative area ratio:    0.02
      Required ratio:    0.00 (Cumulative area) 
      Partial area ratio:    0.92
      Required ratio:  400.00 (Side area) 
      Cumulative area ratio:    0.92
      Required ratio:    0.00 (Cumulative side area) 

    Layer: Via1
      Partial area ratio:    0.10
      Required ratio:   20.00 (Gate area) 
      Cumulative area ratio:    0.10
      Required ratio:    0.00 (Cumulative area) 

    Layer: Metal2
      Partial area ratio:    8.82
      Required ratio:    0.00 (Gate area) 
      Cumulative area ratio:    8.84
      Required ratio:    0.00 (Cumulative area) 
      Partial area ratio:   34.43
      Required ratio:  400.00 (Side area) 
      Cumulative area ratio:   35.35
      Required ratio:    0.00 (Cumulative side area) 

    Layer: Via2
      Partial area ratio:    0.24
      Required ratio:   20.00 (Gate area) 
      Cumulative area ratio:    0.34
      Required ratio:    0.00 (Cumulative area) 

    Layer: Metal3
      Partial area ratio:   10.19
      Required ratio:    0.00 (Gate area) 
      Cumulative area ratio:   19.04
      Required ratio:    0.00 (Cumulative area) 
      Partial area ratio:   39.43
      Required ratio:  400.00 (Side area) 
      Cumulative area ratio:   74.78
      Required ratio:    0.00 (Cumulative side area) 

    Layer: Via3
      Partial area ratio:    0.10
      Required ratio:    0.00 (Gate area) 
      Cumulative area ratio:    0.44
      Required ratio:    0.00 (Cumulative area) 

    Layer: Metal4
      Partial area ratio:   13.27
      Required ratio:    0.00 (Gate area) 
      Cumulative area ratio:   32.30
      Required ratio:    0.00 (Cumulative area) 
      Partial area ratio:   51.22
      Required ratio:  400.00 (Side area) 
      Cumulative area ratio:  125.99
      Required ratio:    0.00 (Cumulative side area) 

    Layer: Via4
      Partial area ratio:    0.01
      Required ratio:    0.00 (Gate area) 
      Cumulative area ratio:    0.46
      Required ratio:    0.00 (Cumulative area) 

    Layer: Metal5
      Partial area ratio:    2.80
      Required ratio:    0.00 (Gate area) 
      Cumulative area ratio:   35.10
      Required ratio:    0.00 (Cumulative area) 
      Partial area ratio:   15.19
      Required ratio:  400.00 (Side area) 
      Cumulative area ratio:  141.18
      Required ratio:    0.00 (Cumulative side area) 


  Pin:   _10936_/B (gf180mcu_as_sc_mcu7t3v3__mux2_2)
    Layer: Metal1
      Partial area ratio:    0.02
      Required ratio:    0.00 (Gate area) 
      Cumulative area ratio:    0.02
      Required ratio:    0.00 (Cumulative area) 
      Partial area ratio:    0.92
      Required ratio:  400.00 (Side area) 
      Cumulative area ratio:    0.92
      Required ratio:    0.00 (Cumulative side area) 

    Layer: Via1
      Partial area ratio:    0.10
      Required ratio:   20.00 (Gate area) 
      Cumulative area ratio:    0.10
      Required ratio:    0.00 (Cumulative area) 

    Layer: Metal2
      Partial area ratio:    2.93
      Required ratio:    0.00 (Gate area) 
      Cumulative area ratio:    2.95
      Required ratio:    0.00 (Cumulative area) 
      Partial area ratio:   11.75
      Required ratio:  400.00 (Side area) 
      Cumulative area ratio:   12.66
      Required ratio:    0.00 (Cumulative side area) 

    Layer: Via2
      Partial area ratio:    0.20
      Required ratio:   20.00 (Gate area) 
      Cumulative area ratio:    0.30
      Required ratio:    0.00 (Cumulative area) 

    Layer: Metal3
      Partial area ratio:   10.19
      Required ratio:    0.00 (Gate area) 
      Cumulative area ratio:   13.14
      Required ratio:    0.00 (Cumulative area) 
      Partial area ratio:   39.43
      Required ratio:  400.00 (Side area) 
      Cumulative area ratio:   52.09
      Required ratio:    0.00 (Cumulative side area) 

    Layer: Via3
      Partial area ratio:    0.10
      Required ratio:    0.00 (Gate area) 
      Cumulative area ratio:    0.41
      Required ratio:    0.00 (Cumulative area) 

    Layer: Metal4
      Partial area ratio:   13.27
      Required ratio:    0.00 (Gate area) 
      Cumulative area ratio:   26.40
      Required ratio:    0.00 (Cumulative area) 
      Partial area ratio:   51.22
      Required ratio:  400.00 (Side area) 
      Cumulative area ratio:  103.31
      Required ratio:    0.00 (Cumulative side area) 

    Layer: Via4
      Partial area ratio:    0.01
      Required ratio:    0.00 (Gate area) 
      Cumulative area ratio:    0.42
      Required ratio:    0.00 (Cumulative area) 

    Layer: Metal5
      Partial area ratio:    2.80
      Required ratio:    0.00 (Gate area) 
      Cumulative area ratio:   29.20
      Required ratio:    0.00 (Cumulative area) 
      Partial area ratio:   15.19
      Required ratio:  400.00 (Side area) 
      Cumulative area ratio:  118.50
      Required ratio:    0.00 (Cumulative side area) 


  Pin:   _10945_/A (gf180mcu_as_sc_mcu7t3v3__mux2_2)
    Layer: Metal1
      Partial area ratio:    0.01
      Required ratio:    0.00 (Gate area) 
      Cumulative area ratio:    0.01
      Required ratio:    0.00 (Cumulative area) 
      Partial area ratio:    0.88
      Required ratio:  400.00 (Side area) 
      Cumulative area ratio:    0.88
      Required ratio:    0.00 (Cumulative side area) 

    Layer: Via1
      Partial area ratio:    0.10
      Required ratio:   20.00 (Gate area) 
      Cumulative area ratio:    0.10
      Required ratio:    0.00 (Cumulative area) 

    Layer: Metal2
      Partial area ratio:    3.33
      Required ratio:    0.00 (Gate area) 
      Cumulative area ratio:    3.33
      Required ratio:    0.00 (Cumulative area) 
      Partial area ratio:   13.28
      Required ratio:  400.00 (Side area) 
      Cumulative area ratio:   14.16
      Required ratio:    0.00 (Cumulative side area) 

    Layer: Via2
      Partial area ratio:    0.20
      Required ratio:   20.00 (Gate area) 
      Cumulative area ratio:    0.30
      Required ratio:    0.00 (Cumulative area) 

    Layer: Metal3
      Partial area ratio:    0.32
      Required ratio:    0.00 (Gate area) 
      Cumulative area ratio:    3.65
      Required ratio:    0.00 (Cumulative area) 
      Partial area ratio:    2.14
      Required ratio:  400.00 (Side area) 
      Cumulative area ratio:   16.30
      Required ratio:    0.00 (Cumulative side area) 

    Layer: Via3
      Partial area ratio:    0.10
      Required ratio:   20.00 (Gate area) 
      Cumulative area ratio:    0.41
      Required ratio:    0.00 (Cumulative area) 

    Layer: Metal4
      Partial area ratio:   13.27
      Required ratio:    0.00 (Gate area) 
      Cumulative area ratio:   16.92
      Required ratio:    0.00 (Cumulative area) 
      Partial area ratio:   51.22
      Required ratio:  400.00 (Side area) 
      Cumulative area ratio:   67.51
      Required ratio:    0.00 (Cumulative side area) 

    Layer: Via4
      Partial area ratio:    0.01
      Required ratio:    0.00 (Gate area) 
      Cumulative area ratio:    0.42
      Required ratio:    0.00 (Cumulative area) 

    Layer: Metal5
      Partial area ratio:    2.80
      Required ratio:    0.00 (Gate area) 
      Cumulative area ratio:   19.72
      Required ratio:    0.00 (Cumulative area) 
      Partial area ratio:   15.19
      Required ratio:  400.00 (Side area) 
      Cumulative area ratio:   82.70
      Required ratio:    0.00 (Cumulative side area) 


  Pin:   _10954_/A (gf180mcu_as_sc_mcu7t3v3__and2_2)
    Layer: Via1
      Partial area ratio:    0.10
      Required ratio:   20.00 (Gate area) 
      Cumulative area ratio:    0.10
      Required ratio:    0.00 (Cumulative area) 

    Layer: Metal2
      Partial area ratio:    5.29
      Required ratio:    0.00 (Gate area) 
      Cumulative area ratio:    5.29
      Required ratio:    0.00 (Cumulative area) 
      Partial area ratio:   20.86
      Required ratio:  400.00 (Side area) 
      Cumulative area ratio:   20.86
      Required ratio:    0.00 (Cumulative side area) 

    Layer: Via2
      Partial area ratio:    0.30
      Required ratio:   20.00 (Gate area) 
      Cumulative area ratio:    0.41
      Required ratio:    0.00 (Cumulative area) 

    Layer: Metal3
      Partial area ratio:   14.33
      Required ratio:    0.00 (Gate area) 
      Cumulative area ratio:   19.62
      Required ratio:    0.00 (Cumulative area) 
      Partial area ratio:   55.88
      Required ratio:  400.00 (Side area) 
      Cumulative area ratio:   76.74
      Required ratio:    0.00 (Cumulative side area) 

    Layer: Via3
      Partial area ratio:    0.07
      Required ratio:   20.00 (Gate area) 
      Cumulative area ratio:    0.47
      Required ratio:    0.00 (Cumulative area) 

    Layer: Metal4
      Partial area ratio:   13.27
      Required ratio:    0.00 (Gate area) 
      Cumulative area ratio:   32.89
      Required ratio:    0.00 (Cumulative area) 
      Partial area ratio:   51.22
      Required ratio:  400.00 (Side area) 
      Cumulative area ratio:  127.96
      Required ratio:    0.00 (Cumulative side area) 

    Layer: Via4
      Partial area ratio:    0.01
      Required ratio:    0.00 (Gate area) 
      Cumulative area ratio:    0.49
      Required ratio:    0.00 (Cumulative area) 

    Layer: Metal5
      Partial area ratio:    2.80
      Required ratio:    0.00 (Gate area) 
      Cumulative area ratio:   35.68
      Required ratio:    0.00 (Cumulative area) 
      Partial area ratio:   15.19
      Required ratio:  400.00 (Side area) 
      Cumulative area ratio:  143.15
      Required ratio:    0.00 (Cumulative side area) 


  Pin:   _10965_/A (gf180mcu_as_sc_mcu7t3v3__nor2_2)
    Layer: Via1
      Partial area ratio:    0.05
      Required ratio:   20.00 (Gate area) 
      Cumulative area ratio:    0.05
      Required ratio:    0.00 (Cumulative area) 

    Layer: Metal2
      Partial area ratio:    0.84
      Required ratio:    0.00 (Gate area) 
      Cumulative area ratio:    0.84
      Required ratio:    0.00 (Cumulative area) 
      Partial area ratio:    3.48
      Required ratio:  400.00 (Side area) 
      Cumulative area ratio:    3.48
      Required ratio:    0.00 (Cumulative side area) 

    Layer: Via2
      Partial area ratio:    0.10
      Required ratio:   20.00 (Gate area) 
      Cumulative area ratio:    0.15
      Required ratio:    0.00 (Cumulative area) 

    Layer: Metal3
      Partial area ratio:   14.33
      Required ratio:    0.00 (Gate area) 
      Cumulative area ratio:   15.17
      Required ratio:    0.00 (Cumulative area) 
      Partial area ratio:   55.88
      Required ratio:  400.00 (Side area) 
      Cumulative area ratio:   59.36
      Required ratio:    0.00 (Cumulative side area) 

    Layer: Via3
      Partial area ratio:    0.07
      Required ratio:   20.00 (Gate area) 
      Cumulative area ratio:    0.22
      Required ratio:    0.00 (Cumulative area) 

    Layer: Metal4
      Partial area ratio:   13.27
      Required ratio:    0.00 (Gate area) 
      Cumulative area ratio:   28.44
      Required ratio:    0.00 (Cumulative area) 
      Partial area ratio:   51.22
      Required ratio:  400.00 (Side area) 
      Cumulative area ratio:  110.58
      Required ratio:    0.00 (Cumulative side area) 

    Layer: Via4
      Partial area ratio:    0.01
      Required ratio:    0.00 (Gate area) 
      Cumulative area ratio:    0.23
      Required ratio:    0.00 (Cumulative area) 

    Layer: Metal5
      Partial area ratio:    2.80
      Required ratio:    0.00 (Gate area) 
      Cumulative area ratio:   31.24
      Required ratio:    0.00 (Cumulative area) 
      Partial area ratio:   15.19
      Required ratio:  400.00 (Side area) 
      Cumulative area ratio:  125.77
      Required ratio:    0.00 (Cumulative side area) 



Net: net887
  Pin:   fanout850/A (gf180mcu_as_sc_mcu7t3v3__buff_2)
    Layer: Via1
      Partial area ratio:    0.10
      Required ratio:   20.00 (Gate area) 
      Cumulative area ratio:    0.10
      Required ratio:    0.00 (Cumulative area) 

    Layer: Metal2
      Partial area ratio:   10.26
      Required ratio:    0.00 (Gate area) 
      Cumulative area ratio:   10.26
      Required ratio:    0.00 (Cumulative area) 
      Partial area ratio:   39.67
      Required ratio:  400.00 (Side area) 
      Cumulative area ratio:   39.67
      Required ratio:    0.00 (Cumulative side area) 

    Layer: Via2
      Partial area ratio:    0.30
      Required ratio:    0.00 (Gate area) 
      Cumulative area ratio:    0.41
      Required ratio:    0.00 (Cumulative area) 

    Layer: Metal3
      Partial area ratio:    0.73
      Required ratio:    0.00 (Gate area) 
      Cumulative area ratio:   10.99
      Required ratio:    0.00 (Cumulative area) 
      Partial area ratio:    3.13
      Required ratio:  400.00 (Side area) 
      Cumulative area ratio:   42.80
      Required ratio:    0.00 (Cumulative side area) 

    Layer: Via3
      Partial area ratio:    0.05
      Required ratio:    0.00 (Gate area) 
      Cumulative area ratio:    0.46
      Required ratio:    0.00 (Cumulative area) 

    Layer: Metal4
      Partial area ratio:    0.03
      Required ratio:    0.00 (Gate area) 
      Cumulative area ratio:   11.02
      Required ratio:    0.00 (Cumulative area) 
      Partial area ratio:    0.19
      Required ratio:  400.00 (Side area) 
      Cumulative area ratio:   42.98
      Required ratio:    0.00 (Cumulative side area) 

    Layer: Via4
      Partial area ratio:    0.05
      Required ratio:    0.00 (Gate area) 
      Cumulative area ratio:    0.51
      Required ratio:    0.00 (Cumulative area) 

    Layer: Metal5
      Partial area ratio:   52.56
      Required ratio:    0.00 (Gate area) 
      Cumulative area ratio:   63.58
      Required ratio:    0.00 (Cumulative area) 
      Partial area ratio:  284.70
      Required ratio:  400.00 (Side area) 
      Cumulative area ratio:  327.69
      Required ratio:    0.00 (Cumulative side area) 


  Pin:   fanout853/A (gf180mcu_as_sc_mcu7t3v3__buff_2)
    Layer: Via1
      Partial area ratio:    0.10
      Required ratio:   20.00 (Gate area) 
      Cumulative area ratio:    0.10
      Required ratio:    0.00 (Cumulative area) 

    Layer: Metal2
      Partial area ratio:    3.87
      Required ratio:    0.00 (Gate area) 
      Cumulative area ratio:    3.87
      Required ratio:    0.00 (Cumulative area) 
      Partial area ratio:   15.36
      Required ratio:  400.00 (Side area) 
      Cumulative area ratio:   15.36
      Required ratio:    0.00 (Cumulative side area) 

    Layer: Via2
      Partial area ratio:    0.20
      Required ratio:   20.00 (Gate area) 
      Cumulative area ratio:    0.30
      Required ratio:    0.00 (Cumulative area) 

    Layer: Metal3
      Partial area ratio:   17.97
      Required ratio:    0.00 (Gate area) 
      Cumulative area ratio:   21.83
      Required ratio:    0.00 (Cumulative area) 
      Partial area ratio:   70.21
      Required ratio:  400.00 (Side area) 
      Cumulative area ratio:   85.57
      Required ratio:    0.00 (Cumulative side area) 

    Layer: Via3
      Partial area ratio:    0.20
      Required ratio:   20.00 (Gate area) 
      Cumulative area ratio:    0.51
      Required ratio:    0.00 (Cumulative area) 

    Layer: Metal4
      Partial area ratio:  113.30
      Required ratio:    0.00 (Gate area) 
      Cumulative area ratio:  135.13
      Required ratio:    0.00 (Cumulative area) 
      Partial area ratio:  437.93
      Required ratio:  400.00 (Side area) (VIOLATED)
      Cumulative area ratio:  523.50
      Required ratio:    0.00 (Cumulative side area) 

    Layer: Via4
      Partial area ratio:    0.20
      Required ratio:   20.00 (Gate area) 
      Cumulative area ratio:    0.71
      Required ratio:    0.00 (Cumulative area) 

    Layer: Metal5
      Partial area ratio:   52.56
      Required ratio:    0.00 (Gate area) 
      Cumulative area ratio:  187.69
      Required ratio:    0.00 (Cumulative area) 
      Partial area ratio:  284.70
      Required ratio:  400.00 (Side area) 
      Cumulative area ratio:  808.21
      Required ratio:    0.00 (Cumulative side area) 


  Pin:   fanout861/A (gf180mcu_as_sc_mcu7t3v3__buff_2)
    Layer: Via1
      Partial area ratio:    0.10
      Required ratio:   20.00 (Gate area) 
      Cumulative area ratio:    0.10
      Required ratio:    0.00 (Cumulative area) 

    Layer: Metal2
      Partial area ratio:    1.96
      Required ratio:    0.00 (Gate area) 
      Cumulative area ratio:    1.96
      Required ratio:    0.00 (Cumulative area) 
      Partial area ratio:    8.03
      Required ratio:  400.00 (Side area) 
      Cumulative area ratio:    8.03
      Required ratio:    0.00 (Cumulative side area) 

    Layer: Via2
      Partial area ratio:    0.20
      Required ratio:   20.00 (Gate area) 
      Cumulative area ratio:    0.30
      Required ratio:    0.00 (Cumulative area) 

    Layer: Metal3
      Partial area ratio:    0.73
      Required ratio:    0.00 (Gate area) 
      Cumulative area ratio:    2.69
      Required ratio:    0.00 (Cumulative area) 
      Partial area ratio:    3.13
      Required ratio:  400.00 (Side area) 
      Cumulative area ratio:   11.16
      Required ratio:    0.00 (Cumulative side area) 

    Layer: Via3
      Partial area ratio:    0.05
      Required ratio:    0.00 (Gate area) 
      Cumulative area ratio:    0.36
      Required ratio:    0.00 (Cumulative area) 

    Layer: Metal4
      Partial area ratio:    0.03
      Required ratio:    0.00 (Gate area) 
      Cumulative area ratio:    2.72
      Required ratio:    0.00 (Cumulative area) 
      Partial area ratio:    0.19
      Required ratio:  400.00 (Side area) 
      Cumulative area ratio:   11.34
      Required ratio:    0.00 (Cumulative side area) 

    Layer: Via4
      Partial area ratio:    0.05
      Required ratio:    0.00 (Gate area) 
      Cumulative area ratio:    0.41
      Required ratio:    0.00 (Cumulative area) 

    Layer: Metal5
      Partial area ratio:   52.56
      Required ratio:    0.00 (Gate area) 
      Cumulative area ratio:   55.28
      Required ratio:    0.00 (Cumulative area) 
      Partial area ratio:  284.70
      Required ratio:  400.00 (Side area) 
      Cumulative area ratio:  296.05
      Required ratio:    0.00 (Cumulative side area) 


  Pin:   fanout886/A (gf180mcu_as_sc_mcu7t3v3__buff_2)
    Layer: Via1
      Partial area ratio:    0.10
      Required ratio:   20.00 (Gate area) 
      Cumulative area ratio:    0.10
      Required ratio:    0.00 (Cumulative area) 

    Layer: Metal2
      Partial area ratio:    1.50
      Required ratio:    0.00 (Gate area) 
      Cumulative area ratio:    1.50
      Required ratio:    0.00 (Cumulative area) 
      Partial area ratio:    6.24
      Required ratio:  400.00 (Side area) 
      Cumulative area ratio:    6.24
      Required ratio:    0.00 (Cumulative side area) 

    Layer: Via2
      Partial area ratio:    0.20
      Required ratio:   20.00 (Gate area) 
      Cumulative area ratio:    0.30
      Required ratio:    0.00 (Cumulative area) 

    Layer: Metal3
      Partial area ratio:    0.32
      Required ratio:    0.00 (Gate area) 
      Cumulative area ratio:    1.82
      Required ratio:    0.00 (Cumulative area) 
      Partial area ratio:    2.14
      Required ratio:  400.00 (Side area) 
      Cumulative area ratio:    8.37
      Required ratio:    0.00 (Cumulative side area) 

    Layer: Via3
      Partial area ratio:    0.10
      Required ratio:   20.00 (Gate area) 
      Cumulative area ratio:    0.41
      Required ratio:    0.00 (Cumulative area) 

    Layer: Metal4
      Partial area ratio:    7.26
      Required ratio:    0.00 (Gate area) 
      Cumulative area ratio:    9.08
      Required ratio:    0.00 (Cumulative area) 
      Partial area ratio:   28.46
      Required ratio:  400.00 (Side area) 
      Cumulative area ratio:   36.83
      Required ratio:    0.00 (Cumulative side area) 

    Layer: Via4
      Partial area ratio:    0.10
      Required ratio:   20.00 (Gate area) 
      Cumulative area ratio:    0.51
      Required ratio:    0.00 (Cumulative area) 

    Layer: Metal5
      Partial area ratio:   52.56
      Required ratio:    0.00 (Gate area) 
      Cumulative area ratio:   61.64
      Required ratio:    0.00 (Cumulative area) 
      Partial area ratio:  284.70
      Required ratio:  400.00 (Side area) 
      Cumulative area ratio:  321.54
      Required ratio:    0.00 (Cumulative side area) 



Net: net906
  Pin:   _10921_/B (gf180mcu_as_sc_mcu7t3v3__mux2_2)
    Layer: Metal1
      Partial area ratio:    0.02
      Required ratio:    0.00 (Gate area) 
      Cumulative area ratio:    0.02
      Required ratio:    0.00 (Cumulative area) 
      Partial area ratio:    0.92
      Required ratio:  400.00 (Side area) 
      Cumulative area ratio:    0.92
      Required ratio:    0.00 (Cumulative side area) 

    Layer: Via1
      Partial area ratio:    0.10
      Required ratio:   20.00 (Gate area) 
      Cumulative area ratio:    0.10
      Required ratio:    0.00 (Cumulative area) 

    Layer: Metal2
      Partial area ratio:   10.46
      Required ratio:    0.00 (Gate area) 
      Cumulative area ratio:   10.47
      Required ratio:    0.00 (Cumulative area) 
      Partial area ratio:   40.79
      Required ratio:  400.00 (Side area) 
      Cumulative area ratio:   41.70
      Required ratio:    0.00 (Cumulative side area) 

    Layer: Via2
      Partial area ratio:    0.20
      Required ratio:   20.00 (Gate area) 
      Cumulative area ratio:    0.30
      Required ratio:    0.00 (Cumulative area) 

    Layer: Metal3
      Partial area ratio:  141.50
      Required ratio:    0.00 (Gate area) 
      Cumulative area ratio:  151.97
      Required ratio:    0.00 (Cumulative area) 
      Partial area ratio:  546.68
      Required ratio:  400.00 (Side area) (VIOLATED)
      Cumulative area ratio:  588.38
      Required ratio:    0.00 (Cumulative side area) 

    Layer: Via3
      Partial area ratio:    0.10
      Required ratio:   20.00 (Gate area) 
      Cumulative area ratio:    0.41
      Required ratio:    0.00 (Cumulative area) 

    Layer: Metal4
      Partial area ratio:   15.35
      Required ratio:    0.00 (Gate area) 
      Cumulative area ratio:  167.32
      Required ratio:    0.00 (Cumulative area) 
      Partial area ratio:   59.24
      Required ratio:  400.00 (Side area) 
      Cumulative area ratio:  647.62
      Required ratio:    0.00 (Cumulative side area) 

    Layer: Via4
      Partial area ratio:    0.03
      Required ratio:    0.00 (Gate area) 
      Cumulative area ratio:    0.44
      Required ratio:    0.00 (Cumulative area) 

    Layer: Metal5
      Partial area ratio:   11.87
      Required ratio:    0.00 (Gate area) 
      Cumulative area ratio:  179.19
      Required ratio:    0.00 (Cumulative area) 
      Partial area ratio:   64.26
      Required ratio:  400.00 (Side area) 
      Cumulative area ratio:  711.88
      Required ratio:    0.00 (Cumulative side area) 


  Pin:   _10961_/B (gf180mcu_as_sc_mcu7t3v3__mux2_2)
    Layer: Metal1
      Partial area ratio:    0.02
      Required ratio:    0.00 (Gate area) 
      Cumulative area ratio:    0.02
      Required ratio:    0.00 (Cumulative area) 
      Partial area ratio:    0.92
      Required ratio:  400.00 (Side area) 
      Cumulative area ratio:    0.92
      Required ratio:    0.00 (Cumulative side area) 

    Layer: Via1
      Partial area ratio:    0.10
      Required ratio:   20.00 (Gate area) 
      Cumulative area ratio:    0.10
      Required ratio:    0.00 (Cumulative area) 

    Layer: Metal2
      Partial area ratio:    3.08
      Required ratio:    0.00 (Gate area) 
      Cumulative area ratio:    3.10
      Required ratio:    0.00 (Cumulative area) 
      Partial area ratio:   12.35
      Required ratio:  400.00 (Side area) 
      Cumulative area ratio:   13.26
      Required ratio:    0.00 (Cumulative side area) 

    Layer: Via2
      Partial area ratio:    0.20
      Required ratio:   20.00 (Gate area) 
      Cumulative area ratio:    0.30
      Required ratio:    0.00 (Cumulative area) 

    Layer: Metal3
      Partial area ratio:    0.32
      Required ratio:    0.00 (Gate area) 
      Cumulative area ratio:    3.42
      Required ratio:    0.00 (Cumulative area) 
      Partial area ratio:    2.14
      Required ratio:  400.00 (Side area) 
      Cumulative area ratio:   15.40
      Required ratio:    0.00 (Cumulative side area) 

    Layer: Via3
      Partial area ratio:    0.10
      Required ratio:   20.00 (Gate area) 
      Cumulative area ratio:    0.41
      Required ratio:    0.00 (Cumulative area) 

    Layer: Metal4
      Partial area ratio:   15.35
      Required ratio:    0.00 (Gate area) 
      Cumulative area ratio:   18.77
      Required ratio:    0.00 (Cumulative area) 
      Partial area ratio:   59.24
      Required ratio:  400.00 (Side area) 
      Cumulative area ratio:   74.64
      Required ratio:    0.00 (Cumulative side area) 

    Layer: Via4
      Partial area ratio:    0.03
      Required ratio:    0.00 (Gate area) 
      Cumulative area ratio:    0.44
      Required ratio:    0.00 (Cumulative area) 

    Layer: Metal5
      Partial area ratio:   11.87
      Required ratio:    0.00 (Gate area) 
      Cumulative area ratio:   30.64
      Required ratio:    0.00 (Cumulative area) 
      Partial area ratio:   64.26
      Required ratio:  400.00 (Side area) 
      Cumulative area ratio:  138.90
      Required ratio:    0.00 (Cumulative side area) 


  Pin:   _10972_/B (gf180mcu_as_sc_mcu7t3v3__mux2_2)
    Layer: Metal1
      Partial area ratio:    0.02
      Required ratio:    0.00 (Gate area) 
      Cumulative area ratio:    0.02
      Required ratio:    0.00 (Cumulative area) 
      Partial area ratio:    0.92
      Required ratio:  400.00 (Side area) 
      Cumulative area ratio:    0.92
      Required ratio:    0.00 (Cumulative side area) 

    Layer: Via1
      Partial area ratio:    0.10
      Required ratio:   20.00 (Gate area) 
      Cumulative area ratio:    0.10
      Required ratio:    0.00 (Cumulative area) 

    Layer: Metal2
      Partial area ratio:    2.50
      Required ratio:    0.00 (Gate area) 
      Cumulative area ratio:    2.51
      Required ratio:    0.00 (Cumulative area) 
      Partial area ratio:   10.08
      Required ratio:  400.00 (Side area) 
      Cumulative area ratio:   11.00
      Required ratio:    0.00 (Cumulative side area) 

    Layer: Via2
      Partial area ratio:    0.20
      Required ratio:   20.00 (Gate area) 
      Cumulative area ratio:    0.30
      Required ratio:    0.00 (Cumulative area) 

    Layer: Metal3
      Partial area ratio:    0.32
      Required ratio:    0.00 (Gate area) 
      Cumulative area ratio:    2.83
      Required ratio:    0.00 (Cumulative area) 
      Partial area ratio:    2.14
      Required ratio:  400.00 (Side area) 
      Cumulative area ratio:   13.14
      Required ratio:    0.00 (Cumulative side area) 

    Layer: Via3
      Partial area ratio:    0.10
      Required ratio:   20.00 (Gate area) 
      Cumulative area ratio:    0.41
      Required ratio:    0.00 (Cumulative area) 

    Layer: Metal4
      Partial area ratio:   15.35
      Required ratio:    0.00 (Gate area) 
      Cumulative area ratio:   18.19
      Required ratio:    0.00 (Cumulative area) 
      Partial area ratio:   59.24
      Required ratio:  400.00 (Side area) 
      Cumulative area ratio:   72.38
      Required ratio:    0.00 (Cumulative side area) 

    Layer: Via4
      Partial area ratio:    0.03
      Required ratio:    0.00 (Gate area) 
      Cumulative area ratio:    0.44
      Required ratio:    0.00 (Cumulative area) 

    Layer: Metal5
      Partial area ratio:   11.87
      Required ratio:    0.00 (Gate area) 
      Cumulative area ratio:   30.06
      Required ratio:    0.00 (Cumulative area) 
      Partial area ratio:   64.26
      Required ratio:  400.00 (Side area) 
      Cumulative area ratio:  136.64
      Required ratio:    0.00 (Cumulative side area) 


  Pin:   _10982_/B (gf180mcu_as_sc_mcu7t3v3__mux2_2)
    Layer: Metal1
      Partial area ratio:    0.02
      Required ratio:    0.00 (Gate area) 
      Cumulative area ratio:    0.02
      Required ratio:    0.00 (Cumulative area) 
      Partial area ratio:    0.92
      Required ratio:  400.00 (Side area) 
      Cumulative area ratio:    0.92
      Required ratio:    0.00 (Cumulative side area) 

    Layer: Via1
      Partial area ratio:    0.10
      Required ratio:   20.00 (Gate area) 
      Cumulative area ratio:    0.10
      Required ratio:    0.00 (Cumulative area) 

    Layer: Metal2
      Partial area ratio:    4.81
      Required ratio:    0.00 (Gate area) 
      Cumulative area ratio:    4.83
      Required ratio:    0.00 (Cumulative area) 
      Partial area ratio:   19.01
      Required ratio:  400.00 (Side area) 
      Cumulative area ratio:   19.92
      Required ratio:    0.00 (Cumulative side area) 

    Layer: Via2
      Partial area ratio:    0.20
      Required ratio:   20.00 (Gate area) 
      Cumulative area ratio:    0.30
      Required ratio:    0.00 (Cumulative area) 

    Layer: Metal3
      Partial area ratio:   21.50
      Required ratio:    0.00 (Gate area) 
      Cumulative area ratio:   26.32
      Required ratio:    0.00 (Cumulative area) 
      Partial area ratio:   83.82
      Required ratio:  400.00 (Side area) 
      Cumulative area ratio:  103.74
      Required ratio:    0.00 (Cumulative side area) 

    Layer: Via3
      Partial area ratio:    0.20
      Required ratio:   20.00 (Gate area) 
      Cumulative area ratio:    0.51
      Required ratio:    0.00 (Cumulative area) 

    Layer: Metal4
      Partial area ratio:   79.59
      Required ratio:    0.00 (Gate area) 
      Cumulative area ratio:  105.92
      Required ratio:    0.00 (Cumulative area) 
      Partial area ratio:  307.45
      Required ratio:  400.00 (Side area) 
      Cumulative area ratio:  411.19
      Required ratio:    0.00 (Cumulative side area) 

    Layer: Via4
      Partial area ratio:    0.05
      Required ratio:   20.00 (Gate area) 
      Cumulative area ratio:    0.56
      Required ratio:    0.00 (Cumulative area) 

    Layer: Metal5
      Partial area ratio:   11.87
      Required ratio:    0.00 (Gate area) 
      Cumulative area ratio:  117.78
      Required ratio:    0.00 (Cumulative area) 
      Partial area ratio:   64.26
      Required ratio:  400.00 (Side area) 
      Cumulative area ratio:  475.46
      Required ratio:    0.00 (Cumulative side area) 


  Pin:   _10991_/A (gf180mcu_as_sc_mcu7t3v3__mux2_2)
    Layer: Metal1
      Partial area ratio:    0.01
      Required ratio:    0.00 (Gate area) 
      Cumulative area ratio:    0.01
      Required ratio:    0.00 (Cumulative area) 
      Partial area ratio:    0.88
      Required ratio:  400.00 (Side area) 
      Cumulative area ratio:    0.88
      Required ratio:    0.00 (Cumulative side area) 

    Layer: Via1
      Partial area ratio:    0.10
      Required ratio:   20.00 (Gate area) 
      Cumulative area ratio:    0.10
      Required ratio:    0.00 (Cumulative area) 

    Layer: Metal2
      Partial area ratio:    1.36
      Required ratio:    0.00 (Gate area) 
      Cumulative area ratio:    1.37
      Required ratio:    0.00 (Cumulative area) 
      Partial area ratio:    5.71
      Required ratio:  400.00 (Side area) 
      Cumulative area ratio:    6.59
      Required ratio:    0.00 (Cumulative side area) 

    Layer: Via2
      Partial area ratio:    0.20
      Required ratio:   20.00 (Gate area) 
      Cumulative area ratio:    0.30
      Required ratio:    0.00 (Cumulative area) 

    Layer: Metal3
      Partial area ratio:   21.50
      Required ratio:    0.00 (Gate area) 
      Cumulative area ratio:   22.87
      Required ratio:    0.00 (Cumulative area) 
      Partial area ratio:   83.82
      Required ratio:  400.00 (Side area) 
      Cumulative area ratio:   90.41
      Required ratio:    0.00 (Cumulative side area) 

    Layer: Via3
      Partial area ratio:    0.10
      Required ratio:   20.00 (Gate area) 
      Cumulative area ratio:    0.41
      Required ratio:    0.00 (Cumulative area) 

    Layer: Metal4
      Partial area ratio:   79.59
      Required ratio:    0.00 (Gate area) 
      Cumulative area ratio:  102.46
      Required ratio:    0.00 (Cumulative area) 
      Partial area ratio:  307.45
      Required ratio:  400.00 (Side area) 
      Cumulative area ratio:  397.86
      Required ratio:    0.00 (Cumulative side area) 

    Layer: Via4
      Partial area ratio:    0.05
      Required ratio:   20.00 (Gate area) 
      Cumulative area ratio:    0.46
      Required ratio:    0.00 (Cumulative area) 

    Layer: Metal5
      Partial area ratio:   11.87
      Required ratio:    0.00 (Gate area) 
      Cumulative area ratio:  114.33
      Required ratio:    0.00 (Cumulative area) 
      Partial area ratio:   64.26
      Required ratio:  400.00 (Side area) 
      Cumulative area ratio:  462.12
      Required ratio:    0.00 (Cumulative side area) 



Net: net911
  Pin:   _10918_/B (gf180mcu_as_sc_mcu7t3v3__mux2_2)
    Layer: Metal1
      Partial area ratio:    0.02
      Required ratio:    0.00 (Gate area) 
      Cumulative area ratio:    0.02
      Required ratio:    0.00 (Cumulative area) 
      Partial area ratio:    0.92
      Required ratio:  400.00 (Side area) 
      Cumulative area ratio:    0.92
      Required ratio:    0.00 (Cumulative side area) 

    Layer: Via1
      Partial area ratio:    0.10
      Required ratio:   20.00 (Gate area) 
      Cumulative area ratio:    0.10
      Required ratio:    0.00 (Cumulative area) 

    Layer: Metal2
      Partial area ratio:    2.26
      Required ratio:    0.00 (Gate area) 
      Cumulative area ratio:    2.28
      Required ratio:    0.00 (Cumulative area) 
      Partial area ratio:    9.18
      Required ratio:  400.00 (Side area) 
      Cumulative area ratio:   10.09
      Required ratio:    0.00 (Cumulative side area) 

    Layer: Via2
      Partial area ratio:    0.20
      Required ratio:   20.00 (Gate area) 
      Cumulative area ratio:    0.30
      Required ratio:    0.00 (Cumulative area) 

    Layer: Metal3
      Partial area ratio:   14.44
      Required ratio:    0.00 (Gate area) 
      Cumulative area ratio:   16.72
      Required ratio:    0.00 (Cumulative area) 
      Partial area ratio:   56.59
      Required ratio:  400.00 (Side area) 
      Cumulative area ratio:   66.69
      Required ratio:    0.00 (Cumulative side area) 

    Layer: Via3
      Partial area ratio:    0.10
      Required ratio:   20.00 (Gate area) 
      Cumulative area ratio:    0.41
      Required ratio:    0.00 (Cumulative area) 

    Layer: Metal4
      Partial area ratio:  104.79
      Required ratio:    0.00 (Gate area) 
      Cumulative area ratio:  121.50
      Required ratio:    0.00 (Cumulative area) 
      Partial area ratio:  404.33
      Required ratio:  400.00 (Side area) (VIOLATED)
      Cumulative area ratio:  471.02
      Required ratio:    0.00 (Cumulative side area) 

    Layer: Via4
      Partial area ratio:    0.03
      Required ratio:   20.00 (Gate area) 
      Cumulative area ratio:    0.44
      Required ratio:    0.00 (Cumulative area) 

    Layer: Metal5
      Partial area ratio:    9.72
      Required ratio:    0.00 (Gate area) 
      Cumulative area ratio:  131.22
      Required ratio:    0.00 (Cumulative area) 
      Partial area ratio:   52.64
      Required ratio:  400.00 (Side area) 
      Cumulative area ratio:  523.65
      Required ratio:    0.00 (Cumulative side area) 


  Pin:   _10929_/B (gf180mcu_as_sc_mcu7t3v3__mux2_2)
    Layer: Metal1
      Partial area ratio:    0.02
      Required ratio:    0.00 (Gate area) 
      Cumulative area ratio:    0.02
      Required ratio:    0.00 (Cumulative area) 
      Partial area ratio:    0.92
      Required ratio:  400.00 (Side area) 
      Cumulative area ratio:    0.92
      Required ratio:    0.00 (Cumulative side area) 

    Layer: Via1
      Partial area ratio:    0.10
      Required ratio:   20.00 (Gate area) 
      Cumulative area ratio:    0.10
      Required ratio:    0.00 (Cumulative area) 

    Layer: Metal2
      Partial area ratio:    7.91
      Required ratio:    0.00 (Gate area) 
      Cumulative area ratio:    7.93
      Required ratio:    0.00 (Cumulative area) 
      Partial area ratio:   30.97
      Required ratio:  400.00 (Side area) 
      Cumulative area ratio:   31.88
      Required ratio:    0.00 (Cumulative side area) 

    Layer: Via2
      Partial area ratio:    0.30
      Required ratio:   20.00 (Gate area) 
      Cumulative area ratio:    0.41
      Required ratio:    0.00 (Cumulative area) 

    Layer: Metal3
      Partial area ratio:    5.90
      Required ratio:    0.00 (Gate area) 
      Cumulative area ratio:   13.83
      Required ratio:    0.00 (Cumulative area) 
      Partial area ratio:   22.84
      Required ratio:  400.00 (Side area) 
      Cumulative area ratio:   54.72
      Required ratio:    0.00 (Cumulative side area) 

    Layer: Via3
      Partial area ratio:    0.10
      Required ratio:    0.00 (Gate area) 
      Cumulative area ratio:    0.51
      Required ratio:    0.00 (Cumulative area) 

    Layer: Metal4
      Partial area ratio:    0.01
      Required ratio:    0.00 (Gate area) 
      Cumulative area ratio:   13.83
      Required ratio:    0.00 (Cumulative area) 
      Partial area ratio:    0.05
      Required ratio:  400.00 (Side area) 
      Cumulative area ratio:   54.78
      Required ratio:    0.00 (Cumulative side area) 

    Layer: Via4
      Partial area ratio:    0.10
      Required ratio:    0.00 (Gate area) 
      Cumulative area ratio:    0.61
      Required ratio:    0.00 (Cumulative area) 

    Layer: Metal5
      Partial area ratio:    9.72
      Required ratio:    0.00 (Gate area) 
      Cumulative area ratio:   23.55
      Required ratio:    0.00 (Cumulative area) 
      Partial area ratio:   52.64
      Required ratio:  400.00 (Side area) 
      Cumulative area ratio:  107.41
      Required ratio:    0.00 (Cumulative side area) 


  Pin:   _10979_/B (gf180mcu_as_sc_mcu7t3v3__mux2_2)
    Layer: Metal1
      Partial area ratio:    0.02
      Required ratio:    0.00 (Gate area) 
      Cumulative area ratio:    0.02
      Required ratio:    0.00 (Cumulative area) 
      Partial area ratio:    0.92
      Required ratio:  400.00 (Side area) 
      Cumulative area ratio:    0.92
      Required ratio:    0.00 (Cumulative side area) 

    Layer: Via1
      Partial area ratio:    0.10
      Required ratio:   20.00 (Gate area) 
      Cumulative area ratio:    0.10
      Required ratio:    0.00 (Cumulative area) 

    Layer: Metal2
      Partial area ratio:    1.28
      Required ratio:    0.00 (Gate area) 
      Cumulative area ratio:    1.30
      Required ratio:    0.00 (Cumulative area) 
      Partial area ratio:    5.39
      Required ratio:  400.00 (Side area) 
      Cumulative area ratio:    6.31
      Required ratio:    0.00 (Cumulative side area) 

    Layer: Via2
      Partial area ratio:    0.20
      Required ratio:   20.00 (Gate area) 
      Cumulative area ratio:    0.30
      Required ratio:    0.00 (Cumulative area) 

    Layer: Metal3
      Partial area ratio:    0.32
      Required ratio:    0.00 (Gate area) 
      Cumulative area ratio:    1.62
      Required ratio:    0.00 (Cumulative area) 
      Partial area ratio:    2.14
      Required ratio:  400.00 (Side area) 
      Cumulative area ratio:    8.45
      Required ratio:    0.00 (Cumulative side area) 

    Layer: Via3
      Partial area ratio:    0.10
      Required ratio:   20.00 (Gate area) 
      Cumulative area ratio:    0.41
      Required ratio:    0.00 (Cumulative area) 

    Layer: Metal4
      Partial area ratio:  104.79
      Required ratio:    0.00 (Gate area) 
      Cumulative area ratio:  106.40
      Required ratio:    0.00 (Cumulative area) 
      Partial area ratio:  404.33
      Required ratio:  400.00 (Side area) (VIOLATED)
      Cumulative area ratio:  412.78
      Required ratio:    0.00 (Cumulative side area) 

    Layer: Via4
      Partial area ratio:    0.03
      Required ratio:   20.00 (Gate area) 
      Cumulative area ratio:    0.44
      Required ratio:    0.00 (Cumulative area) 

    Layer: Metal5
      Partial area ratio:    9.72
      Required ratio:    0.00 (Gate area) 
      Cumulative area ratio:  116.12
      Required ratio:    0.00 (Cumulative area) 
      Partial area ratio:   52.64
      Required ratio:  400.00 (Side area) 
      Cumulative area ratio:  465.42
      Required ratio:    0.00 (Cumulative side area) 


  Pin:   _10988_/A (gf180mcu_as_sc_mcu7t3v3__mux2_2)
    Layer: Metal1
      Partial area ratio:    0.01
      Required ratio:    0.00 (Gate area) 
      Cumulative area ratio:    0.01
      Required ratio:    0.00 (Cumulative area) 
      Partial area ratio:    0.88
      Required ratio:  400.00 (Side area) 
      Cumulative area ratio:    0.88
      Required ratio:    0.00 (Cumulative side area) 

    Layer: Via1
      Partial area ratio:    0.10
      Required ratio:   20.00 (Gate area) 
      Cumulative area ratio:    0.10
      Required ratio:    0.00 (Cumulative area) 

    Layer: Metal2
      Partial area ratio:   19.52
      Required ratio:    0.00 (Gate area) 
      Cumulative area ratio:   19.53
      Required ratio:    0.00 (Cumulative area) 
      Partial area ratio:   75.75
      Required ratio:  400.00 (Side area) 
      Cumulative area ratio:   76.62
      Required ratio:    0.00 (Cumulative side area) 

    Layer: Via2
      Partial area ratio:    0.20
      Required ratio:   20.00 (Gate area) 
      Cumulative area ratio:    0.30
      Required ratio:    0.00 (Cumulative area) 

    Layer: Metal3
      Partial area ratio:    3.85
      Required ratio:    0.00 (Gate area) 
      Cumulative area ratio:   23.38
      Required ratio:    0.00 (Cumulative area) 
      Partial area ratio:   15.75
      Required ratio:  400.00 (Side area) 
      Cumulative area ratio:   92.38
      Required ratio:    0.00 (Cumulative side area) 

    Layer: Via3
      Partial area ratio:    0.10
      Required ratio:   20.00 (Gate area) 
      Cumulative area ratio:    0.41
      Required ratio:    0.00 (Cumulative area) 

    Layer: Metal4
      Partial area ratio:  104.79
      Required ratio:    0.00 (Gate area) 
      Cumulative area ratio:  128.16
      Required ratio:    0.00 (Cumulative area) 
      Partial area ratio:  404.33
      Required ratio:  400.00 (Side area) (VIOLATED)
      Cumulative area ratio:  496.71
      Required ratio:    0.00 (Cumulative side area) 

    Layer: Via4
      Partial area ratio:    0.03
      Required ratio:   20.00 (Gate area) 
      Cumulative area ratio:    0.44
      Required ratio:    0.00 (Cumulative area) 

    Layer: Metal5
      Partial area ratio:    9.72
      Required ratio:    0.00 (Gate area) 
      Cumulative area ratio:  137.88
      Required ratio:    0.00 (Cumulative area) 
      Partial area ratio:   52.64
      Required ratio:  400.00 (Side area) 
      Cumulative area ratio:  549.34
      Required ratio:    0.00 (Cumulative side area) 



Net: clknet_leaf_15_clk_regs
  Pin:   _21557_/CLK (gf180mcu_as_sc_mcu7t3v3__dfsrtp_2)
    Layer: Via1
      Partial area ratio:    0.10
      Required ratio:   20.00 (Gate area) 
      Cumulative area ratio:    0.10
      Required ratio:    0.00 (Cumulative area) 

    Layer: Metal2
      Partial area ratio:    2.70
      Required ratio:    0.00 (Gate area) 
      Cumulative area ratio:    2.70
      Required ratio:    0.00 (Cumulative area) 
      Partial area ratio:   10.86
      Required ratio:  400.00 (Side area) 
      Cumulative area ratio:   10.86
      Required ratio:    0.00 (Cumulative side area) 

    Layer: Via2
      Partial area ratio:    0.20
      Required ratio:   20.00 (Gate area) 
      Cumulative area ratio:    0.30
      Required ratio:    0.00 (Cumulative area) 

    Layer: Metal3
      Partial area ratio:    6.38
      Required ratio:    0.00 (Gate area) 
      Cumulative area ratio:    9.07
      Required ratio:    0.00 (Cumulative area) 
      Partial area ratio:   25.16
      Required ratio:  400.00 (Side area) 
      Cumulative area ratio:   36.02
      Required ratio:    0.00 (Cumulative side area) 

    Layer: Via3
      Partial area ratio:    0.03
      Required ratio:   20.00 (Gate area) 
      Cumulative area ratio:    0.33
      Required ratio:    0.00 (Cumulative area) 

    Layer: Metal4
      Partial area ratio:    0.36
      Required ratio:    0.00 (Gate area) 
      Cumulative area ratio:    9.44
      Required ratio:    0.00 (Cumulative area) 
      Partial area ratio:    1.43
      Required ratio:  400.00 (Side area) 
      Cumulative area ratio:   37.45
      Required ratio:    0.00 (Cumulative side area) 


  Pin:   _21558_/CLK (gf180mcu_as_sc_mcu7t3v3__dfsrtp_2)
    Layer: Metal1
      Partial area ratio:    0.08
      Required ratio:    0.00 (Gate area) 
      Cumulative area ratio:    0.08
      Required ratio:    0.00 (Cumulative area) 
      Partial area ratio:    1.04
      Required ratio:  400.00 (Side area) 
      Cumulative area ratio:    1.04
      Required ratio:    0.00 (Cumulative side area) 

    Layer: Via1
      Partial area ratio:    0.10
      Required ratio:   20.00 (Gate area) 
      Cumulative area ratio:    0.10
      Required ratio:    0.00 (Cumulative area) 

    Layer: Metal2
      Partial area ratio:    7.26
      Required ratio:    0.00 (Gate area) 
      Cumulative area ratio:    7.34
      Required ratio:    0.00 (Cumulative area) 
      Partial area ratio:   28.46
      Required ratio:  400.00 (Side area) 
      Cumulative area ratio:   29.50
      Required ratio:    0.00 (Cumulative side area) 

    Layer: Via2
      Partial area ratio:    0.20
      Required ratio:   20.00 (Gate area) 
      Cumulative area ratio:    0.30
      Required ratio:    0.00 (Cumulative area) 

    Layer: Metal3
      Partial area ratio:    6.38
      Required ratio:    0.00 (Gate area) 
      Cumulative area ratio:   13.71
      Required ratio:    0.00 (Cumulative area) 
      Partial area ratio:   25.16
      Required ratio:  400.00 (Side area) 
      Cumulative area ratio:   54.66
      Required ratio:    0.00 (Cumulative side area) 

    Layer: Via3
      Partial area ratio:    0.03
      Required ratio:   20.00 (Gate area) 
      Cumulative area ratio:    0.33
      Required ratio:    0.00 (Cumulative area) 

    Layer: Metal4
      Partial area ratio:    0.36
      Required ratio:    0.00 (Gate area) 
      Cumulative area ratio:   14.07
      Required ratio:    0.00 (Cumulative area) 
      Partial area ratio:    1.43
      Required ratio:  400.00 (Side area) 
      Cumulative area ratio:   56.08
      Required ratio:    0.00 (Cumulative side area) 


  Pin:   _21559_/CLK (gf180mcu_as_sc_mcu7t3v3__dfsrtp_2)
    Layer: Via1
      Partial area ratio:    0.10
      Required ratio:   20.00 (Gate area) 
      Cumulative area ratio:    0.10
      Required ratio:    0.00 (Cumulative area) 

    Layer: Metal2
      Partial area ratio:    2.41
      Required ratio:    0.00 (Gate area) 
      Cumulative area ratio:    2.41
      Required ratio:    0.00 (Cumulative area) 
      Partial area ratio:    9.75
      Required ratio:  400.00 (Side area) 
      Cumulative area ratio:    9.75
      Required ratio:    0.00 (Cumulative side area) 

    Layer: Via2
      Partial area ratio:    0.20
      Required ratio:   20.00 (Gate area) 
      Cumulative area ratio:    0.30
      Required ratio:    0.00 (Cumulative area) 

    Layer: Metal3
      Partial area ratio:    6.38
      Required ratio:    0.00 (Gate area) 
      Cumulative area ratio:    8.79
      Required ratio:    0.00 (Cumulative area) 
      Partial area ratio:   25.16
      Required ratio:  400.00 (Side area) 
      Cumulative area ratio:   34.91
      Required ratio:    0.00 (Cumulative side area) 

    Layer: Via3
      Partial area ratio:    0.03
      Required ratio:   20.00 (Gate area) 
      Cumulative area ratio:    0.33
      Required ratio:    0.00 (Cumulative area) 

    Layer: Metal4
      Partial area ratio:    0.36
      Required ratio:    0.00 (Gate area) 
      Cumulative area ratio:    9.15
      Required ratio:    0.00 (Cumulative area) 
      Partial area ratio:    1.43
      Required ratio:  400.00 (Side area) 
      Cumulative area ratio:   36.34
      Required ratio:    0.00 (Cumulative side area) 


  Pin:   _21560_/CLK (gf180mcu_as_sc_mcu7t3v3__dfsrtp_2)
    Layer: Via1
      Partial area ratio:    0.10
      Required ratio:   20.00 (Gate area) 
      Cumulative area ratio:    0.10
      Required ratio:    0.00 (Cumulative area) 

    Layer: Metal2
      Partial area ratio:    0.94
      Required ratio:    0.00 (Gate area) 
      Cumulative area ratio:    0.94
      Required ratio:    0.00 (Cumulative area) 
      Partial area ratio:    4.09
      Required ratio:  400.00 (Side area) 
      Cumulative area ratio:    4.09
      Required ratio:    0.00 (Cumulative side area) 

    Layer: Via2
      Partial area ratio:    0.20
      Required ratio:   20.00 (Gate area) 
      Cumulative area ratio:    0.30
      Required ratio:    0.00 (Cumulative area) 

    Layer: Metal3
      Partial area ratio:    3.54
      Required ratio:    0.00 (Gate area) 
      Cumulative area ratio:    4.49
      Required ratio:    0.00 (Cumulative area) 
      Partial area ratio:   13.93
      Required ratio:  400.00 (Side area) 
      Cumulative area ratio:   18.02
      Required ratio:    0.00 (Cumulative side area) 

    Layer: Via3
      Partial area ratio:    0.02
      Required ratio:    0.00 (Gate area) 
      Cumulative area ratio:    0.32
      Required ratio:    0.00 (Cumulative area) 

    Layer: Metal4
      Partial area ratio:    0.36
      Required ratio:    0.00 (Gate area) 
      Cumulative area ratio:    4.85
      Required ratio:    0.00 (Cumulative area) 
      Partial area ratio:    1.43
      Required ratio:  400.00 (Side area) 
      Cumulative area ratio:   19.45
      Required ratio:    0.00 (Cumulative side area) 


  Pin:   _21561_/CLK (gf180mcu_as_sc_mcu7t3v3__dfsrtp_2)
    Layer: Via1
      Partial area ratio:    0.10
      Required ratio:   20.00 (Gate area) 
      Cumulative area ratio:    0.10
      Required ratio:    0.00 (Cumulative area) 

    Layer: Metal2
      Partial area ratio:    5.33
      Required ratio:    0.00 (Gate area) 
      Cumulative area ratio:    5.33
      Required ratio:    0.00 (Cumulative area) 
      Partial area ratio:   21.02
      Required ratio:  400.00 (Side area) 
      Cumulative area ratio:   21.02
      Required ratio:    0.00 (Cumulative side area) 

    Layer: Via2
      Partial area ratio:    0.30
      Required ratio:   20.00 (Gate area) 
      Cumulative area ratio:    0.41
      Required ratio:    0.00 (Cumulative area) 

    Layer: Metal3
      Partial area ratio:    3.54
      Required ratio:    0.00 (Gate area) 
      Cumulative area ratio:    8.88
      Required ratio:    0.00 (Cumulative area) 
      Partial area ratio:   13.93
      Required ratio:  400.00 (Side area) 
      Cumulative area ratio:   34.95
      Required ratio:    0.00 (Cumulative side area) 

    Layer: Via3
      Partial area ratio:    0.02
      Required ratio:    0.00 (Gate area) 
      Cumulative area ratio:    0.43
      Required ratio:    0.00 (Cumulative area) 

    Layer: Metal4
      Partial area ratio:    0.36
      Required ratio:    0.00 (Gate area) 
      Cumulative area ratio:    9.24
      Required ratio:    0.00 (Cumulative area) 
      Partial area ratio:    1.43
      Required ratio:  400.00 (Side area) 
      Cumulative area ratio:   36.37
      Required ratio:    0.00 (Cumulative side area) 


  Pin:   _21562_/CLK (gf180mcu_as_sc_mcu7t3v3__dfsrtp_2)
    Layer: Via1
      Partial area ratio:    0.10
      Required ratio:   20.00 (Gate area) 
      Cumulative area ratio:    0.10
      Required ratio:    0.00 (Cumulative area) 

    Layer: Metal2
      Partial area ratio:   21.80
      Required ratio:    0.00 (Gate area) 
      Cumulative area ratio:   21.80
      Required ratio:    0.00 (Cumulative area) 
      Partial area ratio:   84.55
      Required ratio:  400.00 (Side area) 
      Cumulative area ratio:   84.55
      Required ratio:    0.00 (Cumulative side area) 

    Layer: Via2
      Partial area ratio:    0.30
      Required ratio:   20.00 (Gate area) 
      Cumulative area ratio:    0.41
      Required ratio:    0.00 (Cumulative area) 

    Layer: Metal3
      Partial area ratio:    3.54
      Required ratio:    0.00 (Gate area) 
      Cumulative area ratio:   25.35
      Required ratio:    0.00 (Cumulative area) 
      Partial area ratio:   13.93
      Required ratio:  400.00 (Side area) 
      Cumulative area ratio:   98.48
      Required ratio:    0.00 (Cumulative side area) 

    Layer: Via3
      Partial area ratio:    0.02
      Required ratio:    0.00 (Gate area) 
      Cumulative area ratio:    0.43
      Required ratio:    0.00 (Cumulative area) 

    Layer: Metal4
      Partial area ratio:    0.36
      Required ratio:    0.00 (Gate area) 
      Cumulative area ratio:   25.71
      Required ratio:    0.00 (Cumulative area) 
      Partial area ratio:    1.43
      Required ratio:  400.00 (Side area) 
      Cumulative area ratio:   99.90
      Required ratio:    0.00 (Cumulative side area) 


  Pin:   _21584_/CLK (gf180mcu_as_sc_mcu7t3v3__dfsrtp_2)
    Layer: Via1
      Partial area ratio:    0.10
      Required ratio:   20.00 (Gate area) 
      Cumulative area ratio:    0.10
      Required ratio:    0.00 (Cumulative area) 

    Layer: Metal2
      Partial area ratio:    1.88
      Required ratio:    0.00 (Gate area) 
      Cumulative area ratio:    1.88
      Required ratio:    0.00 (Cumulative area) 
      Partial area ratio:    7.72
      Required ratio:  400.00 (Side area) 
      Cumulative area ratio:    7.72
      Required ratio:    0.00 (Cumulative side area) 

    Layer: Via2
      Partial area ratio:    0.20
      Required ratio:   20.00 (Gate area) 
      Cumulative area ratio:    0.30
      Required ratio:    0.00 (Cumulative area) 

    Layer: Metal3
      Partial area ratio:    3.54
      Required ratio:    0.00 (Gate area) 
      Cumulative area ratio:    5.43
      Required ratio:    0.00 (Cumulative area) 
      Partial area ratio:   13.93
      Required ratio:  400.00 (Side area) 
      Cumulative area ratio:   21.65
      Required ratio:    0.00 (Cumulative side area) 

    Layer: Via3
      Partial area ratio:    0.02
      Required ratio:    0.00 (Gate area) 
      Cumulative area ratio:    0.32
      Required ratio:    0.00 (Cumulative area) 

    Layer: Metal4
      Partial area ratio:    0.36
      Required ratio:    0.00 (Gate area) 
      Cumulative area ratio:    5.79
      Required ratio:    0.00 (Cumulative area) 
      Partial area ratio:    1.43
      Required ratio:  400.00 (Side area) 
      Cumulative area ratio:   23.08
      Required ratio:    0.00 (Cumulative side area) 


  Pin:   _21585_/CLK (gf180mcu_as_sc_mcu7t3v3__dfsrtp_2)
    Layer: Via1
      Partial area ratio:    0.10
      Required ratio:   20.00 (Gate area) 
      Cumulative area ratio:    0.10
      Required ratio:    0.00 (Cumulative area) 

    Layer: Metal2
      Partial area ratio:    1.00
      Required ratio:    0.00 (Gate area) 
      Cumulative area ratio:    1.00
      Required ratio:    0.00 (Cumulative area) 
      Partial area ratio:    4.31
      Required ratio:  400.00 (Side area) 
      Cumulative area ratio:    4.31
      Required ratio:    0.00 (Cumulative side area) 

    Layer: Via2
      Partial area ratio:    0.20
      Required ratio:   20.00 (Gate area) 
      Cumulative area ratio:    0.30
      Required ratio:    0.00 (Cumulative area) 

    Layer: Metal3
      Partial area ratio:    6.38
      Required ratio:    0.00 (Gate area) 
      Cumulative area ratio:    7.38
      Required ratio:    0.00 (Cumulative area) 
      Partial area ratio:   25.16
      Required ratio:  400.00 (Side area) 
      Cumulative area ratio:   29.47
      Required ratio:    0.00 (Cumulative side area) 

    Layer: Via3
      Partial area ratio:    0.03
      Required ratio:   20.00 (Gate area) 
      Cumulative area ratio:    0.33
      Required ratio:    0.00 (Cumulative area) 

    Layer: Metal4
      Partial area ratio:    0.36
      Required ratio:    0.00 (Gate area) 
      Cumulative area ratio:    7.74
      Required ratio:    0.00 (Cumulative area) 
      Partial area ratio:    1.43
      Required ratio:  400.00 (Side area) 
      Cumulative area ratio:   30.89
      Required ratio:    0.00 (Cumulative side area) 


  Pin:   _21586_/CLK (gf180mcu_as_sc_mcu7t3v3__dfsrtp_2)
    Layer: Via1
      Partial area ratio:    0.10
      Required ratio:   20.00 (Gate area) 
      Cumulative area ratio:    0.10
      Required ratio:    0.00 (Cumulative area) 

    Layer: Metal2
      Partial area ratio:    2.65
      Required ratio:    0.00 (Gate area) 
      Cumulative area ratio:    2.65
      Required ratio:    0.00 (Cumulative area) 
      Partial area ratio:   10.66
      Required ratio:  400.00 (Side area) 
      Cumulative area ratio:   10.66
      Required ratio:    0.00 (Cumulative side area) 

    Layer: Via2
      Partial area ratio:    0.20
      Required ratio:   20.00 (Gate area) 
      Cumulative area ratio:    0.30
      Required ratio:    0.00 (Cumulative area) 

    Layer: Metal3
      Partial area ratio:    3.54
      Required ratio:    0.00 (Gate area) 
      Cumulative area ratio:    6.19
      Required ratio:    0.00 (Cumulative area) 
      Partial area ratio:   13.93
      Required ratio:  400.00 (Side area) 
      Cumulative area ratio:   24.59
      Required ratio:    0.00 (Cumulative side area) 

    Layer: Via3
      Partial area ratio:    0.02
      Required ratio:    0.00 (Gate area) 
      Cumulative area ratio:    0.32
      Required ratio:    0.00 (Cumulative area) 

    Layer: Metal4
      Partial area ratio:    0.36
      Required ratio:    0.00 (Gate area) 
      Cumulative area ratio:    6.55
      Required ratio:    0.00 (Cumulative area) 
      Partial area ratio:    1.43
      Required ratio:  400.00 (Side area) 
      Cumulative area ratio:   26.02
      Required ratio:    0.00 (Cumulative side area) 


  Pin:   _21587_/CLK (gf180mcu_as_sc_mcu7t3v3__dfsrtp_2)
    Layer: Via1
      Partial area ratio:    0.10
      Required ratio:   20.00 (Gate area) 
      Cumulative area ratio:    0.10
      Required ratio:    0.00 (Cumulative area) 

    Layer: Metal2
      Partial area ratio:    4.57
      Required ratio:    0.00 (Gate area) 
      Cumulative area ratio:    4.57
      Required ratio:    0.00 (Cumulative area) 
      Partial area ratio:   18.08
      Required ratio:  400.00 (Side area) 
      Cumulative area ratio:   18.08
      Required ratio:    0.00 (Cumulative side area) 

    Layer: Via2
      Partial area ratio:    0.30
      Required ratio:   20.00 (Gate area) 
      Cumulative area ratio:    0.41
      Required ratio:    0.00 (Cumulative area) 

    Layer: Metal3
      Partial area ratio:    3.54
      Required ratio:    0.00 (Gate area) 
      Cumulative area ratio:    8.11
      Required ratio:    0.00 (Cumulative area) 
      Partial area ratio:   13.93
      Required ratio:  400.00 (Side area) 
      Cumulative area ratio:   32.01
      Required ratio:    0.00 (Cumulative side area) 

    Layer: Via3
      Partial area ratio:    0.02
      Required ratio:    0.00 (Gate area) 
      Cumulative area ratio:    0.43
      Required ratio:    0.00 (Cumulative area) 

    Layer: Metal4
      Partial area ratio:    0.36
      Required ratio:    0.00 (Gate area) 
      Cumulative area ratio:    8.48
      Required ratio:    0.00 (Cumulative area) 
      Partial area ratio:    1.43
      Required ratio:  400.00 (Side area) 
      Cumulative area ratio:   33.44
      Required ratio:    0.00 (Cumulative side area) 


  Pin:   _21588_/CLK (gf180mcu_as_sc_mcu7t3v3__dfsrtp_2)
    Layer: Via1
      Partial area ratio:    0.10
      Required ratio:   20.00 (Gate area) 
      Cumulative area ratio:    0.10
      Required ratio:    0.00 (Cumulative area) 

    Layer: Metal2
      Partial area ratio:    1.70
      Required ratio:    0.00 (Gate area) 
      Cumulative area ratio:    1.70
      Required ratio:    0.00 (Cumulative area) 
      Partial area ratio:    7.03
      Required ratio:  400.00 (Side area) 
      Cumulative area ratio:    7.03
      Required ratio:    0.00 (Cumulative side area) 

    Layer: Via2
      Partial area ratio:    0.20
      Required ratio:   20.00 (Gate area) 
      Cumulative area ratio:    0.30
      Required ratio:    0.00 (Cumulative area) 

    Layer: Metal3
      Partial area ratio:    3.54
      Required ratio:    0.00 (Gate area) 
      Cumulative area ratio:    5.25
      Required ratio:    0.00 (Cumulative area) 
      Partial area ratio:   13.93
      Required ratio:  400.00 (Side area) 
      Cumulative area ratio:   20.96
      Required ratio:    0.00 (Cumulative side area) 

    Layer: Via3
      Partial area ratio:    0.02
      Required ratio:    0.00 (Gate area) 
      Cumulative area ratio:    0.32
      Required ratio:    0.00 (Cumulative area) 

    Layer: Metal4
      Partial area ratio:    0.36
      Required ratio:    0.00 (Gate area) 
      Cumulative area ratio:    5.61
      Required ratio:    0.00 (Cumulative area) 
      Partial area ratio:    1.43
      Required ratio:  400.00 (Side area) 
      Cumulative area ratio:   22.39
      Required ratio:    0.00 (Cumulative side area) 


  Pin:   _21589_/CLK (gf180mcu_as_sc_mcu7t3v3__dfsrtp_2)
    Layer: Via1
      Partial area ratio:    0.10
      Required ratio:   20.00 (Gate area) 
      Cumulative area ratio:    0.10
      Required ratio:    0.00 (Cumulative area) 

    Layer: Metal2
      Partial area ratio:   12.43
      Required ratio:    0.00 (Gate area) 
      Cumulative area ratio:   12.43
      Required ratio:    0.00 (Cumulative area) 
      Partial area ratio:   48.40
      Required ratio:  400.00 (Side area) 
      Cumulative area ratio:   48.40
      Required ratio:    0.00 (Cumulative side area) 

    Layer: Via2
      Partial area ratio:    0.41
      Required ratio:   20.00 (Gate area) 
      Cumulative area ratio:    0.51
      Required ratio:    0.00 (Cumulative area) 

    Layer: Metal3
      Partial area ratio:    3.54
      Required ratio:    0.00 (Gate area) 
      Cumulative area ratio:   15.98
      Required ratio:    0.00 (Cumulative area) 
      Partial area ratio:   13.93
      Required ratio:  400.00 (Side area) 
      Cumulative area ratio:   62.34
      Required ratio:    0.00 (Cumulative side area) 

    Layer: Via3
      Partial area ratio:    0.02
      Required ratio:    0.00 (Gate area) 
      Cumulative area ratio:    0.53
      Required ratio:    0.00 (Cumulative area) 

    Layer: Metal4
      Partial area ratio:    0.36
      Required ratio:    0.00 (Gate area) 
      Cumulative area ratio:   16.34
      Required ratio:    0.00 (Cumulative area) 
      Partial area ratio:    1.43
      Required ratio:  400.00 (Side area) 
      Cumulative area ratio:   63.76
      Required ratio:    0.00 (Cumulative side area) 


  Pin:   _21590_/CLK (gf180mcu_as_sc_mcu7t3v3__dfsrtp_2)
    Layer: Via1
      Partial area ratio:    0.10
      Required ratio:   20.00 (Gate area) 
      Cumulative area ratio:    0.10
      Required ratio:    0.00 (Cumulative area) 

    Layer: Metal2
      Partial area ratio:    1.65
      Required ratio:    0.00 (Gate area) 
      Cumulative area ratio:    1.65
      Required ratio:    0.00 (Cumulative area) 
      Partial area ratio:    6.81
      Required ratio:  400.00 (Side area) 
      Cumulative area ratio:    6.81
      Required ratio:    0.00 (Cumulative side area) 

    Layer: Via2
      Partial area ratio:    0.20
      Required ratio:   20.00 (Gate area) 
      Cumulative area ratio:    0.30
      Required ratio:    0.00 (Cumulative area) 

    Layer: Metal3
      Partial area ratio:    3.54
      Required ratio:    0.00 (Gate area) 
      Cumulative area ratio:    5.19
      Required ratio:    0.00 (Cumulative area) 
      Partial area ratio:   13.93
      Required ratio:  400.00 (Side area) 
      Cumulative area ratio:   20.74
      Required ratio:    0.00 (Cumulative side area) 

    Layer: Via3
      Partial area ratio:    0.02
      Required ratio:    0.00 (Gate area) 
      Cumulative area ratio:    0.32
      Required ratio:    0.00 (Cumulative area) 

    Layer: Metal4
      Partial area ratio:    0.36
      Required ratio:    0.00 (Gate area) 
      Cumulative area ratio:    5.55
      Required ratio:    0.00 (Cumulative area) 
      Partial area ratio:    1.43
      Required ratio:  400.00 (Side area) 
      Cumulative area ratio:   22.17
      Required ratio:    0.00 (Cumulative side area) 


  Pin:   _21591_/CLK (gf180mcu_as_sc_mcu7t3v3__dfsrtp_2)
    Layer: Via1
      Partial area ratio:    0.10
      Required ratio:   20.00 (Gate area) 
      Cumulative area ratio:    0.10
      Required ratio:    0.00 (Cumulative area) 

    Layer: Metal2
      Partial area ratio:    2.65
      Required ratio:    0.00 (Gate area) 
      Cumulative area ratio:    2.65
      Required ratio:    0.00 (Cumulative area) 
      Partial area ratio:   10.66
      Required ratio:  400.00 (Side area) 
      Cumulative area ratio:   10.66
      Required ratio:    0.00 (Cumulative side area) 

    Layer: Via2
      Partial area ratio:    0.20
      Required ratio:   20.00 (Gate area) 
      Cumulative area ratio:    0.30
      Required ratio:    0.00 (Cumulative area) 

    Layer: Metal3
      Partial area ratio:    0.32
      Required ratio:    0.00 (Gate area) 
      Cumulative area ratio:    2.97
      Required ratio:    0.00 (Cumulative area) 
      Partial area ratio:    2.14
      Required ratio:  400.00 (Side area) 
      Cumulative area ratio:   12.80
      Required ratio:    0.00 (Cumulative side area) 

    Layer: Via3
      Partial area ratio:    0.10
      Required ratio:   20.00 (Gate area) 
      Cumulative area ratio:    0.41
      Required ratio:    0.00 (Cumulative area) 

    Layer: Metal4
      Partial area ratio:    0.36
      Required ratio:    0.00 (Gate area) 
      Cumulative area ratio:    3.33
      Required ratio:    0.00 (Cumulative area) 
      Partial area ratio:    1.43
      Required ratio:  400.00 (Side area) 
      Cumulative area ratio:   14.23
      Required ratio:    0.00 (Cumulative side area) 


  Pin:   _21594_/CLK (gf180mcu_as_sc_mcu7t3v3__dfsrtp_2)
    Layer: Via1
      Partial area ratio:    0.10
      Required ratio:   20.00 (Gate area) 
      Cumulative area ratio:    0.10
      Required ratio:    0.00 (Cumulative area) 

    Layer: Metal2
      Partial area ratio:    1.81
      Required ratio:    0.00 (Gate area) 
      Cumulative area ratio:    1.81
      Required ratio:    0.00 (Cumulative area) 
      Partial area ratio:    7.45
      Required ratio:  400.00 (Side area) 
      Cumulative area ratio:    7.45
      Required ratio:    0.00 (Cumulative side area) 

    Layer: Via2
      Partial area ratio:    0.20
      Required ratio:   20.00 (Gate area) 
      Cumulative area ratio:    0.30
      Required ratio:    0.00 (Cumulative area) 

    Layer: Metal3
      Partial area ratio:    0.32
      Required ratio:    0.00 (Gate area) 
      Cumulative area ratio:    2.13
      Required ratio:    0.00 (Cumulative area) 
      Partial area ratio:    2.14
      Required ratio:  400.00 (Side area) 
      Cumulative area ratio:    9.59
      Required ratio:    0.00 (Cumulative side area) 

    Layer: Via3
      Partial area ratio:    0.10
      Required ratio:   20.00 (Gate area) 
      Cumulative area ratio:    0.41
      Required ratio:    0.00 (Cumulative area) 

    Layer: Metal4
      Partial area ratio:    0.36
      Required ratio:    0.00 (Gate area) 
      Cumulative area ratio:    2.49
      Required ratio:    0.00 (Cumulative area) 
      Partial area ratio:    1.43
      Required ratio:  400.00 (Side area) 
      Cumulative area ratio:   11.02
      Required ratio:    0.00 (Cumulative side area) 


  Pin:   _21595_/CLK (gf180mcu_as_sc_mcu7t3v3__dfsrtp_2)
    Layer: Via1
      Partial area ratio:    0.10
      Required ratio:   20.00 (Gate area) 
      Cumulative area ratio:    0.10
      Required ratio:    0.00 (Cumulative area) 

    Layer: Metal2
      Partial area ratio:    2.52
      Required ratio:    0.00 (Gate area) 
      Cumulative area ratio:    2.52
      Required ratio:    0.00 (Cumulative area) 
      Partial area ratio:   10.17
      Required ratio:  400.00 (Side area) 
      Cumulative area ratio:   10.17
      Required ratio:    0.00 (Cumulative side area) 

    Layer: Via2
      Partial area ratio:    0.20
      Required ratio:   20.00 (Gate area) 
      Cumulative area ratio:    0.30
      Required ratio:    0.00 (Cumulative area) 

    Layer: Metal3
      Partial area ratio:    3.54
      Required ratio:    0.00 (Gate area) 
      Cumulative area ratio:    6.06
      Required ratio:    0.00 (Cumulative area) 
      Partial area ratio:   13.93
      Required ratio:  400.00 (Side area) 
      Cumulative area ratio:   24.11
      Required ratio:    0.00 (Cumulative side area) 

    Layer: Via3
      Partial area ratio:    0.02
      Required ratio:    0.00 (Gate area) 
      Cumulative area ratio:    0.32
      Required ratio:    0.00 (Cumulative area) 

    Layer: Metal4
      Partial area ratio:    0.36
      Required ratio:    0.00 (Gate area) 
      Cumulative area ratio:    6.43
      Required ratio:    0.00 (Cumulative area) 
      Partial area ratio:    1.43
      Required ratio:  400.00 (Side area) 
      Cumulative area ratio:   25.53
      Required ratio:    0.00 (Cumulative side area) 


  Pin:   _21643_/CLK (gf180mcu_as_sc_mcu7t3v3__dfsrtp_2)
    Layer: Via1
      Partial area ratio:    0.10
      Required ratio:   20.00 (Gate area) 
      Cumulative area ratio:    0.10
      Required ratio:    0.00 (Cumulative area) 

    Layer: Metal2
      Partial area ratio:  117.29
      Required ratio:    0.00 (Gate area) 
      Cumulative area ratio:  117.29
      Required ratio:    0.00 (Cumulative area) 
      Partial area ratio:  452.85
      Required ratio:  400.00 (Side area) (VIOLATED)
      Cumulative area ratio:  452.85
      Required ratio:    0.00 (Cumulative side area) 

    Layer: Via2
      Partial area ratio:    0.20
      Required ratio:   20.00 (Gate area) 
      Cumulative area ratio:    0.30
      Required ratio:    0.00 (Cumulative area) 

    Layer: Metal3
      Partial area ratio:    3.54
      Required ratio:    0.00 (Gate area) 
      Cumulative area ratio:  120.83
      Required ratio:    0.00 (Cumulative area) 
      Partial area ratio:   13.93
      Required ratio:  400.00 (Side area) 
      Cumulative area ratio:  466.78
      Required ratio:    0.00 (Cumulative side area) 

    Layer: Via3
      Partial area ratio:    0.02
      Required ratio:    0.00 (Gate area) 
      Cumulative area ratio:    0.32
      Required ratio:    0.00 (Cumulative area) 

    Layer: Metal4
      Partial area ratio:    0.36
      Required ratio:    0.00 (Gate area) 
      Cumulative area ratio:  121.19
      Required ratio:    0.00 (Cumulative area) 
      Partial area ratio:    1.43
      Required ratio:  400.00 (Side area) 
      Cumulative area ratio:  468.20
      Required ratio:    0.00 (Cumulative side area) 


  Pin:   clkload26/A (gf180mcu_as_sc_mcu7t3v3__inv_4)
    Layer: Via1
      Partial area ratio:    0.03
      Required ratio:   20.00 (Gate area) 
      Cumulative area ratio:    0.03
      Required ratio:    0.00 (Cumulative area) 

    Layer: Metal2
      Partial area ratio:    0.24
      Required ratio:    0.00 (Gate area) 
      Cumulative area ratio:    0.24
      Required ratio:    0.00 (Cumulative area) 
      Partial area ratio:    0.93
      Required ratio:  400.00 (Side area) 
      Cumulative area ratio:    0.93
      Required ratio:    0.00 (Cumulative side area) 

    Layer: Via2
      Partial area ratio:    0.08
      Required ratio:    0.00 (Gate area) 
      Cumulative area ratio:    0.10
      Required ratio:    0.00 (Cumulative area) 

    Layer: Metal3
      Partial area ratio:    3.54
      Required ratio:    0.00 (Gate area) 
      Cumulative area ratio:    3.78
      Required ratio:    0.00 (Cumulative area) 
      Partial area ratio:   13.93
      Required ratio:  400.00 (Side area) 
      Cumulative area ratio:   14.86
      Required ratio:    0.00 (Cumulative side area) 

    Layer: Via3
      Partial area ratio:    0.02
      Required ratio:    0.00 (Gate area) 
      Cumulative area ratio:    0.12
      Required ratio:    0.00 (Cumulative area) 

    Layer: Metal4
      Partial area ratio:    0.36
      Required ratio:    0.00 (Gate area) 
      Cumulative area ratio:    4.14
      Required ratio:    0.00 (Cumulative area) 
      Partial area ratio:    1.43
      Required ratio:  400.00 (Side area) 
      Cumulative area ratio:   16.28
      Required ratio:    0.00 (Cumulative side area) 



[INFO ANT-0002] Found 25 net violations.
[INFO ANT-0001] Found 30 pin violations.
