Net: _02087_
  Pin:   _11094_/B (gf180mcu_as_sc_mcu7t3v3__mux2_2)
    Layer: Metal1
      Partial area ratio:    0.02
      Required ratio:    0.00 (Gate area) 
      Cumulative area ratio:    0.02
      Required ratio:    0.00 (Cumulative area) 
      Partial area ratio:    0.92
      Required ratio:  400.00 (Side area) 
      Cumulative area ratio:    0.92
      Required ratio:    0.00 (Cumulative side area) 

    Layer: Via1
      Partial area ratio:    0.10
      Required ratio:   20.00 (Gate area) 
      Cumulative area ratio:    0.10
      Required ratio:    0.00 (Cumulative area) 

    Layer: Metal2
      Partial area ratio:  139.36
      Required ratio:    0.00 (Gate area) 
      Cumulative area ratio:  139.38
      Required ratio:    0.00 (Cumulative area) 
      Partial area ratio:  537.98
      Required ratio:  400.00 (Side area) (VIOLATED)
      Cumulative area ratio:  538.89
      Required ratio:    0.00 (Cumulative side area) 

    Layer: Via2
      Partial area ratio:    0.20
      Required ratio:   20.00 (Gate area) 
      Cumulative area ratio:    0.30
      Required ratio:    0.00 (Cumulative area) 

    Layer: Metal3
      Partial area ratio:    0.83
      Required ratio:    0.00 (Gate area) 
      Cumulative area ratio:  140.20
      Required ratio:    0.00 (Cumulative area) 
      Partial area ratio:    3.46
      Required ratio:  400.00 (Side area) 
      Cumulative area ratio:  542.36
      Required ratio:    0.00 (Cumulative side area) 



Net: _02132_
  Pin:   _11140_/A (gf180mcu_as_sc_mcu7t3v3__nor2b_2)
    Layer: Via1
      Partial area ratio:    0.10
      Required ratio:   20.00 (Gate area) 
      Cumulative area ratio:    0.10
      Required ratio:    0.00 (Cumulative area) 

    Layer: Metal2
      Partial area ratio:   11.32
      Required ratio:    0.00 (Gate area) 
      Cumulative area ratio:   11.32
      Required ratio:    0.00 (Cumulative area) 
      Partial area ratio:   44.12
      Required ratio:  400.00 (Side area) 
      Cumulative area ratio:   44.12
      Required ratio:    0.00 (Cumulative side area) 

    Layer: Via2
      Partial area ratio:    0.20
      Required ratio:   20.00 (Gate area) 
      Cumulative area ratio:    0.30
      Required ratio:    0.00 (Cumulative area) 

    Layer: Metal3
      Partial area ratio:   21.50
      Required ratio:    0.00 (Gate area) 
      Cumulative area ratio:   32.82
      Required ratio:    0.00 (Cumulative area) 
      Partial area ratio:   83.82
      Required ratio:  400.00 (Side area) 
      Cumulative area ratio:  127.94
      Required ratio:    0.00 (Cumulative side area) 

    Layer: Via3
      Partial area ratio:    0.10
      Required ratio:   20.00 (Gate area) 
      Cumulative area ratio:    0.41
      Required ratio:    0.00 (Cumulative area) 

    Layer: Metal4
      Partial area ratio:  130.79
      Required ratio:    0.00 (Gate area) 
      Cumulative area ratio:  163.61
      Required ratio:    0.00 (Cumulative area) 
      Partial area ratio:  504.93
      Required ratio:  400.00 (Side area) (VIOLATED)
      Cumulative area ratio:  632.87
      Required ratio:    0.00 (Cumulative side area) 

    Layer: Via4
      Partial area ratio:    0.10
      Required ratio:   20.00 (Gate area) 
      Cumulative area ratio:    0.51
      Required ratio:    0.00 (Cumulative area) 

    Layer: Metal5
      Partial area ratio:    5.77
      Required ratio:    0.00 (Gate area) 
      Cumulative area ratio:  169.38
      Required ratio:    0.00 (Cumulative area) 
      Partial area ratio:   31.53
      Required ratio:  400.00 (Side area) 
      Cumulative area ratio:  664.40
      Required ratio:    0.00 (Cumulative side area) 



Net: _02139_
  Pin:   _11148_/B (gf180mcu_as_sc_mcu7t3v3__mux2_2)
    Layer: Metal1
      Partial area ratio:    0.02
      Required ratio:    0.00 (Gate area) 
      Cumulative area ratio:    0.02
      Required ratio:    0.00 (Cumulative area) 
      Partial area ratio:    0.92
      Required ratio:  400.00 (Side area) 
      Cumulative area ratio:    0.92
      Required ratio:    0.00 (Cumulative side area) 

    Layer: Via1
      Partial area ratio:    0.10
      Required ratio:   20.00 (Gate area) 
      Cumulative area ratio:    0.10
      Required ratio:    0.00 (Cumulative area) 

    Layer: Metal2
      Partial area ratio:  140.53
      Required ratio:    0.00 (Gate area) 
      Cumulative area ratio:  140.55
      Required ratio:    0.00 (Cumulative area) 
      Partial area ratio:  542.52
      Required ratio:  400.00 (Side area) (VIOLATED)
      Cumulative area ratio:  543.43
      Required ratio:    0.00 (Cumulative side area) 

    Layer: Via2
      Partial area ratio:    0.20
      Required ratio:   20.00 (Gate area) 
      Cumulative area ratio:    0.30
      Required ratio:    0.00 (Cumulative area) 

    Layer: Metal3
      Partial area ratio:    0.83
      Required ratio:    0.00 (Gate area) 
      Cumulative area ratio:  141.38
      Required ratio:    0.00 (Cumulative area) 
      Partial area ratio:    3.46
      Required ratio:  400.00 (Side area) 
      Cumulative area ratio:  546.90
      Required ratio:    0.00 (Cumulative side area) 



Net: _02148_
  Pin:   _11156_/B (gf180mcu_as_sc_mcu7t3v3__mux2_2)
    Layer: Metal1
      Partial area ratio:    0.02
      Required ratio:    0.00 (Gate area) 
      Cumulative area ratio:    0.02
      Required ratio:    0.00 (Cumulative area) 
      Partial area ratio:    0.92
      Required ratio:  400.00 (Side area) 
      Cumulative area ratio:    0.92
      Required ratio:    0.00 (Cumulative side area) 

    Layer: Via1
      Partial area ratio:    0.10
      Required ratio:   20.00 (Gate area) 
      Cumulative area ratio:    0.10
      Required ratio:    0.00 (Cumulative area) 

    Layer: Metal2
      Partial area ratio:    1.91
      Required ratio:    0.00 (Gate area) 
      Cumulative area ratio:    1.92
      Required ratio:    0.00 (Cumulative area) 
      Partial area ratio:    7.81
      Required ratio:  400.00 (Side area) 
      Cumulative area ratio:    8.72
      Required ratio:    0.00 (Cumulative side area) 

    Layer: Via2
      Partial area ratio:    0.20
      Required ratio:   20.00 (Gate area) 
      Cumulative area ratio:    0.30
      Required ratio:    0.00 (Cumulative area) 

    Layer: Metal3
      Partial area ratio:  145.03
      Required ratio:    0.00 (Gate area) 
      Cumulative area ratio:  146.95
      Required ratio:    0.00 (Cumulative area) 
      Partial area ratio:  560.29
      Required ratio:  400.00 (Side area) (VIOLATED)
      Cumulative area ratio:  569.01
      Required ratio:    0.00 (Cumulative side area) 

    Layer: Via3
      Partial area ratio:    0.10
      Required ratio:   20.00 (Gate area) 
      Cumulative area ratio:    0.41
      Required ratio:    0.00 (Cumulative area) 

    Layer: Metal4
      Partial area ratio:    3.73
      Required ratio:    0.00 (Gate area) 
      Cumulative area ratio:  150.68
      Required ratio:    0.00 (Cumulative area) 
      Partial area ratio:   14.85
      Required ratio:  400.00 (Side area) 
      Cumulative area ratio:  583.86
      Required ratio:    0.00 (Cumulative side area) 

    Layer: Via4
      Partial area ratio:    0.10
      Required ratio:   20.00 (Gate area) 
      Cumulative area ratio:    0.51
      Required ratio:    0.00 (Cumulative area) 

    Layer: Metal5
      Partial area ratio:    9.19
      Required ratio:    0.00 (Gate area) 
      Cumulative area ratio:  159.88
      Required ratio:    0.00 (Cumulative area) 
      Partial area ratio:   50.06
      Required ratio:  400.00 (Side area) 
      Cumulative area ratio:  633.92
      Required ratio:    0.00 (Cumulative side area) 



Net: _02378_
  Pin:   _11391_/D (gf180mcu_as_sc_mcu7t3v3__ao31_2)
    Layer: Via1
      Partial area ratio:    0.10
      Required ratio:   20.00 (Gate area) 
      Cumulative area ratio:    0.10
      Required ratio:    0.00 (Cumulative area) 

    Layer: Metal2
      Partial area ratio:    2.56
      Required ratio:    0.00 (Gate area) 
      Cumulative area ratio:    2.56
      Required ratio:    0.00 (Cumulative area) 
      Partial area ratio:   10.33
      Required ratio:  400.00 (Side area) 
      Cumulative area ratio:   10.33
      Required ratio:    0.00 (Cumulative side area) 

    Layer: Via2
      Partial area ratio:    0.20
      Required ratio:   20.00 (Gate area) 
      Cumulative area ratio:    0.30
      Required ratio:    0.00 (Cumulative area) 

    Layer: Metal3
      Partial area ratio:   14.44
      Required ratio:    0.00 (Gate area) 
      Cumulative area ratio:   17.00
      Required ratio:    0.00 (Cumulative area) 
      Partial area ratio:   56.59
      Required ratio:  400.00 (Side area) 
      Cumulative area ratio:   66.92
      Required ratio:    0.00 (Cumulative side area) 

    Layer: Via3
      Partial area ratio:    0.10
      Required ratio:   20.00 (Gate area) 
      Cumulative area ratio:    0.41
      Required ratio:    0.00 (Cumulative area) 

    Layer: Metal4
      Partial area ratio:  155.50
      Required ratio:    0.00 (Gate area) 
      Cumulative area ratio:  172.49
      Required ratio:    0.00 (Cumulative area) 
      Partial area ratio:  600.22
      Required ratio:  400.00 (Side area) (VIOLATED)
      Cumulative area ratio:  667.15
      Required ratio:    0.00 (Cumulative side area) 

    Layer: Via4
      Partial area ratio:    0.10
      Required ratio:   20.00 (Gate area) 
      Cumulative area ratio:    0.51
      Required ratio:    0.00 (Cumulative area) 

    Layer: Metal5
      Partial area ratio:    2.87
      Required ratio:    0.00 (Gate area) 
      Cumulative area ratio:  175.36
      Required ratio:    0.00 (Cumulative area) 
      Partial area ratio:   15.72
      Required ratio:  400.00 (Side area) 
      Cumulative area ratio:  682.86
      Required ratio:    0.00 (Cumulative side area) 



Net: u_a_buffer.GEN_SRAM.GEN_A_ROWS\[3\].sram_q_raw\[0\]
  Pin:   fanout574/A (gf180mcu_as_sc_mcu7t3v3__buff_2)
    Layer: Via1
      Partial area ratio:    0.10
      Required ratio:   20.00 (Gate area) 
      Cumulative area ratio:    0.10
      Required ratio:    0.00 (Cumulative area) 

    Layer: Metal2
      Partial area ratio:    2.43
      Required ratio:    0.00 (Gate area) 
      Cumulative area ratio:    2.43
      Required ratio:    0.00 (Cumulative area) 
      Partial area ratio:    9.84
      Required ratio:  400.00 (Side area) 
      Cumulative area ratio:    9.84
      Required ratio:    0.00 (Cumulative side area) 

    Layer: Via2
      Partial area ratio:    0.20
      Required ratio:   20.00 (Gate area) 
      Cumulative area ratio:    0.30
      Required ratio:    0.00 (Cumulative area) 

    Layer: Metal3
      Partial area ratio:   39.14
      Required ratio:    0.00 (Gate area) 
      Cumulative area ratio:   41.58
      Required ratio:    0.00 (Cumulative area) 
      Partial area ratio:  151.89
      Required ratio:  400.00 (Side area) 
      Cumulative area ratio:  161.73
      Required ratio:    0.00 (Cumulative side area) 

    Layer: Via3
      Partial area ratio:    0.10
      Required ratio:   20.00 (Gate area) 
      Cumulative area ratio:    0.41
      Required ratio:    0.00 (Cumulative area) 

    Layer: Metal4
      Partial area ratio:  106.08
      Required ratio:    0.00 (Gate area) 
      Cumulative area ratio:  147.66
      Required ratio:    0.00 (Cumulative area) 
      Partial area ratio:  409.64
      Required ratio:  400.00 (Side area) (VIOLATED)
      Cumulative area ratio:  571.36
      Required ratio:    0.00 (Cumulative side area) 

    Layer: Via4
      Partial area ratio:    0.10
      Required ratio:   20.00 (Gate area) 
      Cumulative area ratio:    0.51
      Required ratio:    0.00 (Cumulative area) 

    Layer: Metal5
      Partial area ratio:    0.34
      Required ratio:    0.00 (Gate area) 
      Cumulative area ratio:  148.01
      Required ratio:    0.00 (Cumulative area) 
      Partial area ratio:    1.96
      Required ratio:  400.00 (Side area) 
      Cumulative area ratio:  573.32
      Required ratio:    0.00 (Cumulative side area) 



Net: u_a_buffer.GEN_SRAM.GEN_A_ROWS\[3\].sram_q_raw\[1\]
  Pin:   fanout564/A (gf180mcu_as_sc_mcu7t3v3__buff_2)
    Layer: Via1
      Partial area ratio:    0.10
      Required ratio:   20.00 (Gate area) 
      Cumulative area ratio:    0.10
      Required ratio:    0.00 (Cumulative area) 

    Layer: Metal2
      Partial area ratio:    1.47
      Required ratio:    0.00 (Gate area) 
      Cumulative area ratio:    1.47
      Required ratio:    0.00 (Cumulative area) 
      Partial area ratio:    6.11
      Required ratio:  400.00 (Side area) 
      Cumulative area ratio:    6.11
      Required ratio:    0.00 (Cumulative side area) 

    Layer: Via2
      Partial area ratio:    0.20
      Required ratio:   20.00 (Gate area) 
      Cumulative area ratio:    0.30
      Required ratio:    0.00 (Cumulative area) 

    Layer: Metal3
      Partial area ratio:  113.26
      Required ratio:    0.00 (Gate area) 
      Cumulative area ratio:  114.73
      Required ratio:    0.00 (Cumulative area) 
      Partial area ratio:  437.77
      Required ratio:  400.00 (Side area) (VIOLATED)
      Cumulative area ratio:  443.88
      Required ratio:    0.00 (Cumulative side area) 

    Layer: Via3
      Partial area ratio:    0.10
      Required ratio:   20.00 (Gate area) 
      Cumulative area ratio:    0.41
      Required ratio:    0.00 (Cumulative area) 

    Layer: Metal4
      Partial area ratio:   54.83
      Required ratio:    0.00 (Gate area) 
      Cumulative area ratio:  169.55
      Required ratio:    0.00 (Cumulative area) 
      Partial area ratio:  211.71
      Required ratio:  400.00 (Side area) 
      Cumulative area ratio:  655.58
      Required ratio:    0.00 (Cumulative side area) 

    Layer: Via4
      Partial area ratio:    0.05
      Required ratio:   20.00 (Gate area) 
      Cumulative area ratio:    0.46
      Required ratio:    0.00 (Cumulative area) 

    Layer: Metal5
      Partial area ratio:    1.25
      Required ratio:    0.00 (Gate area) 
      Cumulative area ratio:  170.81
      Required ratio:    0.00 (Cumulative area) 
      Partial area ratio:    6.86
      Required ratio:  400.00 (Side area) 
      Cumulative area ratio:  662.44
      Required ratio:    0.00 (Cumulative side area) 


  Pin:   fanout567/A (gf180mcu_as_sc_mcu7t3v3__buff_2)
    Layer: Via1
      Partial area ratio:    0.10
      Required ratio:   20.00 (Gate area) 
      Cumulative area ratio:    0.10
      Required ratio:    0.00 (Cumulative area) 

    Layer: Metal2
      Partial area ratio:    0.75
      Required ratio:    0.00 (Gate area) 
      Cumulative area ratio:    0.75
      Required ratio:    0.00 (Cumulative area) 
      Partial area ratio:    3.33
      Required ratio:  400.00 (Side area) 
      Cumulative area ratio:    3.33
      Required ratio:    0.00 (Cumulative side area) 

    Layer: Via2
      Partial area ratio:    0.11
      Required ratio:   20.00 (Gate area) 
      Cumulative area ratio:    0.22
      Required ratio:    0.00 (Cumulative area) 

    Layer: Metal3
      Partial area ratio:    0.18
      Required ratio:    0.00 (Gate area) 
      Cumulative area ratio:    0.93
      Required ratio:    0.00 (Cumulative area) 
      Partial area ratio:    1.12
      Required ratio:  400.00 (Side area) 
      Cumulative area ratio:    4.45
      Required ratio:    0.00 (Cumulative side area) 

    Layer: Via3
      Partial area ratio:    0.10
      Required ratio:   20.00 (Gate area) 
      Cumulative area ratio:    0.32
      Required ratio:    0.00 (Cumulative area) 

    Layer: Metal4
      Partial area ratio:   54.83
      Required ratio:    0.00 (Gate area) 
      Cumulative area ratio:   55.76
      Required ratio:    0.00 (Cumulative area) 
      Partial area ratio:  211.71
      Required ratio:  400.00 (Side area) 
      Cumulative area ratio:  216.15
      Required ratio:    0.00 (Cumulative side area) 

    Layer: Via4
      Partial area ratio:    0.05
      Required ratio:   20.00 (Gate area) 
      Cumulative area ratio:    0.37
      Required ratio:    0.00 (Cumulative area) 

    Layer: Metal5
      Partial area ratio:    1.25
      Required ratio:    0.00 (Gate area) 
      Cumulative area ratio:   57.01
      Required ratio:    0.00 (Cumulative area) 
      Partial area ratio:    6.86
      Required ratio:  400.00 (Side area) 
      Cumulative area ratio:  223.01
      Required ratio:    0.00 (Cumulative side area) 



Net: net365
  Pin:   _13558_/B (gf180mcu_as_sc_mcu7t3v3__nand3_2)
    Layer: Via1
      Partial area ratio:    0.05
      Required ratio:   20.00 (Gate area) 
      Cumulative area ratio:    0.05
      Required ratio:    0.00 (Cumulative area) 

    Layer: Metal2
      Partial area ratio:    0.47
      Required ratio:    0.00 (Gate area) 
      Cumulative area ratio:    0.47
      Required ratio:    0.00 (Cumulative area) 
      Partial area ratio:    1.98
      Required ratio:  400.00 (Side area) 
      Cumulative area ratio:    1.98
      Required ratio:    0.00 (Cumulative side area) 

    Layer: Via2
      Partial area ratio:    0.09
      Required ratio:   20.00 (Gate area) 
      Cumulative area ratio:    0.14
      Required ratio:    0.00 (Cumulative area) 

    Layer: Metal3
      Partial area ratio:    3.75
      Required ratio:    0.00 (Gate area) 
      Cumulative area ratio:    4.21
      Required ratio:    0.00 (Cumulative area) 
      Partial area ratio:   14.84
      Required ratio:  400.00 (Side area) 
      Cumulative area ratio:   16.82
      Required ratio:    0.00 (Cumulative side area) 

    Layer: Via3
      Partial area ratio:    0.05
      Required ratio:   20.00 (Gate area) 
      Cumulative area ratio:    0.19
      Required ratio:    0.00 (Cumulative area) 

    Layer: Metal4
      Partial area ratio:   30.24
      Required ratio:    0.00 (Gate area) 
      Cumulative area ratio:   34.45
      Required ratio:    0.00 (Cumulative area) 
      Partial area ratio:  116.69
      Required ratio:  400.00 (Side area) 
      Cumulative area ratio:  133.51
      Required ratio:    0.00 (Cumulative side area) 

    Layer: Via4
      Partial area ratio:    0.05
      Required ratio:    0.00 (Gate area) 
      Cumulative area ratio:    0.24
      Required ratio:    0.00 (Cumulative area) 

    Layer: Metal5
      Partial area ratio:   30.32
      Required ratio:    0.00 (Gate area) 
      Cumulative area ratio:   64.77
      Required ratio:    0.00 (Cumulative area) 
      Partial area ratio:  164.32
      Required ratio:  400.00 (Side area) 
      Cumulative area ratio:  297.84
      Required ratio:    0.00 (Cumulative side area) 


  Pin:   fanout361/A (gf180mcu_as_sc_mcu7t3v3__buff_2)
    Layer: Via1
      Partial area ratio:    0.10
      Required ratio:   20.00 (Gate area) 
      Cumulative area ratio:    0.10
      Required ratio:    0.00 (Cumulative area) 

    Layer: Metal2
      Partial area ratio:    1.69
      Required ratio:    0.00 (Gate area) 
      Cumulative area ratio:    1.69
      Required ratio:    0.00 (Cumulative area) 
      Partial area ratio:    6.96
      Required ratio:  400.00 (Side area) 
      Cumulative area ratio:    6.96
      Required ratio:    0.00 (Cumulative side area) 

    Layer: Via2
      Partial area ratio:    0.11
      Required ratio:   20.00 (Gate area) 
      Cumulative area ratio:    0.22
      Required ratio:    0.00 (Cumulative area) 

    Layer: Metal3
      Partial area ratio:  208.57
      Required ratio:    0.00 (Gate area) 
      Cumulative area ratio:  210.26
      Required ratio:    0.00 (Cumulative area) 
      Partial area ratio:  805.39
      Required ratio:  400.00 (Side area) (VIOLATED)
      Cumulative area ratio:  812.34
      Required ratio:    0.00 (Cumulative side area) 

    Layer: Via3
      Partial area ratio:    0.10
      Required ratio:   20.00 (Gate area) 
      Cumulative area ratio:    0.32
      Required ratio:    0.00 (Cumulative area) 

    Layer: Metal4
      Partial area ratio:   30.24
      Required ratio:    0.00 (Gate area) 
      Cumulative area ratio:  240.50
      Required ratio:    0.00 (Cumulative area) 
      Partial area ratio:  116.69
      Required ratio:  400.00 (Side area) 
      Cumulative area ratio:  929.04
      Required ratio:    0.00 (Cumulative side area) 

    Layer: Via4
      Partial area ratio:    0.05
      Required ratio:    0.00 (Gate area) 
      Cumulative area ratio:    0.37
      Required ratio:    0.00 (Cumulative area) 

    Layer: Metal5
      Partial area ratio:   30.32
      Required ratio:    0.00 (Gate area) 
      Cumulative area ratio:  270.82
      Required ratio:    0.00 (Cumulative area) 
      Partial area ratio:  164.32
      Required ratio:  400.00 (Side area) 
      Cumulative area ratio: 1093.36
      Required ratio:    0.00 (Cumulative side area) 


  Pin:   fanout362/A (gf180mcu_as_sc_mcu7t3v3__buff_2)
    Layer: Via1
      Partial area ratio:    0.10
      Required ratio:   20.00 (Gate area) 
      Cumulative area ratio:    0.10
      Required ratio:    0.00 (Cumulative area) 

    Layer: Metal2
      Partial area ratio:    2.47
      Required ratio:    0.00 (Gate area) 
      Cumulative area ratio:    2.47
      Required ratio:    0.00 (Cumulative area) 
      Partial area ratio:    9.97
      Required ratio:  400.00 (Side area) 
      Cumulative area ratio:    9.97
      Required ratio:    0.00 (Cumulative side area) 

    Layer: Via2
      Partial area ratio:    0.20
      Required ratio:   20.00 (Gate area) 
      Cumulative area ratio:    0.30
      Required ratio:    0.00 (Cumulative area) 

    Layer: Metal3
      Partial area ratio:    0.32
      Required ratio:    0.00 (Gate area) 
      Cumulative area ratio:    2.79
      Required ratio:    0.00 (Cumulative area) 
      Partial area ratio:    2.14
      Required ratio:  400.00 (Side area) 
      Cumulative area ratio:   12.11
      Required ratio:    0.00 (Cumulative side area) 

    Layer: Via3
      Partial area ratio:    0.10
      Required ratio:   20.00 (Gate area) 
      Cumulative area ratio:    0.41
      Required ratio:    0.00 (Cumulative area) 

    Layer: Metal4
      Partial area ratio:    0.16
      Required ratio:    0.00 (Gate area) 
      Cumulative area ratio:    2.95
      Required ratio:    0.00 (Cumulative area) 
      Partial area ratio:    1.07
      Required ratio:  400.00 (Side area) 
      Cumulative area ratio:   13.18
      Required ratio:    0.00 (Cumulative side area) 

    Layer: Via4
      Partial area ratio:    0.10
      Required ratio:   20.00 (Gate area) 
      Cumulative area ratio:    0.51
      Required ratio:    0.00 (Cumulative area) 

    Layer: Metal5
      Partial area ratio:   30.32
      Required ratio:    0.00 (Gate area) 
      Cumulative area ratio:   33.27
      Required ratio:    0.00 (Cumulative area) 
      Partial area ratio:  164.32
      Required ratio:  400.00 (Side area) 
      Cumulative area ratio:  177.50
      Required ratio:    0.00 (Cumulative side area) 


  Pin:   fanout363/A (gf180mcu_as_sc_mcu7t3v3__buff_2)
    Layer: Via1
      Partial area ratio:    0.10
      Required ratio:   20.00 (Gate area) 
      Cumulative area ratio:    0.10
      Required ratio:    0.00 (Cumulative area) 

    Layer: Metal2
      Partial area ratio:    0.67
      Required ratio:    0.00 (Gate area) 
      Cumulative area ratio:    0.67
      Required ratio:    0.00 (Cumulative area) 
      Partial area ratio:    2.67
      Required ratio:  400.00 (Side area) 
      Cumulative area ratio:    2.67
      Required ratio:    0.00 (Cumulative side area) 

    Layer: Via2
      Partial area ratio:    0.22
      Required ratio:    0.00 (Gate area) 
      Cumulative area ratio:    0.32
      Required ratio:    0.00 (Cumulative area) 

    Layer: Metal3
      Partial area ratio:    0.07
      Required ratio:    0.00 (Gate area) 
      Cumulative area ratio:    0.74
      Required ratio:    0.00 (Cumulative area) 
      Partial area ratio:    0.46
      Required ratio:  400.00 (Side area) 
      Cumulative area ratio:    3.13
      Required ratio:    0.00 (Cumulative side area) 

    Layer: Via3
      Partial area ratio:    0.10
      Required ratio:    0.00 (Gate area) 
      Cumulative area ratio:    0.42
      Required ratio:    0.00 (Cumulative area) 

    Layer: Metal4
      Partial area ratio:   30.24
      Required ratio:    0.00 (Gate area) 
      Cumulative area ratio:   30.98
      Required ratio:    0.00 (Cumulative area) 
      Partial area ratio:  116.69
      Required ratio:  400.00 (Side area) 
      Cumulative area ratio:  119.83
      Required ratio:    0.00 (Cumulative side area) 

    Layer: Via4
      Partial area ratio:    0.05
      Required ratio:    0.00 (Gate area) 
      Cumulative area ratio:    0.47
      Required ratio:    0.00 (Cumulative area) 

    Layer: Metal5
      Partial area ratio:   30.32
      Required ratio:    0.00 (Gate area) 
      Cumulative area ratio:   61.30
      Required ratio:    0.00 (Cumulative area) 
      Partial area ratio:  164.32
      Required ratio:  400.00 (Side area) 
      Cumulative area ratio:  284.15
      Required ratio:    0.00 (Cumulative side area) 


  Pin:   fanout364/A (gf180mcu_as_sc_mcu7t3v3__buff_2)
    Layer: Via1
      Partial area ratio:    0.10
      Required ratio:   20.00 (Gate area) 
      Cumulative area ratio:    0.10
      Required ratio:    0.00 (Cumulative area) 

    Layer: Metal2
      Partial area ratio:    1.70
      Required ratio:    0.00 (Gate area) 
      Cumulative area ratio:    1.70
      Required ratio:    0.00 (Cumulative area) 
      Partial area ratio:    7.01
      Required ratio:  400.00 (Side area) 
      Cumulative area ratio:    7.01
      Required ratio:    0.00 (Cumulative side area) 

    Layer: Via2
      Partial area ratio:    0.20
      Required ratio:   20.00 (Gate area) 
      Cumulative area ratio:    0.30
      Required ratio:    0.00 (Cumulative area) 

    Layer: Metal3
      Partial area ratio:    0.32
      Required ratio:    0.00 (Gate area) 
      Cumulative area ratio:    2.02
      Required ratio:    0.00 (Cumulative area) 
      Partial area ratio:    2.14
      Required ratio:  400.00 (Side area) 
      Cumulative area ratio:    9.15
      Required ratio:    0.00 (Cumulative side area) 

    Layer: Via3
      Partial area ratio:    0.10
      Required ratio:   20.00 (Gate area) 
      Cumulative area ratio:    0.41
      Required ratio:    0.00 (Cumulative area) 

    Layer: Metal4
      Partial area ratio:    0.16
      Required ratio:    0.00 (Gate area) 
      Cumulative area ratio:    2.18
      Required ratio:    0.00 (Cumulative area) 
      Partial area ratio:    1.07
      Required ratio:  400.00 (Side area) 
      Cumulative area ratio:   10.22
      Required ratio:    0.00 (Cumulative side area) 

    Layer: Via4
      Partial area ratio:    0.10
      Required ratio:   20.00 (Gate area) 
      Cumulative area ratio:    0.51
      Required ratio:    0.00 (Cumulative area) 

    Layer: Metal5
      Partial area ratio:   30.32
      Required ratio:    0.00 (Gate area) 
      Cumulative area ratio:   32.50
      Required ratio:    0.00 (Cumulative area) 
      Partial area ratio:  164.32
      Required ratio:  400.00 (Side area) 
      Cumulative area ratio:  174.55
      Required ratio:    0.00 (Cumulative side area) 



Net: net444
  Pin:   fanout440/A (gf180mcu_as_sc_mcu7t3v3__buff_2)
    Layer: Via1
      Partial area ratio:    0.10
      Required ratio:   20.00 (Gate area) 
      Cumulative area ratio:    0.10
      Required ratio:    0.00 (Cumulative area) 

    Layer: Metal2
      Partial area ratio:    1.93
      Required ratio:    0.00 (Gate area) 
      Cumulative area ratio:    1.93
      Required ratio:    0.00 (Cumulative area) 
      Partial area ratio:    7.86
      Required ratio:  400.00 (Side area) 
      Cumulative area ratio:    7.86
      Required ratio:    0.00 (Cumulative side area) 

    Layer: Via2
      Partial area ratio:    0.11
      Required ratio:   20.00 (Gate area) 
      Cumulative area ratio:    0.22
      Required ratio:    0.00 (Cumulative area) 

    Layer: Metal3
      Partial area ratio:   35.47
      Required ratio:    0.00 (Gate area) 
      Cumulative area ratio:   37.40
      Required ratio:    0.00 (Cumulative area) 
      Partial area ratio:  137.26
      Required ratio:  400.00 (Side area) 
      Cumulative area ratio:  145.12
      Required ratio:    0.00 (Cumulative side area) 

    Layer: Via3
      Partial area ratio:    0.10
      Required ratio:   20.00 (Gate area) 
      Cumulative area ratio:    0.32
      Required ratio:    0.00 (Cumulative area) 

    Layer: Metal4
      Partial area ratio:    7.26
      Required ratio:    0.00 (Gate area) 
      Cumulative area ratio:   44.66
      Required ratio:    0.00 (Cumulative area) 
      Partial area ratio:   28.46
      Required ratio:  400.00 (Side area) 
      Cumulative area ratio:  173.58
      Required ratio:    0.00 (Cumulative side area) 

    Layer: Via4
      Partial area ratio:    0.10
      Required ratio:   20.00 (Gate area) 
      Cumulative area ratio:    0.42
      Required ratio:    0.00 (Cumulative area) 

    Layer: Metal5
      Partial area ratio:   74.85
      Required ratio:    0.00 (Gate area) 
      Cumulative area ratio:  119.51
      Required ratio:    0.00 (Cumulative area) 
      Partial area ratio:  405.26
      Required ratio:  400.00 (Side area) (VIOLATED)
      Cumulative area ratio:  578.84
      Required ratio:    0.00 (Cumulative side area) 


  Pin:   fanout441/A (gf180mcu_as_sc_mcu7t3v3__buff_2)
    Layer: Via1
      Partial area ratio:    0.10
      Required ratio:   20.00 (Gate area) 
      Cumulative area ratio:    0.10
      Required ratio:    0.00 (Cumulative area) 

    Layer: Metal2
      Partial area ratio:    2.88
      Required ratio:    0.00 (Gate area) 
      Cumulative area ratio:    2.88
      Required ratio:    0.00 (Cumulative area) 
      Partial area ratio:   11.55
      Required ratio:  400.00 (Side area) 
      Cumulative area ratio:   11.55
      Required ratio:    0.00 (Cumulative side area) 

    Layer: Via2
      Partial area ratio:    0.20
      Required ratio:   20.00 (Gate area) 
      Cumulative area ratio:    0.30
      Required ratio:    0.00 (Cumulative area) 

    Layer: Metal3
      Partial area ratio:    0.32
      Required ratio:    0.00 (Gate area) 
      Cumulative area ratio:    3.20
      Required ratio:    0.00 (Cumulative area) 
      Partial area ratio:    2.14
      Required ratio:  400.00 (Side area) 
      Cumulative area ratio:   13.69
      Required ratio:    0.00 (Cumulative side area) 

    Layer: Via3
      Partial area ratio:    0.10
      Required ratio:   20.00 (Gate area) 
      Cumulative area ratio:    0.41
      Required ratio:    0.00 (Cumulative area) 

    Layer: Metal4
      Partial area ratio:    3.73
      Required ratio:    0.00 (Gate area) 
      Cumulative area ratio:    6.93
      Required ratio:    0.00 (Cumulative area) 
      Partial area ratio:   14.85
      Required ratio:  400.00 (Side area) 
      Cumulative area ratio:   28.54
      Required ratio:    0.00 (Cumulative side area) 

    Layer: Via4
      Partial area ratio:    0.10
      Required ratio:   20.00 (Gate area) 
      Cumulative area ratio:    0.51
      Required ratio:    0.00 (Cumulative area) 

    Layer: Metal5
      Partial area ratio:   74.85
      Required ratio:    0.00 (Gate area) 
      Cumulative area ratio:   81.77
      Required ratio:    0.00 (Cumulative area) 
      Partial area ratio:  405.26
      Required ratio:  400.00 (Side area) (VIOLATED)
      Cumulative area ratio:  433.79
      Required ratio:    0.00 (Cumulative side area) 


  Pin:   fanout442/A (gf180mcu_as_sc_mcu7t3v3__buff_2)
    Layer: Via1
      Partial area ratio:    0.10
      Required ratio:   20.00 (Gate area) 
      Cumulative area ratio:    0.10
      Required ratio:    0.00 (Cumulative area) 

    Layer: Metal2
      Partial area ratio:    1.96
      Required ratio:    0.00 (Gate area) 
      Cumulative area ratio:    1.96
      Required ratio:    0.00 (Cumulative area) 
      Partial area ratio:    8.03
      Required ratio:  400.00 (Side area) 
      Cumulative area ratio:    8.03
      Required ratio:    0.00 (Cumulative side area) 

    Layer: Via2
      Partial area ratio:    0.20
      Required ratio:   20.00 (Gate area) 
      Cumulative area ratio:    0.30
      Required ratio:    0.00 (Cumulative area) 

    Layer: Metal3
      Partial area ratio:    0.32
      Required ratio:    0.00 (Gate area) 
      Cumulative area ratio:    2.28
      Required ratio:    0.00 (Cumulative area) 
      Partial area ratio:    2.14
      Required ratio:  400.00 (Side area) 
      Cumulative area ratio:   10.17
      Required ratio:    0.00 (Cumulative side area) 

    Layer: Via3
      Partial area ratio:    0.10
      Required ratio:   20.00 (Gate area) 
      Cumulative area ratio:    0.41
      Required ratio:    0.00 (Cumulative area) 

    Layer: Metal4
      Partial area ratio:   31.57
      Required ratio:    0.00 (Gate area) 
      Cumulative area ratio:   33.85
      Required ratio:    0.00 (Cumulative area) 
      Partial area ratio:  121.93
      Required ratio:  400.00 (Side area) 
      Cumulative area ratio:  132.10
      Required ratio:    0.00 (Cumulative side area) 

    Layer: Via4
      Partial area ratio:    0.10
      Required ratio:    0.00 (Gate area) 
      Cumulative area ratio:    0.51
      Required ratio:    0.00 (Cumulative area) 

    Layer: Metal5
      Partial area ratio:   74.85
      Required ratio:    0.00 (Gate area) 
      Cumulative area ratio:  108.70
      Required ratio:    0.00 (Cumulative area) 
      Partial area ratio:  405.26
      Required ratio:  400.00 (Side area) (VIOLATED)
      Cumulative area ratio:  537.36
      Required ratio:    0.00 (Cumulative side area) 


  Pin:   fanout443/A (gf180mcu_as_sc_mcu7t3v3__buff_2)
    Layer: Via1
      Partial area ratio:    0.10
      Required ratio:   20.00 (Gate area) 
      Cumulative area ratio:    0.10
      Required ratio:    0.00 (Cumulative area) 

    Layer: Metal2
      Partial area ratio:    2.67
      Required ratio:    0.00 (Gate area) 
      Cumulative area ratio:    2.67
      Required ratio:    0.00 (Cumulative area) 
      Partial area ratio:   10.75
      Required ratio:  400.00 (Side area) 
      Cumulative area ratio:   10.75
      Required ratio:    0.00 (Cumulative side area) 

    Layer: Via2
      Partial area ratio:    0.20
      Required ratio:   20.00 (Gate area) 
      Cumulative area ratio:    0.30
      Required ratio:    0.00 (Cumulative area) 

    Layer: Metal3
      Partial area ratio:    1.60
      Required ratio:    0.00 (Gate area) 
      Cumulative area ratio:    4.27
      Required ratio:    0.00 (Cumulative area) 
      Partial area ratio:    6.46
      Required ratio:  400.00 (Side area) 
      Cumulative area ratio:   17.21
      Required ratio:    0.00 (Cumulative side area) 

    Layer: Via3
      Partial area ratio:    0.20
      Required ratio:    0.00 (Gate area) 
      Cumulative area ratio:    0.51
      Required ratio:    0.00 (Cumulative area) 

    Layer: Metal4
      Partial area ratio:   31.57
      Required ratio:    0.00 (Gate area) 
      Cumulative area ratio:   35.84
      Required ratio:    0.00 (Cumulative area) 
      Partial area ratio:  121.93
      Required ratio:  400.00 (Side area) 
      Cumulative area ratio:  139.14
      Required ratio:    0.00 (Cumulative side area) 

    Layer: Via4
      Partial area ratio:    0.10
      Required ratio:    0.00 (Gate area) 
      Cumulative area ratio:    0.61
      Required ratio:    0.00 (Cumulative area) 

    Layer: Metal5
      Partial area ratio:   74.85
      Required ratio:    0.00 (Gate area) 
      Cumulative area ratio:  110.69
      Required ratio:    0.00 (Cumulative area) 
      Partial area ratio:  405.26
      Required ratio:  400.00 (Side area) (VIOLATED)
      Cumulative area ratio:  544.40
      Required ratio:    0.00 (Cumulative side area) 



Net: net513
  Pin:   _19169_/A (gf180mcu_as_sc_mcu7t3v3__nand4_2)
    Layer: Via1
      Partial area ratio:    0.05
      Required ratio:   20.00 (Gate area) 
      Cumulative area ratio:    0.05
      Required ratio:    0.00 (Cumulative area) 

    Layer: Metal2
      Partial area ratio:    1.07
      Required ratio:    0.00 (Gate area) 
      Cumulative area ratio:    1.07
      Required ratio:    0.00 (Cumulative area) 
      Partial area ratio:    4.35
      Required ratio:  400.00 (Side area) 
      Cumulative area ratio:    4.35
      Required ratio:    0.00 (Cumulative side area) 

    Layer: Via2
      Partial area ratio:    0.10
      Required ratio:   20.00 (Gate area) 
      Cumulative area ratio:    0.15
      Required ratio:    0.00 (Cumulative area) 

    Layer: Metal3
      Partial area ratio:    0.16
      Required ratio:    0.00 (Gate area) 
      Cumulative area ratio:    1.23
      Required ratio:    0.00 (Cumulative area) 
      Partial area ratio:    1.07
      Required ratio:  400.00 (Side area) 
      Cumulative area ratio:    5.41
      Required ratio:    0.00 (Cumulative side area) 

    Layer: Via3
      Partial area ratio:    0.05
      Required ratio:   20.00 (Gate area) 
      Cumulative area ratio:    0.20
      Required ratio:    0.00 (Cumulative area) 

    Layer: Metal4
      Partial area ratio:   24.81
      Required ratio:    0.00 (Gate area) 
      Cumulative area ratio:   26.03
      Required ratio:    0.00 (Cumulative area) 
      Partial area ratio:   95.91
      Required ratio:  400.00 (Side area) 
      Cumulative area ratio:  101.32
      Required ratio:    0.00 (Cumulative side area) 

    Layer: Via4
      Partial area ratio:    0.05
      Required ratio:   20.00 (Gate area) 
      Cumulative area ratio:    0.25
      Required ratio:    0.00 (Cumulative area) 

    Layer: Metal5
      Partial area ratio:    8.31
      Required ratio:    0.00 (Gate area) 
      Cumulative area ratio:   34.34
      Required ratio:    0.00 (Cumulative area) 
      Partial area ratio:   45.11
      Required ratio:  400.00 (Side area) 
      Cumulative area ratio:  146.44
      Required ratio:    0.00 (Cumulative side area) 


  Pin:   fanout510/A (gf180mcu_as_sc_mcu7t3v3__buff_2)
    Layer: Via1
      Partial area ratio:    0.10
      Required ratio:   20.00 (Gate area) 
      Cumulative area ratio:    0.10
      Required ratio:    0.00 (Cumulative area) 

    Layer: Metal2
      Partial area ratio:    1.53
      Required ratio:    0.00 (Gate area) 
      Cumulative area ratio:    1.53
      Required ratio:    0.00 (Cumulative area) 
      Partial area ratio:    6.34
      Required ratio:  400.00 (Side area) 
      Cumulative area ratio:    6.34
      Required ratio:    0.00 (Cumulative side area) 

    Layer: Via2
      Partial area ratio:    0.20
      Required ratio:   20.00 (Gate area) 
      Cumulative area ratio:    0.30
      Required ratio:    0.00 (Cumulative area) 

    Layer: Metal3
      Partial area ratio:   10.91
      Required ratio:    0.00 (Gate area) 
      Cumulative area ratio:   12.43
      Required ratio:    0.00 (Cumulative area) 
      Partial area ratio:   42.98
      Required ratio:  400.00 (Side area) 
      Cumulative area ratio:   49.32
      Required ratio:    0.00 (Cumulative side area) 

    Layer: Via3
      Partial area ratio:    0.20
      Required ratio:   20.00 (Gate area) 
      Cumulative area ratio:    0.51
      Required ratio:    0.00 (Cumulative area) 

    Layer: Metal4
      Partial area ratio:   21.09
      Required ratio:    0.00 (Gate area) 
      Cumulative area ratio:   33.53
      Required ratio:    0.00 (Cumulative area) 
      Partial area ratio:   81.49
      Required ratio:  400.00 (Side area) 
      Cumulative area ratio:  130.81
      Required ratio:    0.00 (Cumulative side area) 

    Layer: Via4
      Partial area ratio:    0.03
      Required ratio:    0.00 (Gate area) 
      Cumulative area ratio:    0.54
      Required ratio:    0.00 (Cumulative area) 

    Layer: Metal5
      Partial area ratio:    8.31
      Required ratio:    0.00 (Gate area) 
      Cumulative area ratio:   41.83
      Required ratio:    0.00 (Cumulative area) 
      Partial area ratio:   45.11
      Required ratio:  400.00 (Side area) 
      Cumulative area ratio:  175.93
      Required ratio:    0.00 (Cumulative side area) 


  Pin:   fanout511/A (gf180mcu_as_sc_mcu7t3v3__buff_2)
    Layer: Via1
      Partial area ratio:    0.10
      Required ratio:   20.00 (Gate area) 
      Cumulative area ratio:    0.10
      Required ratio:    0.00 (Cumulative area) 

    Layer: Metal2
      Partial area ratio:    1.70
      Required ratio:    0.00 (Gate area) 
      Cumulative area ratio:    1.70
      Required ratio:    0.00 (Cumulative area) 
      Partial area ratio:    7.01
      Required ratio:  400.00 (Side area) 
      Cumulative area ratio:    7.01
      Required ratio:    0.00 (Cumulative side area) 

    Layer: Via2
      Partial area ratio:    0.20
      Required ratio:   20.00 (Gate area) 
      Cumulative area ratio:    0.30
      Required ratio:    0.00 (Cumulative area) 

    Layer: Metal3
      Partial area ratio:  173.26
      Required ratio:    0.00 (Gate area) 
      Cumulative area ratio:  174.96
      Required ratio:    0.00 (Cumulative area) 
      Partial area ratio:  669.20
      Required ratio:  400.00 (Side area) (VIOLATED)
      Cumulative area ratio:  676.21
      Required ratio:    0.00 (Cumulative side area) 

    Layer: Via3
      Partial area ratio:    0.10
      Required ratio:   20.00 (Gate area) 
      Cumulative area ratio:    0.41
      Required ratio:    0.00 (Cumulative area) 

    Layer: Metal4
      Partial area ratio:   21.09
      Required ratio:    0.00 (Gate area) 
      Cumulative area ratio:  196.05
      Required ratio:    0.00 (Cumulative area) 
      Partial area ratio:   81.49
      Required ratio:  400.00 (Side area) 
      Cumulative area ratio:  757.70
      Required ratio:    0.00 (Cumulative side area) 

    Layer: Via4
      Partial area ratio:    0.03
      Required ratio:    0.00 (Gate area) 
      Cumulative area ratio:    0.44
      Required ratio:    0.00 (Cumulative area) 

    Layer: Metal5
      Partial area ratio:    8.31
      Required ratio:    0.00 (Gate area) 
      Cumulative area ratio:  204.36
      Required ratio:    0.00 (Cumulative area) 
      Partial area ratio:   45.11
      Required ratio:  400.00 (Side area) 
      Cumulative area ratio:  802.82
      Required ratio:    0.00 (Cumulative side area) 


  Pin:   fanout512/A (gf180mcu_as_sc_mcu7t3v3__buff_2)
    Layer: Via1
      Partial area ratio:    0.10
      Required ratio:   20.00 (Gate area) 
      Cumulative area ratio:    0.10
      Required ratio:    0.00 (Cumulative area) 

    Layer: Metal2
      Partial area ratio:    4.81
      Required ratio:    0.00 (Gate area) 
      Cumulative area ratio:    4.81
      Required ratio:    0.00 (Cumulative area) 
      Partial area ratio:   18.99
      Required ratio:  400.00 (Side area) 
      Cumulative area ratio:   18.99
      Required ratio:    0.00 (Cumulative side area) 

    Layer: Via2
      Partial area ratio:    0.20
      Required ratio:   20.00 (Gate area) 
      Cumulative area ratio:    0.30
      Required ratio:    0.00 (Cumulative area) 

    Layer: Metal3
      Partial area ratio:    0.85
      Required ratio:    0.00 (Gate area) 
      Cumulative area ratio:    5.66
      Required ratio:    0.00 (Cumulative area) 
      Partial area ratio:    3.57
      Required ratio:  400.00 (Side area) 
      Cumulative area ratio:   22.56
      Required ratio:    0.00 (Cumulative side area) 

    Layer: Via3
      Partial area ratio:    0.10
      Required ratio:    0.00 (Gate area) 
      Cumulative area ratio:    0.41
      Required ratio:    0.00 (Cumulative area) 

    Layer: Metal4
      Partial area ratio:   21.09
      Required ratio:    0.00 (Gate area) 
      Cumulative area ratio:   26.75
      Required ratio:    0.00 (Cumulative area) 
      Partial area ratio:   81.49
      Required ratio:  400.00 (Side area) 
      Cumulative area ratio:  104.05
      Required ratio:    0.00 (Cumulative side area) 

    Layer: Via4
      Partial area ratio:    0.03
      Required ratio:    0.00 (Gate area) 
      Cumulative area ratio:    0.44
      Required ratio:    0.00 (Cumulative area) 

    Layer: Metal5
      Partial area ratio:    8.31
      Required ratio:    0.00 (Gate area) 
      Cumulative area ratio:   35.06
      Required ratio:    0.00 (Cumulative area) 
      Partial area ratio:   45.11
      Required ratio:  400.00 (Side area) 
      Cumulative area ratio:  149.17
      Required ratio:    0.00 (Cumulative side area) 



Net: net716
  Pin:   _10876_/B (gf180mcu_as_sc_mcu7t3v3__mux2_2)
    Layer: Metal1
      Partial area ratio:    0.02
      Required ratio:    0.00 (Gate area) 
      Cumulative area ratio:    0.02
      Required ratio:    0.00 (Cumulative area) 
      Partial area ratio:    0.92
      Required ratio:  400.00 (Side area) 
      Cumulative area ratio:    0.92
      Required ratio:    0.00 (Cumulative side area) 

    Layer: Via1
      Partial area ratio:    0.10
      Required ratio:   20.00 (Gate area) 
      Cumulative area ratio:    0.10
      Required ratio:    0.00 (Cumulative area) 

    Layer: Metal2
      Partial area ratio:    2.22
      Required ratio:    0.00 (Gate area) 
      Cumulative area ratio:    2.24
      Required ratio:    0.00 (Cumulative area) 
      Partial area ratio:    9.02
      Required ratio:  400.00 (Side area) 
      Cumulative area ratio:    9.94
      Required ratio:    0.00 (Cumulative side area) 

    Layer: Via2
      Partial area ratio:    0.20
      Required ratio:   20.00 (Gate area) 
      Cumulative area ratio:    0.30
      Required ratio:    0.00 (Cumulative area) 

    Layer: Metal3
      Partial area ratio:  137.97
      Required ratio:    0.00 (Gate area) 
      Cumulative area ratio:  140.21
      Required ratio:    0.00 (Cumulative area) 
      Partial area ratio:  533.06
      Required ratio:  400.00 (Side area) (VIOLATED)
      Cumulative area ratio:  543.00
      Required ratio:    0.00 (Cumulative side area) 

    Layer: Via3
      Partial area ratio:    0.10
      Required ratio:   20.00 (Gate area) 
      Cumulative area ratio:    0.41
      Required ratio:    0.00 (Cumulative area) 

    Layer: Metal4
      Partial area ratio:   14.85
      Required ratio:    0.00 (Gate area) 
      Cumulative area ratio:  155.06
      Required ratio:    0.00 (Cumulative area) 
      Partial area ratio:   57.32
      Required ratio:  400.00 (Side area) 
      Cumulative area ratio:  600.32
      Required ratio:    0.00 (Cumulative side area) 


  Pin:   _11078_/B (gf180mcu_as_sc_mcu7t3v3__nor2b_2)
    Layer: Via1
      Partial area ratio:    0.05
      Required ratio:   20.00 (Gate area) 
      Cumulative area ratio:    0.05
      Required ratio:    0.00 (Cumulative area) 

    Layer: Metal2
      Partial area ratio:    1.18
      Required ratio:    0.00 (Gate area) 
      Cumulative area ratio:    1.18
      Required ratio:    0.00 (Cumulative area) 
      Partial area ratio:    4.76
      Required ratio:  400.00 (Side area) 
      Cumulative area ratio:    4.76
      Required ratio:    0.00 (Cumulative side area) 

    Layer: Via2
      Partial area ratio:    0.10
      Required ratio:   20.00 (Gate area) 
      Cumulative area ratio:    0.15
      Required ratio:    0.00 (Cumulative area) 

    Layer: Metal3
      Partial area ratio:    1.54
      Required ratio:    0.00 (Gate area) 
      Cumulative area ratio:    2.72
      Required ratio:    0.00 (Cumulative area) 
      Partial area ratio:    6.30
      Required ratio:  400.00 (Side area) 
      Cumulative area ratio:   11.07
      Required ratio:    0.00 (Cumulative side area) 

    Layer: Via3
      Partial area ratio:    0.02
      Required ratio:   20.00 (Gate area) 
      Cumulative area ratio:    0.17
      Required ratio:    0.00 (Cumulative area) 

    Layer: Metal4
      Partial area ratio:   14.85
      Required ratio:    0.00 (Gate area) 
      Cumulative area ratio:   17.57
      Required ratio:    0.00 (Cumulative area) 
      Partial area ratio:   57.32
      Required ratio:  400.00 (Side area) 
      Cumulative area ratio:   68.39
      Required ratio:    0.00 (Cumulative side area) 


  Pin:   _11123_/B (gf180mcu_as_sc_mcu7t3v3__nor2b_2)
    Layer: Via1
      Partial area ratio:    0.05
      Required ratio:   20.00 (Gate area) 
      Cumulative area ratio:    0.05
      Required ratio:    0.00 (Cumulative area) 

    Layer: Metal2
      Partial area ratio:    1.72
      Required ratio:    0.00 (Gate area) 
      Cumulative area ratio:    1.72
      Required ratio:    0.00 (Cumulative area) 
      Partial area ratio:    6.77
      Required ratio:  400.00 (Side area) 
      Cumulative area ratio:    6.77
      Required ratio:    0.00 (Cumulative side area) 

    Layer: Via2
      Partial area ratio:    0.10
      Required ratio:   20.00 (Gate area) 
      Cumulative area ratio:    0.15
      Required ratio:    0.00 (Cumulative area) 

    Layer: Metal3
      Partial area ratio:    1.54
      Required ratio:    0.00 (Gate area) 
      Cumulative area ratio:    3.25
      Required ratio:    0.00 (Cumulative area) 
      Partial area ratio:    6.30
      Required ratio:  400.00 (Side area) 
      Cumulative area ratio:   13.07
      Required ratio:    0.00 (Cumulative side area) 

    Layer: Via3
      Partial area ratio:    0.02
      Required ratio:   20.00 (Gate area) 
      Cumulative area ratio:    0.17
      Required ratio:    0.00 (Cumulative area) 

    Layer: Metal4
      Partial area ratio:   14.85
      Required ratio:    0.00 (Gate area) 
      Cumulative area ratio:   18.11
      Required ratio:    0.00 (Cumulative area) 
      Partial area ratio:   57.32
      Required ratio:  400.00 (Side area) 
      Cumulative area ratio:   70.39
      Required ratio:    0.00 (Cumulative side area) 


  Pin:   fanout708/A (gf180mcu_as_sc_mcu7t3v3__buff_2)
    Layer: Via1
      Partial area ratio:    0.10
      Required ratio:   20.00 (Gate area) 
      Cumulative area ratio:    0.10
      Required ratio:    0.00 (Cumulative area) 

    Layer: Metal2
      Partial area ratio:    1.72
      Required ratio:    0.00 (Gate area) 
      Cumulative area ratio:    1.72
      Required ratio:    0.00 (Cumulative area) 
      Partial area ratio:    6.77
      Required ratio:  400.00 (Side area) 
      Cumulative area ratio:    6.77
      Required ratio:    0.00 (Cumulative side area) 

    Layer: Via2
      Partial area ratio:    0.10
      Required ratio:   20.00 (Gate area) 
      Cumulative area ratio:    0.20
      Required ratio:    0.00 (Cumulative area) 

    Layer: Metal3
      Partial area ratio:    1.54
      Required ratio:    0.00 (Gate area) 
      Cumulative area ratio:    3.25
      Required ratio:    0.00 (Cumulative area) 
      Partial area ratio:    6.30
      Required ratio:  400.00 (Side area) 
      Cumulative area ratio:   13.07
      Required ratio:    0.00 (Cumulative side area) 

    Layer: Via3
      Partial area ratio:    0.02
      Required ratio:   20.00 (Gate area) 
      Cumulative area ratio:    0.22
      Required ratio:    0.00 (Cumulative area) 

    Layer: Metal4
      Partial area ratio:   14.85
      Required ratio:    0.00 (Gate area) 
      Cumulative area ratio:   18.11
      Required ratio:    0.00 (Cumulative area) 
      Partial area ratio:   57.32
      Required ratio:  400.00 (Side area) 
      Cumulative area ratio:   70.39
      Required ratio:    0.00 (Cumulative side area) 


  Pin:   fanout715/A (gf180mcu_as_sc_mcu7t3v3__buff_2)
    Layer: Via1
      Partial area ratio:    0.10
      Required ratio:   20.00 (Gate area) 
      Cumulative area ratio:    0.10
      Required ratio:    0.00 (Cumulative area) 

    Layer: Metal2
      Partial area ratio:    2.41
      Required ratio:    0.00 (Gate area) 
      Cumulative area ratio:    2.41
      Required ratio:    0.00 (Cumulative area) 
      Partial area ratio:    9.74
      Required ratio:  400.00 (Side area) 
      Cumulative area ratio:    9.74
      Required ratio:    0.00 (Cumulative side area) 

    Layer: Via2
      Partial area ratio:    0.20
      Required ratio:   20.00 (Gate area) 
      Cumulative area ratio:    0.30
      Required ratio:    0.00 (Cumulative area) 

    Layer: Metal3
      Partial area ratio:    3.85
      Required ratio:    0.00 (Gate area) 
      Cumulative area ratio:    6.26
      Required ratio:    0.00 (Cumulative area) 
      Partial area ratio:   15.75
      Required ratio:  400.00 (Side area) 
      Cumulative area ratio:   25.49
      Required ratio:    0.00 (Cumulative side area) 

    Layer: Via3
      Partial area ratio:    0.10
      Required ratio:   20.00 (Gate area) 
      Cumulative area ratio:    0.41
      Required ratio:    0.00 (Cumulative area) 

    Layer: Metal4
      Partial area ratio:   14.85
      Required ratio:    0.00 (Gate area) 
      Cumulative area ratio:   21.11
      Required ratio:    0.00 (Cumulative area) 
      Partial area ratio:   57.32
      Required ratio:  400.00 (Side area) 
      Cumulative area ratio:   82.81
      Required ratio:    0.00 (Cumulative side area) 



Net: net783
  Pin:   _10917_/A (gf180mcu_as_sc_mcu7t3v3__mux2_2)
    Layer: Metal1
      Partial area ratio:    0.01
      Required ratio:    0.00 (Gate area) 
      Cumulative area ratio:    0.01
      Required ratio:    0.00 (Cumulative area) 
      Partial area ratio:    0.88
      Required ratio:  400.00 (Side area) 
      Cumulative area ratio:    0.88
      Required ratio:    0.00 (Cumulative side area) 

    Layer: Via1
      Partial area ratio:    0.10
      Required ratio:   20.00 (Gate area) 
      Cumulative area ratio:    0.10
      Required ratio:    0.00 (Cumulative area) 

    Layer: Metal2
      Partial area ratio:    1.08
      Required ratio:    0.00 (Gate area) 
      Cumulative area ratio:    1.09
      Required ratio:    0.00 (Cumulative area) 
      Partial area ratio:    4.61
      Required ratio:  400.00 (Side area) 
      Cumulative area ratio:    5.49
      Required ratio:    0.00 (Cumulative side area) 

    Layer: Via2
      Partial area ratio:    0.20
      Required ratio:   20.00 (Gate area) 
      Cumulative area ratio:    0.30
      Required ratio:    0.00 (Cumulative area) 

    Layer: Metal3
      Partial area ratio:    0.32
      Required ratio:    0.00 (Gate area) 
      Cumulative area ratio:    1.40
      Required ratio:    0.00 (Cumulative area) 
      Partial area ratio:    2.14
      Required ratio:  400.00 (Side area) 
      Cumulative area ratio:    7.63
      Required ratio:    0.00 (Cumulative side area) 

    Layer: Via3
      Partial area ratio:    0.10
      Required ratio:   20.00 (Gate area) 
      Cumulative area ratio:    0.41
      Required ratio:    0.00 (Cumulative area) 

    Layer: Metal4
      Partial area ratio:   17.42
      Required ratio:    0.00 (Gate area) 
      Cumulative area ratio:   18.82
      Required ratio:    0.00 (Cumulative area) 
      Partial area ratio:   67.24
      Required ratio:  400.00 (Side area) 
      Cumulative area ratio:   74.86
      Required ratio:    0.00 (Cumulative side area) 

    Layer: Via4
      Partial area ratio:    0.02
      Required ratio:    0.00 (Gate area) 
      Cumulative area ratio:    0.43
      Required ratio:    0.00 (Cumulative area) 

    Layer: Metal5
      Partial area ratio:    8.84
      Required ratio:    0.00 (Gate area) 
      Cumulative area ratio:   27.66
      Required ratio:    0.00 (Cumulative area) 
      Partial area ratio:   47.87
      Required ratio:  400.00 (Side area) 
      Cumulative area ratio:  122.74
      Required ratio:    0.00 (Cumulative side area) 


  Pin:   _10928_/A (gf180mcu_as_sc_mcu7t3v3__mux2_2)
    Layer: Metal1
      Partial area ratio:    0.01
      Required ratio:    0.00 (Gate area) 
      Cumulative area ratio:    0.01
      Required ratio:    0.00 (Cumulative area) 
      Partial area ratio:    0.88
      Required ratio:  400.00 (Side area) 
      Cumulative area ratio:    0.88
      Required ratio:    0.00 (Cumulative side area) 

    Layer: Via1
      Partial area ratio:    0.10
      Required ratio:   20.00 (Gate area) 
      Cumulative area ratio:    0.10
      Required ratio:    0.00 (Cumulative area) 

    Layer: Metal2
      Partial area ratio:    1.78
      Required ratio:    0.00 (Gate area) 
      Cumulative area ratio:    1.79
      Required ratio:    0.00 (Cumulative area) 
      Partial area ratio:    7.33
      Required ratio:  400.00 (Side area) 
      Cumulative area ratio:    8.21
      Required ratio:    0.00 (Cumulative side area) 

    Layer: Via2
      Partial area ratio:    0.20
      Required ratio:   20.00 (Gate area) 
      Cumulative area ratio:    0.30
      Required ratio:    0.00 (Cumulative area) 

    Layer: Metal3
      Partial area ratio:    0.32
      Required ratio:    0.00 (Gate area) 
      Cumulative area ratio:    2.11
      Required ratio:    0.00 (Cumulative area) 
      Partial area ratio:    2.14
      Required ratio:  400.00 (Side area) 
      Cumulative area ratio:   10.35
      Required ratio:    0.00 (Cumulative side area) 

    Layer: Via3
      Partial area ratio:    0.10
      Required ratio:   20.00 (Gate area) 
      Cumulative area ratio:    0.41
      Required ratio:    0.00 (Cumulative area) 

    Layer: Metal4
      Partial area ratio:   17.42
      Required ratio:    0.00 (Gate area) 
      Cumulative area ratio:   19.53
      Required ratio:    0.00 (Cumulative area) 
      Partial area ratio:   67.24
      Required ratio:  400.00 (Side area) 
      Cumulative area ratio:   77.59
      Required ratio:    0.00 (Cumulative side area) 

    Layer: Via4
      Partial area ratio:    0.02
      Required ratio:    0.00 (Gate area) 
      Cumulative area ratio:    0.43
      Required ratio:    0.00 (Cumulative area) 

    Layer: Metal5
      Partial area ratio:    8.84
      Required ratio:    0.00 (Gate area) 
      Cumulative area ratio:   28.37
      Required ratio:    0.00 (Cumulative area) 
      Partial area ratio:   47.87
      Required ratio:  400.00 (Side area) 
      Cumulative area ratio:  125.46
      Required ratio:    0.00 (Cumulative side area) 


  Pin:   _10938_/A (gf180mcu_as_sc_mcu7t3v3__mux2_2)
    Layer: Metal1
      Partial area ratio:    0.01
      Required ratio:    0.00 (Gate area) 
      Cumulative area ratio:    0.01
      Required ratio:    0.00 (Cumulative area) 
      Partial area ratio:    0.88
      Required ratio:  400.00 (Side area) 
      Cumulative area ratio:    0.88
      Required ratio:    0.00 (Cumulative side area) 

    Layer: Via1
      Partial area ratio:    0.10
      Required ratio:   20.00 (Gate area) 
      Cumulative area ratio:    0.10
      Required ratio:    0.00 (Cumulative area) 

    Layer: Metal2
      Partial area ratio:    3.48
      Required ratio:    0.00 (Gate area) 
      Cumulative area ratio:    3.49
      Required ratio:    0.00 (Cumulative area) 
      Partial area ratio:   13.88
      Required ratio:  400.00 (Side area) 
      Cumulative area ratio:   14.76
      Required ratio:    0.00 (Cumulative side area) 

    Layer: Via2
      Partial area ratio:    0.20
      Required ratio:   20.00 (Gate area) 
      Cumulative area ratio:    0.30
      Required ratio:    0.00 (Cumulative area) 

    Layer: Metal3
      Partial area ratio:    0.32
      Required ratio:    0.00 (Gate area) 
      Cumulative area ratio:    3.81
      Required ratio:    0.00 (Cumulative area) 
      Partial area ratio:    2.14
      Required ratio:  400.00 (Side area) 
      Cumulative area ratio:   16.90
      Required ratio:    0.00 (Cumulative side area) 

    Layer: Via3
      Partial area ratio:    0.10
      Required ratio:   20.00 (Gate area) 
      Cumulative area ratio:    0.41
      Required ratio:    0.00 (Cumulative area) 

    Layer: Metal4
      Partial area ratio:    0.16
      Required ratio:    0.00 (Gate area) 
      Cumulative area ratio:    3.97
      Required ratio:    0.00 (Cumulative area) 
      Partial area ratio:    1.07
      Required ratio:  400.00 (Side area) 
      Cumulative area ratio:   17.96
      Required ratio:    0.00 (Cumulative side area) 

    Layer: Via4
      Partial area ratio:    0.10
      Required ratio:   20.00 (Gate area) 
      Cumulative area ratio:    0.51
      Required ratio:    0.00 (Cumulative area) 

    Layer: Metal5
      Partial area ratio:    8.84
      Required ratio:    0.00 (Gate area) 
      Cumulative area ratio:   12.81
      Required ratio:    0.00 (Cumulative area) 
      Partial area ratio:   47.87
      Required ratio:  400.00 (Side area) 
      Cumulative area ratio:   65.84
      Required ratio:    0.00 (Cumulative side area) 


  Pin:   _10947_/B (gf180mcu_as_sc_mcu7t3v3__mux2_2)
    Layer: Metal1
      Partial area ratio:    0.02
      Required ratio:    0.00 (Gate area) 
      Cumulative area ratio:    0.02
      Required ratio:    0.00 (Cumulative area) 
      Partial area ratio:    0.92
      Required ratio:  400.00 (Side area) 
      Cumulative area ratio:    0.92
      Required ratio:    0.00 (Cumulative side area) 

    Layer: Via1
      Partial area ratio:    0.10
      Required ratio:   20.00 (Gate area) 
      Cumulative area ratio:    0.10
      Required ratio:    0.00 (Cumulative area) 

    Layer: Metal2
      Partial area ratio:    1.52
      Required ratio:    0.00 (Gate area) 
      Cumulative area ratio:    1.53
      Required ratio:    0.00 (Cumulative area) 
      Partial area ratio:    6.30
      Required ratio:  400.00 (Side area) 
      Cumulative area ratio:    7.22
      Required ratio:    0.00 (Cumulative side area) 

    Layer: Via2
      Partial area ratio:    0.20
      Required ratio:   20.00 (Gate area) 
      Cumulative area ratio:    0.30
      Required ratio:    0.00 (Cumulative area) 

    Layer: Metal3
      Partial area ratio:  104.97
      Required ratio:    0.00 (Gate area) 
      Cumulative area ratio:  106.51
      Required ratio:    0.00 (Cumulative area) 
      Partial area ratio:  405.65
      Required ratio:  400.00 (Side area) (VIOLATED)
      Cumulative area ratio:  412.86
      Required ratio:    0.00 (Cumulative side area) 

    Layer: Via3
      Partial area ratio:    0.10
      Required ratio:   20.00 (Gate area) 
      Cumulative area ratio:    0.41
      Required ratio:    0.00 (Cumulative area) 

    Layer: Metal4
      Partial area ratio:   17.42
      Required ratio:    0.00 (Gate area) 
      Cumulative area ratio:  123.92
      Required ratio:    0.00 (Cumulative area) 
      Partial area ratio:   67.24
      Required ratio:  400.00 (Side area) 
      Cumulative area ratio:  480.10
      Required ratio:    0.00 (Cumulative side area) 

    Layer: Via4
      Partial area ratio:    0.02
      Required ratio:    0.00 (Gate area) 
      Cumulative area ratio:    0.43
      Required ratio:    0.00 (Cumulative area) 

    Layer: Metal5
      Partial area ratio:    8.84
      Required ratio:    0.00 (Gate area) 
      Cumulative area ratio:  132.76
      Required ratio:    0.00 (Cumulative area) 
      Partial area ratio:   47.87
      Required ratio:  400.00 (Side area) 
      Cumulative area ratio:  527.98
      Required ratio:    0.00 (Cumulative side area) 


  Pin:   _10970_/A (gf180mcu_as_sc_mcu7t3v3__mux2_2)
    Layer: Metal1
      Partial area ratio:    0.01
      Required ratio:    0.00 (Gate area) 
      Cumulative area ratio:    0.01
      Required ratio:    0.00 (Cumulative area) 
      Partial area ratio:    0.88
      Required ratio:  400.00 (Side area) 
      Cumulative area ratio:    0.88
      Required ratio:    0.00 (Cumulative side area) 

    Layer: Via1
      Partial area ratio:    0.10
      Required ratio:   20.00 (Gate area) 
      Cumulative area ratio:    0.10
      Required ratio:    0.00 (Cumulative area) 

    Layer: Metal2
      Partial area ratio:    2.33
      Required ratio:    0.00 (Gate area) 
      Cumulative area ratio:    2.34
      Required ratio:    0.00 (Cumulative area) 
      Partial area ratio:    9.46
      Required ratio:  400.00 (Side area) 
      Cumulative area ratio:   10.33
      Required ratio:    0.00 (Cumulative side area) 

    Layer: Via2
      Partial area ratio:    0.20
      Required ratio:   20.00 (Gate area) 
      Cumulative area ratio:    0.30
      Required ratio:    0.00 (Cumulative area) 

    Layer: Metal3
      Partial area ratio:  104.97
      Required ratio:    0.00 (Gate area) 
      Cumulative area ratio:  107.31
      Required ratio:    0.00 (Cumulative area) 
      Partial area ratio:  405.65
      Required ratio:  400.00 (Side area) (VIOLATED)
      Cumulative area ratio:  415.98
      Required ratio:    0.00 (Cumulative side area) 

    Layer: Via3
      Partial area ratio:    0.10
      Required ratio:   20.00 (Gate area) 
      Cumulative area ratio:    0.41
      Required ratio:    0.00 (Cumulative area) 

    Layer: Metal4
      Partial area ratio:   17.42
      Required ratio:    0.00 (Gate area) 
      Cumulative area ratio:  124.73
      Required ratio:    0.00 (Cumulative area) 
      Partial area ratio:   67.24
      Required ratio:  400.00 (Side area) 
      Cumulative area ratio:  483.22
      Required ratio:    0.00 (Cumulative side area) 

    Layer: Via4
      Partial area ratio:    0.02
      Required ratio:    0.00 (Gate area) 
      Cumulative area ratio:    0.43
      Required ratio:    0.00 (Cumulative area) 

    Layer: Metal5
      Partial area ratio:    8.84
      Required ratio:    0.00 (Gate area) 
      Cumulative area ratio:  133.57
      Required ratio:    0.00 (Cumulative area) 
      Partial area ratio:   47.87
      Required ratio:  400.00 (Side area) 
      Cumulative area ratio:  531.09
      Required ratio:    0.00 (Cumulative side area) 


  Pin:   _10980_/A (gf180mcu_as_sc_mcu7t3v3__mux2_2)
    Layer: Metal1
      Partial area ratio:    0.01
      Required ratio:    0.00 (Gate area) 
      Cumulative area ratio:    0.01
      Required ratio:    0.00 (Cumulative area) 
      Partial area ratio:    0.88
      Required ratio:  400.00 (Side area) 
      Cumulative area ratio:    0.88
      Required ratio:    0.00 (Cumulative side area) 

    Layer: Via1
      Partial area ratio:    0.10
      Required ratio:   20.00 (Gate area) 
      Cumulative area ratio:    0.10
      Required ratio:    0.00 (Cumulative area) 

    Layer: Metal2
      Partial area ratio:    1.44
      Required ratio:    0.00 (Gate area) 
      Cumulative area ratio:    1.45
      Required ratio:    0.00 (Cumulative area) 
      Partial area ratio:    6.02
      Required ratio:  400.00 (Side area) 
      Cumulative area ratio:    6.90
      Required ratio:    0.00 (Cumulative side area) 

    Layer: Via2
      Partial area ratio:    0.20
      Required ratio:   20.00 (Gate area) 
      Cumulative area ratio:    0.30
      Required ratio:    0.00 (Cumulative area) 

    Layer: Metal3
      Partial area ratio:  104.97
      Required ratio:    0.00 (Gate area) 
      Cumulative area ratio:  106.42
      Required ratio:    0.00 (Cumulative area) 
      Partial area ratio:  405.65
      Required ratio:  400.00 (Side area) (VIOLATED)
      Cumulative area ratio:  412.54
      Required ratio:    0.00 (Cumulative side area) 

    Layer: Via3
      Partial area ratio:    0.10
      Required ratio:   20.00 (Gate area) 
      Cumulative area ratio:    0.41
      Required ratio:    0.00 (Cumulative area) 

    Layer: Metal4
      Partial area ratio:   17.42
      Required ratio:    0.00 (Gate area) 
      Cumulative area ratio:  123.84
      Required ratio:    0.00 (Cumulative area) 
      Partial area ratio:   67.24
      Required ratio:  400.00 (Side area) 
      Cumulative area ratio:  479.78
      Required ratio:    0.00 (Cumulative side area) 

    Layer: Via4
      Partial area ratio:    0.02
      Required ratio:    0.00 (Gate area) 
      Cumulative area ratio:    0.43
      Required ratio:    0.00 (Cumulative area) 

    Layer: Metal5
      Partial area ratio:    8.84
      Required ratio:    0.00 (Gate area) 
      Cumulative area ratio:  132.68
      Required ratio:    0.00 (Cumulative area) 
      Partial area ratio:   47.87
      Required ratio:  400.00 (Side area) 
      Cumulative area ratio:  527.66
      Required ratio:    0.00 (Cumulative side area) 



Net: net787
  Pin:   _10915_/A (gf180mcu_as_sc_mcu7t3v3__mux2_2)
    Layer: Metal1
      Partial area ratio:    0.01
      Required ratio:    0.00 (Gate area) 
      Cumulative area ratio:    0.01
      Required ratio:    0.00 (Cumulative area) 
      Partial area ratio:    0.88
      Required ratio:  400.00 (Side area) 
      Cumulative area ratio:    0.88
      Required ratio:    0.00 (Cumulative side area) 

    Layer: Via1
      Partial area ratio:    0.10
      Required ratio:   20.00 (Gate area) 
      Cumulative area ratio:    0.10
      Required ratio:    0.00 (Cumulative area) 

    Layer: Metal2
      Partial area ratio:    2.96
      Required ratio:    0.00 (Gate area) 
      Cumulative area ratio:    2.97
      Required ratio:    0.00 (Cumulative area) 
      Partial area ratio:   11.87
      Required ratio:  400.00 (Side area) 
      Cumulative area ratio:   12.75
      Required ratio:    0.00 (Cumulative side area) 

    Layer: Via2
      Partial area ratio:    0.20
      Required ratio:   20.00 (Gate area) 
      Cumulative area ratio:    0.30
      Required ratio:    0.00 (Cumulative area) 

    Layer: Metal3
      Partial area ratio:    0.32
      Required ratio:    0.00 (Gate area) 
      Cumulative area ratio:    3.29
      Required ratio:    0.00 (Cumulative area) 
      Partial area ratio:    2.14
      Required ratio:  400.00 (Side area) 
      Cumulative area ratio:   14.89
      Required ratio:    0.00 (Cumulative side area) 

    Layer: Via3
      Partial area ratio:    0.10
      Required ratio:   20.00 (Gate area) 
      Cumulative area ratio:    0.41
      Required ratio:    0.00 (Cumulative area) 

    Layer: Metal4
      Partial area ratio:    0.16
      Required ratio:    0.00 (Gate area) 
      Cumulative area ratio:    3.45
      Required ratio:    0.00 (Cumulative area) 
      Partial area ratio:    1.07
      Required ratio:  400.00 (Side area) 
      Cumulative area ratio:   15.96
      Required ratio:    0.00 (Cumulative side area) 

    Layer: Via4
      Partial area ratio:    0.10
      Required ratio:   20.00 (Gate area) 
      Cumulative area ratio:    0.51
      Required ratio:    0.00 (Cumulative area) 

    Layer: Metal5
      Partial area ratio:   23.28
      Required ratio:    0.00 (Gate area) 
      Cumulative area ratio:   26.73
      Required ratio:    0.00 (Cumulative area) 
      Partial area ratio:  126.14
      Required ratio:  400.00 (Side area) 
      Cumulative area ratio:  142.10
      Required ratio:    0.00 (Cumulative side area) 


  Pin:   _10926_/A (gf180mcu_as_sc_mcu7t3v3__mux2_2)
    Layer: Metal1
      Partial area ratio:    0.01
      Required ratio:    0.00 (Gate area) 
      Cumulative area ratio:    0.01
      Required ratio:    0.00 (Cumulative area) 
      Partial area ratio:    0.88
      Required ratio:  400.00 (Side area) 
      Cumulative area ratio:    0.88
      Required ratio:    0.00 (Cumulative side area) 

    Layer: Via1
      Partial area ratio:    0.10
      Required ratio:   20.00 (Gate area) 
      Cumulative area ratio:    0.10
      Required ratio:    0.00 (Cumulative area) 

    Layer: Metal2
      Partial area ratio:    6.25
      Required ratio:    0.00 (Gate area) 
      Cumulative area ratio:    6.26
      Required ratio:    0.00 (Cumulative area) 
      Partial area ratio:   24.58
      Required ratio:  400.00 (Side area) 
      Cumulative area ratio:   25.45
      Required ratio:    0.00 (Cumulative side area) 

    Layer: Via2
      Partial area ratio:    0.20
      Required ratio:   20.00 (Gate area) 
      Cumulative area ratio:    0.30
      Required ratio:    0.00 (Cumulative area) 

    Layer: Metal3
      Partial area ratio:    0.32
      Required ratio:    0.00 (Gate area) 
      Cumulative area ratio:    6.58
      Required ratio:    0.00 (Cumulative area) 
      Partial area ratio:    2.14
      Required ratio:  400.00 (Side area) 
      Cumulative area ratio:   27.59
      Required ratio:    0.00 (Cumulative side area) 

    Layer: Via3
      Partial area ratio:    0.10
      Required ratio:   20.00 (Gate area) 
      Cumulative area ratio:    0.41
      Required ratio:    0.00 (Cumulative area) 

    Layer: Metal4
      Partial area ratio:  159.07
      Required ratio:    0.00 (Gate area) 
      Cumulative area ratio:  165.65
      Required ratio:    0.00 (Cumulative area) 
      Partial area ratio:  614.00
      Required ratio:  400.00 (Side area) (VIOLATED)
      Cumulative area ratio:  641.59
      Required ratio:    0.00 (Cumulative side area) 

    Layer: Via4
      Partial area ratio:    0.30
      Required ratio:   20.00 (Gate area) 
      Cumulative area ratio:    0.71
      Required ratio:    0.00 (Cumulative area) 

    Layer: Metal5
      Partial area ratio:   23.28
      Required ratio:    0.00 (Gate area) 
      Cumulative area ratio:  188.93
      Required ratio:    0.00 (Cumulative area) 
      Partial area ratio:  126.14
      Required ratio:  400.00 (Side area) 
      Cumulative area ratio:  767.73
      Required ratio:    0.00 (Cumulative side area) 


  Pin:   _10936_/A (gf180mcu_as_sc_mcu7t3v3__mux2_2)
    Layer: Metal1
      Partial area ratio:    0.01
      Required ratio:    0.00 (Gate area) 
      Cumulative area ratio:    0.01
      Required ratio:    0.00 (Cumulative area) 
      Partial area ratio:    0.88
      Required ratio:  400.00 (Side area) 
      Cumulative area ratio:    0.88
      Required ratio:    0.00 (Cumulative side area) 

    Layer: Via1
      Partial area ratio:    0.10
      Required ratio:   20.00 (Gate area) 
      Cumulative area ratio:    0.10
      Required ratio:    0.00 (Cumulative area) 

    Layer: Metal2
      Partial area ratio:    1.83
      Required ratio:    0.00 (Gate area) 
      Cumulative area ratio:    1.84
      Required ratio:    0.00 (Cumulative area) 
      Partial area ratio:    7.53
      Required ratio:  400.00 (Side area) 
      Cumulative area ratio:    8.40
      Required ratio:    0.00 (Cumulative side area) 

    Layer: Via2
      Partial area ratio:    0.20
      Required ratio:   20.00 (Gate area) 
      Cumulative area ratio:    0.30
      Required ratio:    0.00 (Cumulative area) 

    Layer: Metal3
      Partial area ratio:    0.32
      Required ratio:    0.00 (Gate area) 
      Cumulative area ratio:    2.16
      Required ratio:    0.00 (Cumulative area) 
      Partial area ratio:    2.14
      Required ratio:  400.00 (Side area) 
      Cumulative area ratio:   10.54
      Required ratio:    0.00 (Cumulative side area) 

    Layer: Via3
      Partial area ratio:    0.10
      Required ratio:   20.00 (Gate area) 
      Cumulative area ratio:    0.41
      Required ratio:    0.00 (Cumulative area) 

    Layer: Metal4
      Partial area ratio:  162.55
      Required ratio:    0.00 (Gate area) 
      Cumulative area ratio:  164.72
      Required ratio:    0.00 (Cumulative area) 
      Partial area ratio:  627.45
      Required ratio:  400.00 (Side area) (VIOLATED)
      Cumulative area ratio:  637.99
      Required ratio:    0.00 (Cumulative side area) 

    Layer: Via4
      Partial area ratio:    0.10
      Required ratio:   20.00 (Gate area) 
      Cumulative area ratio:    0.51
      Required ratio:    0.00 (Cumulative area) 

    Layer: Metal5
      Partial area ratio:   23.28
      Required ratio:    0.00 (Gate area) 
      Cumulative area ratio:  188.00
      Required ratio:    0.00 (Cumulative area) 
      Partial area ratio:  126.14
      Required ratio:  400.00 (Side area) 
      Cumulative area ratio:  764.14
      Required ratio:    0.00 (Cumulative side area) 


  Pin:   _10945_/B (gf180mcu_as_sc_mcu7t3v3__mux2_2)
    Layer: Metal1
      Partial area ratio:    0.02
      Required ratio:    0.00 (Gate area) 
      Cumulative area ratio:    0.02
      Required ratio:    0.00 (Cumulative area) 
      Partial area ratio:    0.92
      Required ratio:  400.00 (Side area) 
      Cumulative area ratio:    0.92
      Required ratio:    0.00 (Cumulative side area) 

    Layer: Via1
      Partial area ratio:    0.10
      Required ratio:   20.00 (Gate area) 
      Cumulative area ratio:    0.10
      Required ratio:    0.00 (Cumulative area) 

    Layer: Metal2
      Partial area ratio:    1.32
      Required ratio:    0.00 (Gate area) 
      Cumulative area ratio:    1.34
      Required ratio:    0.00 (Cumulative area) 
      Partial area ratio:    5.55
      Required ratio:  400.00 (Side area) 
      Cumulative area ratio:    6.46
      Required ratio:    0.00 (Cumulative side area) 

    Layer: Via2
      Partial area ratio:    0.20
      Required ratio:   20.00 (Gate area) 
      Cumulative area ratio:    0.30
      Required ratio:    0.00 (Cumulative area) 

    Layer: Metal3
      Partial area ratio:    0.32
      Required ratio:    0.00 (Gate area) 
      Cumulative area ratio:    1.66
      Required ratio:    0.00 (Cumulative area) 
      Partial area ratio:    2.14
      Required ratio:  400.00 (Side area) 
      Cumulative area ratio:    8.60
      Required ratio:    0.00 (Cumulative side area) 

    Layer: Via3
      Partial area ratio:    0.10
      Required ratio:   20.00 (Gate area) 
      Cumulative area ratio:    0.41
      Required ratio:    0.00 (Cumulative area) 

    Layer: Metal4
      Partial area ratio:    0.16
      Required ratio:    0.00 (Gate area) 
      Cumulative area ratio:    1.82
      Required ratio:    0.00 (Cumulative area) 
      Partial area ratio:    1.07
      Required ratio:  400.00 (Side area) 
      Cumulative area ratio:    9.67
      Required ratio:    0.00 (Cumulative side area) 

    Layer: Via4
      Partial area ratio:    0.10
      Required ratio:   20.00 (Gate area) 
      Cumulative area ratio:    0.51
      Required ratio:    0.00 (Cumulative area) 

    Layer: Metal5
      Partial area ratio:   23.28
      Required ratio:    0.00 (Gate area) 
      Cumulative area ratio:   25.10
      Required ratio:    0.00 (Cumulative area) 
      Partial area ratio:  126.14
      Required ratio:  400.00 (Side area) 
      Cumulative area ratio:  135.81
      Required ratio:    0.00 (Cumulative side area) 


  Pin:   _10968_/A (gf180mcu_as_sc_mcu7t3v3__mux2_2)
    Layer: Metal1
      Partial area ratio:    0.01
      Required ratio:    0.00 (Gate area) 
      Cumulative area ratio:    0.01
      Required ratio:    0.00 (Cumulative area) 
      Partial area ratio:    0.88
      Required ratio:  400.00 (Side area) 
      Cumulative area ratio:    0.88
      Required ratio:    0.00 (Cumulative side area) 

    Layer: Via1
      Partial area ratio:    0.10
      Required ratio:   20.00 (Gate area) 
      Cumulative area ratio:    0.10
      Required ratio:    0.00 (Cumulative area) 

    Layer: Metal2
      Partial area ratio:    2.10
      Required ratio:    0.00 (Gate area) 
      Cumulative area ratio:    2.11
      Required ratio:    0.00 (Cumulative area) 
      Partial area ratio:    8.55
      Required ratio:  400.00 (Side area) 
      Cumulative area ratio:    9.42
      Required ratio:    0.00 (Cumulative side area) 

    Layer: Via2
      Partial area ratio:    0.20
      Required ratio:   20.00 (Gate area) 
      Cumulative area ratio:    0.30
      Required ratio:    0.00 (Cumulative area) 

    Layer: Metal3
      Partial area ratio:    0.32
      Required ratio:    0.00 (Gate area) 
      Cumulative area ratio:    2.43
      Required ratio:    0.00 (Cumulative area) 
      Partial area ratio:    2.14
      Required ratio:  400.00 (Side area) 
      Cumulative area ratio:   11.56
      Required ratio:    0.00 (Cumulative side area) 

    Layer: Via3
      Partial area ratio:    0.10
      Required ratio:   20.00 (Gate area) 
      Cumulative area ratio:    0.41
      Required ratio:    0.00 (Cumulative area) 

    Layer: Metal4
      Partial area ratio:    0.16
      Required ratio:    0.00 (Gate area) 
      Cumulative area ratio:    2.59
      Required ratio:    0.00 (Cumulative area) 
      Partial area ratio:    1.07
      Required ratio:  400.00 (Side area) 
      Cumulative area ratio:   12.63
      Required ratio:    0.00 (Cumulative side area) 

    Layer: Via4
      Partial area ratio:    0.10
      Required ratio:   20.00 (Gate area) 
      Cumulative area ratio:    0.51
      Required ratio:    0.00 (Cumulative area) 

    Layer: Metal5
      Partial area ratio:   23.28
      Required ratio:    0.00 (Gate area) 
      Cumulative area ratio:   25.87
      Required ratio:    0.00 (Cumulative area) 
      Partial area ratio:  126.14
      Required ratio:  400.00 (Side area) 
      Cumulative area ratio:  138.78
      Required ratio:    0.00 (Cumulative side area) 



Net: net838
  Pin:   _21485_/RN (gf180mcu_as_sc_mcu7t3v3__dfsrtp_2)
    Layer: Metal1
      Partial area ratio:    0.03
      Required ratio:    0.00 (Gate area) 
      Cumulative area ratio:    0.03
      Required ratio:    0.00 (Cumulative area) 
      Partial area ratio:    0.54
      Required ratio:  400.00 (Side area) 
      Cumulative area ratio:    0.54
      Required ratio:    0.00 (Cumulative side area) 

    Layer: Via1
      Partial area ratio:    0.05
      Required ratio:   20.00 (Gate area) 
      Cumulative area ratio:    0.05
      Required ratio:    0.00 (Cumulative area) 

    Layer: Metal2
      Partial area ratio:    1.58
      Required ratio:    0.00 (Gate area) 
      Cumulative area ratio:    1.61
      Required ratio:    0.00 (Cumulative area) 
      Partial area ratio:    6.22
      Required ratio:  400.00 (Side area) 
      Cumulative area ratio:    6.77
      Required ratio:    0.00 (Cumulative side area) 

    Layer: Via2
      Partial area ratio:    0.10
      Required ratio:   20.00 (Gate area) 
      Cumulative area ratio:    0.15
      Required ratio:    0.00 (Cumulative area) 

    Layer: Metal3
      Partial area ratio:    0.16
      Required ratio:    0.00 (Gate area) 
      Cumulative area ratio:    1.77
      Required ratio:    0.00 (Cumulative area) 
      Partial area ratio:    1.07
      Required ratio:  400.00 (Side area) 
      Cumulative area ratio:    7.84
      Required ratio:    0.00 (Cumulative side area) 

    Layer: Via3
      Partial area ratio:    0.05
      Required ratio:   20.00 (Gate area) 
      Cumulative area ratio:    0.20
      Required ratio:    0.00 (Cumulative area) 

    Layer: Metal4
      Partial area ratio:    0.93
      Required ratio:    0.00 (Gate area) 
      Cumulative area ratio:    2.71
      Required ratio:    0.00 (Cumulative area) 
      Partial area ratio:    3.71
      Required ratio:  400.00 (Side area) 
      Cumulative area ratio:   11.55
      Required ratio:    0.00 (Cumulative side area) 

    Layer: Via4
      Partial area ratio:    0.03
      Required ratio:   20.00 (Gate area) 
      Cumulative area ratio:    0.23
      Required ratio:    0.00 (Cumulative area) 

    Layer: Metal5
      Partial area ratio:   17.63
      Required ratio:    0.00 (Gate area) 
      Cumulative area ratio:   20.33
      Required ratio:    0.00 (Cumulative area) 
      Partial area ratio:   95.49
      Required ratio:  400.00 (Side area) 
      Cumulative area ratio:  107.04
      Required ratio:    0.00 (Cumulative side area) 


  Pin:   _21487_/RN (gf180mcu_as_sc_mcu7t3v3__dfsrtp_2)
    Layer: Metal1
      Partial area ratio:    0.03
      Required ratio:    0.00 (Gate area) 
      Cumulative area ratio:    0.03
      Required ratio:    0.00 (Cumulative area) 
      Partial area ratio:    0.54
      Required ratio:  400.00 (Side area) 
      Cumulative area ratio:    0.54
      Required ratio:    0.00 (Cumulative side area) 

    Layer: Via1
      Partial area ratio:    0.05
      Required ratio:   20.00 (Gate area) 
      Cumulative area ratio:    0.05
      Required ratio:    0.00 (Cumulative area) 

    Layer: Metal2
      Partial area ratio:    1.58
      Required ratio:    0.00 (Gate area) 
      Cumulative area ratio:    1.61
      Required ratio:    0.00 (Cumulative area) 
      Partial area ratio:    6.22
      Required ratio:  400.00 (Side area) 
      Cumulative area ratio:    6.77
      Required ratio:    0.00 (Cumulative side area) 

    Layer: Via2
      Partial area ratio:    0.10
      Required ratio:   20.00 (Gate area) 
      Cumulative area ratio:    0.15
      Required ratio:    0.00 (Cumulative area) 

    Layer: Metal3
      Partial area ratio:    0.16
      Required ratio:    0.00 (Gate area) 
      Cumulative area ratio:    1.77
      Required ratio:    0.00 (Cumulative area) 
      Partial area ratio:    1.07
      Required ratio:  400.00 (Side area) 
      Cumulative area ratio:    7.84
      Required ratio:    0.00 (Cumulative side area) 

    Layer: Via3
      Partial area ratio:    0.05
      Required ratio:   20.00 (Gate area) 
      Cumulative area ratio:    0.20
      Required ratio:    0.00 (Cumulative area) 

    Layer: Metal4
      Partial area ratio:    0.93
      Required ratio:    0.00 (Gate area) 
      Cumulative area ratio:    2.71
      Required ratio:    0.00 (Cumulative area) 
      Partial area ratio:    3.71
      Required ratio:  400.00 (Side area) 
      Cumulative area ratio:   11.55
      Required ratio:    0.00 (Cumulative side area) 

    Layer: Via4
      Partial area ratio:    0.03
      Required ratio:   20.00 (Gate area) 
      Cumulative area ratio:    0.23
      Required ratio:    0.00 (Cumulative area) 

    Layer: Metal5
      Partial area ratio:   17.63
      Required ratio:    0.00 (Gate area) 
      Cumulative area ratio:   20.33
      Required ratio:    0.00 (Cumulative area) 
      Partial area ratio:   95.49
      Required ratio:  400.00 (Side area) 
      Cumulative area ratio:  107.04
      Required ratio:    0.00 (Cumulative side area) 


  Pin:   fanout821/A (gf180mcu_as_sc_mcu7t3v3__buff_2)
    Layer: Via1
      Partial area ratio:    0.10
      Required ratio:   20.00 (Gate area) 
      Cumulative area ratio:    0.10
      Required ratio:    0.00 (Cumulative area) 

    Layer: Metal2
      Partial area ratio:    1.53
      Required ratio:    0.00 (Gate area) 
      Cumulative area ratio:    1.53
      Required ratio:    0.00 (Cumulative area) 
      Partial area ratio:    6.34
      Required ratio:  400.00 (Side area) 
      Cumulative area ratio:    6.34
      Required ratio:    0.00 (Cumulative side area) 

    Layer: Via2
      Partial area ratio:    0.20
      Required ratio:   20.00 (Gate area) 
      Cumulative area ratio:    0.30
      Required ratio:    0.00 (Cumulative area) 

    Layer: Metal3
      Partial area ratio:    0.32
      Required ratio:    0.00 (Gate area) 
      Cumulative area ratio:    1.85
      Required ratio:    0.00 (Cumulative area) 
      Partial area ratio:    2.14
      Required ratio:  400.00 (Side area) 
      Cumulative area ratio:    8.48
      Required ratio:    0.00 (Cumulative side area) 

    Layer: Via3
      Partial area ratio:    0.10
      Required ratio:   20.00 (Gate area) 
      Cumulative area ratio:    0.41
      Required ratio:    0.00 (Cumulative area) 

    Layer: Metal4
      Partial area ratio:   22.67
      Required ratio:    0.00 (Gate area) 
      Cumulative area ratio:   24.52
      Required ratio:    0.00 (Cumulative area) 
      Partial area ratio:   87.58
      Required ratio:  400.00 (Side area) 
      Cumulative area ratio:   96.06
      Required ratio:    0.00 (Cumulative side area) 

    Layer: Via4
      Partial area ratio:    0.03
      Required ratio:    0.00 (Gate area) 
      Cumulative area ratio:    0.44
      Required ratio:    0.00 (Cumulative area) 

    Layer: Metal5
      Partial area ratio:   17.63
      Required ratio:    0.00 (Gate area) 
      Cumulative area ratio:   42.14
      Required ratio:    0.00 (Cumulative area) 
      Partial area ratio:   95.49
      Required ratio:  400.00 (Side area) 
      Cumulative area ratio:  191.55
      Required ratio:    0.00 (Cumulative side area) 


  Pin:   fanout830/A (gf180mcu_as_sc_mcu7t3v3__buff_2)
    Layer: Via1
      Partial area ratio:    0.10
      Required ratio:   20.00 (Gate area) 
      Cumulative area ratio:    0.10
      Required ratio:    0.00 (Cumulative area) 

    Layer: Metal2
      Partial area ratio:    2.88
      Required ratio:    0.00 (Gate area) 
      Cumulative area ratio:    2.88
      Required ratio:    0.00 (Cumulative area) 
      Partial area ratio:   11.55
      Required ratio:  400.00 (Side area) 
      Cumulative area ratio:   11.55
      Required ratio:    0.00 (Cumulative side area) 

    Layer: Via2
      Partial area ratio:    0.20
      Required ratio:   20.00 (Gate area) 
      Cumulative area ratio:    0.30
      Required ratio:    0.00 (Cumulative area) 

    Layer: Metal3
      Partial area ratio:  116.95
      Required ratio:    0.00 (Gate area) 
      Cumulative area ratio:  119.83
      Required ratio:    0.00 (Cumulative area) 
      Partial area ratio:  452.45
      Required ratio:  400.00 (Side area) (VIOLATED)
      Cumulative area ratio:  464.00
      Required ratio:    0.00 (Cumulative side area) 

    Layer: Via3
      Partial area ratio:    0.10
      Required ratio:   20.00 (Gate area) 
      Cumulative area ratio:    0.41
      Required ratio:    0.00 (Cumulative area) 

    Layer: Metal4
      Partial area ratio:   22.67
      Required ratio:    0.00 (Gate area) 
      Cumulative area ratio:  142.50
      Required ratio:    0.00 (Cumulative area) 
      Partial area ratio:   87.58
      Required ratio:  400.00 (Side area) 
      Cumulative area ratio:  551.58
      Required ratio:    0.00 (Cumulative side area) 

    Layer: Via4
      Partial area ratio:    0.03
      Required ratio:    0.00 (Gate area) 
      Cumulative area ratio:    0.44
      Required ratio:    0.00 (Cumulative area) 

    Layer: Metal5
      Partial area ratio:   17.63
      Required ratio:    0.00 (Gate area) 
      Cumulative area ratio:  160.12
      Required ratio:    0.00 (Cumulative area) 
      Partial area ratio:   95.49
      Required ratio:  400.00 (Side area) 
      Cumulative area ratio:  647.07
      Required ratio:    0.00 (Cumulative side area) 


  Pin:   fanout837/A (gf180mcu_as_sc_mcu7t3v3__buff_2)
    Layer: Via1
      Partial area ratio:    0.10
      Required ratio:   20.00 (Gate area) 
      Cumulative area ratio:    0.10
      Required ratio:    0.00 (Cumulative area) 

    Layer: Metal2
      Partial area ratio:    0.88
      Required ratio:    0.00 (Gate area) 
      Cumulative area ratio:    0.88
      Required ratio:    0.00 (Cumulative area) 
      Partial area ratio:    3.48
      Required ratio:  400.00 (Side area) 
      Cumulative area ratio:    3.48
      Required ratio:    0.00 (Cumulative side area) 

    Layer: Via2
      Partial area ratio:    0.30
      Required ratio:    0.00 (Gate area) 
      Cumulative area ratio:    0.41
      Required ratio:    0.00 (Cumulative area) 

    Layer: Metal3
      Partial area ratio:    1.63
      Required ratio:    0.00 (Gate area) 
      Cumulative area ratio:    2.51
      Required ratio:    0.00 (Cumulative area) 
      Partial area ratio:    6.68
      Required ratio:  400.00 (Side area) 
      Cumulative area ratio:   10.17
      Required ratio:    0.00 (Cumulative side area) 

    Layer: Via3
      Partial area ratio:    0.20
      Required ratio:    0.00 (Gate area) 
      Cumulative area ratio:    0.61
      Required ratio:    0.00 (Cumulative area) 

    Layer: Metal4
      Partial area ratio:   22.67
      Required ratio:    0.00 (Gate area) 
      Cumulative area ratio:   25.18
      Required ratio:    0.00 (Cumulative area) 
      Partial area ratio:   87.58
      Required ratio:  400.00 (Side area) 
      Cumulative area ratio:   97.74
      Required ratio:    0.00 (Cumulative side area) 

    Layer: Via4
      Partial area ratio:    0.03
      Required ratio:    0.00 (Gate area) 
      Cumulative area ratio:    0.64
      Required ratio:    0.00 (Cumulative area) 

    Layer: Metal5
      Partial area ratio:   17.63
      Required ratio:    0.00 (Gate area) 
      Cumulative area ratio:   42.81
      Required ratio:    0.00 (Cumulative area) 
      Partial area ratio:   95.49
      Required ratio:  400.00 (Side area) 
      Cumulative area ratio:  193.23
      Required ratio:    0.00 (Cumulative side area) 



Net: net910
  Pin:   _10920_/B (gf180mcu_as_sc_mcu7t3v3__mux2_2)
    Layer: Metal1
      Partial area ratio:    0.02
      Required ratio:    0.00 (Gate area) 
      Cumulative area ratio:    0.02
      Required ratio:    0.00 (Cumulative area) 
      Partial area ratio:    0.92
      Required ratio:  400.00 (Side area) 
      Cumulative area ratio:    0.92
      Required ratio:    0.00 (Cumulative side area) 

    Layer: Via1
      Partial area ratio:    0.10
      Required ratio:   20.00 (Gate area) 
      Cumulative area ratio:    0.10
      Required ratio:    0.00 (Cumulative area) 

    Layer: Metal2
      Partial area ratio:    3.55
      Required ratio:    0.00 (Gate area) 
      Cumulative area ratio:    3.57
      Required ratio:    0.00 (Cumulative area) 
      Partial area ratio:   14.16
      Required ratio:  400.00 (Side area) 
      Cumulative area ratio:   15.08
      Required ratio:    0.00 (Cumulative side area) 

    Layer: Via2
      Partial area ratio:    0.20
      Required ratio:   20.00 (Gate area) 
      Cumulative area ratio:    0.30
      Required ratio:    0.00 (Cumulative area) 

    Layer: Metal3
      Partial area ratio:    0.32
      Required ratio:    0.00 (Gate area) 
      Cumulative area ratio:    3.89
      Required ratio:    0.00 (Cumulative area) 
      Partial area ratio:    2.14
      Required ratio:  400.00 (Side area) 
      Cumulative area ratio:   17.22
      Required ratio:    0.00 (Cumulative side area) 

    Layer: Via3
      Partial area ratio:    0.10
      Required ratio:   20.00 (Gate area) 
      Cumulative area ratio:    0.41
      Required ratio:    0.00 (Cumulative area) 

    Layer: Metal4
      Partial area ratio:  103.66
      Required ratio:    0.00 (Gate area) 
      Cumulative area ratio:  107.55
      Required ratio:    0.00 (Cumulative area) 
      Partial area ratio:  400.15
      Required ratio:  400.00 (Side area) (VIOLATED)
      Cumulative area ratio:  417.36
      Required ratio:    0.00 (Cumulative side area) 

    Layer: Via4
      Partial area ratio:    0.03
      Required ratio:   20.00 (Gate area) 
      Cumulative area ratio:    0.44
      Required ratio:    0.00 (Cumulative area) 

    Layer: Metal5
      Partial area ratio:   13.29
      Required ratio:    0.00 (Gate area) 
      Cumulative area ratio:  120.84
      Required ratio:    0.00 (Cumulative area) 
      Partial area ratio:   71.96
      Required ratio:  400.00 (Side area) 
      Cumulative area ratio:  489.32
      Required ratio:    0.00 (Cumulative side area) 


  Pin:   _10981_/B (gf180mcu_as_sc_mcu7t3v3__mux2_2)
    Layer: Metal1
      Partial area ratio:    0.02
      Required ratio:    0.00 (Gate area) 
      Cumulative area ratio:    0.02
      Required ratio:    0.00 (Cumulative area) 
      Partial area ratio:    0.92
      Required ratio:  400.00 (Side area) 
      Cumulative area ratio:    0.92
      Required ratio:    0.00 (Cumulative side area) 

    Layer: Via1
      Partial area ratio:    0.10
      Required ratio:   20.00 (Gate area) 
      Cumulative area ratio:    0.10
      Required ratio:    0.00 (Cumulative area) 

    Layer: Metal2
      Partial area ratio:    8.62
      Required ratio:    0.00 (Gate area) 
      Cumulative area ratio:    8.63
      Required ratio:    0.00 (Cumulative area) 
      Partial area ratio:   33.69
      Required ratio:  400.00 (Side area) 
      Cumulative area ratio:   34.60
      Required ratio:    0.00 (Cumulative side area) 

    Layer: Via2
      Partial area ratio:    0.30
      Required ratio:   20.00 (Gate area) 
      Cumulative area ratio:    0.41
      Required ratio:    0.00 (Cumulative area) 

    Layer: Metal3
      Partial area ratio:    7.54
      Required ratio:    0.00 (Gate area) 
      Cumulative area ratio:   16.17
      Required ratio:    0.00 (Cumulative area) 
      Partial area ratio:   30.44
      Required ratio:  400.00 (Side area) 
      Cumulative area ratio:   65.04
      Required ratio:    0.00 (Cumulative side area) 

    Layer: Via3
      Partial area ratio:    0.20
      Required ratio:   20.00 (Gate area) 
      Cumulative area ratio:    0.61
      Required ratio:    0.00 (Cumulative area) 

    Layer: Metal4
      Partial area ratio:  103.66
      Required ratio:    0.00 (Gate area) 
      Cumulative area ratio:  119.84
      Required ratio:    0.00 (Cumulative area) 
      Partial area ratio:  400.15
      Required ratio:  400.00 (Side area) (VIOLATED)
      Cumulative area ratio:  465.19
      Required ratio:    0.00 (Cumulative side area) 

    Layer: Via4
      Partial area ratio:    0.03
      Required ratio:   20.00 (Gate area) 
      Cumulative area ratio:    0.64
      Required ratio:    0.00 (Cumulative area) 

    Layer: Metal5
      Partial area ratio:   13.29
      Required ratio:    0.00 (Gate area) 
      Cumulative area ratio:  133.12
      Required ratio:    0.00 (Cumulative area) 
      Partial area ratio:   71.96
      Required ratio:  400.00 (Side area) 
      Cumulative area ratio:  537.15
      Required ratio:    0.00 (Cumulative side area) 


  Pin:   _10990_/A (gf180mcu_as_sc_mcu7t3v3__mux2_2)
    Layer: Metal1
      Partial area ratio:    0.01
      Required ratio:    0.00 (Gate area) 
      Cumulative area ratio:    0.01
      Required ratio:    0.00 (Cumulative area) 
      Partial area ratio:    0.88
      Required ratio:  400.00 (Side area) 
      Cumulative area ratio:    0.88
      Required ratio:    0.00 (Cumulative side area) 

    Layer: Via1
      Partial area ratio:    0.10
      Required ratio:   20.00 (Gate area) 
      Cumulative area ratio:    0.10
      Required ratio:    0.00 (Cumulative area) 

    Layer: Metal2
      Partial area ratio:    2.86
      Required ratio:    0.00 (Gate area) 
      Cumulative area ratio:    2.86
      Required ratio:    0.00 (Cumulative area) 
      Partial area ratio:   11.47
      Required ratio:  400.00 (Side area) 
      Cumulative area ratio:   12.34
      Required ratio:    0.00 (Cumulative side area) 

    Layer: Via2
      Partial area ratio:    0.20
      Required ratio:   20.00 (Gate area) 
      Cumulative area ratio:    0.30
      Required ratio:    0.00 (Cumulative area) 

    Layer: Metal3
      Partial area ratio:    0.32
      Required ratio:    0.00 (Gate area) 
      Cumulative area ratio:    3.18
      Required ratio:    0.00 (Cumulative area) 
      Partial area ratio:    2.14
      Required ratio:  400.00 (Side area) 
      Cumulative area ratio:   14.48
      Required ratio:    0.00 (Cumulative side area) 

    Layer: Via3
      Partial area ratio:    0.10
      Required ratio:   20.00 (Gate area) 
      Cumulative area ratio:    0.41
      Required ratio:    0.00 (Cumulative area) 

    Layer: Metal4
      Partial area ratio:  103.66
      Required ratio:    0.00 (Gate area) 
      Cumulative area ratio:  106.85
      Required ratio:    0.00 (Cumulative area) 
      Partial area ratio:  400.15
      Required ratio:  400.00 (Side area) (VIOLATED)
      Cumulative area ratio:  414.63
      Required ratio:    0.00 (Cumulative side area) 

    Layer: Via4
      Partial area ratio:    0.03
      Required ratio:   20.00 (Gate area) 
      Cumulative area ratio:    0.44
      Required ratio:    0.00 (Cumulative area) 

    Layer: Metal5
      Partial area ratio:   13.29
      Required ratio:    0.00 (Gate area) 
      Cumulative area ratio:  120.13
      Required ratio:    0.00 (Cumulative area) 
      Partial area ratio:   71.96
      Required ratio:  400.00 (Side area) 
      Cumulative area ratio:  486.59
      Required ratio:    0.00 (Cumulative side area) 



Net: net912
  Pin:   _10919_/B (gf180mcu_as_sc_mcu7t3v3__mux2_2)
    Layer: Metal1
      Partial area ratio:    0.02
      Required ratio:    0.00 (Gate area) 
      Cumulative area ratio:    0.02
      Required ratio:    0.00 (Cumulative area) 
      Partial area ratio:    0.92
      Required ratio:  400.00 (Side area) 
      Cumulative area ratio:    0.92
      Required ratio:    0.00 (Cumulative side area) 

    Layer: Via1
      Partial area ratio:    0.10
      Required ratio:   20.00 (Gate area) 
      Cumulative area ratio:    0.10
      Required ratio:    0.00 (Cumulative area) 

    Layer: Metal2
      Partial area ratio:    2.89
      Required ratio:    0.00 (Gate area) 
      Cumulative area ratio:    2.91
      Required ratio:    0.00 (Cumulative area) 
      Partial area ratio:   11.59
      Required ratio:  400.00 (Side area) 
      Cumulative area ratio:   12.51
      Required ratio:    0.00 (Cumulative side area) 

    Layer: Via2
      Partial area ratio:    0.20
      Required ratio:   20.00 (Gate area) 
      Cumulative area ratio:    0.30
      Required ratio:    0.00 (Cumulative area) 

    Layer: Metal3
      Partial area ratio:    0.32
      Required ratio:    0.00 (Gate area) 
      Cumulative area ratio:    3.22
      Required ratio:    0.00 (Cumulative area) 
      Partial area ratio:    2.14
      Required ratio:  400.00 (Side area) 
      Cumulative area ratio:   14.65
      Required ratio:    0.00 (Cumulative side area) 

    Layer: Via3
      Partial area ratio:    0.10
      Required ratio:   20.00 (Gate area) 
      Cumulative area ratio:    0.41
      Required ratio:    0.00 (Cumulative area) 

    Layer: Metal4
      Partial area ratio:  103.66
      Required ratio:    0.00 (Gate area) 
      Cumulative area ratio:  106.89
      Required ratio:    0.00 (Cumulative area) 
      Partial area ratio:  400.15
      Required ratio:  400.00 (Side area) (VIOLATED)
      Cumulative area ratio:  414.80
      Required ratio:    0.00 (Cumulative side area) 

    Layer: Via4
      Partial area ratio:    0.03
      Required ratio:   20.00 (Gate area) 
      Cumulative area ratio:    0.44
      Required ratio:    0.00 (Cumulative area) 

    Layer: Metal5
      Partial area ratio:   13.29
      Required ratio:    0.00 (Gate area) 
      Cumulative area ratio:  120.18
      Required ratio:    0.00 (Cumulative area) 
      Partial area ratio:   71.96
      Required ratio:  400.00 (Side area) 
      Cumulative area ratio:  486.75
      Required ratio:    0.00 (Cumulative side area) 


  Pin:   _10980_/B (gf180mcu_as_sc_mcu7t3v3__mux2_2)
    Layer: Metal1
      Partial area ratio:    0.02
      Required ratio:    0.00 (Gate area) 
      Cumulative area ratio:    0.02
      Required ratio:    0.00 (Cumulative area) 
      Partial area ratio:    0.92
      Required ratio:  400.00 (Side area) 
      Cumulative area ratio:    0.92
      Required ratio:    0.00 (Cumulative side area) 

    Layer: Via1
      Partial area ratio:    0.10
      Required ratio:   20.00 (Gate area) 
      Cumulative area ratio:    0.10
      Required ratio:    0.00 (Cumulative area) 

    Layer: Metal2
      Partial area ratio:   13.13
      Required ratio:    0.00 (Gate area) 
      Cumulative area ratio:   13.14
      Required ratio:    0.00 (Cumulative area) 
      Partial area ratio:   51.09
      Required ratio:  400.00 (Side area) 
      Cumulative area ratio:   52.00
      Required ratio:    0.00 (Cumulative side area) 

    Layer: Via2
      Partial area ratio:    0.30
      Required ratio:   20.00 (Gate area) 
      Cumulative area ratio:    0.41
      Required ratio:    0.00 (Cumulative area) 

    Layer: Metal3
      Partial area ratio:    7.54
      Required ratio:    0.00 (Gate area) 
      Cumulative area ratio:   20.68
      Required ratio:    0.00 (Cumulative area) 
      Partial area ratio:   30.44
      Required ratio:  400.00 (Side area) 
      Cumulative area ratio:   82.44
      Required ratio:    0.00 (Cumulative side area) 

    Layer: Via3
      Partial area ratio:    0.20
      Required ratio:   20.00 (Gate area) 
      Cumulative area ratio:    0.61
      Required ratio:    0.00 (Cumulative area) 

    Layer: Metal4
      Partial area ratio:  103.66
      Required ratio:    0.00 (Gate area) 
      Cumulative area ratio:  124.35
      Required ratio:    0.00 (Cumulative area) 
      Partial area ratio:  400.15
      Required ratio:  400.00 (Side area) (VIOLATED)
      Cumulative area ratio:  482.59
      Required ratio:    0.00 (Cumulative side area) 

    Layer: Via4
      Partial area ratio:    0.03
      Required ratio:   20.00 (Gate area) 
      Cumulative area ratio:    0.64
      Required ratio:    0.00 (Cumulative area) 

    Layer: Metal5
      Partial area ratio:   13.29
      Required ratio:    0.00 (Gate area) 
      Cumulative area ratio:  137.63
      Required ratio:    0.00 (Cumulative area) 
      Partial area ratio:   71.96
      Required ratio:  400.00 (Side area) 
      Cumulative area ratio:  554.54
      Required ratio:    0.00 (Cumulative side area) 


  Pin:   _10989_/A (gf180mcu_as_sc_mcu7t3v3__mux2_2)
    Layer: Metal1
      Partial area ratio:    0.01
      Required ratio:    0.00 (Gate area) 
      Cumulative area ratio:    0.01
      Required ratio:    0.00 (Cumulative area) 
      Partial area ratio:    0.88
      Required ratio:  400.00 (Side area) 
      Cumulative area ratio:    0.88
      Required ratio:    0.00 (Cumulative side area) 

    Layer: Via1
      Partial area ratio:    0.10
      Required ratio:   20.00 (Gate area) 
      Cumulative area ratio:    0.10
      Required ratio:    0.00 (Cumulative area) 

    Layer: Metal2
      Partial area ratio:    3.09
      Required ratio:    0.00 (Gate area) 
      Cumulative area ratio:    3.10
      Required ratio:    0.00 (Cumulative area) 
      Partial area ratio:   12.37
      Required ratio:  400.00 (Side area) 
      Cumulative area ratio:   13.25
      Required ratio:    0.00 (Cumulative side area) 

    Layer: Via2
      Partial area ratio:    0.20
      Required ratio:   20.00 (Gate area) 
      Cumulative area ratio:    0.30
      Required ratio:    0.00 (Cumulative area) 

    Layer: Metal3
      Partial area ratio:    0.32
      Required ratio:    0.00 (Gate area) 
      Cumulative area ratio:    3.42
      Required ratio:    0.00 (Cumulative area) 
      Partial area ratio:    2.14
      Required ratio:  400.00 (Side area) 
      Cumulative area ratio:   15.39
      Required ratio:    0.00 (Cumulative side area) 

    Layer: Via3
      Partial area ratio:    0.10
      Required ratio:   20.00 (Gate area) 
      Cumulative area ratio:    0.41
      Required ratio:    0.00 (Cumulative area) 

    Layer: Metal4
      Partial area ratio:  103.66
      Required ratio:    0.00 (Gate area) 
      Cumulative area ratio:  107.08
      Required ratio:    0.00 (Cumulative area) 
      Partial area ratio:  400.15
      Required ratio:  400.00 (Side area) (VIOLATED)
      Cumulative area ratio:  415.54
      Required ratio:    0.00 (Cumulative side area) 

    Layer: Via4
      Partial area ratio:    0.03
      Required ratio:   20.00 (Gate area) 
      Cumulative area ratio:    0.44
      Required ratio:    0.00 (Cumulative area) 

    Layer: Metal5
      Partial area ratio:   13.29
      Required ratio:    0.00 (Gate area) 
      Cumulative area ratio:  120.37
      Required ratio:    0.00 (Cumulative area) 
      Partial area ratio:   71.96
      Required ratio:  400.00 (Side area) 
      Cumulative area ratio:  487.49
      Required ratio:    0.00 (Cumulative side area) 



Net: net914
  Pin:   _10939_/B (gf180mcu_as_sc_mcu7t3v3__mux2_2)
    Layer: Metal1
      Partial area ratio:    0.02
      Required ratio:    0.00 (Gate area) 
      Cumulative area ratio:    0.02
      Required ratio:    0.00 (Cumulative area) 
      Partial area ratio:    0.92
      Required ratio:  400.00 (Side area) 
      Cumulative area ratio:    0.92
      Required ratio:    0.00 (Cumulative side area) 

    Layer: Via1
      Partial area ratio:    0.10
      Required ratio:   20.00 (Gate area) 
      Cumulative area ratio:    0.10
      Required ratio:    0.00 (Cumulative area) 

    Layer: Metal2
      Partial area ratio:    0.28
      Required ratio:    0.00 (Gate area) 
      Cumulative area ratio:    0.30
      Required ratio:    0.00 (Cumulative area) 
      Partial area ratio:    1.10
      Required ratio:  400.00 (Side area) 
      Cumulative area ratio:    2.02
      Required ratio:    0.00 (Cumulative side area) 

    Layer: Via2
      Partial area ratio:    0.30
      Required ratio:    0.00 (Gate area) 
      Cumulative area ratio:    0.41
      Required ratio:    0.00 (Cumulative area) 

    Layer: Metal3
      Partial area ratio:    0.38
      Required ratio:    0.00 (Gate area) 
      Cumulative area ratio:    0.68
      Required ratio:    0.00 (Cumulative area) 
      Partial area ratio:    1.53
      Required ratio:  400.00 (Side area) 
      Cumulative area ratio:    3.55
      Required ratio:    0.00 (Cumulative side area) 

    Layer: Via3
      Partial area ratio:    0.10
      Required ratio:    0.00 (Gate area) 
      Cumulative area ratio:    0.51
      Required ratio:    0.00 (Cumulative area) 

    Layer: Metal4
      Partial area ratio:    7.63
      Required ratio:    0.00 (Gate area) 
      Cumulative area ratio:    8.31
      Required ratio:    0.00 (Cumulative area) 
      Partial area ratio:   29.48
      Required ratio:  400.00 (Side area) 
      Cumulative area ratio:   33.03
      Required ratio:    0.00 (Cumulative side area) 

    Layer: Via4
      Partial area ratio:    0.05
      Required ratio:    0.00 (Gate area) 
      Cumulative area ratio:    0.56
      Required ratio:    0.00 (Cumulative area) 

    Layer: Metal5
      Partial area ratio:   18.54
      Required ratio:    0.00 (Gate area) 
      Cumulative area ratio:   26.85
      Required ratio:    0.00 (Cumulative area) 
      Partial area ratio:  100.43
      Required ratio:  400.00 (Side area) 
      Cumulative area ratio:  133.46
      Required ratio:    0.00 (Cumulative side area) 


  Pin:   _10948_/A (gf180mcu_as_sc_mcu7t3v3__mux2_2)
    Layer: Metal1
      Partial area ratio:    0.01
      Required ratio:    0.00 (Gate area) 
      Cumulative area ratio:    0.01
      Required ratio:    0.00 (Cumulative area) 
      Partial area ratio:    0.88
      Required ratio:  400.00 (Side area) 
      Cumulative area ratio:    0.88
      Required ratio:    0.00 (Cumulative side area) 

    Layer: Via1
      Partial area ratio:    0.10
      Required ratio:   20.00 (Gate area) 
      Cumulative area ratio:    0.10
      Required ratio:    0.00 (Cumulative area) 

    Layer: Metal2
      Partial area ratio:    2.15
      Required ratio:    0.00 (Gate area) 
      Cumulative area ratio:    2.16
      Required ratio:    0.00 (Cumulative area) 
      Partial area ratio:    8.74
      Required ratio:  400.00 (Side area) 
      Cumulative area ratio:    9.62
      Required ratio:    0.00 (Cumulative side area) 

    Layer: Via2
      Partial area ratio:    0.20
      Required ratio:   20.00 (Gate area) 
      Cumulative area ratio:    0.30
      Required ratio:    0.00 (Cumulative area) 

    Layer: Metal3
      Partial area ratio:    7.38
      Required ratio:    0.00 (Gate area) 
      Cumulative area ratio:    9.54
      Required ratio:    0.00 (Cumulative area) 
      Partial area ratio:   29.37
      Required ratio:  400.00 (Side area) 
      Cumulative area ratio:   38.98
      Required ratio:    0.00 (Cumulative side area) 

    Layer: Via3
      Partial area ratio:    0.20
      Required ratio:   20.00 (Gate area) 
      Cumulative area ratio:    0.51
      Required ratio:    0.00 (Cumulative area) 

    Layer: Metal4
      Partial area ratio:    7.63
      Required ratio:    0.00 (Gate area) 
      Cumulative area ratio:   17.17
      Required ratio:    0.00 (Cumulative area) 
      Partial area ratio:   29.48
      Required ratio:  400.00 (Side area) 
      Cumulative area ratio:   68.47
      Required ratio:    0.00 (Cumulative side area) 

    Layer: Via4
      Partial area ratio:    0.05
      Required ratio:    0.00 (Gate area) 
      Cumulative area ratio:    0.56
      Required ratio:    0.00 (Cumulative area) 

    Layer: Metal5
      Partial area ratio:   18.54
      Required ratio:    0.00 (Gate area) 
      Cumulative area ratio:   35.71
      Required ratio:    0.00 (Cumulative area) 
      Partial area ratio:  100.43
      Required ratio:  400.00 (Side area) 
      Cumulative area ratio:  168.89
      Required ratio:    0.00 (Cumulative side area) 


  Pin:   _10958_/B (gf180mcu_as_sc_mcu7t3v3__mux2_2)
    Layer: Metal1
      Partial area ratio:    0.02
      Required ratio:    0.00 (Gate area) 
      Cumulative area ratio:    0.02
      Required ratio:    0.00 (Cumulative area) 
      Partial area ratio:    0.92
      Required ratio:  400.00 (Side area) 
      Cumulative area ratio:    0.92
      Required ratio:    0.00 (Cumulative side area) 

    Layer: Via1
      Partial area ratio:    0.10
      Required ratio:   20.00 (Gate area) 
      Cumulative area ratio:    0.10
      Required ratio:    0.00 (Cumulative area) 

    Layer: Metal2
      Partial area ratio:    2.69
      Required ratio:    0.00 (Gate area) 
      Cumulative area ratio:    2.71
      Required ratio:    0.00 (Cumulative area) 
      Partial area ratio:   10.84
      Required ratio:  400.00 (Side area) 
      Cumulative area ratio:   11.75
      Required ratio:    0.00 (Cumulative side area) 

    Layer: Via2
      Partial area ratio:    0.20
      Required ratio:   20.00 (Gate area) 
      Cumulative area ratio:    0.30
      Required ratio:    0.00 (Cumulative area) 

    Layer: Metal3
      Partial area ratio:    0.32
      Required ratio:    0.00 (Gate area) 
      Cumulative area ratio:    3.03
      Required ratio:    0.00 (Cumulative area) 
      Partial area ratio:    2.14
      Required ratio:  400.00 (Side area) 
      Cumulative area ratio:   13.89
      Required ratio:    0.00 (Cumulative side area) 

    Layer: Via3
      Partial area ratio:    0.10
      Required ratio:   20.00 (Gate area) 
      Cumulative area ratio:    0.41
      Required ratio:    0.00 (Cumulative area) 

    Layer: Metal4
      Partial area ratio:    0.16
      Required ratio:    0.00 (Gate area) 
      Cumulative area ratio:    3.19
      Required ratio:    0.00 (Cumulative area) 
      Partial area ratio:    1.07
      Required ratio:  400.00 (Side area) 
      Cumulative area ratio:   14.96
      Required ratio:    0.00 (Cumulative side area) 

    Layer: Via4
      Partial area ratio:    0.10
      Required ratio:   20.00 (Gate area) 
      Cumulative area ratio:    0.51
      Required ratio:    0.00 (Cumulative area) 

    Layer: Metal5
      Partial area ratio:   18.54
      Required ratio:    0.00 (Gate area) 
      Cumulative area ratio:   21.73
      Required ratio:    0.00 (Cumulative area) 
      Partial area ratio:  100.43
      Required ratio:  400.00 (Side area) 
      Cumulative area ratio:  115.39
      Required ratio:    0.00 (Cumulative side area) 


  Pin:   _10969_/B (gf180mcu_as_sc_mcu7t3v3__mux2_2)
    Layer: Metal1
      Partial area ratio:    0.02
      Required ratio:    0.00 (Gate area) 
      Cumulative area ratio:    0.02
      Required ratio:    0.00 (Cumulative area) 
      Partial area ratio:    0.92
      Required ratio:  400.00 (Side area) 
      Cumulative area ratio:    0.92
      Required ratio:    0.00 (Cumulative side area) 

    Layer: Via1
      Partial area ratio:    0.10
      Required ratio:   20.00 (Gate area) 
      Cumulative area ratio:    0.10
      Required ratio:    0.00 (Cumulative area) 

    Layer: Metal2
      Partial area ratio:    0.85
      Required ratio:    0.00 (Gate area) 
      Cumulative area ratio:    0.87
      Required ratio:    0.00 (Cumulative area) 
      Partial area ratio:    3.73
      Required ratio:  400.00 (Side area) 
      Cumulative area ratio:    4.65
      Required ratio:    0.00 (Cumulative side area) 

    Layer: Via2
      Partial area ratio:    0.20
      Required ratio:   20.00 (Gate area) 
      Cumulative area ratio:    0.30
      Required ratio:    0.00 (Cumulative area) 

    Layer: Metal3
      Partial area ratio:   11.07
      Required ratio:    0.00 (Gate area) 
      Cumulative area ratio:   11.93
      Required ratio:    0.00 (Cumulative area) 
      Partial area ratio:   44.05
      Required ratio:  400.00 (Side area) 
      Cumulative area ratio:   48.70
      Required ratio:    0.00 (Cumulative side area) 

    Layer: Via3
      Partial area ratio:    0.20
      Required ratio:   20.00 (Gate area) 
      Cumulative area ratio:    0.51
      Required ratio:    0.00 (Cumulative area) 

    Layer: Metal4
      Partial area ratio:  159.18
      Required ratio:    0.00 (Gate area) 
      Cumulative area ratio:  171.12
      Required ratio:    0.00 (Cumulative area) 
      Partial area ratio:  614.91
      Required ratio:  400.00 (Side area) (VIOLATED)
      Cumulative area ratio:  663.60
      Required ratio:    0.00 (Cumulative side area) 

    Layer: Via4
      Partial area ratio:    0.20
      Required ratio:   20.00 (Gate area) 
      Cumulative area ratio:    0.71
      Required ratio:    0.00 (Cumulative area) 

    Layer: Metal5
      Partial area ratio:   18.54
      Required ratio:    0.00 (Gate area) 
      Cumulative area ratio:  189.66
      Required ratio:    0.00 (Cumulative area) 
      Partial area ratio:  100.43
      Required ratio:  400.00 (Side area) 
      Cumulative area ratio:  764.03
      Required ratio:    0.00 (Cumulative side area) 


  Pin:   _10979_/B (gf180mcu_as_sc_mcu7t3v3__mux2_2)
    Layer: Metal1
      Partial area ratio:    0.02
      Required ratio:    0.00 (Gate area) 
      Cumulative area ratio:    0.02
      Required ratio:    0.00 (Cumulative area) 
      Partial area ratio:    0.92
      Required ratio:  400.00 (Side area) 
      Cumulative area ratio:    0.92
      Required ratio:    0.00 (Cumulative side area) 

    Layer: Via1
      Partial area ratio:    0.10
      Required ratio:   20.00 (Gate area) 
      Cumulative area ratio:    0.10
      Required ratio:    0.00 (Cumulative area) 

    Layer: Metal2
      Partial area ratio:    1.28
      Required ratio:    0.00 (Gate area) 
      Cumulative area ratio:    1.30
      Required ratio:    0.00 (Cumulative area) 
      Partial area ratio:    5.39
      Required ratio:  400.00 (Side area) 
      Cumulative area ratio:    6.31
      Required ratio:    0.00 (Cumulative side area) 

    Layer: Via2
      Partial area ratio:    0.20
      Required ratio:   20.00 (Gate area) 
      Cumulative area ratio:    0.30
      Required ratio:    0.00 (Cumulative area) 

    Layer: Metal3
      Partial area ratio:    0.32
      Required ratio:    0.00 (Gate area) 
      Cumulative area ratio:    1.62
      Required ratio:    0.00 (Cumulative area) 
      Partial area ratio:    2.14
      Required ratio:  400.00 (Side area) 
      Cumulative area ratio:    8.45
      Required ratio:    0.00 (Cumulative side area) 

    Layer: Via3
      Partial area ratio:    0.10
      Required ratio:   20.00 (Gate area) 
      Cumulative area ratio:    0.41
      Required ratio:    0.00 (Cumulative area) 

    Layer: Metal4
      Partial area ratio:   79.51
      Required ratio:    0.00 (Gate area) 
      Cumulative area ratio:   81.13
      Required ratio:    0.00 (Cumulative area) 
      Partial area ratio:  306.92
      Required ratio:  400.00 (Side area) 
      Cumulative area ratio:  315.37
      Required ratio:    0.00 (Cumulative side area) 

    Layer: Via4
      Partial area ratio:    0.05
      Required ratio:   20.00 (Gate area) 
      Cumulative area ratio:    0.46
      Required ratio:    0.00 (Cumulative area) 

    Layer: Metal5
      Partial area ratio:   18.54
      Required ratio:    0.00 (Gate area) 
      Cumulative area ratio:   99.67
      Required ratio:    0.00 (Cumulative area) 
      Partial area ratio:  100.43
      Required ratio:  400.00 (Side area) 
      Cumulative area ratio:  415.79
      Required ratio:    0.00 (Cumulative side area) 


  Pin:   _10988_/A (gf180mcu_as_sc_mcu7t3v3__mux2_2)
    Layer: Metal1
      Partial area ratio:    0.01
      Required ratio:    0.00 (Gate area) 
      Cumulative area ratio:    0.01
      Required ratio:    0.00 (Cumulative area) 
      Partial area ratio:    0.88
      Required ratio:  400.00 (Side area) 
      Cumulative area ratio:    0.88
      Required ratio:    0.00 (Cumulative side area) 

    Layer: Via1
      Partial area ratio:    0.10
      Required ratio:   20.00 (Gate area) 
      Cumulative area ratio:    0.10
      Required ratio:    0.00 (Cumulative area) 

    Layer: Metal2
      Partial area ratio:    2.86
      Required ratio:    0.00 (Gate area) 
      Cumulative area ratio:    2.86
      Required ratio:    0.00 (Cumulative area) 
      Partial area ratio:   11.47
      Required ratio:  400.00 (Side area) 
      Cumulative area ratio:   12.34
      Required ratio:    0.00 (Cumulative side area) 

    Layer: Via2
      Partial area ratio:    0.20
      Required ratio:   20.00 (Gate area) 
      Cumulative area ratio:    0.30
      Required ratio:    0.00 (Cumulative area) 

    Layer: Metal3
      Partial area ratio:    3.85
      Required ratio:    0.00 (Gate area) 
      Cumulative area ratio:    6.71
      Required ratio:    0.00 (Cumulative area) 
      Partial area ratio:   15.75
      Required ratio:  400.00 (Side area) 
      Cumulative area ratio:   28.09
      Required ratio:    0.00 (Cumulative side area) 

    Layer: Via3
      Partial area ratio:    0.10
      Required ratio:   20.00 (Gate area) 
      Cumulative area ratio:    0.41
      Required ratio:    0.00 (Cumulative area) 

    Layer: Metal4
      Partial area ratio:   79.51
      Required ratio:    0.00 (Gate area) 
      Cumulative area ratio:   86.22
      Required ratio:    0.00 (Cumulative area) 
      Partial area ratio:  306.92
      Required ratio:  400.00 (Side area) 
      Cumulative area ratio:  335.01
      Required ratio:    0.00 (Cumulative side area) 

    Layer: Via4
      Partial area ratio:    0.05
      Required ratio:   20.00 (Gate area) 
      Cumulative area ratio:    0.46
      Required ratio:    0.00 (Cumulative area) 

    Layer: Metal5
      Partial area ratio:   18.54
      Required ratio:    0.00 (Gate area) 
      Cumulative area ratio:  104.77
      Required ratio:    0.00 (Cumulative area) 
      Partial area ratio:  100.43
      Required ratio:  400.00 (Side area) 
      Cumulative area ratio:  435.44
      Required ratio:    0.00 (Cumulative side area) 



Net: net916
  Pin:   _10916_/B (gf180mcu_as_sc_mcu7t3v3__mux2_2)
    Layer: Metal1
      Partial area ratio:    0.02
      Required ratio:    0.00 (Gate area) 
      Cumulative area ratio:    0.02
      Required ratio:    0.00 (Cumulative area) 
      Partial area ratio:    0.92
      Required ratio:  400.00 (Side area) 
      Cumulative area ratio:    0.92
      Required ratio:    0.00 (Cumulative side area) 

    Layer: Via1
      Partial area ratio:    0.10
      Required ratio:   20.00 (Gate area) 
      Cumulative area ratio:    0.10
      Required ratio:    0.00 (Cumulative area) 

    Layer: Metal2
      Partial area ratio:    4.77
      Required ratio:    0.00 (Gate area) 
      Cumulative area ratio:    4.79
      Required ratio:    0.00 (Cumulative area) 
      Partial area ratio:   18.85
      Required ratio:  400.00 (Side area) 
      Cumulative area ratio:   19.77
      Required ratio:    0.00 (Cumulative side area) 

    Layer: Via2
      Partial area ratio:    0.20
      Required ratio:   20.00 (Gate area) 
      Cumulative area ratio:    0.30
      Required ratio:    0.00 (Cumulative area) 

    Layer: Metal3
      Partial area ratio:    7.38
      Required ratio:    0.00 (Gate area) 
      Cumulative area ratio:   12.17
      Required ratio:    0.00 (Cumulative area) 
      Partial area ratio:   29.37
      Required ratio:  400.00 (Side area) 
      Cumulative area ratio:   49.13
      Required ratio:    0.00 (Cumulative side area) 

    Layer: Via3
      Partial area ratio:    0.20
      Required ratio:   20.00 (Gate area) 
      Cumulative area ratio:    0.51
      Required ratio:    0.00 (Cumulative area) 

    Layer: Metal4
      Partial area ratio:  104.84
      Required ratio:    0.00 (Gate area) 
      Cumulative area ratio:  117.01
      Required ratio:    0.00 (Cumulative area) 
      Partial area ratio:  404.69
      Required ratio:  400.00 (Side area) (VIOLATED)
      Cumulative area ratio:  453.82
      Required ratio:    0.00 (Cumulative side area) 

    Layer: Via4
      Partial area ratio:    0.03
      Required ratio:   20.00 (Gate area) 
      Cumulative area ratio:    0.54
      Required ratio:    0.00 (Cumulative area) 

    Layer: Metal5
      Partial area ratio:   13.01
      Required ratio:    0.00 (Gate area) 
      Cumulative area ratio:  130.01
      Required ratio:    0.00 (Cumulative area) 
      Partial area ratio:   70.43
      Required ratio:  400.00 (Side area) 
      Cumulative area ratio:  524.25
      Required ratio:    0.00 (Cumulative side area) 


  Pin:   _10977_/B (gf180mcu_as_sc_mcu7t3v3__mux2_2)
    Layer: Metal1
      Partial area ratio:    0.02
      Required ratio:    0.00 (Gate area) 
      Cumulative area ratio:    0.02
      Required ratio:    0.00 (Cumulative area) 
      Partial area ratio:    0.92
      Required ratio:  400.00 (Side area) 
      Cumulative area ratio:    0.92
      Required ratio:    0.00 (Cumulative side area) 

    Layer: Via1
      Partial area ratio:    0.10
      Required ratio:   20.00 (Gate area) 
      Cumulative area ratio:    0.10
      Required ratio:    0.00 (Cumulative area) 

    Layer: Metal2
      Partial area ratio:    2.97
      Required ratio:    0.00 (Gate area) 
      Cumulative area ratio:    2.98
      Required ratio:    0.00 (Cumulative area) 
      Partial area ratio:   11.90
      Required ratio:  400.00 (Side area) 
      Cumulative area ratio:   12.82
      Required ratio:    0.00 (Cumulative side area) 

    Layer: Via2
      Partial area ratio:    0.20
      Required ratio:   20.00 (Gate area) 
      Cumulative area ratio:    0.30
      Required ratio:    0.00 (Cumulative area) 

    Layer: Metal3
      Partial area ratio:    0.32
      Required ratio:    0.00 (Gate area) 
      Cumulative area ratio:    3.30
      Required ratio:    0.00 (Cumulative area) 
      Partial area ratio:    2.14
      Required ratio:  400.00 (Side area) 
      Cumulative area ratio:   14.95
      Required ratio:    0.00 (Cumulative side area) 

    Layer: Via3
      Partial area ratio:    0.10
      Required ratio:   20.00 (Gate area) 
      Cumulative area ratio:    0.41
      Required ratio:    0.00 (Cumulative area) 

    Layer: Metal4
      Partial area ratio:  104.84
      Required ratio:    0.00 (Gate area) 
      Cumulative area ratio:  108.14
      Required ratio:    0.00 (Cumulative area) 
      Partial area ratio:  404.69
      Required ratio:  400.00 (Side area) (VIOLATED)
      Cumulative area ratio:  419.64
      Required ratio:    0.00 (Cumulative side area) 

    Layer: Via4
      Partial area ratio:    0.03
      Required ratio:   20.00 (Gate area) 
      Cumulative area ratio:    0.44
      Required ratio:    0.00 (Cumulative area) 

    Layer: Metal5
      Partial area ratio:   13.01
      Required ratio:    0.00 (Gate area) 
      Cumulative area ratio:  121.15
      Required ratio:    0.00 (Cumulative area) 
      Partial area ratio:   70.43
      Required ratio:  400.00 (Side area) 
      Cumulative area ratio:  490.07
      Required ratio:    0.00 (Cumulative side area) 


  Pin:   _10986_/A (gf180mcu_as_sc_mcu7t3v3__mux2_2)
    Layer: Metal1
      Partial area ratio:    0.01
      Required ratio:    0.00 (Gate area) 
      Cumulative area ratio:    0.01
      Required ratio:    0.00 (Cumulative area) 
      Partial area ratio:    0.88
      Required ratio:  400.00 (Side area) 
      Cumulative area ratio:    0.88
      Required ratio:    0.00 (Cumulative side area) 

    Layer: Via1
      Partial area ratio:    0.10
      Required ratio:   20.00 (Gate area) 
      Cumulative area ratio:    0.10
      Required ratio:    0.00 (Cumulative area) 

    Layer: Metal2
      Partial area ratio:    1.44
      Required ratio:    0.00 (Gate area) 
      Cumulative area ratio:    1.45
      Required ratio:    0.00 (Cumulative area) 
      Partial area ratio:    6.02
      Required ratio:  400.00 (Side area) 
      Cumulative area ratio:    6.90
      Required ratio:    0.00 (Cumulative side area) 

    Layer: Via2
      Partial area ratio:    0.20
      Required ratio:   20.00 (Gate area) 
      Cumulative area ratio:    0.30
      Required ratio:    0.00 (Cumulative area) 

    Layer: Metal3
      Partial area ratio:    0.32
      Required ratio:    0.00 (Gate area) 
      Cumulative area ratio:    1.77
      Required ratio:    0.00 (Cumulative area) 
      Partial area ratio:    2.14
      Required ratio:  400.00 (Side area) 
      Cumulative area ratio:    9.04
      Required ratio:    0.00 (Cumulative side area) 

    Layer: Via3
      Partial area ratio:    0.10
      Required ratio:   20.00 (Gate area) 
      Cumulative area ratio:    0.41
      Required ratio:    0.00 (Cumulative area) 

    Layer: Metal4
      Partial area ratio:  104.84
      Required ratio:    0.00 (Gate area) 
      Cumulative area ratio:  106.61
      Required ratio:    0.00 (Cumulative area) 
      Partial area ratio:  404.69
      Required ratio:  400.00 (Side area) (VIOLATED)
      Cumulative area ratio:  413.72
      Required ratio:    0.00 (Cumulative side area) 

    Layer: Via4
      Partial area ratio:    0.03
      Required ratio:   20.00 (Gate area) 
      Cumulative area ratio:    0.44
      Required ratio:    0.00 (Cumulative area) 

    Layer: Metal5
      Partial area ratio:   13.01
      Required ratio:    0.00 (Gate area) 
      Cumulative area ratio:  119.62
      Required ratio:    0.00 (Cumulative area) 
      Partial area ratio:   70.43
      Required ratio:  400.00 (Side area) 
      Cumulative area ratio:  484.15
      Required ratio:    0.00 (Cumulative side area) 



[INFO ANT-0002] Found 18 net violations.
[INFO ANT-0001] Found 30 pin violations.
